Cell,subcluster
AAACCCAAGGCGAAGG,Gut endoderm
AAACCCAAGGGCAATC,Surface ectoderm
AAACCCAAGGTGGCTA,Extraembryonic visceral endoderm
AAACCCAAGTATAGAC,Primitive erythroid cells
AAACCCAAGTCGAAGC,First heart field
AAACCCACAAAGCGTG,Forebrain/midbrain
AAACCCACAATCCAGT,Primitive erythroid cells
AAACCCACAGCCTTCT,Placodal area
AAACCCACAGTCTGGC,Extraembryonic visceral endoderm
AAACCCACATGAGGGT,Forebrain/midbrain
AAACCCAGTACGTAGG,Lateral plate and intermediate mesoderm
AAACCCATCTTGCGCT,Primitive erythroid cells
AAACGAAAGAGAGTTT,Forebrain/midbrain
AAACGAAAGAGGATCC,Hindbrain
AAACGAAAGTTGCCTA,Hindbrain
AAACGAACAAAGCACG,Hindbrain
AAACGAACAAGACCGA,First heart field
AAACGAACAATGGCCC,Primitive erythroid cells
AAACGAACACCTAAAC,Hindbrain
AAACGAACAGGCGATA,Extraembryonic visceral endoderm
AAACGAAGTCCGAAGA,Forebrain/midbrain
AAACGAAGTGGGATTG,Lateral plate and intermediate mesoderm
AAACGAAGTGTCCATA,Primitive erythroid cells
AAACGAATCACCTCGT,Primitive erythroid cells
AAACGAATCCTCTAGC,Extraembryonic visceral endoderm
AAACGAATCGCACGGT,Placodal area
AAACGAATCGCTCTAC,Extraembryonic visceral endoderm
AAACGAATCTGAGCAT,Spinal cord
AAACGCTAGATACTGA,Gut endoderm
AAACGCTAGCGGATCA,Forebrain/midbrain
AAACGCTAGGAACGCT,Endothelium
AAACGCTAGGCAGTCA,Cranial neural crest
AAACGCTAGGGAGAAT,Primitive erythroid cells
AAACGCTAGGTCCCTG,Forebrain/midbrain
AAACGCTAGTCATAGA,Primitive erythroid cells
AAACGCTAGTGCAGCA,Primitive erythroid cells
AAACGCTAGTGCGCTC,Primitive erythroid cells
AAACGCTAGTTCGGTT,Gut endoderm
AAACGCTCAAATGGTA,Primitive erythroid cells
AAACGCTCATCGTTCC,Extraembryonic visceral endoderm
AAACGCTCATTGAAAG,Hindbrain
AAACGCTGTGAATATG,Hematoendothelial progenitors
AAACGCTGTGTTAGCT,Gut endoderm
AAACGCTGTTATTCTC,Hindbrain
AAACGCTTCAAACGTC,Primitive erythroid cells
AAACGCTTCGCGGTAC,Forebrain/midbrain
AAACGCTTCGGAAACG,Extraembryonic visceral endoderm
AAACGCTTCTGCGGGT,Extraembryonic visceral endoderm
AAAGAACAGAAGGGAT,Extraembryonic visceral endoderm
AAAGAACCACTATCGA,Forebrain/midbrain
AAAGAACCAGTCGGAA,Extraembryonic visceral endoderm
AAAGAACGTCTACATG,Extraembryonic visceral endoderm
AAAGAACTCAAGATAG,Amniotic ectoderm
AAAGAACTCCTACACC,Placodal area
AAAGAACTCCTTATGT,Lateral plate and intermediate mesoderm
AAAGGATAGATTAGTG,Forebrain/midbrain
AAAGGATAGTATGAAC,Primitive erythroid cells
AAAGGATCAAAGGTTA,Primitive erythroid cells
AAAGGATCACACACTA,Primitive erythroid cells
AAAGGATCACCGGTCA,Extraembryonic visceral endoderm
AAAGGATCAGCTGTCG,Primitive erythroid cells
AAAGGATCATGGGTTT,Extraembryonic visceral endoderm
AAAGGATGTATCGGTT,NMP
AAAGGATGTTGTAGCT,Primitive erythroid cells
AAAGGATTCCGCTTAC,Primitive erythroid cells
AAAGGATTCCTTGAAG,Forebrain/midbrain
AAAGGGCAGGTCGCCT,Surface ectoderm
AAAGGGCAGTATTGCC,First heart field
AAAGGGCAGTTCCGGC,Extraembryonic visceral endoderm
AAAGGGCCAATAGAGT,Surface ectoderm
AAAGGGCGTGAGAACC,Primitive erythroid cells
AAAGGGCGTGTTCGTA,Amniotic ectoderm
AAAGGGCTCACCCATC,Cranial neural crest
AAAGGGCTCACCGGGT,Surface ectoderm
AAAGGGCTCGAGCCAC,Forebrain/midbrain
AAAGGGCTCTAGTCAG,Extraembryonic visceral endoderm
AAAGGTAAGATTGATG,NMP
AAAGGTAAGGTCGTGA,Paraxial mesoderm
AAAGGTAAGTTGGGAC,Forebrain/midbrain
AAAGGTACAAGAGTTA,Primitive erythroid cells
AAAGGTACAAGTTTGC,Amniotic ectoderm
AAAGGTACACGGGTAA,Primitive erythroid cells
AAAGGTACAGGACTTT,Surface ectoderm
AAAGGTACATCATTGG,Hindbrain
AAAGGTAGTACCAATC,Primitive erythroid cells
AAAGGTAGTAGACGGT,Surface ectoderm
AAAGGTAGTCATTGCA,Forebrain/midbrain
AAAGGTAGTTAATCGC,Forebrain/midbrain
AAAGGTAGTTGGTGTT,Extraembryonic visceral endoderm
AAAGGTATCTAGAGCT,NMP
AAAGTCCAGCGTGCCT,Primordial germ cells
AAAGTCCAGGAGGGTG,Endothelium
AAAGTCCAGTACGAGC,Primitive erythroid cells
AAAGTCCAGTATGGCG,Lateral plate and intermediate mesoderm
AAAGTCCAGTCGTTAC,Forebrain/midbrain
AAAGTCCCAACAGAGC,Primitive erythroid cells
AAAGTCCCAAGAGTAT,Primitive erythroid cells
AAAGTCCCACGTCGTG,Surface ectoderm
AAAGTCCCAGACAAGC,Primitive erythroid cells
AAAGTCCCATGGCCAC,Primitive erythroid cells
AAAGTCCCATTCGATG,Primitive erythroid cells
AAAGTCCGTGCAATGG,Extraembryonic visceral endoderm
AAAGTCCGTTACGATC,Extraembryonic visceral endoderm
AAAGTCCGTTATAGAG,Extraembryonic visceral endoderm
AAAGTCCTCAGAATAG,Primitive erythroid cells
AAAGTCCTCCTCTTTC,Placodal area
AAAGTCCTCGATTCCC,NMP
AAAGTGAAGACTCATC,Hindbrain
AAAGTGAAGGCAGGGA,Surface ectoderm
AAAGTGAAGGTGCCTC,First heart field
AAAGTGACACTGGCGT,Forebrain/midbrain
AAAGTGACAGTAGTTC,Primitive erythroid cells
AAAGTGACATAGGTTC,Primitive erythroid cells
AAAGTGACATCCGTGG,Extraembryonic visceral endoderm
AAAGTGAGTCTGCAAT,Amniotic ectoderm
AAAGTGATCAAGGAGC,Forebrain/midbrain
AAAGTGATCGCAGTCG,Primitive erythroid cells
AAATGGAAGAGGACTC,Primitive erythroid cells
AAATGGAAGGTTGTTC,Surface ectoderm
AAATGGACAATGGGTG,Forebrain/midbrain
AAATGGACACGGAAGT,Forebrain/midbrain
AAATGGACATGTACGT,Extraembryonic visceral endoderm
AAATGGAGTACGAGCA,Notochord
AAATGGAGTCGAGTTT,Placodal area
AAATGGAGTCTTGTCC,Surface ectoderm
AAATGGAGTGAGAGGG,Primitive erythroid cells
AAATGGAGTTCAAGTC,Amniotic ectoderm
AAATGGAGTTGCAAGG,Hindbrain
AAATGGATCCAGTTCC,Forebrain/midbrain
AAATGGATCGAACGGA,Allantois
AAATGGATCGCTGCGA,First heart field
AAATGGATCTCAGAAC,Primitive erythroid cells
AACAAAGCAAACACCT,Endothelium
AACAAAGCAAGCTACT,Paraxial mesoderm
AACAAAGCACATTCTT,Hindbrain
AACAAAGCATACAGAA,Forebrain/midbrain
AACAAAGCATGGCTAT,Primitive erythroid cells
AACAAAGGTAGATCCT,Allantois
AACAAAGGTTTCACAG,Lateral plate and intermediate mesoderm
AACAAAGTCGGCGATC,Hindbrain
AACAAAGTCTCTCAAT,Forebrain/midbrain
AACAACCAGCACCTGC,Primitive erythroid cells
AACAACCAGGTCACAG,Extraembryonic visceral endoderm
AACAACCAGGTTGTTC,Primitive erythroid cells
AACAACCCACGATAGG,Primitive erythroid cells
AACAACCCAGCTAACT,Primitive erythroid cells
AACAACCCATGGCTAT,Gut endoderm
AACAACCGTAATTAGG,Primitive erythroid cells
AACAACCGTCAAATCC,Forebrain/midbrain
AACAACCGTCGGTGTC,Endothelium
AACAACCGTTGCTAGT,Gut endoderm
AACAACCTCATGAGGG,Hindbrain
AACAACCTCCATCAGA,Second heart field
AACAACCTCCTCTAAT,Hindbrain
AACAACCTCGCCAATA,Surface ectoderm
AACAACCTCTTTGCGC,Hindbrain
AACAAGAAGCCTCAAT,Extraembryonic visceral endoderm
AACAAGAAGCCTTTCC,Extraembryonic visceral endoderm
AACAAGAAGCGTACAG,Primitive erythroid cells
AACAAGAAGCTGAAAT,Lateral plate and intermediate mesoderm
AACAAGAAGCTTCTAG,Primitive erythroid cells
AACAAGAAGTGGAATT,Primitive erythroid cells
AACAAGAAGTTAGAAC,Primitive erythroid cells
AACAAGACACTTCATT,Paraxial mesoderm
AACAAGAGTACGGTTT,Surface ectoderm
AACAAGAGTAGACGTG,Primitive erythroid cells
AACAAGAGTCAGGCAA,Forebrain/midbrain
AACAAGAGTGAAGCGT,Hindbrain
AACAAGAGTGAGTAGC,Surface ectoderm
AACAAGATCATTGGTG,Hindbrain
AACAAGATCCACAGGC,Primitive erythroid cells
AACAAGATCCTACAAG,Extraembryonic visceral endoderm
AACAAGATCGGCGATC,Hindbrain
AACAAGATCTCGCAGG,Surface ectoderm
AACACACAGACTCAAA,Notochord
AACACACAGCGAGGAG,Gut endoderm
AACACACAGGAGGGTG,Hindbrain
AACACACAGTGCACCC,Hindbrain
AACACACAGTTGGCGA,Hindbrain
AACACACCAAGTGACG,Placodal area
AACACACCAATTCTCT,Surface ectoderm
AACACACCAGCTACAT,Primitive erythroid cells
AACACACCATGTTCGA,Primitive erythroid cells
AACACACGTACCAGAG,Primitive erythroid cells
AACACACGTCACCACG,Lateral plate and intermediate mesoderm
AACACACGTGAATTGA,Paraxial mesoderm
AACACACGTGGGTTGA,Primitive erythroid cells
AACACACGTGGTTTAC,Allantois
AACACACGTTCGGTAT,Cranial neural crest
AACACACTCATTACTC,Gut endoderm
AACACACTCGCCACTT,Paraxial mesoderm
AACACACTCTATTCGT,First heart field
AACAGGGAGACCAACG,Primitive erythroid cells
AACAGGGAGACCGCCT,Primitive erythroid cells
AACAGGGGTAATTAGG,Extraembryonic visceral endoderm
AACAGGGGTCGATTTG,Lateral plate and intermediate mesoderm
AACAGGGGTTGCATGT,Allantois
AACAGGGTCAACTGAC,Amniotic ectoderm
AACAGGGTCCTATTTG,Forebrain/midbrain
AACAGGGTCGCATGAT,Cranial neural crest
AACAGGGTCTACTATC,Primitive erythroid cells
AACCAACAGACATCCT,Primitive erythroid cells
AACCAACAGACGGTTG,Paraxial mesoderm
AACCAACAGCGATGCA,Extraembryonic visceral endoderm
AACCAACCAACTCATG,Primitive erythroid cells
AACCAACCATAACTCG,Primitive erythroid cells
AACCAACCATCATTGG,Hindbrain
AACCAACGTAAGATCA,Surface ectoderm
AACCAACGTACAGCGA,Hindbrain
AACCAACGTCGCTCGA,Amniotic ectoderm
AACCAACTCATACAGC,Hindbrain
AACCAACTCATCTATC,Cranial neural crest
AACCAACTCGACGACC,Lateral plate and intermediate mesoderm
AACCAACTCGGCACTG,Primitive erythroid cells
AACCAACTCGGTGCAC,Forebrain/midbrain
AACCAACTCTTCGATT,Paraxial mesoderm
AACCACAAGAAACTGT,Primitive erythroid cells
AACCACAAGCATGATA,Hematoendothelial progenitors
AACCACACAAGATTGA,Primitive erythroid cells
AACCACACACCAATTG,Lateral plate and intermediate mesoderm
AACCACACACCCTTAC,Extraembryonic visceral endoderm
AACCACACACTCGATA,Extraembryonic visceral endoderm
AACCACACATCCTCAC,Extraembryonic visceral endoderm
AACCACACATCGAACT,Extraembryonic visceral endoderm
AACCACACATGTGTCA,Extraembryonic visceral endoderm
AACCACAGTACGACAG,First heart field
AACCACAGTGACAGCA,NMP
AACCACAGTTACACTG,Primitive erythroid cells
AACCACATCACTTGGA,Primitive erythroid cells
AACCACATCCATCTCG,Primitive erythroid cells
AACCACATCGTCTAAG,Primitive erythroid cells
AACCACATCTACGCAA,Primitive erythroid cells
AACCACATCTATGCCC,Hindbrain
AACCACATCTCAGAAC,Primitive erythroid cells
AACCACATCTCATGCC,Lateral plate and intermediate mesoderm
AACCATGAGCGAGAAA,Primitive erythroid cells
AACCATGAGTCGCGAA,Allantois
AACCATGCATCCGCGA,Primitive erythroid cells
AACCATGGTAGCGCCT,Gut endoderm
AACCATGGTGTAGTGG,Extraembryonic visceral endoderm
AACCATGTCACCATGA,Hindbrain
AACCATGTCACTACTT,Gut endoderm
AACCATGTCTACTGAG,Hindbrain
AACCCAAAGATCCGAG,Surface ectoderm
AACCCAAAGCAGGCTA,Endothelium
AACCCAAAGCGGCTCT,Gut endoderm
AACCCAACAAACTGCT,Extraembryonic visceral endoderm
AACCCAACAGCATTGT,Forebrain/midbrain
AACCCAAGTAAGACCG,Hindbrain
AACCCAAGTAGTGATA,Primitive erythroid cells
AACCCAAGTCTTGCGG,Extraembryonic visceral endoderm
AACCCAATCGCTGACG,Primitive erythroid cells
AACCCAATCTGGGCGT,Primitive erythroid cells
AACCTGAAGCTAGAAT,Amniotic ectoderm
AACCTGAAGTACCCTA,Lateral plate and intermediate mesoderm
AACCTGAAGTTACGTC,Allantois
AACCTGACAAGCCATT,Primitive erythroid cells
AACCTGACACCGTGAC,Lateral plate and intermediate mesoderm
AACCTGACACTCGATA,Amniotic ectoderm
AACCTGAGTACTGAGG,Amniotic ectoderm
AACCTGAGTAGGTACG,Primitive erythroid cells
AACCTGAGTCGGTACC,Amniotic ectoderm
AACCTGAGTCTGCAAT,Primitive erythroid cells
AACCTGATCGCTCCTA,Gut endoderm
AACCTTTAGGGTGAGG,Lateral plate and intermediate mesoderm
AACCTTTAGTCACTGT,Primitive erythroid cells
AACCTTTCAAGTATCC,Primitive erythroid cells
AACCTTTCACGACGTC,Surface ectoderm
AACCTTTCAGCGACCT,NMP
AACCTTTCATGATAGA,NMP
AACCTTTCATGGGATG,Surface ectoderm
AACCTTTGTCAGTCTA,Primitive erythroid cells
AACCTTTGTCCGGATC,Cranial neural crest
AACCTTTGTTGCTCAA,Extraembryonic visceral endoderm
AACGAAAAGAGTTGTA,Extraembryonic visceral endoderm
AACGAAAAGCCATGCC,Allantois
AACGAAAAGCTGGAGT,Hematoendothelial progenitors
AACGAAAAGGATCATA,NMP
AACGAAAAGTATTCCG,Primitive erythroid cells
AACGAAACAACCGGAA,Extraembryonic visceral endoderm
AACGAAACACTGGATT,Primitive erythroid cells
AACGAAACACTTGTGA,Cranial neural crest
AACGAAACAGGTTCAT,Primitive erythroid cells
AACGAAACATCACCAA,Primitive erythroid cells
AACGAAAGTAACATCC,Primitive erythroid cells
AACGAAAGTATGAAGT,Gut endoderm
AACGAAAGTCCACTCT,Extraembryonic visceral endoderm
AACGAAAGTCGCACGT,Primitive erythroid cells
AACGAAAGTCTTGTCC,Primitive erythroid cells
AACGAAAGTGCATTTG,Extraembryonic visceral endoderm
AACGAAAGTTGATCGT,Surface ectoderm
AACGAAATCACAGTGT,Extraembryonic visceral endoderm
AACGAAATCCCTCTTT,Paraxial mesoderm
AACGAAATCCTCTCTT,Forebrain/midbrain
AACGAAATCTCACCCA,Lateral plate and intermediate mesoderm
AACGAAATCTGCCTCA,Gut endoderm
AACGGGAAGAAATTCG,Extraembryonic visceral endoderm
AACGGGAAGACCTGGA,Paraxial mesoderm
AACGGGAAGAGTGTGC,Surface ectoderm
AACGGGAAGGGCGAGA,Hindbrain
AACGGGACAAGTGGAC,Extraembryonic visceral endoderm
AACGGGACAATTTCCT,Paraxial mesoderm
AACGGGACATCCGAGC,Hindbrain
AACGGGACATCTTTCA,Extraembryonic visceral endoderm
AACGGGAGTGCAACAG,Primitive erythroid cells
AACGGGAGTTTCCCAC,Extraembryonic visceral endoderm
AACGGGATCATGACAC,Lateral plate and intermediate mesoderm
AACGGGATCATTGCGA,Lateral plate and intermediate mesoderm
AACGGGATCGACATCA,Primitive erythroid cells
AACGGGATCGGCCCAA,Primitive erythroid cells
AACGTCAAGACTACGG,Hindbrain
AACGTCAAGACTCGAG,Surface ectoderm
AACGTCAAGAGGATGA,Primitive erythroid cells
AACGTCAAGCGCGTTC,Forebrain/midbrain
AACGTCACAAACGAGC,Amniotic ectoderm
AACGTCACAAGTCGTT,Primitive erythroid cells
AACGTCACAATAACCC,Forebrain/midbrain
AACGTCACAATCCTTT,Forebrain/midbrain
AACGTCACAGAGATGC,Surface ectoderm
AACGTCACATGCCGCA,Primitive erythroid cells
AACGTCAGTAGAGATT,Primitive erythroid cells
AACGTCAGTGCGTTTA,Allantois
AACGTCAGTTATCTTC,Primitive erythroid cells
AACGTCATCAACCCGG,Paraxial mesoderm
AACGTCATCCCGTAAA,Surface ectoderm
AACGTCATCCTCACGT,Endothelium
AACGTCATCCTCAGAA,Hindbrain
AACGTCATCGCCCAGA,Cranial neural crest
AACGTCATCGCCTTTG,Extraembryonic visceral endoderm
AACGTCATCGCTTGCT,NMP
AACTTCTAGACGAAGA,Primitive erythroid cells
AACTTCTGTCCACGCA,Amniotic ectoderm
AACTTCTGTTGACGGA,Amniotic ectoderm
AACTTCTTCAAACGTC,Extraembryonic visceral endoderm
AACTTCTTCAATGCAC,Primitive erythroid cells
AACTTCTTCACAGAGG,Primitive erythroid cells
AACTTCTTCACTGTCC,Extraembryonic visceral endoderm
AACTTCTTCAGTGCGC,Primitive erythroid cells
AACTTCTTCATGCCAA,Extraembryonic visceral endoderm
AACTTCTTCCAGGACC,Primitive erythroid cells
AAGAACAAGAGCCCAA,Forebrain/midbrain
AAGAACAAGCCGTCGT,Extraembryonic visceral endoderm
AAGAACAAGCGACATG,Extraembryonic visceral endoderm
AAGAACAAGCGTTACT,Endothelium
AAGAACAAGTCATTGC,Hindbrain
AAGAACACACCACTGG,Primitive erythroid cells
AAGAACACACTACACA,Primitive erythroid cells
AAGAACACAGGTTACT,Hindbrain
AAGAACACATAGTCAC,Extraembryonic visceral endoderm
AAGAACACATCCCACT,Primitive erythroid cells
AAGAACAGTCTGTAAC,Primitive erythroid cells
AAGAACAGTGTGAATA,Cranial neural crest
AAGAACAGTTGCCGAC,Forebrain/midbrain
AAGAACATCACTCCGT,Endothelium
AAGAACATCCATGATG,Extraembryonic visceral endoderm
AAGAACATCCTGGTCT,Forebrain/midbrain
AAGAACATCGACCCAG,Surface ectoderm
AAGAACATCTACACAG,Allantois
AAGACAAAGCAAGTCG,Hindbrain
AAGACAAAGGACGCAT,Lateral plate and intermediate mesoderm
AAGACAAAGGTGCGAT,Primitive erythroid cells
AAGACAAAGTCATTGC,Lateral plate and intermediate mesoderm
AAGACAAAGTGTAGAT,Extraembryonic visceral endoderm
AAGACAACAATGAACA,Extraembryonic visceral endoderm
AAGACAACACGGCACT,Primitive erythroid cells
AAGACAACAGAGGAAA,Extraembryonic visceral endoderm
AAGACAACAGAGTTCT,Primitive erythroid cells
AAGACAAGTATGCTTG,Endothelium
AAGACAAGTGAGTAAT,NMP
AAGACAATCATAGGCT,Primitive erythroid cells
AAGACAATCCTGGTCT,Hindbrain
AAGACAATCGAGTCCG,Extraembryonic visceral endoderm
AAGACAATCGGTTAGT,Lateral plate and intermediate mesoderm
AAGACAATCGTCCTCA,Notochord
AAGACAATCTCAACCC,Gut endoderm
AAGACAATCTGCATAG,Forebrain/midbrain
AAGACTCAGAATCCCT,Primitive erythroid cells
AAGACTCAGACGTCCC,Forebrain/midbrain
AAGACTCAGACGTCGA,Primitive erythroid cells
AAGACTCAGCGAATGC,Forebrain/midbrain
AAGACTCAGCTATCCA,Placodal area
AAGACTCAGGGTACGT,Hindbrain
AAGACTCAGGTTGTTC,Amniotic ectoderm
AAGACTCCAATACGCT,Extraembryonic visceral endoderm
AAGACTCCACATGAAA,Hindbrain
AAGACTCCACTGCTTC,Primitive erythroid cells
AAGACTCCAGAGTCTT,Forebrain/midbrain
AAGACTCCATGATGCT,Surface ectoderm
AAGACTCGTATGATCC,Extraembryonic visceral endoderm
AAGACTCGTCTCAAGT,Endothelium
AAGACTCGTGACTGTT,Extraembryonic visceral endoderm
AAGACTCGTGGCCTCA,Primitive erythroid cells
AAGACTCGTGTCCTAA,Primitive erythroid cells
AAGACTCGTTGGAGGT,NMP
AAGACTCTCCGTTTCG,Extraembryonic visceral endoderm
AAGACTCTCTAGTACG,Hindbrain
AAGATAGAGGGCCAAT,Notochord
AAGATAGAGTGGTTGG,Allantois
AAGATAGAGTTCCGTA,Paraxial mesoderm
AAGATAGCAACCGTAT,Extraembryonic visceral endoderm
AAGATAGCACGTAGAG,Second heart field
AAGATAGCAGAATTCC,Forebrain/midbrain
AAGATAGCATCCGATA,Primitive erythroid cells
AAGATAGCATCTCCCA,Primitive erythroid cells
AAGATAGCATTGTACG,Surface ectoderm
AAGATAGGTCGGATTT,Paraxial mesoderm
AAGATAGTCACCTCGT,Primitive erythroid cells
AAGATAGTCGAACCAT,Hindbrain
AAGATAGTCTGCCCTA,Lateral plate and intermediate mesoderm
AAGCATCAGAATTTGG,NMP
AAGCATCAGACCACGA,Forebrain/midbrain
AAGCATCAGAGCCCAA,Hindbrain
AAGCATCAGCCAAGCA,Lateral plate and intermediate mesoderm
AAGCATCAGCTAAGTA,Primitive erythroid cells
AAGCATCAGGAGAGGC,Lateral plate and intermediate mesoderm
AAGCATCAGGCAGGTT,Cranial neural crest
AAGCATCAGTAGAGTT,Surface ectoderm
AAGCATCCAGGAGACT,Paraxial mesoderm
AAGCATCGTACGCTTA,Paraxial mesoderm
AAGCATCGTGGAACCA,Primitive erythroid cells
AAGCATCGTGGACTGA,Primitive erythroid cells
AAGCATCTCGCCTATC,NMP
AAGCCATAGACCTCCG,Allantois
AAGCCATAGCATGTTC,Paraxial mesoderm
AAGCCATAGTCGAAAT,Forebrain/midbrain
AAGCCATAGTTGGACG,Lateral plate and intermediate mesoderm
AAGCCATCAGCGAGTA,Notochord
AAGCCATCATCCAACA,Gut endoderm
AAGCCATCATCTCATT,Primitive erythroid cells
AAGCCATGTGTGAATA,Primitive erythroid cells
AAGCCATGTTGCTCGG,Forebrain/midbrain
AAGCCATTCACTTATC,Hematoendothelial progenitors
AAGCCATTCCGTGGCA,NMP
AAGCCATTCTAGTGAC,Surface ectoderm
AAGCGAGAGATCACTC,Primitive erythroid cells
AAGCGAGAGCGGGTAT,Forebrain/midbrain
AAGCGAGAGCTGTACT,Extraembryonic visceral endoderm
AAGCGAGAGGTCATCT,NMP
AAGCGAGCAAGCGCAA,Extraembryonic visceral endoderm
AAGCGAGCAATAGGAT,Hindbrain
AAGCGAGCACGCGTCA,Hindbrain
AAGCGAGCAGACGCTC,Extraembryonic visceral endoderm
AAGCGAGCAGCTTCCT,Hematoendothelial progenitors
AAGCGAGGTAGGTGCA,Primitive erythroid cells
AAGCGAGGTCCGCAGT,Extraembryonic visceral endoderm
AAGCGAGGTCGCTTGG,Primitive erythroid cells
AAGCGAGGTGAACGGT,Extraembryonic visceral endoderm
AAGCGAGGTGAAGCGT,Paraxial mesoderm
AAGCGAGGTTAGAAAC,Extraembryonic visceral endoderm
AAGCGAGGTTTAGACC,Lateral plate and intermediate mesoderm
AAGCGAGTCATGAAAG,Primitive erythroid cells
AAGCGAGTCATGCCCT,Surface ectoderm
AAGCGTTAGGTCGCCT,Amniotic ectoderm
AAGCGTTCACAAACGG,Cranial neural crest
AAGCGTTCACGGCCAT,NMP
AAGCGTTCAGCCGTCA,Lateral plate and intermediate mesoderm
AAGCGTTCATAGTCGT,Primitive erythroid cells
AAGCGTTCATGGGATG,Primitive erythroid cells
AAGCGTTGTACCCACG,Lateral plate and intermediate mesoderm
AAGCGTTGTAGCTTTG,Extraembryonic visceral endoderm
AAGCGTTGTGGCTGCT,Primitive erythroid cells
AAGCGTTGTGTGTCCG,Placodal area
AAGCGTTTCGGTGAAG,Surface ectoderm
AAGCGTTTCTCGGTCT,Spinal cord
AAGGAATAGTCATCCA,Primitive erythroid cells
AAGGAATCAAGTATAG,Amniotic ectoderm
AAGGAATTCAAGCGTT,Primitive erythroid cells
AAGGAATTCCTCACGT,Forebrain/midbrain
AAGGAATTCGCAGTTA,Primitive erythroid cells
AAGGAATTCTACTATC,Forebrain/midbrain
AAGGAATTCTTGGGCG,Forebrain/midbrain
AAGGTAAAGCATTGAA,Surface ectoderm
AAGGTAACACGTCTCT,Primitive erythroid cells
AAGGTAAGTACCCAGC,Lateral plate and intermediate mesoderm
AAGGTAAGTCACGTGC,Gut endoderm
AAGGTAAGTCCGGACT,Allantois
AAGGTAAGTCGGATTT,Primitive erythroid cells
AAGGTAAGTGCCTTTC,Extraembryonic visceral endoderm
AAGGTAAGTGGGCTTC,Primitive erythroid cells
AAGGTAAGTTTCACTT,Primitive erythroid cells
AAGGTAATCAGCCTCT,Endothelium
AAGGTAATCATATGGC,Hindbrain
AAGGTAATCCTGTAGA,Primitive erythroid cells
AAGGTAATCGCCACTT,Primitive erythroid cells
AAGGTAATCGTTATCT,Extraembryonic visceral endoderm
AAGGTAATCTCAGGCG,Primitive erythroid cells
AAGTACCAGCTTGTTG,Extraembryonic visceral endoderm
AAGTACCCAACGGCCT,Forebrain/midbrain
AAGTACCCAATTTCTC,Hematoendothelial progenitors
AAGTACCCAGACAAGC,Surface ectoderm
AAGTACCCATCCGGCA,Allantois
AAGTACCGTACGTTCA,Cranial neural crest
AAGTACCGTACTGAGG,NMP
AAGTACCGTCCACAGC,Allantois
AAGTACCGTGCCAAGA,Cranial neural crest
AAGTACCTCAATCTTC,Primitive erythroid cells
AAGTACCTCCTGTAGA,Primitive erythroid cells
AAGTACCTCGAGCCTG,NMP
AAGTACCTCTGATGGT,Paraxial mesoderm
AAGTCGTAGTTGTAAG,Extraembryonic visceral endoderm
AAGTCGTCACCACTGG,Primitive erythroid cells
AAGTCGTCACGGGCTT,Amniotic ectoderm
AAGTCGTCAGCTTTGA,Extraembryonic visceral endoderm
AAGTCGTGTCAACCAT,Primitive erythroid cells
AAGTCGTGTCATGACT,Surface ectoderm
AAGTCGTTCATATGGC,NMP
AAGTCGTTCCATCGTC,Lateral plate and intermediate mesoderm
AAGTCGTTCCGTATAG,Forebrain/midbrain
AAGTCGTTCGTAGCCG,Lateral plate and intermediate mesoderm
AAGTCGTTCTTGATTC,Hindbrain
AAGTCGTTCTTGGTGA,Extraembryonic visceral endoderm
AAGTGAAAGACAGCGT,Lateral plate and intermediate mesoderm
AAGTGAAAGCTTAAGA,Primitive erythroid cells
AAGTGAAAGTTCCATG,Primitive erythroid cells
AAGTGAACAGATTCGT,Extraembryonic visceral endoderm
AAGTGAACAGTAGTTC,Hindbrain
AAGTGAAGTCCAATCA,Extraembryonic visceral endoderm
AAGTGAAGTCTTAGTG,Primitive erythroid cells
AAGTGAATCCTAGAGT,Extraembryonic visceral endoderm
AAGTGAATCTATGTGG,Primitive erythroid cells
AAGTGAATCTCTGCTG,Extraembryonic visceral endoderm
AAGTGAATCTTAGTTC,Extraembryonic visceral endoderm
AAGTTCGAGCGACTTT,Paraxial mesoderm
AAGTTCGAGCTTCGTA,Paraxial mesoderm
AAGTTCGAGGATGTTA,Primitive erythroid cells
AAGTTCGAGTAACCTC,Primitive erythroid cells
AAGTTCGCACCTATCC,Extraembryonic visceral endoderm
AAGTTCGCACGTGTGC,Extraembryonic visceral endoderm
AAGTTCGGTCGGAAAC,Primitive erythroid cells
AAGTTCGGTCTAGTGT,Primitive erythroid cells
AAGTTCGGTGAGGCAT,Primitive erythroid cells
AAGTTCGGTGCATACT,Primitive erythroid cells
AAGTTCGTCAACCCGG,Extraembryonic visceral endoderm
AAGTTCGTCAAGTGGG,Lateral plate and intermediate mesoderm
AAGTTCGTCATAAGGA,Lateral plate and intermediate mesoderm
AAGTTCGTCTTCCGTG,NMP
AATAGAGAGAATTGCA,Hindbrain
AATAGAGAGGTAGTAT,Primitive erythroid cells
AATAGAGAGTCATCCA,Hindbrain
AATAGAGCACCACTGG,Lateral plate and intermediate mesoderm
AATAGAGCATGACTAC,Extraembryonic visceral endoderm
AATAGAGGTAGAATAC,Extraembryonic visceral endoderm
AATAGAGGTCACAATC,Gut endoderm
AATAGAGGTCCTCCTA,Amniotic ectoderm
AATAGAGTCCCGAGAC,Allantois
AATAGAGTCGAGCCTG,Primitive erythroid cells
AATAGAGTCGCATTAG,Hindbrain
AATAGAGTCTATCACT,Paraxial mesoderm
AATAGAGTCTCATTGT,Primitive erythroid cells
AATAGAGTCTTGGTCC,Extraembryonic visceral endoderm
AATCACGAGAATAGTC,Surface ectoderm
AATCACGAGTCATCCA,Primitive erythroid cells
AATCACGCAACGCCCA,Forebrain/midbrain
AATCACGCAATTGCGT,Forebrain/midbrain
AATCACGGTAGACGTG,Primitive erythroid cells
AATCACGGTGCAATGG,Primitive erythroid cells
AATCACGTCAAGTCTG,Primitive erythroid cells
AATCACGTCATTGGTG,Forebrain/midbrain
AATCGACAGAGGATCC,Amniotic ectoderm
AATCGACAGATGGTCG,Extraembryonic visceral endoderm
AATCGACAGGAAGTGA,Extraembryonic visceral endoderm
AATCGACCAACCCTAA,NMP
AATCGACCAGGATGAC,Surface ectoderm
AATCGACCATACACCA,First heart field
AATCGACCATCCGGTG,Primitive erythroid cells
AATCGACCATCGATCA,Notochord
AATCGACCATGGAGAC,Primitive erythroid cells
AATCGACGTAGCTTTG,Lateral plate and intermediate mesoderm
AATCGACGTATTGAGA,Gut endoderm
AATCGACGTCCACATA,Extraembryonic visceral endoderm
AATCGACGTCCCTAAA,Gut endoderm
AATCGACGTCGTCAGC,Extraembryonic visceral endoderm
AATCGACGTCGTTTCC,Surface ectoderm
AATCGACGTGCCGTTG,Primitive erythroid cells
AATCGACGTGTCACAT,Paraxial mesoderm
AATCGACGTTGTATGC,NMP
AATCGACGTTTGGGAG,Gut endoderm
AATCGACTCCTGATAG,Hematoendothelial progenitors
AATCGTGAGACAACTA,Surface ectoderm
AATCGTGAGTTTGCTG,Lateral plate and intermediate mesoderm
AATCGTGCAAAGGATT,Surface ectoderm
AATCGTGCAACTCCCT,Extraembryonic visceral endoderm
AATCGTGCACATCATG,Primitive erythroid cells
AATCGTGCACGAGAAC,Surface ectoderm
AATCGTGGTAGCTGTT,Primitive erythroid cells
AATCGTGGTCAGCTTA,Hindbrain
AATCGTGGTTGTAAAG,Forebrain/midbrain
AATCGTGTCCCACAGG,Primitive erythroid cells
AATCGTGTCCCATGGG,Gut endoderm
AATCGTGTCTAGTACG,Hindbrain
AATCGTGTCTCTGGTC,NMP
AATGAAGAGACCTGGA,Notochord
AATGAAGAGACTAGAT,Surface ectoderm
AATGAAGAGCCGTTGC,Forebrain/midbrain
AATGAAGAGGACATCG,Extraembryonic visceral endoderm
AATGAAGAGGGTCTTT,Paraxial mesoderm
AATGAAGAGGTCGACA,Cranial neural crest
AATGAAGAGTGAGCCA,Lateral plate and intermediate mesoderm
AATGAAGCAACGATTC,Forebrain/midbrain
AATGAAGCAGAGTTCT,Hindbrain
AATGAAGCAGGACTTT,Primitive erythroid cells
AATGAAGCATCGGTTA,Lateral plate and intermediate mesoderm
AATGAAGGTCACCTTC,Forebrain/midbrain
AATGAAGGTGAATATG,Amniotic ectoderm
AATGAAGGTGCGGCTT,Amniotic ectoderm
AATGAAGGTTAGAGTA,Primitive erythroid cells
AATGAAGGTTGCGTAT,Hindbrain
AATGAAGTCGCCTATC,Surface ectoderm
AATGAAGTCGGCATTA,Primitive erythroid cells
AATGAAGTCTGCCTCA,Allantois
AATGAAGTCTTAGCTT,Forebrain/midbrain
AATGACCAGAATCCCT,Paraxial mesoderm
AATGACCAGCGTGCCT,Cranial neural crest
AATGACCAGGCTAACG,Primitive erythroid cells
AATGACCAGTCCGTCG,Extraembryonic visceral endoderm
AATGACCCACAAGGTG,Extraembryonic visceral endoderm
AATGACCCACGGCGTT,Primitive erythroid cells
AATGACCCAGACAAGC,Surface ectoderm
AATGACCCAGCTTTCC,Forebrain/midbrain
AATGACCCATGAATCC,Forebrain/midbrain
AATGACCGTAGCTAAA,Lateral plate and intermediate mesoderm
AATGACCGTCTGTAGT,Forebrain/midbrain
AATGACCGTGGTCCGT,Primitive erythroid cells
AATGACCGTGTGCTTA,Primitive erythroid cells
AATGACCGTTCTCTCG,Amniotic ectoderm
AATGACCTCACTGTTT,Primitive erythroid cells
AATGACCTCCATGATG,Lateral plate and intermediate mesoderm
AATGACCTCCATGCAA,Extraembryonic visceral endoderm
AATGACCTCCGATGTA,Endothelium
AATGACCTCGCTCCTA,Primitive erythroid cells
AATGCCAAGATACCAA,Cranial neural crest
AATGCCAAGCACCTGC,Extraembryonic visceral endoderm
AATGCCAAGCCATCCG,Primitive erythroid cells
AATGCCAAGCCTCACG,Hindbrain
AATGCCAAGCCTGAGA,Extraembryonic visceral endoderm
AATGCCAAGGGACTGT,Paraxial mesoderm
AATGCCAAGGTTCATC,Extraembryonic visceral endoderm
AATGCCAAGTGGACTG,Lateral plate and intermediate mesoderm
AATGCCACAGGCATTT,Primitive erythroid cells
AATGCCACAGGTGACA,Paraxial mesoderm
AATGCCACATGAGATA,Allantois
AATGCCAGTGAGTTTC,Primitive erythroid cells
AATGCCAGTGTTATCG,Extraembryonic visceral endoderm
AATGCCAGTTCATCTT,Extraembryonic visceral endoderm
AATGCCATCAAGTGGG,Hematoendothelial progenitors
AATGCCATCATGCGGC,Gut endoderm
AATGGAAAGAAGTCAT,NMP
AATGGAAAGAGCAGAA,First heart field
AATGGAAAGATGGGCT,Hindbrain
AATGGAAAGCAACCAG,Extraembryonic visceral endoderm
AATGGAAAGTACAGAT,Lateral plate and intermediate mesoderm
AATGGAAAGTTACGAA,NMP
AATGGAAAGTTCCAGT,Primitive erythroid cells
AATGGAAAGTTCCGTA,Amniotic ectoderm
AATGGAAGTAGGGTAC,Gut endoderm
AATGGAAGTGACATCT,Hindbrain
AATGGAAGTTTCGATG,Extraembryonic visceral endoderm
AATGGAATCAGGACAG,Hindbrain
AATGGAATCATCGACA,Surface ectoderm
AATGGAATCCCTTGTG,Primitive erythroid cells
AATGGAATCGCCTAGG,Hindbrain
AATGGAATCTTCACAT,Cranial neural crest
AATGGCTAGCCTGACC,Forebrain/midbrain
AATGGCTAGCTATCTG,NMP
AATGGCTAGTAGACAT,Hindbrain
AATGGCTCATCCCGTT,Forebrain/midbrain
AATGGCTGTCCCTAAA,Primitive erythroid cells
AATGGCTGTTGAGAGC,Endothelium
AATGGCTGTTGGCCTG,Primitive erythroid cells
AATGGCTTCGAACCAT,Lateral plate and intermediate mesoderm
AATGGCTTCGTTCATT,Surface ectoderm
AATTCCTAGCAGGCTA,Primitive erythroid cells
AATTCCTAGGCTGTAG,NMP
AATTCCTAGTACCGGA,Surface ectoderm
AATTCCTCAGACGATG,Hindbrain
AATTCCTCAGCTTCCT,Lateral plate and intermediate mesoderm
AATTCCTCATATTCGG,Primitive erythroid cells
AATTCCTCATGCACTA,NMP
AATTCCTGTACGAGCA,Primitive erythroid cells
AATTCCTGTATCCCAA,Surface ectoderm
AATTCCTGTCCATAGT,Allantois
AATTCCTGTGGGTATG,Endothelium
AATTCCTGTTGCGTAT,Forebrain/midbrain
AATTCCTTCATTACTC,Lateral plate and intermediate mesoderm
AATTCCTTCCACGAAT,Surface ectoderm
AATTCCTTCGAGCCTG,Forebrain/midbrain
AATTCCTTCGGAGCAA,Extraembryonic visceral endoderm
AATTCCTTCTAATTCC,Extraembryonic visceral endoderm
AATTCCTTCTCTCAAT,Hindbrain
AATTTCCAGCATTGAA,Lateral plate and intermediate mesoderm
AATTTCCAGCCGTTAT,Extraembryonic visceral endoderm
AATTTCCAGCTGTACT,Primitive erythroid cells
AATTTCCCAATACCTG,Primitive erythroid cells
AATTTCCCACAAATGA,Lateral plate and intermediate mesoderm
AATTTCCCACAGACGA,Cranial neural crest
AATTTCCCAGAAGCTG,Primitive erythroid cells
AATTTCCCAGAGTCTT,Primitive erythroid cells
AATTTCCGTCAAGTTC,Extraembryonic visceral endoderm
AATTTCCGTCAGTTTG,Primitive erythroid cells
AATTTCCGTCATGCAT,Hindbrain
AATTTCCGTCGTTGCG,Primitive erythroid cells
AATTTCCTCACTCGAA,Forebrain/midbrain
AATTTCCTCCCACAGG,Extraembryonic visceral endoderm
AATTTCCTCGCCTTTG,Extraembryonic visceral endoderm
AATTTCCTCTATACGG,Gut endoderm
AATTTCCTCTCCTGAC,Second heart field
AATTTCCTCTGCTTAT,Extraembryonic visceral endoderm
ACAAAGAAGACGACGT,Surface ectoderm
ACAAAGAAGAGCTGCA,Hindbrain
ACAAAGAAGCGATGAC,Gut endoderm
ACAAAGAAGTACTGGG,Paraxial mesoderm
ACAAAGAAGTGATAAC,Allantois
ACAAAGACAAGACTGG,Surface ectoderm
ACAAAGACACAGTGAG,Primitive erythroid cells
ACAAAGACAGAGTAAT,Extraembryonic visceral endoderm
ACAAAGACAGGTTCGC,Hindbrain
ACAAAGAGTACGTGTT,Primitive erythroid cells
ACAAAGAGTGAATGTA,Gut endoderm
ACAAAGAGTGCAATAA,Primitive erythroid cells
ACAAAGATCAAGAAAC,Hindbrain
ACAAAGATCATCCTAT,Forebrain/midbrain
ACAAAGATCATGAGAA,Lateral plate and intermediate mesoderm
ACAAAGATCCGAGGCT,Primitive erythroid cells
ACAAAGATCGGAAGGT,NMP
ACAAAGATCTATCGCC,Primitive erythroid cells
ACAACCAAGACTAAGT,Extraembryonic visceral endoderm
ACAACCAAGACTACGG,Lateral plate and intermediate mesoderm
ACAACCAAGCAACCAG,Primitive erythroid cells
ACAACCAAGGTCCCGT,Extraembryonic visceral endoderm
ACAACCAAGTATGAAC,NMP
ACAACCAAGTCATGGG,Forebrain/midbrain
ACAACCAAGTCCCTAA,Forebrain/midbrain
ACAACCAAGTTAGAAC,Cranial neural crest
ACAACCACACCGTCGA,Primitive erythroid cells
ACAACCACAGGCATGA,Primitive erythroid cells
ACAACCAGTATGTCAC,Extraembryonic visceral endoderm
ACAACCAGTCATGGCC,Primitive erythroid cells
ACAACCAGTCGCAGTC,Forebrain/midbrain
ACAACCAGTCTAGATC,Lateral plate and intermediate mesoderm
ACAACCAGTGACTATC,Extraembryonic visceral endoderm
ACAACCAGTGGTACAG,Amniotic ectoderm
ACAACCAGTTCAACGT,Surface ectoderm
ACAACCAGTTCCTAGA,Lateral plate and intermediate mesoderm
ACAACCAGTTCTCACC,Lateral plate and intermediate mesoderm
ACAACCATCGTCTAAG,NMP
ACAACCATCTTTCGAT,Gut endoderm
ACAAGCTAGAAATCCA,Forebrain/midbrain
ACAAGCTAGAATTGTG,Extraembryonic visceral endoderm
ACAAGCTAGACCAACG,Second heart field
ACAAGCTAGATCACTC,Primitive erythroid cells
ACAAGCTAGCGTCTCG,Gut endoderm
ACAAGCTAGGGCAGTT,Extraembryonic visceral endoderm
ACAAGCTCAAAGAGTT,Primitive erythroid cells
ACAAGCTCAGAGAATT,Primitive erythroid cells
ACAAGCTCATAGTCAC,Hindbrain
ACAAGCTCATATCGGT,NMP
ACAAGCTGTCCTCAGG,Primitive erythroid cells
ACAAGCTGTCTTGCGG,Endothelium
ACAAGCTGTGGCGCTT,Amniotic ectoderm
ACAAGCTGTTAGGCTT,Primitive erythroid cells
ACAAGCTGTTATCCAG,Forebrain/midbrain
ACAAGCTTCAACGCTA,Primitive erythroid cells
ACAAGCTTCACGGGAA,Lateral plate and intermediate mesoderm
ACAAGCTTCATTACGG,Extraembryonic visceral endoderm
ACAAGCTTCGCTACAA,Primitive erythroid cells
ACAAGCTTCGGAGCAA,Forebrain/midbrain
ACAAGCTTCGGTCAGC,Primitive erythroid cells
ACACAGTAGCTAGATA,Forebrain/midbrain
ACACAGTAGGCCTTGC,Surface ectoderm
ACACAGTAGGCTGGAT,Spinal cord
ACACAGTAGTCACTAC,Primitive erythroid cells
ACACAGTCAATGCTCA,Primitive erythroid cells
ACACAGTCACTACCCT,Gut endoderm
ACACAGTCAGGTCCCA,Amniotic ectoderm
ACACAGTCATGGAGAC,Paraxial mesoderm
ACACAGTCATGTCTAG,Lateral plate and intermediate mesoderm
ACACAGTGTACCCAGC,NMP
ACACAGTGTGTGTACT,Extraembryonic visceral endoderm
ACACAGTGTTCCTAAG,Amniotic ectoderm
ACACAGTTCGCGTGAC,Primitive erythroid cells
ACACAGTTCGCTCCTA,Primitive erythroid cells
ACACAGTTCTACTTCA,Primitive erythroid cells
ACACAGTTCTATCGCC,Surface ectoderm
ACACCAAAGCCTCAAT,Primitive erythroid cells
ACACCAAAGGTTACCT,Primitive erythroid cells
ACACCAAAGGTTCCAT,Primitive erythroid cells
ACACCAACAAAGCACG,Extraembryonic visceral endoderm
ACACCAACAAATCAAG,Surface ectoderm
ACACCAACAACAGCTT,Primitive erythroid cells
ACACCAACAAGCGCAA,Lateral plate and intermediate mesoderm
ACACCAACACAGCTTA,Primitive erythroid cells
ACACCAAGTCGCAACC,Primitive erythroid cells
ACACCAAGTTGGGAAC,Primitive erythroid cells
ACACCAATCCATCGTC,Hindbrain
ACACCAATCGCCTAGG,Endothelium
ACACCAATCGGACTTA,Hematoendothelial progenitors
ACACCAATCGTGGAAG,Lateral plate and intermediate mesoderm
ACACCAATCTTACTGT,Paraxial mesoderm
ACACGCGAGCACACCC,Surface ectoderm
ACACGCGAGCCTTTGA,Allantois
ACACGCGAGCGTTGTT,Paraxial mesoderm
ACACGCGAGGATTCAA,Surface ectoderm
ACACGCGAGTTTGAGA,Primitive erythroid cells
ACACGCGCAAGTGCAG,NMP
ACACGCGCAGAATGTA,Hematoendothelial progenitors
ACACGCGCAGTTTCAG,Primitive erythroid cells
ACACGCGTCCATCTCG,Second heart field
ACACGCGTCCTTGGAA,Lateral plate and intermediate mesoderm
ACACGCGTCGCGGACT,Primitive erythroid cells
ACACGCGTCTGTGCGG,NMP
ACACTGAAGAAGCGCT,Extraembryonic visceral endoderm
ACACTGAAGCCGTTAT,Extraembryonic visceral endoderm
ACACTGAAGGAATTAC,Gut endoderm
ACACTGAAGGCTAACG,Surface ectoderm
ACACTGAAGTGATAGT,Primitive erythroid cells
ACACTGACAAGAGAGA,Hindbrain
ACACTGACACGACTAT,Allantois
ACACTGACACGTTGGC,Spinal cord
ACACTGACAGCTCATA,Extraembryonic visceral endoderm
ACACTGACATGACGGA,Cranial neural crest
ACACTGAGTACGGATG,Surface ectoderm
ACACTGAGTCCGGATC,Extraembryonic visceral endoderm
ACACTGAGTGTCATCA,Extraembryonic visceral endoderm
ACACTGAGTGTCTTCC,Primitive erythroid cells
ACACTGAGTTAAAGTG,Primitive erythroid cells
ACACTGAGTTATGACC,Gut endoderm
ACACTGAGTTTACACG,Placodal area
ACACTGATCAACACGT,Lateral plate and intermediate mesoderm
ACACTGATCATATGGC,Extraembryonic visceral endoderm
ACACTGATCATGGCCG,Primitive erythroid cells
ACACTGATCATTCGTT,Primitive erythroid cells
ACACTGATCGTTCAGA,Placodal area
ACACTGATCTTTGATC,Forebrain/midbrain
ACAGAAAAGCACTTTG,Paraxial mesoderm
ACAGAAAAGCCTGACC,Amniotic ectoderm
ACAGAAAAGCTCGTGC,Extraembryonic visceral endoderm
ACAGAAAAGTACTGTC,Amniotic ectoderm
ACAGAAACAGGCTTGC,Forebrain/midbrain
ACAGAAACAGGTGAGT,Hindbrain
ACAGAAACATTGTACG,Hindbrain
ACAGAAAGTAGAGATT,Gut endoderm
ACAGAAAGTAGTCTGT,NMP
ACAGAAAGTCGAATGG,Primitive erythroid cells
ACAGAAAGTCTGTCCT,Lateral plate and intermediate mesoderm
ACAGAAAGTCTTGAGT,Lateral plate and intermediate mesoderm
ACAGAAAGTTGACTAC,Forebrain/midbrain
ACAGAAATCATCAGTG,Surface ectoderm
ACAGAAATCCAACCGG,Primitive erythroid cells
ACAGAAATCCTCTAAT,Paraxial mesoderm
ACAGAAATCGGCTGTG,Endothelium
ACAGAAATCTACGGTA,Surface ectoderm
ACAGCCGAGACTTAAG,Hindbrain
ACAGCCGAGAGACAAG,Extraembryonic visceral endoderm
ACAGCCGAGGAGAGTA,Gut endoderm
ACAGCCGCACAACGCC,Primitive erythroid cells
ACAGCCGCAGCGCTTG,Lateral plate and intermediate mesoderm
ACAGCCGCATAACAGA,Primitive erythroid cells
ACAGCCGCATGAGAAT,Forebrain/midbrain
ACAGCCGGTACGCTTA,Extraembryonic visceral endoderm
ACAGCCGGTATAGCTC,Extraembryonic visceral endoderm
ACAGCCGGTATCCTCC,Surface ectoderm
ACAGCCGGTTACCTGA,Hindbrain
ACAGCCGTCTATACGG,Lateral plate and intermediate mesoderm
ACAGGGAAGCATTGAA,Extraembryonic visceral endoderm
ACAGGGACAACGGTAG,Placodal area
ACAGGGACAAGCGGAT,Primitive erythroid cells
ACAGGGACAATCTGCA,Endothelium
ACAGGGACACTCTGCT,First heart field
ACAGGGAGTAACATAG,Primitive erythroid cells
ACAGGGAGTCCGGCAT,Amniotic ectoderm
ACAGGGAGTTGTAAAG,NMP
ACATCCCAGAGAGCAA,Extraembryonic visceral endoderm
ACATCCCAGAGCCTGA,Cranial neural crest
ACATCCCAGATGTTGA,Hindbrain
ACATCCCAGCGTATAA,Primitive erythroid cells
ACATCCCAGCTGCGAA,Surface ectoderm
ACATCCCAGCTTCATG,Surface ectoderm
ACATCCCAGTCACTCA,Paraxial mesoderm
ACATCCCAGTTCATCG,Primitive erythroid cells
ACATCCCCACATAGCT,Primitive erythroid cells
ACATCCCCACTTCCTG,Forebrain/midbrain
ACATCCCGTACCATAC,Amniotic ectoderm
ACATCCCGTAGACACG,NMP
ACATCCCGTAGTACGG,Hindbrain
ACATCCCGTCACTCAA,Hindbrain
ACATCCCGTCCACTTC,Primitive erythroid cells
ACATCCCGTGAACTAA,Paraxial mesoderm
ACATCCCGTTGCATGT,Placodal area
ACATCCCGTTGGTAGG,Extraembryonic visceral endoderm
ACATCCCGTTGTCATG,Primitive erythroid cells
ACATCCCTCGCCACTT,Primitive erythroid cells
ACATCCCTCGGAGCAA,Lateral plate and intermediate mesoderm
ACATCCCTCTGCGGAC,Primitive erythroid cells
ACATCCCTCTGTAACG,Forebrain/midbrain
ACATCGAAGCAGCACA,Primitive erythroid cells
ACATCGAAGGAGTATT,Surface ectoderm
ACATCGAAGGCACCAA,Endothelium
ACATCGAAGGGTCAAC,Spinal cord
ACATCGAAGGTTGTTC,Primitive erythroid cells
ACATCGAAGTCACTCA,Surface ectoderm
ACATCGACAACAACAA,Allantois
ACATCGACAACAAGAT,Primitive erythroid cells
ACATCGACACACGTGC,Lateral plate and intermediate mesoderm
ACATCGACAGAAGTGC,Extraembryonic visceral endoderm
ACATCGAGTACTTGTG,Hematoendothelial progenitors
ACATCGAGTCGAGCAA,Surface ectoderm
ACATCGAGTTCTCCCA,Extraembryonic visceral endoderm
ACATCGATCAGTCCGG,Allantois
ACATCGATCTGCTAGA,Lateral plate and intermediate mesoderm
ACATGCAAGCGTCAGA,Lateral plate and intermediate mesoderm
ACATGCAAGGGTTGCA,Primitive erythroid cells
ACATGCAAGTCCGCGT,Gut endoderm
ACATGCAAGTCCTACA,Surface ectoderm
ACATGCAAGTGAGGTC,Gut endoderm
ACATGCACAAACTAAG,Extraembryonic visceral endoderm
ACATGCACAAGCCCAC,Surface ectoderm
ACATGCACAATACCCA,Primitive erythroid cells
ACATGCACAGCTGTTA,Primitive erythroid cells
ACATGCAGTAGATCCT,Lateral plate and intermediate mesoderm
ACATGCAGTATGCTTG,Hindbrain
ACATGCAGTCTCACGG,Primitive erythroid cells
ACATGCAGTGGATTTC,Extraembryonic visceral endoderm
ACATGCAGTGGTCAAG,Primitive erythroid cells
ACATGCAGTTGCATTG,Hematoendothelial progenitors
ACATGCAGTTGGGATG,Gut endoderm
ACATGCATCCAGCAAT,Primitive erythroid cells
ACATGCATCCCGAACG,Endothelium
ACATGCATCCGAACGC,Paraxial mesoderm
ACATGCATCTAGCCAA,Primitive erythroid cells
ACATGCATCTCTGACC,NMP
ACATTTCAGAAACCAT,Extraembryonic visceral endoderm
ACATTTCAGTCAGCCC,Endothelium
ACATTTCAGTTGCGCC,Extraembryonic visceral endoderm
ACATTTCCACGTTGGC,Primitive erythroid cells
ACATTTCCATAACAGA,NMP
ACATTTCCATTGACAC,Primitive erythroid cells
ACATTTCGTCAGACTT,Primitive erythroid cells
ACATTTCTCAAGTAAG,Gut endoderm
ACATTTCTCTTACGGA,Forebrain/midbrain
ACCAAACAGCTTGTTG,Surface ectoderm
ACCAAACAGTCTTCCC,Primitive erythroid cells
ACCAAACCACCGTCTT,Primitive erythroid cells
ACCAAACGTCCGGTCA,Extraembryonic visceral endoderm
ACCAAACGTCGTATGT,Hindbrain
ACCAAACGTGAGATAT,Lateral plate and intermediate mesoderm
ACCAACAAGGAGATAG,Forebrain/midbrain
ACCAACAAGGGAGATA,Primitive erythroid cells
ACCAACAAGTCCCAGC,Extraembryonic visceral endoderm
ACCAACACACATTCGA,Endothelium
ACCAACACACTTCATT,Forebrain/midbrain
ACCAACACATACAGAA,Forebrain/midbrain
ACCAACAGTTATCCAG,Primitive erythroid cells
ACCAACAGTTATTCTC,Cranial neural crest
ACCAACATCACTAGCA,Extraembryonic visceral endoderm
ACCAACATCTCTCAAT,Primitive erythroid cells
ACCAACATCTTCGTAT,Primitive erythroid cells
ACCACAACACTTGAAC,Primitive erythroid cells
ACCACAACATACTGAC,Extraembryonic visceral endoderm
ACCACAACATAGACTC,Primitive erythroid cells
ACCACAACATGGAACG,Surface ectoderm
ACCACAAGTTGTGGAG,Hindbrain
ACCACAATCATCCTAT,Primitive erythroid cells
ACCACAATCGAACGGA,Paraxial mesoderm
ACCACAATCGCCTTGT,Primitive erythroid cells
ACCACAATCGGTGTAT,Primitive erythroid cells
ACCATTTAGCTGCGAA,Extraembryonic visceral endoderm
ACCATTTAGGCTGAAC,Hindbrain
ACCATTTAGTCTAACC,Extraembryonic visceral endoderm
ACCATTTAGTGGGAAA,Surface ectoderm
ACCATTTAGTTGTCGT,Amniotic ectoderm
ACCATTTCACAGTATC,Primitive erythroid cells
ACCATTTCATCCGTGG,Endothelium
ACCATTTGTCAATCTG,Extraembryonic visceral endoderm
ACCATTTGTCTGTAGT,Hindbrain
ACCATTTGTTAGAAAC,Cranial neural crest
ACCATTTTCAGCGTCG,Primitive erythroid cells
ACCATTTTCCATTCGC,Extraembryonic visceral endoderm
ACCATTTTCCGAGATT,Primitive erythroid cells
ACCATTTTCGATTGAC,Second heart field
ACCATTTTCTAGGAAA,Lateral plate and intermediate mesoderm
ACCATTTTCTGAGGTT,Surface ectoderm
ACCATTTTCTGTTGGA,Extraembryonic visceral endoderm
ACCCAAAAGACCAAAT,Primitive erythroid cells
ACCCAAAAGGTCACAG,Extraembryonic visceral endoderm
ACCCAAACAAAGCACG,Endothelium
ACCCAAACAATGCAGG,Primitive erythroid cells
ACCCAAACAGCAGGAT,Hematoendothelial progenitors
ACCCAAACATGCCGCA,Extraembryonic visceral endoderm
ACCCAAAGTGACCGTC,Allantois
ACCCAAATCAACTTTC,Primitive erythroid cells
ACCCAAATCAGCTGAT,Surface ectoderm
ACCCAAATCGGCATTA,Forebrain/midbrain
ACCCTCAAGCCTGAGA,Spinal cord
ACCCTCAAGTGAATAC,Primitive erythroid cells
ACCCTCAAGTTGAATG,Forebrain/midbrain
ACCCTCACAGAACATA,Extraembryonic visceral endoderm
ACCCTCACAGGACTAG,Lateral plate and intermediate mesoderm
ACCCTCAGTCATAACC,Lateral plate and intermediate mesoderm
ACCCTCAGTGCATTAC,Lateral plate and intermediate mesoderm
ACCCTCAGTGCTAGCC,Forebrain/midbrain
ACCCTCAGTGCTTCAA,Hindbrain
ACCCTCATCTACCCAC,Primitive erythroid cells
ACCCTTGAGCTGGCTC,Primitive erythroid cells
ACCCTTGAGCTTAAGA,Forebrain/midbrain
ACCCTTGCAATTGGTC,Amniotic ectoderm
ACCCTTGCAGCATCTA,Primitive erythroid cells
ACCCTTGCAGTCGGAA,Extraembryonic visceral endoderm
ACCCTTGGTACGACTT,Paraxial mesoderm
ACCCTTGGTGAGTGAC,Primitive erythroid cells
ACCCTTGGTGGCGTAA,Primitive erythroid cells
ACCCTTGGTGGTCAAG,Forebrain/midbrain
ACCCTTGTCATTACCT,Primitive erythroid cells
ACCGTTCAGAAGATCT,Primitive erythroid cells
ACCGTTCAGCACTCAT,Hindbrain
ACCGTTCAGGCCTTCG,Extraembryonic visceral endoderm
ACCGTTCCAAGGCAAC,Extraembryonic visceral endoderm
ACCGTTCCACACGTGC,Surface ectoderm
ACCGTTCCAGAGTGAC,First heart field
ACCGTTCGTATCGTGT,Gut endoderm
ACCGTTCGTCCCTGAG,Gut endoderm
ACCGTTCGTCTGGTTA,Primitive erythroid cells
ACCGTTCGTGGCGTAA,Hindbrain
ACCGTTCGTTCAAGTC,Forebrain/midbrain
ACCGTTCTCCTTATAC,Extraembryonic visceral endoderm
ACCGTTCTCTATCGTT,Extraembryonic visceral endoderm
ACCGTTCTCTGCATGA,Primitive erythroid cells
ACCGTTCTCTTCCTAA,Cranial neural crest
ACCTACCAGAGGACTC,Primitive erythroid cells
ACCTACCAGCTTGTTG,Amniotic ectoderm
ACCTACCAGGCACAAC,Amniotic ectoderm
ACCTACCCAGCGCTTG,Paraxial mesoderm
ACCTACCTCGTTCAGA,Amniotic ectoderm
ACCTACCTCTACCCAC,Extraembryonic visceral endoderm
ACCTACCTCTGCCTGT,Paraxial mesoderm
ACCTACCTCTTAATCC,Primitive erythroid cells
ACCTGAAAGACATAGT,Surface ectoderm
ACCTGAAAGCACCCAC,Primitive erythroid cells
ACCTGAAAGTCTAACC,Lateral plate and intermediate mesoderm
ACCTGAACAAATACAG,Cranial neural crest
ACCTGAACAGACCGCT,Forebrain/midbrain
ACCTGAACATCCGTGG,Surface ectoderm
ACCTGAACATTCCTAT,Primitive erythroid cells
ACCTGAAGTGCTGCAC,Gut endoderm
ACCTGAAGTGTGTGTT,Amniotic ectoderm
ACCTGAATCATGGGAG,Forebrain/midbrain
ACCTGAATCCGACAGC,Primitive erythroid cells
ACCTGAATCTCCAATT,Surface ectoderm
ACCTGTCAGACATATG,Hindbrain
ACCTGTCAGAGGATCC,Primitive erythroid cells
ACCTGTCAGAGTGACC,Lateral plate and intermediate mesoderm
ACCTGTCAGCCAAGCA,Endothelium
ACCTGTCAGTCGCTAT,Primitive erythroid cells
ACCTGTCCAGAGACTG,Primitive erythroid cells
ACCTGTCCAGCTCATA,Extraembryonic visceral endoderm
ACCTGTCCATCCAACA,Primitive erythroid cells
ACCTGTCGTAACAAGT,Placodal area
ACCTGTCGTAACATGA,Forebrain/midbrain
ACCTGTCGTATCCCTC,Lateral plate and intermediate mesoderm
ACCTGTCGTGGAAATT,Hindbrain
ACCTGTCTCACGGGAA,Forebrain/midbrain
ACCTGTCTCAGGGATG,Forebrain/midbrain
ACCTGTCTCCACTAGA,Primitive erythroid cells
ACCTGTCTCGAGAATA,Gut endoderm
ACCTGTCTCGCGTCGA,Forebrain/midbrain
ACCTGTCTCTCGGCTT,Primitive erythroid cells
ACCTGTCTCTCGGGAC,Hindbrain
ACCTGTCTCTTCCCGA,Allantois
ACGATCAAGGTACTGG,Extraembryonic visceral endoderm
ACGATCAAGGTTGACG,Gut endoderm
ACGATCAAGTAAGAGG,Lateral plate and intermediate mesoderm
ACGATCACATTGTCGA,Cranial neural crest
ACGATCAGTACTGAGG,First heart field
ACGATCAGTAGACAGC,Extraembryonic visceral endoderm
ACGATCAGTGAACGGT,Extraembryonic visceral endoderm
ACGATCAGTGAGAGGG,Forebrain/midbrain
ACGATCATCAAGTAAG,Hindbrain
ACGATCATCCGATGCG,Hindbrain
ACGATCATCTCACTCG,Gut endoderm
ACGATCATCTCGTGAA,Endothelium
ACGATGTAGAAGCGCT,Primitive erythroid cells
ACGATGTAGAGAGCGG,Primitive erythroid cells
ACGATGTAGATTAGAC,Extraembryonic visceral endoderm
ACGATGTAGCCAGAGT,Primitive erythroid cells
ACGATGTAGCTAAACA,Primitive erythroid cells
ACGATGTAGGCGAAGG,Paraxial mesoderm
ACGATGTAGGTTGGTG,Primitive erythroid cells
ACGATGTAGTCGCTAT,NMP
ACGATGTCAATGGCCC,Hindbrain
ACGATGTGTGACGTCC,Hindbrain
ACGATGTGTTGTCAGT,Extraembryonic visceral endoderm
ACGATGTTCAACCGAT,Primitive erythroid cells
ACGATGTTCAGACATC,Primitive erythroid cells
ACGATGTTCAGAGTTC,Primitive erythroid cells
ACGATGTTCCCTCTCC,Endothelium
ACGATGTTCCTTCGAC,Primitive erythroid cells
ACGATGTTCGAAATCC,Endothelium
ACGCACGAGATTTGCC,Gut endoderm
ACGCACGAGCAACTTC,Primitive erythroid cells
ACGCACGAGGCACGAT,Gut endoderm
ACGCACGAGTAGCAAT,First heart field
ACGCACGCAATCCAGT,Lateral plate and intermediate mesoderm
ACGCACGCACCACTGG,Extraembryonic visceral endoderm
ACGCACGCAGAGAAAG,Primitive erythroid cells
ACGCACGCAGAGGCAT,Cranial neural crest
ACGCACGCAGTCAACT,Primitive erythroid cells
ACGCACGCATCATCCC,Primitive erythroid cells
ACGCACGGTCGAACAG,Lateral plate and intermediate mesoderm
ACGCACGGTCTCGGGT,Paraxial mesoderm
ACGCACGGTTACCCTC,Forebrain/midbrain
ACGCACGGTTGCGAAG,NMP
ACGCACGTCATGAGTC,Hindbrain
ACGCACGTCCCATACC,Gut endoderm
ACGCACGTCCGCAAAT,Extraembryonic visceral endoderm
ACGCACGTCGCCTTGT,Gut endoderm
ACGCACGTCGCGCTGA,Surface ectoderm
ACGCACGTCTCGTCAC,Second heart field
ACGGAAGAGAACAAGG,NMP
ACGGAAGAGAGGCGTT,Amniotic ectoderm
ACGGAAGAGGGCAGTT,Primitive erythroid cells
ACGGAAGCAGACCAAG,Paraxial mesoderm
ACGGAAGCAGGTGTGA,Cranial neural crest
ACGGAAGCATAATCCG,Forebrain/midbrain
ACGGAAGGTCACGTGC,Lateral plate and intermediate mesoderm
ACGGAAGGTGAAGCTG,Primitive erythroid cells
ACGGAAGGTGAGCAGT,First heart field
ACGGAAGGTGCAACGA,Primitive erythroid cells
ACGGAAGGTGCTTCAA,Primitive erythroid cells
ACGGAAGGTGTGTACT,Lateral plate and intermediate mesoderm
ACGGAAGGTTACGGAG,Placodal area
ACGGAAGGTTTAAGGA,Hindbrain
ACGGAAGTCTGTACAG,Primitive erythroid cells
ACGGGTCAGCCGAACA,Primitive erythroid cells
ACGGGTCAGTATCTGC,Lateral plate and intermediate mesoderm
ACGGGTCAGTCTAGAA,Hindbrain
ACGGGTCCAAATGAGT,Extraembryonic visceral endoderm
ACGGGTCCACTGCACG,Extraembryonic visceral endoderm
ACGGGTCCAGCACACC,Cranial neural crest
ACGGGTCGTACTGGGA,Extraembryonic visceral endoderm
ACGGGTCGTAGTCGGA,Hindbrain
ACGGGTCTCAAGATAG,Lateral plate and intermediate mesoderm
ACGGGTCTCAATCTTC,Extraembryonic visceral endoderm
ACGGGTCTCACGGTCG,Primitive erythroid cells
ACGGGTCTCGACATTG,Lateral plate and intermediate mesoderm
ACGGGTCTCTACTGAG,First heart field
ACGGTCGAGTAGATCA,Primitive erythroid cells
ACGGTCGCAATGACCT,Amniotic ectoderm
ACGGTCGCAATTGCCA,Primitive erythroid cells
ACGGTCGCACAAAGCG,Forebrain/midbrain
ACGGTCGCACAACGCC,Gut endoderm
ACGGTCGCAGGTACGA,Endothelium
ACGGTCGGTAAGTTAG,Lateral plate and intermediate mesoderm
ACGGTCGGTACGTGTT,Amniotic ectoderm
ACGGTCGGTCTGGTTA,Allantois
ACGGTCGGTTCAAGTC,Lateral plate and intermediate mesoderm
ACGGTCGTCACAACCA,Allantois
ACGGTCGTCCAGTACA,Paraxial mesoderm
ACGGTCGTCTAGTTCT,Forebrain/midbrain
ACGGTCGTCTGGGTCG,Hindbrain
ACGGTTAAGACTCAAA,Amniotic ectoderm
ACGGTTAAGGCAGCTA,Gut endoderm
ACGGTTAAGTAAGGGA,Forebrain/midbrain
ACGGTTACACGCGTCA,Forebrain/midbrain
ACGGTTACAGGACTTT,Extraembryonic visceral endoderm
ACGGTTAGTATCGGTT,Extraembryonic visceral endoderm
ACGGTTAGTGGAAATT,Hematoendothelial progenitors
ACGGTTAGTGTTACAC,Primitive erythroid cells
ACGTAACAGCCTGAGA,Gut endoderm
ACGTAACAGGAAAGTG,Primitive erythroid cells
ACGTAACAGGACTTCT,Forebrain/midbrain
ACGTAACAGTAGCCAG,Lateral plate and intermediate mesoderm
ACGTAACAGTTTCGAC,Primitive erythroid cells
ACGTAACCAAGCCTGC,Primitive erythroid cells
ACGTAACCACCCGTAG,Extraembryonic visceral endoderm
ACGTAACCACGCAAAG,Hindbrain
ACGTAACCAGACCTGC,Forebrain/midbrain
ACGTAACCAGAGCTAG,Hindbrain
ACGTAACGTATCTCTT,Primitive erythroid cells
ACGTAACGTCAAAGTA,Primitive erythroid cells
ACGTAACGTCCAGCGT,Lateral plate and intermediate mesoderm
ACGTAACGTGCCGTTG,Extraembryonic visceral endoderm
ACGTAACTCACTTTGT,Extraembryonic visceral endoderm
ACGTAACTCCGGTTCT,Extraembryonic visceral endoderm
ACGTAACTCGATTGAC,Amniotic ectoderm
ACGTAACTCGCCATAA,Primitive erythroid cells
ACGTAACTCGTCAGAT,Primitive erythroid cells
ACGTAACTCTAGAGCT,Endothelium
ACGTACAAGAAACTGT,Cranial neural crest
ACGTACAAGAACTCCT,Endothelium
ACGTACAAGACATCCT,Extraembryonic visceral endoderm
ACGTACAAGAGGGTAA,Extraembryonic visceral endoderm
ACGTACAAGATCCGAG,First heart field
ACGTACAAGATCGCTT,Lateral plate and intermediate mesoderm
ACGTACAAGGACAGTC,Hindbrain
ACGTACAAGGCCTGAA,Lateral plate and intermediate mesoderm
ACGTACACAATAGTCC,Primitive erythroid cells
ACGTACACAATCGCAT,Second heart field
ACGTACACAATTCTCT,NMP
ACGTACACACGTCATA,Primitive erythroid cells
ACGTACAGTACAAGCG,Primitive erythroid cells
ACGTACAGTATCTTCT,Allantois
ACGTACAGTCGTTATG,NMP
ACGTACAGTCTTTATC,Primitive erythroid cells
ACGTACAGTGAATTAG,Forebrain/midbrain
ACGTACAGTTCTGAGT,Hindbrain
ACGTACATCACCATGA,Amniotic ectoderm
ACGTACATCCCTCGAT,NMP
ACGTACATCCTAGAGT,Cranial neural crest
ACGTACATCTCCCAAC,Lateral plate and intermediate mesoderm
ACGTACATCTGTGTGA,Extraembryonic visceral endoderm
ACGTAGTAGTATGAGT,Paraxial mesoderm
ACGTAGTCACCTCTGT,Primitive erythroid cells
ACGTAGTCACGTCGGT,Gut endoderm
ACGTAGTCACTGTCCT,Primitive erythroid cells
ACGTAGTCAGAGGCAT,Forebrain/midbrain
ACGTAGTGTACCCGCA,Extraembryonic visceral endoderm
ACGTAGTGTGCGGCTT,Extraembryonic visceral endoderm
ACGTAGTGTTGGTGTT,Surface ectoderm
ACGTAGTTCAAGCCTA,Surface ectoderm
ACGTAGTTCATGCCCT,Primitive erythroid cells
ACGTAGTTCCGCAGTG,Primitive erythroid cells
ACGTAGTTCGTACCTC,Primitive erythroid cells
ACGTCCTAGCTAGAAT,Gut endoderm
ACGTCCTCATCCGTGG,Primitive erythroid cells
ACGTCCTCATTGCCGG,Hematoendothelial progenitors
ACGTCCTGTACAGTAA,Extraembryonic visceral endoderm
ACGTCCTGTACGACAG,Hindbrain
ACGTCCTGTCGAATGG,NMP
ACGTCCTGTTTGCCGG,NMP
ACGTCCTTCATAGACC,Lateral plate and intermediate mesoderm
ACGTCCTTCATTGTTC,Primitive erythroid cells
ACGTCCTTCTGGAGAG,Primitive erythroid cells
ACGTCCTTCTTTGGAG,Surface ectoderm
ACGTTCCAGATCCCGC,Hindbrain
ACGTTCCAGCGATGGT,Primitive erythroid cells
ACGTTCCCAAGGCTTT,Primitive erythroid cells
ACGTTCCGTAAGGCTG,Extraembryonic visceral endoderm
ACGTTCCGTCAGGTGA,Primitive erythroid cells
ACGTTCCGTTCTCCAC,Lateral plate and intermediate mesoderm
ACGTTCCTCGAAGTGG,Primitive erythroid cells
ACGTTCCTCGGACTGC,Extraembryonic visceral endoderm
ACGTTCCTCTCCTGTG,Extraembryonic visceral endoderm
ACGTTCCTCTGAGTCA,Extraembryonic visceral endoderm
ACTACGAAGAGTATAC,Forebrain/midbrain
ACTACGAAGAGTTGAT,Cranial neural crest
ACTACGAAGCCACTCG,Primitive erythroid cells
ACTACGAAGGATTACA,Primitive erythroid cells
ACTACGAAGGTTCATC,Extraembryonic visceral endoderm
ACTACGAAGTGATCGG,Primitive erythroid cells
ACTACGACAGGAAGTC,Surface ectoderm
ACTACGACATGACGAG,Lateral plate and intermediate mesoderm
ACTACGAGTCTCCTGT,Notochord
ACTACGAGTCTTACTT,Primitive erythroid cells
ACTACGAGTGATACTC,Endothelium
ACTACGAGTTCTCACC,Lateral plate and intermediate mesoderm
ACTACGAGTTCTCTAT,Allantois
ACTACGATCATGTCAG,Amniotic ectoderm
ACTACGATCATTTCGT,Lateral plate and intermediate mesoderm
ACTACGATCCCAGGCA,Primitive erythroid cells
ACTACGATCGGCCAAC,Extraembryonic visceral endoderm
ACTACGATCTCATAGG,Primitive erythroid cells
ACTACGATCTCTAAGG,Surface ectoderm
ACTACGATCTTGGAAC,Hindbrain
ACTATCTAGCTTCGTA,Primitive erythroid cells
ACTATCTAGGCACTCC,Primitive erythroid cells
ACTATCTAGGCCTAGA,Forebrain/midbrain
ACTATCTAGGGTTAAT,Primitive erythroid cells
ACTATCTAGGTTCAGG,Extraembryonic visceral endoderm
ACTATCTCAATTTCGG,Forebrain/midbrain
ACTATCTCAGCCATTA,Extraembryonic visceral endoderm
ACTATCTCATAACTCG,Extraembryonic visceral endoderm
ACTATCTCATATCTCT,Hematoendothelial progenitors
ACTATCTCATGGGTCC,Extraembryonic visceral endoderm
ACTATCTCATTGGGAG,Hindbrain
ACTATCTGTAATGCTC,Primitive erythroid cells
ACTATCTGTACCGTCG,Extraembryonic visceral endoderm
ACTATCTGTAGGCTCC,Primitive erythroid cells
ACTATCTGTCCATACA,Surface ectoderm
ACTATCTGTCTTGCTC,First heart field
ACTATCTGTTTGTTCT,Primitive erythroid cells
ACTATCTTCCCTATTA,Hindbrain
ACTATCTTCTTACGTT,Surface ectoderm
ACTATGGAGGCATGGT,Placodal area
ACTATGGAGTAACGAT,Primitive erythroid cells
ACTATGGAGTGACACG,Primitive erythroid cells
ACTATGGCAAGAGGCT,Primitive erythroid cells
ACTATGGCAAGCGCAA,Surface ectoderm
ACTATGGCAAGGTACG,Primitive erythroid cells
ACTATGGCAAGTTTGC,Primitive erythroid cells
ACTATGGCACCTGATA,Primitive erythroid cells
ACTATGGCACGGTCTG,Primitive erythroid cells
ACTATGGGTAGAGACC,Hindbrain
ACTATGGGTGCCGAAA,Primitive erythroid cells
ACTATGGGTGGGCTTC,Primitive erythroid cells
ACTATGGGTTACGGAG,Primitive erythroid cells
ACTATGGTCGCTAGCG,Primitive erythroid cells
ACTATGGTCGTGCTCT,Extraembryonic visceral endoderm
ACTATGGTCTCTCGCA,Hindbrain
ACTATGGTCTGTCGCT,Extraembryonic visceral endoderm
ACTATTCAGCTAGCCC,Primitive erythroid cells
ACTATTCAGGAGTCTG,Surface ectoderm
ACTATTCAGGTCCCGT,Primitive erythroid cells
ACTATTCAGGTCGCCT,Endothelium
ACTATTCAGTTGGGAC,Extraembryonic visceral endoderm
ACTATTCCAAGACCTT,Amniotic ectoderm
ACTATTCCACATGACT,Gut endoderm
ACTATTCCAGCTTCCT,Lateral plate and intermediate mesoderm
ACTATTCCATCTTAGG,Surface ectoderm
ACTATTCGTCCTTTGC,Primitive erythroid cells
ACTATTCGTGGGACAT,Extraembryonic visceral endoderm
ACTATTCTCAAACCTG,Primitive erythroid cells
ACTATTCTCAGTGTCA,Gut endoderm
ACTATTCTCGCAGATT,Primitive erythroid cells
ACTCCCAAGGCTCACC,NMP
ACTCCCAAGGCTTCCG,Lateral plate and intermediate mesoderm
ACTCCCAAGTACGTCT,Primitive erythroid cells
ACTCCCACAATCTCTT,Extraembryonic visceral endoderm
ACTCCCAGTCCAGGTC,Extraembryonic visceral endoderm
ACTCCCATCCGATAGT,Primitive erythroid cells
ACTCCCATCCTCTAGC,Forebrain/midbrain
ACTCCCATCGGTCTGG,NMP
ACTCTCGAGACTCTAC,Primitive erythroid cells
ACTCTCGAGCACGTCC,Lateral plate and intermediate mesoderm
ACTCTCGAGGATGGCT,Endothelium
ACTCTCGCAACCTAAC,Surface ectoderm
ACTCTCGCAATTGGTC,Gut endoderm
ACTCTCGCACAGTGTT,Paraxial mesoderm
ACTCTCGCACTTCAAG,Primitive erythroid cells
ACTCTCGCAGCGAACA,Primitive erythroid cells
ACTCTCGCAGCTACCG,Gut endoderm
ACTCTCGGTAACTAAG,Forebrain/midbrain
ACTCTCGGTCACTCTC,Hematoendothelial progenitors
ACTCTCGGTGTCTTCC,Primitive erythroid cells
ACTCTCGGTTAATCGC,Hindbrain
ACTGATGAGGTAAACT,Extraembryonic visceral endoderm
ACTGATGAGTCCCGAC,NMP
ACTGATGAGTTTGCTG,Endothelium
ACTGATGCAGACCAAG,Primitive erythroid cells
ACTGATGCAGTCTTCC,Extraembryonic visceral endoderm
ACTGATGGTCATAGTC,Primitive erythroid cells
ACTGATGGTGACTGAG,Primitive erythroid cells
ACTGATGGTGCGCTCA,Hindbrain
ACTGATGGTGCTGCAC,Hematoendothelial progenitors
ACTGATGGTGGCATCC,Paraxial mesoderm
ACTGATGTCAGCGGAA,Surface ectoderm
ACTGATGTCGTTCATT,Lateral plate and intermediate mesoderm
ACTGATGTCTTACCGC,Allantois
ACTGCAAAGACTACCT,Extraembryonic visceral endoderm
ACTGCAAAGTCACACT,Extraembryonic visceral endoderm
ACTGCAAAGTGGATTA,Primitive erythroid cells
ACTGCAAAGTTGGCGA,Primitive erythroid cells
ACTGCAACAAGCTGTT,Hindbrain
ACTGCAACAATACCCA,Extraembryonic visceral endoderm
ACTGCAACACGAAAGC,Endothelium
ACTGCAACAGAGCTAG,Spinal cord
ACTGCAACAGGACGAT,Placodal area
ACTGCAACAGGGACTA,Surface ectoderm
ACTGCAACAGTTCTAG,Extraembryonic visceral endoderm
ACTGCAAGTATGCTTG,Extraembryonic visceral endoderm
ACTGCAAGTCCTGGTG,Primitive erythroid cells
ACTGCAATCGACATAC,Forebrain/midbrain
ACTGCAATCGTGGTAT,Surface ectoderm
ACTGCAATCTATCGTT,Extraembryonic visceral endoderm
ACTGCAATCTGGTCAA,Primitive erythroid cells
ACTGTCCAGAAGCTGC,Paraxial mesoderm
ACTGTCCAGCGGGTAT,Amniotic ectoderm
ACTGTCCAGTTGCGCC,Hematoendothelial progenitors
ACTGTCCCAAAGGCTG,Primitive erythroid cells
ACTGTCCCAATACGCT,Primitive erythroid cells
ACTGTCCCACACGCCA,Primitive erythroid cells
ACTGTCCCACTGTCGG,Gut endoderm
ACTGTCCCAGGTCCCA,Paraxial mesoderm
ACTGTCCCATAGCTGT,Forebrain/midbrain
ACTGTCCGTCGAGTTT,Gut endoderm
ACTGTCCTCACCCATC,Primitive erythroid cells
ACTGTCCTCGACGCGT,Extraembryonic visceral endoderm
ACTGTCCTCGGAAACG,Surface ectoderm
ACTGTCCTCGTACCTC,Surface ectoderm
ACTGTGACAGGCGAAT,Surface ectoderm
ACTGTGACATCGATCA,Primitive erythroid cells
ACTGTGAGTATCTCTT,Primitive erythroid cells
ACTGTGAGTATGGAAT,Primitive erythroid cells
ACTGTGAGTCTTGCTC,Primitive erythroid cells
ACTGTGAGTGCCCTTT,Primitive erythroid cells
ACTGTGAGTTTGTTCT,Spinal cord
ACTGTGATCACATTGG,Forebrain/midbrain
ACTGTGATCGCTTGAA,Primitive erythroid cells
ACTTAGGAGTATTCCG,Primitive erythroid cells
ACTTAGGAGTTTCGGT,Primitive erythroid cells
ACTTAGGCACTCCTTG,Hindbrain
ACTTAGGCACTTTAGG,Spinal cord
ACTTAGGGTATGAGAT,Primitive erythroid cells
ACTTAGGGTCGTTATG,Hindbrain
ACTTAGGGTTGCGAAG,Extraembryonic visceral endoderm
ACTTAGGGTTGGGAAC,Surface ectoderm
ACTTAGGGTTGGTACT,Forebrain/midbrain
ACTTAGGGTTTGAACC,Primitive erythroid cells
ACTTAGGTCTAAGGAA,Allantois
ACTTAGGTCTACTGAG,Surface ectoderm
ACTTAGGTCTATACGG,NMP
ACTTATCAGACTTCGT,Allantois
ACTTATCAGAGATTCA,Endothelium
ACTTATCAGATAACGT,Primitive erythroid cells
ACTTATCAGGGTACAC,Primitive erythroid cells
ACTTATCAGTTCATCG,Primitive erythroid cells
ACTTATCCAACTTGCA,Primitive erythroid cells
ACTTATCCATCCTAAG,NMP
ACTTATCGTCACTACA,NMP
ACTTATCGTCATCCCT,Surface ectoderm
ACTTATCTCAGCTTGA,Surface ectoderm
ACTTATCTCCGTATGA,Primitive erythroid cells
ACTTATCTCGACTCCT,Lateral plate and intermediate mesoderm
ACTTATCTCTAAGCGT,Primitive erythroid cells
ACTTCCGAGGTAAGAG,Endothelium
ACTTCCGCAGAGAATT,Gut endoderm
ACTTCCGCAGGAATAT,Endothelium
ACTTCCGCAGTTCTAG,Paraxial mesoderm
ACTTCCGCATATCTCT,Paraxial mesoderm
ACTTCCGCATCCGATA,Amniotic ectoderm
ACTTCCGCATGGGTCC,Extraembryonic visceral endoderm
ACTTCCGGTACCACGC,Primitive erythroid cells
ACTTCCGGTGGTGATG,Extraembryonic visceral endoderm
ACTTCCGGTTCAAGGG,Lateral plate and intermediate mesoderm
ACTTCCGGTTCAGTAC,Allantois
ACTTCCGTCAATCTCT,Forebrain/midbrain
ACTTCCGTCAGCGCAC,Primitive erythroid cells
ACTTCCGTCGAAGGAC,Extraembryonic visceral endoderm
ACTTCCGTCGGTCTGG,Amniotic ectoderm
ACTTCCGTCTAATTCC,Extraembryonic visceral endoderm
ACTTCCGTCTATACGG,Spinal cord
ACTTCCGTCTCCGCAT,Hematoendothelial progenitors
ACTTCCGTCTCGGCTT,Extraembryonic visceral endoderm
ACTTCCGTCTGTGTGA,Notochord
ACTTCGCCAACGGGTA,Primitive erythroid cells
ACTTCGCCAACTTGGT,Extraembryonic visceral endoderm
ACTTCGCCACCTATCC,Extraembryonic visceral endoderm
ACTTCGCCAGCTTTCC,Primitive erythroid cells
ACTTCGCGTGTTATCG,Forebrain/midbrain
ACTTCGCGTGTTCGAT,Lateral plate and intermediate mesoderm
ACTTCGCGTTGCTCCT,Lateral plate and intermediate mesoderm
ACTTCGCGTTTGGGTT,Hindbrain
ACTTCGCTCGGCATAT,Extraembryonic visceral endoderm
ACTTCGCTCTGGTTGA,Extraembryonic visceral endoderm
ACTTTCAAGAGGTTAT,Lateral plate and intermediate mesoderm
ACTTTCAAGTAGACAT,Extraembryonic visceral endoderm
ACTTTCAAGTCAGAGC,Lateral plate and intermediate mesoderm
ACTTTCACAACGATTC,Notochord
ACTTTCACACAACGAG,Placodal area
ACTTTCACAGTAACGG,Lateral plate and intermediate mesoderm
ACTTTCACAGTCGGAA,Extraembryonic visceral endoderm
ACTTTCAGTCAGCGTC,Primitive erythroid cells
ACTTTCAGTTGCCTAA,Notochord
ACTTTCAGTTGTCCCT,Lateral plate and intermediate mesoderm
ACTTTCATCAACACGT,Hindbrain
ACTTTCATCATGCCCT,Primitive erythroid cells
ACTTTCATCCACGGGT,Surface ectoderm
ACTTTCATCGAGAGCA,Extraembryonic visceral endoderm
ACTTTCATCGTAGTCA,Primitive erythroid cells
ACTTTCATCTATCGGA,Lateral plate and intermediate mesoderm
ACTTTCATCTTCGTAT,Extraembryonic visceral endoderm
ACTTTGTAGACCACGA,Primitive erythroid cells
ACTTTGTAGAGGGTGG,Spinal cord
ACTTTGTAGAGTAACT,Extraembryonic visceral endoderm
ACTTTGTAGCGATGCA,Hindbrain
ACTTTGTAGGTTCACT,Extraembryonic visceral endoderm
ACTTTGTCAACAGAGC,Primitive erythroid cells
ACTTTGTCACGTGAGA,Primitive erythroid cells
ACTTTGTCACTAGGTT,Amniotic ectoderm
ACTTTGTCAGGAAGTC,Forebrain/midbrain
ACTTTGTCAGTTAAAG,Surface ectoderm
ACTTTGTGTAGCCAGA,Primitive erythroid cells
ACTTTGTGTTTACTTC,Forebrain/midbrain
ACTTTGTTCCGCTTAC,Primitive erythroid cells
ACTTTGTTCGGTGTTA,Gut endoderm
AGAAATGAGACCAAAT,Primitive erythroid cells
AGAAATGAGCCAAGCA,Lateral plate and intermediate mesoderm
AGAAATGAGGAAGTGA,Primitive erythroid cells
AGAAATGAGGTTACCT,Allantois
AGAAATGCAAAGGATT,Extraembryonic visceral endoderm
AGAAATGCATTCATCT,Forebrain/midbrain
AGAAATGGTAATCAAG,Surface ectoderm
AGAAATGGTAGGACCA,Primitive erythroid cells
AGAAATGTCCCAATAG,Extraembryonic visceral endoderm
AGAAATGTCTTGGGCG,Primitive erythroid cells
AGAACAAAGGATTCCT,Surface ectoderm
AGAACAAAGGCATCTT,Lateral plate and intermediate mesoderm
AGAACAAAGGCGTTGA,Primitive erythroid cells
AGAACAACAGGTGGAT,Gut endoderm
AGAACAAGTACTCGTA,Lateral plate and intermediate mesoderm
AGAACAAGTCGTTTCC,Primitive erythroid cells
AGAACAATCACGACTA,Paraxial mesoderm
AGAACAATCAGTAGGG,Extraembryonic visceral endoderm
AGAACAATCATGAAAG,NMP
AGAACAATCGAATCCA,Lateral plate and intermediate mesoderm
AGAACCTAGATGTAGT,Extraembryonic visceral endoderm
AGAACCTAGCGGCTCT,Gut endoderm
AGAACCTAGGGTATAT,Surface ectoderm
AGAACCTAGTGCTACT,Forebrain/midbrain
AGAACCTCAACAGCCC,Primitive erythroid cells
AGAACCTCACTAGGCC,Extraembryonic visceral endoderm
AGAACCTCACTAGTAC,Extraembryonic visceral endoderm
AGAACCTCAGCACACC,Primitive erythroid cells
AGAACCTCAGCTACAT,Primitive erythroid cells
AGAACCTCATATGGCT,Hindbrain
AGAACCTCATGGAAGC,NMP
AGAACCTGTAAGATTG,Placodal area
AGAACCTGTTCAGCTA,Endothelium
AGAACCTTCGCGCCAA,NMP
AGAACCTTCTATCGCC,Forebrain/midbrain
AGAACCTTCTTTGCGC,Primitive erythroid cells
AGAAGCGAGGATTCAA,Extraembryonic visceral endoderm
AGAAGCGAGTCATGAA,Paraxial mesoderm
AGAAGCGAGTCGCCAC,Forebrain/midbrain
AGAAGCGCAACAACAA,Lateral plate and intermediate mesoderm
AGAAGCGCAACGACAG,Extraembryonic visceral endoderm
AGAAGCGGTTGCCGCA,Surface ectoderm
AGAAGCGTCAGTCACA,Extraembryonic visceral endoderm
AGAAGCGTCGGCTGAC,Surface ectoderm
AGAAGCGTCTTCGTGC,NMP
AGAAGTAAGAGCCATG,Surface ectoderm
AGAAGTAAGTAAGAGG,NMP
AGAAGTAAGTAGGCCA,Surface ectoderm
AGAAGTAAGTATAGAC,Paraxial mesoderm
AGAAGTACAACGTAAA,Surface ectoderm
AGAAGTACAAGCTACT,Primitive erythroid cells
AGAAGTACAAGTCATC,Endothelium
AGAAGTACAAGTGGCA,Primitive erythroid cells
AGAAGTACAATACCTG,Primitive erythroid cells
AGAAGTACACACCTAA,Lateral plate and intermediate mesoderm
AGAAGTACACCAAAGG,Hindbrain
AGAAGTACACCACTGG,Forebrain/midbrain
AGAAGTACACTATCCC,Primitive erythroid cells
AGAAGTACAGCTGTAT,Hindbrain
AGAAGTACATTAGGAA,Endothelium
AGAAGTAGTAAGATAC,Extraembryonic visceral endoderm
AGAAGTAGTGAAAGTT,Surface ectoderm
AGAAGTAGTGACTAAA,Gut endoderm
AGAAGTATCATTCTTG,Surface ectoderm
AGAAGTATCCATAGGT,Placodal area
AGAAGTATCTACGGTA,Primitive erythroid cells
AGACAAAAGCAGTAAT,Cranial neural crest
AGACAAAAGTTTCAGC,Lateral plate and intermediate mesoderm
AGACAAACACTCCGAG,Forebrain/midbrain
AGACAAACAGGCGTTC,Forebrain/midbrain
AGACAAAGTAGAGATT,NMP
AGACAAAGTCGCACGT,Primitive erythroid cells
AGACAAAGTGTCCAAT,Gut endoderm
AGACAAATCATCACCC,Primitive erythroid cells
AGACAAATCGAGAACG,Endothelium
AGACAAATCTGCGATA,Extraembryonic visceral endoderm
AGACACTAGAAGAACG,Primitive erythroid cells
AGACACTAGCATCAGG,Hindbrain
AGACACTAGCCATTCA,Endothelium
AGACACTAGGATATGT,Endothelium
AGACACTGTACGAGCA,Extraembryonic visceral endoderm
AGACACTGTCCAAATC,Surface ectoderm
AGACACTGTGGACTAG,Extraembryonic visceral endoderm
AGACACTGTTCAACGT,Extraembryonic visceral endoderm
AGACACTGTTTACCTT,Primitive erythroid cells
AGACACTTCAATCAGC,Amniotic ectoderm
AGACACTTCCGTAGGC,Lateral plate and intermediate mesoderm
AGACACTTCCTCTGCA,Extraembryonic visceral endoderm
AGACACTTCGCGGTAC,Primitive erythroid cells
AGACACTTCGTCTACC,Paraxial mesoderm
AGACACTTCGTGGGAA,First heart field
AGACACTTCTACTGCC,Hindbrain
AGACAGGAGACTGTTC,Primitive erythroid cells
AGACAGGAGCCAACCC,Extraembryonic visceral endoderm
AGACAGGAGCGTTCAT,Lateral plate and intermediate mesoderm
AGACAGGAGTCTCCTC,Primitive erythroid cells
AGACAGGCACATACTG,Hindbrain
AGACAGGCAGATCATC,Paraxial mesoderm
AGACAGGCAGGCCCTA,Extraembryonic visceral endoderm
AGACAGGCAGTAGTGG,Extraembryonic visceral endoderm
AGACAGGCATCGCTAA,Cranial neural crest
AGACAGGGTCATAACC,Lateral plate and intermediate mesoderm
AGACAGGGTCGCGTCA,Primitive erythroid cells
AGACAGGGTGTTTCTT,Primitive erythroid cells
AGACAGGTCACGAGGA,Primitive erythroid cells
AGACAGGTCCCAAGCG,Endothelium
AGACAGGTCGGTCTGG,Lateral plate and intermediate mesoderm
AGACAGGTCTTACCGC,Primitive erythroid cells
AGACCATAGCACTCTA,Primitive erythroid cells
AGACCATAGCCACAAG,Primitive erythroid cells
AGACCATAGCCATTGT,Primitive erythroid cells
AGACCATAGCTCCATA,Primitive erythroid cells
AGACCATAGTAATCCC,Extraembryonic visceral endoderm
AGACCATAGTAGACAT,Extraembryonic visceral endoderm
AGACCATAGTCTAACC,Paraxial mesoderm
AGACCATCAAGGAGTC,Extraembryonic visceral endoderm
AGACCATCAAGTTCGT,Surface ectoderm
AGACCATCACAACGTT,Forebrain/midbrain
AGACCATGTAGCTGAG,Placodal area
AGACCATGTCCAGCCA,Paraxial mesoderm
AGACCATGTGTACATC,Primitive erythroid cells
AGACCATGTTAGAGAT,Amniotic ectoderm
AGACCATGTTCCTTGC,Gut endoderm
AGACCATTCCGGACTG,Primitive erythroid cells
AGACCATTCTGTTGGA,Primitive erythroid cells
AGACCCGAGATAGCTA,Surface ectoderm
AGACCCGAGCCGTAAG,Extraembryonic visceral endoderm
AGACCCGAGGGTGAGG,Lateral plate and intermediate mesoderm
AGACCCGAGTTCTCTT,Hindbrain
AGACCCGCAAGATTGA,Lateral plate and intermediate mesoderm
AGACCCGCAATGAAAC,Primitive erythroid cells
AGACCCGCATCCCACT,Lateral plate and intermediate mesoderm
AGACCCGTCCGACATA,NMP
AGACCCGTCTATACGG,Primitive erythroid cells
AGACCCGTCTCGACGG,Endothelium
AGACTCAAGCCACTCG,First heart field
AGACTCAAGGATGCGT,Lateral plate and intermediate mesoderm
AGACTCAAGGCCTTCG,Primitive erythroid cells
AGACTCAAGGTTCCAT,Primitive erythroid cells
AGACTCAAGTATGGAT,Forebrain/midbrain
AGACTCACAACTGCTA,Extraembryonic visceral endoderm
AGACTCACAAGCCCAC,Hindbrain
AGACTCACACTCACTC,Extraembryonic visceral endoderm
AGACTCACAGACGATG,Primitive erythroid cells
AGACTCACAGTAGGAC,Primitive erythroid cells
AGACTCAGTAGCGTAG,Lateral plate and intermediate mesoderm
AGACTCAGTATCCTCC,Extraembryonic visceral endoderm
AGACTCAGTGAGAACC,Primitive erythroid cells
AGACTCAGTGTGACCC,Extraembryonic visceral endoderm
AGACTCAGTTAGAGAT,NMP
AGACTCATCAGTCACA,Extraembryonic visceral endoderm
AGACTCATCCATTCGC,Primitive erythroid cells
AGACTCATCTTACCAT,Extraembryonic visceral endoderm
AGAGAATAGATACGAT,Forebrain/midbrain
AGAGAATAGGTCCCTG,Lateral plate and intermediate mesoderm
AGAGAATCAAAGCAAT,Extraembryonic visceral endoderm
AGAGAATCACGCGCTA,Primitive erythroid cells
AGAGAATCACGGTGCT,Lateral plate and intermediate mesoderm
AGAGAATCACTACAGT,Primitive erythroid cells
AGAGAATCATGTGACT,Hindbrain
AGAGAATGTAGCTTGT,Primitive erythroid cells
AGAGAATGTCTACGAT,NMP
AGAGAATGTGATATAG,Hindbrain
AGAGAATGTTGCCTAA,Hindbrain
AGAGAATGTTTCGTGA,Amniotic ectoderm
AGAGAATTCAAGGCTT,Primitive erythroid cells
AGAGAATTCCTTCTGG,NMP
AGAGAATTCCTTGACC,Forebrain/midbrain
AGAGAATTCTGCTTTA,Endothelium
AGAGAGCAGACTTCCA,Forebrain/midbrain
AGAGAGCAGATCGGTG,Primitive erythroid cells
AGAGAGCAGCAGGTCA,Paraxial mesoderm
AGAGAGCAGTTCTCTT,Primitive erythroid cells
AGAGAGCCAAAGGATT,Placodal area
AGAGAGCCACAACGTT,Primitive erythroid cells
AGAGAGCCACGCTGTG,Primitive erythroid cells
AGAGAGCCACTTGACA,Primitive erythroid cells
AGAGAGCCATGAATCC,Extraembryonic visceral endoderm
AGAGAGCGTCCCTAAA,Primitive erythroid cells
AGAGAGCTCCAGTGCG,Forebrain/midbrain
AGAGAGCTCTACGCAA,Gut endoderm
AGAGAGCTCTACTGCC,Primitive erythroid cells
AGAGAGCTCTTCTGTA,Primitive erythroid cells
AGAGCAGAGAAACTCA,Primitive erythroid cells
AGAGCAGAGAAGCCAC,Primitive erythroid cells
AGAGCAGAGAGGTCAC,Primitive erythroid cells
AGAGCAGAGATGTTAG,Primitive erythroid cells
AGAGCAGAGCAACCAG,Extraembryonic visceral endoderm
AGAGCAGAGGTTTGAA,Lateral plate and intermediate mesoderm
AGAGCAGAGTCTCCTC,Primitive erythroid cells
AGAGCAGCAAGGCTTT,Endothelium
AGAGCAGCACGGTGCT,Primitive erythroid cells
AGAGCAGGTGACCTGC,Hindbrain
AGAGCAGTCCCTCTTT,Paraxial mesoderm
AGAGCAGTCCGAGGCT,Hindbrain
AGAGCAGTCGAGAGCA,Primitive erythroid cells
AGAGCCCAGATTAGTG,Extraembryonic visceral endoderm
AGAGCCCAGCTCATAC,Hindbrain
AGAGCCCAGGCCCAAA,Second heart field
AGAGCCCAGGCTAGCA,First heart field
AGAGCCCAGTAGTCTC,Amniotic ectoderm
AGAGCCCAGTCACACT,Primitive erythroid cells
AGAGCCCAGTCTAGCT,Primitive erythroid cells
AGAGCCCCAAAGGAGA,Primitive erythroid cells
AGAGCCCCAAAGTATG,Amniotic ectoderm
AGAGCCCGTAAGTCAA,Hindbrain
AGAGCCCGTAATTAGG,Surface ectoderm
AGAGCCCGTACACGTT,Primitive erythroid cells
AGAGCCCGTAGCTCGC,Forebrain/midbrain
AGAGCCCGTCAACATC,Primitive erythroid cells
AGAGCCCGTCGATTTG,Hindbrain
AGAGCCCGTCGGATTT,Primitive erythroid cells
AGAGCCCGTGTCATCA,Primitive erythroid cells
AGAGCCCTCCTAGCCT,Primitive erythroid cells
AGATAGAAGCCGTAAG,Primitive erythroid cells
AGATAGAAGCGATGCA,Placodal area
AGATAGAAGTGCCAGA,Allantois
AGATAGACAATTGGTC,Extraembryonic visceral endoderm
AGATAGACAGCAGTAG,Lateral plate and intermediate mesoderm
AGATAGAGTAGCTAAA,Primitive erythroid cells
AGATAGAGTCAAGCCC,Lateral plate and intermediate mesoderm
AGATAGAGTCCGACGT,Extraembryonic visceral endoderm
AGATAGAGTCGACGCT,Forebrain/midbrain
AGATAGAGTGAGGCAT,Extraembryonic visceral endoderm
AGATAGAGTGTTATCG,Primitive erythroid cells
AGATAGAGTGTTCATG,Primitive erythroid cells
AGATAGAGTTGATCGT,Lateral plate and intermediate mesoderm
AGATAGATCACAAGGG,Forebrain/midbrain
AGATAGATCTCTAGGA,Paraxial mesoderm
AGATCCAAGATGTAGT,Primitive erythroid cells
AGATCCAAGTCACTCA,Primitive erythroid cells
AGATCCACAGCACAGA,Extraembryonic visceral endoderm
AGATCCACAGGACATG,Hindbrain
AGATCCAGTGTATTCG,Hematoendothelial progenitors
AGATCCAGTTTACCAG,Extraembryonic visceral endoderm
AGATCCATCACGGGAA,Primitive erythroid cells
AGATCCATCCATCTCG,Extraembryonic visceral endoderm
AGATCCATCCGGACTG,NMP
AGATCCATCGCTAAAC,Extraembryonic visceral endoderm
AGATCCATCTCAACGA,Primitive erythroid cells
AGATCCATCTTCCCGA,Extraembryonic visceral endoderm
AGATCGTAGAACAAGG,NMP
AGATCGTAGAATCTAG,NMP
AGATCGTAGACTACCT,Gut endoderm
AGATCGTAGAGGACTC,Extraembryonic visceral endoderm
AGATCGTAGCCTAACT,Primitive erythroid cells
AGATCGTAGGCAATGC,NMP
AGATCGTAGGTTCTAC,Extraembryonic visceral endoderm
AGATCGTAGTGGTTCT,Second heart field
AGATCGTCAAAGCTAA,Gut endoderm
AGATCGTCACTGGACC,Primitive erythroid cells
AGATCGTCAGATTCGT,Extraembryonic visceral endoderm
AGATCGTCATGGCGCT,Primitive erythroid cells
AGATCGTTCCTACTGC,First heart field
AGATGAAAGAAAGCGA,Hindbrain
AGATGAAAGAGGTTTA,Extraembryonic visceral endoderm
AGATGAAAGCGTTACT,Primitive erythroid cells
AGATGAAAGGGCTGAT,Cranial neural crest
AGATGAAAGTGGCGAT,First heart field
AGATGAACAAAGCTAA,Gut endoderm
AGATGAACAGCGTGCT,Paraxial mesoderm
AGATGAACATTACGGT,Paraxial mesoderm
AGATGAAGTCCAGCAC,Extraembryonic visceral endoderm
AGATGAATCACTGTCC,Extraembryonic visceral endoderm
AGATGAATCATTACTC,Primitive erythroid cells
AGATGAATCCACGTCT,Extraembryonic visceral endoderm
AGATGAATCCGCGAGT,Extraembryonic visceral endoderm
AGATGCTAGCTTGTGT,Cranial neural crest
AGATGCTAGGACGCAT,Lateral plate and intermediate mesoderm
AGATGCTCAAGTTGGG,Lateral plate and intermediate mesoderm
AGATGCTCACACGCCA,Primitive erythroid cells
AGATGCTCACAGTCAT,Primitive erythroid cells
AGATGCTCAGAACGCA,Gut endoderm
AGATGCTCAGTCGGAA,Amniotic ectoderm
AGATGCTGTCTCCCTA,Gut endoderm
AGATGCTGTGTAGTGG,Lateral plate and intermediate mesoderm
AGATGCTGTTAGAAGT,Extraembryonic visceral endoderm
AGATGCTGTTCAAGGG,Hindbrain
AGATGCTTCAGTCCGG,Lateral plate and intermediate mesoderm
AGATGCTTCCTACCAC,Endothelium
AGATGCTTCGTGTTCC,NMP
AGATGCTTCTAGTGTG,Lateral plate and intermediate mesoderm
AGCATCAAGAATTCAG,Surface ectoderm
AGCATCAAGAGCCGAT,Primitive erythroid cells
AGCATCAAGCTGTACT,Paraxial mesoderm
AGCATCAAGGCCTTGC,Hindbrain
AGCATCACAAAGGCAC,Spinal cord
AGCATCACAAGTACCT,Primitive erythroid cells
AGCATCACACAATCTG,First heart field
AGCATCACAGATTTCG,Extraembryonic visceral endoderm
AGCATCACAGTCGGAA,Hindbrain
AGCATCAGTAACGCGA,Hindbrain
AGCATCAGTAGTGCGA,Primitive erythroid cells
AGCATCAGTCAAATCC,Extraembryonic visceral endoderm
AGCATCAGTCGCATGC,Primitive erythroid cells
AGCATCAGTGATGGCA,Hindbrain
AGCATCAGTGCAGTGA,Hindbrain
AGCATCAGTGGCTTGC,Forebrain/midbrain
AGCCAATAGAAGCTGC,Primitive erythroid cells
AGCCAATAGACTTAAG,Lateral plate and intermediate mesoderm
AGCCAATAGAGGCGGA,Forebrain/midbrain
AGCCAATAGCTGCCAC,Primitive erythroid cells
AGCCAATAGGGTTAAT,NMP
AGCCAATAGGTATAGT,Allantois
AGCCAATAGTTTGGCT,Paraxial mesoderm
AGCCAATCAACGTTAC,Hematoendothelial progenitors
AGCCAATCAACTGATC,Primitive erythroid cells
AGCCAATCACGACAAG,Lateral plate and intermediate mesoderm
AGCCAATCACGCTATA,Primitive erythroid cells
AGCCAATCAGTGGCTC,Surface ectoderm
AGCCAATGTCGCACGT,Notochord
AGCCAATGTTCGCGTG,Lateral plate and intermediate mesoderm
AGCCAATGTTGGGAAC,Gut endoderm
AGCCAATTCATCAGTG,Primitive erythroid cells
AGCCAATTCATGACAC,Amniotic ectoderm
AGCCAATTCGAAGGAC,Lateral plate and intermediate mesoderm
AGCCAATTCGAATGCT,Primitive erythroid cells
AGCCAATTCTCAATCT,Primitive erythroid cells
AGCCACGAGGAACTCG,NMP
AGCCACGAGTGTAGAT,Gut endoderm
AGCCACGAGTTGTCAC,Primitive erythroid cells
AGCCACGCAAATGCGG,Primitive erythroid cells
AGCCACGCAATTCGTG,Primitive erythroid cells
AGCCACGCAGGATCTT,NMP
AGCCACGCATAGTCGT,Forebrain/midbrain
AGCCACGCATGCCATA,Hindbrain
AGCCACGCATGGAAGC,Surface ectoderm
AGCCACGGTAACATAG,Gut endoderm
AGCCACGGTACCCGAC,Lateral plate and intermediate mesoderm
AGCCACGTCATTTCGT,Primitive erythroid cells
AGCCACGTCTCTTCAA,Primitive erythroid cells
AGCCACGTCTGCTCTG,Surface ectoderm
AGCCAGCAGATGACCG,Hindbrain
AGCCAGCCACCAACAT,Primitive erythroid cells
AGCCAGCCACGCGTCA,Primitive erythroid cells
AGCCAGCCACGGATCC,Forebrain/midbrain
AGCCAGCCAGATACCT,Lateral plate and intermediate mesoderm
AGCCAGCCAGCAGTAG,Surface ectoderm
AGCCAGCGTATCATGC,Surface ectoderm
AGCCAGCGTGCGTCGT,NMP
AGCCAGCGTGTTAAAG,Extraembryonic visceral endoderm
AGCCAGCGTTGTCCCT,Extraembryonic visceral endoderm
AGCCAGCTCTAGACAC,First heart field
AGCCAGCTCTCGACGG,Primitive erythroid cells
AGCGATTAGCATTTCG,Gut endoderm
AGCGATTAGCTGAAAT,Hematoendothelial progenitors
AGCGATTAGCTTTGTG,Forebrain/midbrain
AGCGATTAGGCTTTCA,Extraembryonic visceral endoderm
AGCGATTCAAATCGTC,Primitive erythroid cells
AGCGATTCACAAGCTT,Primitive erythroid cells
AGCGATTCACGAGGTA,Allantois
AGCGATTGTCTCACAA,Extraembryonic visceral endoderm
AGCGATTGTTACGTAC,Hindbrain
AGCGATTGTTTGGGTT,Primitive erythroid cells
AGCGATTTCCTAGAGT,Primitive erythroid cells
AGCGATTTCGAGCTGC,Surface ectoderm
AGCGCCAAGAGGTTTA,Extraembryonic visceral endoderm
AGCGCCAAGCACCAGA,Endothelium
AGCGCCAAGCCGTCGT,Forebrain/midbrain
AGCGCCAAGCTAGTTC,Extraembryonic visceral endoderm
AGCGCCAAGGCACAAC,Extraembryonic visceral endoderm
AGCGCCAAGGCACCAA,Allantois
AGCGCCAAGTACAACA,Forebrain/midbrain
AGCGCCAAGTCATAGA,Primitive erythroid cells
AGCGCCACAAAGGATT,Gut endoderm
AGCGCCACAACATCGT,Surface ectoderm
AGCGCCACAATCGCCG,Extraembryonic visceral endoderm
AGCGCCACACAGTACT,Primitive erythroid cells
AGCGCCACAGCGTGCT,Primitive erythroid cells
AGCGCCACAGGACTTT,Extraembryonic visceral endoderm
AGCGCCACATATACCG,Forebrain/midbrain
AGCGCCACATGGAATA,Endothelium
AGCGCCAGTAAGCTCT,Forebrain/midbrain
AGCGCCATCAGCCTCT,Lateral plate and intermediate mesoderm
AGCGCCATCAGCTGTA,Primitive erythroid cells
AGCGCCATCCCGAGAC,Primitive erythroid cells
AGCGCCATCGCATAGT,Extraembryonic visceral endoderm
AGCGCCATCTAGTGAC,NMP
AGCGCTGAGCCTCTCT,Endothelium
AGCGCTGAGTCACGAG,Surface ectoderm
AGCGCTGAGTCTGCAT,Paraxial mesoderm
AGCGCTGCAACAGATA,Gut endoderm
AGCGCTGCACACCTAA,Extraembryonic visceral endoderm
AGCGCTGCAGGCATGA,Extraembryonic visceral endoderm
AGCGCTGCAGGTGGAT,Amniotic ectoderm
AGCGCTGCAGTAGAAT,Hindbrain
AGCGCTGCATTACTCT,Lateral plate and intermediate mesoderm
AGCGCTGGTCGAAACG,Primitive erythroid cells
AGCGCTGGTGATCGTT,Forebrain/midbrain
AGCGCTGGTGTTATCG,Primitive erythroid cells
AGCGCTGTCAAGCGTT,Surface ectoderm
AGCGCTGTCCAGTGCG,Extraembryonic visceral endoderm
AGCGCTGTCGTGTCAA,Spinal cord
AGCGCTGTCTTCGACC,Surface ectoderm
AGCGTATAGAGTTGAT,Primitive erythroid cells
AGCGTATAGATTGAGT,Primitive erythroid cells
AGCGTATAGGTCGACA,Extraembryonic visceral endoderm
AGCGTATAGGTTACAA,Primitive erythroid cells
AGCGTATCAATGTTGC,Extraembryonic visceral endoderm
AGCGTATCACACGTGC,Primitive erythroid cells
AGCGTATCACGGCGTT,Primitive erythroid cells
AGCGTATCACTAGTAC,Primitive erythroid cells
AGCGTATCAGGACGAT,Extraembryonic visceral endoderm
AGCGTATCAGGTAGTG,Primitive erythroid cells
AGCGTATCAGTGCGCT,Forebrain/midbrain
AGCGTATCATTAGGCT,Surface ectoderm
AGCGTATGTGACAGCA,Primitive erythroid cells
AGCGTATTCCCTAGGG,Primitive erythroid cells
AGCGTATTCGACCCAG,Extraembryonic visceral endoderm
AGCGTATTCGCATTAG,Primitive erythroid cells
AGCGTATTCTAGTACG,NMP
AGCGTCGAGACCGTTT,Placodal area
AGCGTCGAGAGAATCT,Extraembryonic visceral endoderm
AGCGTCGAGCACTCGC,NMP
AGCGTCGAGCGAGAAA,Spinal cord
AGCGTCGCACCCAATA,Hematoendothelial progenitors
AGCGTCGCATCATTTC,Cranial neural crest
AGCGTCGGTGACAGGT,Hindbrain
AGCGTCGGTGATGGCA,Extraembryonic visceral endoderm
AGCGTCGGTTTGCCGG,Primitive erythroid cells
AGCGTCGTCCCTCGAT,Lateral plate and intermediate mesoderm
AGCGTCGTCTATTTCG,Primitive erythroid cells
AGCTACAAGTTACGGG,Hindbrain
AGCTACACAACCACAT,Surface ectoderm
AGCTACACAACCGGAA,Hindbrain
AGCTACACAAGAGCTG,Primitive erythroid cells
AGCTACACAAGGCTTT,Primitive erythroid cells
AGCTACACAAGTACCT,Forebrain/midbrain
AGCTACACAAGTATCC,Primitive erythroid cells
AGCTACACACAAGCTT,Hindbrain
AGCTACACAGACCTGC,Forebrain/midbrain
AGCTACACAGGACGAT,Primitive erythroid cells
AGCTACACATAACAGA,Lateral plate and intermediate mesoderm
AGCTACAGTAAGTTAG,Primitive erythroid cells
AGCTACAGTAGCGTCC,Amniotic ectoderm
AGCTACAGTGGCATCC,Primitive erythroid cells
AGCTACAGTTGGTGTT,Extraembryonic visceral endoderm
AGCTACATCCCAGTGG,Primitive erythroid cells
AGCTACATCCGTATGA,Surface ectoderm
AGCTACATCCTATGGA,Gut endoderm
AGCTACATCGAAGAAT,Hematoendothelial progenitors
AGCTCAAAGACCTCCG,Primitive erythroid cells
AGCTCAAAGACGGTTG,Hindbrain
AGCTCAAAGGATTCAA,Extraembryonic visceral endoderm
AGCTCAAAGTGTTGTC,Lateral plate and intermediate mesoderm
AGCTCAACAACTTCTT,Hematoendothelial progenitors
AGCTCAACACCAGTTA,Extraembryonic visceral endoderm
AGCTCAACACGCGCTA,Extraembryonic visceral endoderm
AGCTCAACACGTAGAG,Endothelium
AGCTCAACATGACTCA,Extraembryonic visceral endoderm
AGCTCAAGTCCAAGAG,Primitive erythroid cells
AGCTCAAGTCGGTGTC,Hindbrain
AGCTCAATCACTGGGC,Primitive erythroid cells
AGCTCAATCACTTATC,Paraxial mesoderm
AGCTTCCAGCGTTGTT,Hindbrain
AGCTTCCAGTCCCTAA,Primitive erythroid cells
AGCTTCCAGTTAGTGA,Primitive erythroid cells
AGCTTCCCATGTACGT,Second heart field
AGCTTCCGTAACAGGC,Extraembryonic visceral endoderm
AGCTTCCGTACCTAGT,Surface ectoderm
AGCTTCCGTTACTCAG,Endothelium
AGCTTCCTCCTGATAG,Extraembryonic visceral endoderm
AGCTTCCTCGACGACC,Forebrain/midbrain
AGCTTCCTCGTGCATA,Primitive erythroid cells
AGCTTCCTCTAGCCTC,Primitive erythroid cells
AGGAAATAGTCGCCCA,NMP
AGGAAATAGTGATCGG,Second heart field
AGGAAATCAGAGAAAG,Primitive erythroid cells
AGGAAATCATCGAGCC,Extraembryonic visceral endoderm
AGGAAATGTAGAAACT,Forebrain/midbrain
AGGAAATGTCATACCA,Paraxial mesoderm
AGGAAATGTGACCGAA,Hindbrain
AGGAAATGTTACACAC,Primitive erythroid cells
AGGAAATGTTGTGCAT,Surface ectoderm
AGGAAATTCAGTCCGG,Extraembryonic visceral endoderm
AGGAAATTCCCGAGTG,Hematoendothelial progenitors
AGGAAATTCTGCCTCA,Hindbrain
AGGAATAAGGAAGTAG,Primitive erythroid cells
AGGAATAAGTAGTCCT,Lateral plate and intermediate mesoderm
AGGAATAAGTCGCCAC,Primitive erythroid cells
AGGAATAAGTCTTCCC,Hindbrain
AGGAATACAACCGATT,Paraxial mesoderm
AGGAATACAAGTATAG,Spinal cord
AGGAATACACCTCGTT,Primitive erythroid cells
AGGAATACACTAAACC,Placodal area
AGGAATAGTAAGAACT,Forebrain/midbrain
AGGAATAGTACAAAGT,Lateral plate and intermediate mesoderm
AGGAATAGTCCAGGTC,Paraxial mesoderm
AGGAATAGTGCATTTG,Forebrain/midbrain
AGGAATATCATCTCTA,Primitive erythroid cells
AGGAATATCCAAGCTA,Forebrain/midbrain
AGGAATATCGAGTGGA,Paraxial mesoderm
AGGAATATCGGCTATA,Paraxial mesoderm
AGGACGAAGAAGTCTA,Primitive erythroid cells
AGGACGAAGATTAGAC,Second heart field
AGGACGAAGTTGCCCG,Paraxial mesoderm
AGGACGACAAGACTGG,Primitive erythroid cells
AGGACGACACGGTCTG,Surface ectoderm
AGGACGACACGTACAT,Surface ectoderm
AGGACGACATAGATGA,Gut endoderm
AGGACGAGTACGAAAT,Allantois
AGGACGAGTCGTTGCG,Gut endoderm
AGGACGAGTGCAGATG,Extraembryonic visceral endoderm
AGGACGAGTGGTCTCG,Forebrain/midbrain
AGGACGAGTTCTAACG,Extraembryonic visceral endoderm
AGGACGATCATGCTAG,Primitive erythroid cells
AGGACGATCGTGGCGT,Lateral plate and intermediate mesoderm
AGGACGATCTATCCAT,Primitive erythroid cells
AGGACGATCTGGACCG,Paraxial mesoderm
AGGACTTAGAAGCGAA,Primitive erythroid cells
AGGACTTAGAGCACTG,Forebrain/midbrain
AGGACTTAGGGAGGAC,Extraembryonic visceral endoderm
AGGACTTAGGTCACAG,Allantois
AGGACTTAGTGGAATT,Forebrain/midbrain
AGGACTTCAACAACAA,Hindbrain
AGGACTTCAAGCTCTA,Surface ectoderm
AGGACTTCAAGTGATA,Surface ectoderm
AGGACTTCACGTCGGT,Amniotic ectoderm
AGGACTTCAGAGGTAC,Primitive erythroid cells
AGGACTTCAGTTAGAA,Primitive erythroid cells
AGGACTTGTAACACGG,Primitive erythroid cells
AGGACTTGTATCACGT,Primitive erythroid cells
AGGACTTGTGAGCAGT,Extraembryonic visceral endoderm
AGGACTTGTGAGTGAC,Lateral plate and intermediate mesoderm
AGGACTTTCCAAGCTA,Hindbrain
AGGACTTTCGCTAATG,Extraembryonic visceral endoderm
AGGAGGTAGACCTCAT,Primitive erythroid cells
AGGAGGTAGGTCGTCC,Lateral plate and intermediate mesoderm
AGGAGGTAGGTGCGAT,Lateral plate and intermediate mesoderm
AGGAGGTAGTTGCCTA,Amniotic ectoderm
AGGAGGTCAAACGTGG,Primitive erythroid cells
AGGAGGTCACGTCTCT,Lateral plate and intermediate mesoderm
AGGAGGTCAGCTAACT,Extraembryonic visceral endoderm
AGGAGGTCAGTATGAA,Surface ectoderm
AGGAGGTCATTCAGGT,Hematoendothelial progenitors
AGGAGGTGTAGCACAG,NMP
AGGAGGTGTAGCGTTT,Hindbrain
AGGAGGTGTTTGATCG,Forebrain/midbrain
AGGAGGTTCAGGAGAC,Cranial neural crest
AGGAGGTTCCAATCCC,Gut endoderm
AGGAGGTTCGAGAGCA,Lateral plate and intermediate mesoderm
AGGAGGTTCGTTCGCT,Primitive erythroid cells
AGGATAAAGAAGTCCG,Amniotic ectoderm
AGGATAAAGACTAAGT,Primitive erythroid cells
AGGATAAAGGGCGAAG,Primitive erythroid cells
AGGATAAAGTACGTCT,Extraembryonic visceral endoderm
AGGATAAAGTCCGCCA,Forebrain/midbrain
AGGATAAAGTGTTGAA,Hindbrain
AGGATAACAAGGACAC,Gut endoderm
AGGATAACAAGTTCCA,Amniotic ectoderm
AGGATAACATCGAACT,NMP
AGGATAAGTACTGCGC,Hindbrain
AGGATAAGTCCGATCG,Hindbrain
AGGATAAGTGTACATC,Amniotic ectoderm
AGGATAAGTTGCACGC,Primitive erythroid cells
AGGATAATCAGTCTTT,Primitive erythroid cells
AGGATAATCATGCCCT,Extraembryonic visceral endoderm
AGGATAATCCACGTAA,Extraembryonic visceral endoderm
AGGATAATCCATTTAC,Placodal area
AGGATCTAGAGAATCT,Primitive erythroid cells
AGGATCTAGAGTCTGG,Extraembryonic visceral endoderm
AGGATCTAGGTAAAGG,Lateral plate and intermediate mesoderm
AGGATCTAGGTCGTGA,Amniotic ectoderm
AGGATCTCAATGAAAC,Primitive erythroid cells
AGGATCTCACCTAAAC,Paraxial mesoderm
AGGATCTCAGAGGTTG,Primitive erythroid cells
AGGATCTCAGCTACAT,Primitive erythroid cells
AGGATCTCATGACGTT,Extraembryonic visceral endoderm
AGGATCTCATGCGTGC,Extraembryonic visceral endoderm
AGGATCTCATTGCCGG,Forebrain/midbrain
AGGATCTGTATCAGCT,Cranial neural crest
AGGATCTGTATCTTCT,Extraembryonic visceral endoderm
AGGATCTGTCACTTAG,Cranial neural crest
AGGATCTGTCTTGCGG,Primitive erythroid cells
AGGATCTGTGAGTAGC,Extraembryonic visceral endoderm
AGGATCTTCATCCTAT,Endothelium
AGGATCTTCGGCCCAA,Hindbrain
AGGCATTAGATGACAT,Primitive erythroid cells
AGGCATTCAAAGGTTA,Forebrain/midbrain
AGGCATTCAGGACTTT,Hindbrain
AGGCATTCAGTACTAC,Extraembryonic visceral endoderm
AGGCATTCAGTCAACT,Cranial neural crest
AGGCATTCATCCAACA,Amniotic ectoderm
AGGCATTCATGGTACT,Surface ectoderm
AGGCATTGTAACCCTA,Endothelium
AGGCATTGTATGGGAC,Lateral plate and intermediate mesoderm
AGGCATTGTCGTATTG,Extraembryonic visceral endoderm
AGGCATTGTGCAGATG,Endothelium
AGGCATTGTTCAAACC,Hindbrain
AGGCATTGTTTCGTTT,Primitive erythroid cells
AGGCATTTCACATTGG,Amniotic ectoderm
AGGCATTTCCGCAAAT,Primitive erythroid cells
AGGCATTTCCTCGATC,Second heart field
AGGCATTTCGGAGATG,Hematoendothelial progenitors
AGGCCACAGAAAGCGA,Surface ectoderm
AGGCCACAGATGACAT,Extraembryonic visceral endoderm
AGGCCACAGGAAAGAC,Forebrain/midbrain
AGGCCACAGGTCGAGT,Primitive erythroid cells
AGGCCACCATGAAAGT,First heart field
AGGCCACGTATGACAA,Forebrain/midbrain
AGGCCACGTATTTCCT,Primitive erythroid cells
AGGCCACGTGCCTGCA,Allantois
AGGCCACTCCATCAGA,Second heart field
AGGCCACTCGAGAGCA,NMP
AGGCCACTCTTAGTTC,Primitive erythroid cells
AGGCTGCAGAGCAGAA,Forebrain/midbrain
AGGCTGCAGCGAGTAC,Gut endoderm
AGGCTGCAGGAGATAG,Endothelium
AGGCTGCAGGTGCTAG,Forebrain/midbrain
AGGCTGCAGTCATCCA,Lateral plate and intermediate mesoderm
AGGCTGCCAAGACTGG,Lateral plate and intermediate mesoderm
AGGCTGCCAGGAGGTT,Gut endoderm
AGGCTGCCAGTCGAGA,Endothelium
AGGCTGCCATGACCCG,NMP
AGGCTGCGTACTGGGA,Extraembryonic visceral endoderm
AGGCTGCGTCAATGGG,NMP
AGGCTGCGTCTACAAC,Hindbrain
AGGCTGCTCCACAGGC,Extraembryonic visceral endoderm
AGGCTGCTCGGTCGAC,Lateral plate and intermediate mesoderm
AGGCTGCTCTGTAACG,Primitive erythroid cells
AGGGAGTAGCCTCAAT,Extraembryonic visceral endoderm
AGGGAGTAGGAAAGGT,Primitive erythroid cells
AGGGAGTAGGATGCGT,Primitive erythroid cells
AGGGAGTAGGCATGGT,Extraembryonic visceral endoderm
AGGGAGTAGTACGTCT,Extraembryonic visceral endoderm
AGGGAGTCAACCGATT,Extraembryonic visceral endoderm
AGGGAGTCAGCATCTA,Paraxial mesoderm
AGGGAGTGTCATCCCT,Hindbrain
AGGGAGTGTGGCTACC,Extraembryonic visceral endoderm
AGGGAGTGTTTGCCGG,Primitive erythroid cells
AGGGAGTTCATTCGTT,Paraxial mesoderm
AGGGCCTAGAATCGAT,Endothelium
AGGGCCTAGATTGATG,Extraembryonic visceral endoderm
AGGGCCTAGCATGATA,NMP
AGGGCCTAGGTTGCCC,Primitive erythroid cells
AGGGCCTAGTCACTAC,Gut endoderm
AGGGCCTAGTTTCGAC,Extraembryonic visceral endoderm
AGGGCCTCAACACAGG,Primitive erythroid cells
AGGGCCTCAGAGTCTT,Surface ectoderm
AGGGCCTCAGGCGTTC,Primitive erythroid cells
AGGGCCTCATCCTGTC,Primitive erythroid cells
AGGGCCTGTACGAGCA,Lateral plate and intermediate mesoderm
AGGGCCTGTGCTCTCT,Forebrain/midbrain
AGGGCCTGTTCGGACC,Primitive erythroid cells
AGGGCCTGTTGTACGT,Endothelium
AGGGCCTTCATTCGGA,Primitive erythroid cells
AGGGCCTTCGAAGCAG,Primitive erythroid cells
AGGGCCTTCGTGGGAA,Endothelium
AGGGCCTTCTAGGAAA,Cranial neural crest
AGGGCTCAGGCTAAAT,Extraembryonic visceral endoderm
AGGGCTCAGGCTCTAT,Surface ectoderm
AGGGCTCCAGCGTGCT,Forebrain/midbrain
AGGGCTCGTGGACTAG,Hindbrain
AGGGCTCTCACAACCA,Extraembryonic visceral endoderm
AGGGCTCTCAGCTGTA,Primitive erythroid cells
AGGGCTCTCAGTCCGG,Extraembryonic visceral endoderm
AGGGCTCTCGCTAATG,Hematoendothelial progenitors
AGGGCTCTCTTCGGAA,Surface ectoderm
AGGGTCCAGAACTTCC,Primitive erythroid cells
AGGGTCCCAGAACTTC,Surface ectoderm
AGGGTCCCAGCAGGAT,Primitive erythroid cells
AGGGTCCGTCCCACGA,Extraembryonic visceral endoderm
AGGGTCCGTCCTCAGG,Amniotic ectoderm
AGGGTCCGTGGCGTAA,Paraxial mesoderm
AGGGTCCTCGATTTCT,Cranial neural crest
AGGGTCCTCGTCAGAT,Cranial neural crest
AGGGTGAAGAATTGCA,Amniotic ectoderm
AGGGTGAAGACGTCCC,Surface ectoderm
AGGGTGAAGCTTCTAG,Extraembryonic visceral endoderm
AGGGTGAAGGAGGGTG,First heart field
AGGGTGAAGGTTACAA,Gut endoderm
AGGGTGAAGTGAATAC,Extraembryonic visceral endoderm
AGGGTGACAGCACAGA,Hindbrain
AGGGTGACATCGAACT,Extraembryonic visceral endoderm
AGGGTGAGTGACCGAA,Hindbrain
AGGGTGAGTTTAGTCG,Primitive erythroid cells
AGGGTGATCAGAGTTC,Gut endoderm
AGGGTGATCCTGATAG,Hematoendothelial progenitors
AGGGTGATCTTGATTC,Primitive erythroid cells
AGGGTTTAGACATCAA,Extraembryonic visceral endoderm
AGGGTTTAGAGCATCG,Allantois
AGGGTTTAGTAGCTCT,Surface ectoderm
AGGGTTTAGTCATAGA,Primitive erythroid cells
AGGGTTTCAGCTGAGA,Surface ectoderm
AGGGTTTCATCTTCGC,Primitive erythroid cells
AGGGTTTGTAATTGGA,Placodal area
AGGGTTTGTAGTCGTT,NMP
AGGGTTTGTATACCCA,Forebrain/midbrain
AGGGTTTGTCACCACG,Gut endoderm
AGGGTTTGTTATGTCG,Primitive erythroid cells
AGGGTTTGTTCGTAAC,Extraembryonic visceral endoderm
AGGGTTTTCAGCGGAA,Cranial neural crest
AGGGTTTTCCCTAGGG,Hematoendothelial progenitors
AGGGTTTTCGAGAATA,Extraembryonic visceral endoderm
AGGTAGGAGCACCTGC,Lateral plate and intermediate mesoderm
AGGTAGGAGTATGTAG,Hindbrain
AGGTAGGCAAAGTATG,Forebrain/midbrain
AGGTAGGCAGGCTACC,Paraxial mesoderm
AGGTAGGGTAGGAGGG,Extraembryonic visceral endoderm
AGGTAGGGTCCCACGA,Primitive erythroid cells
AGGTAGGGTCGCATTA,Endothelium
AGGTAGGGTGACAGGT,Extraembryonic visceral endoderm
AGGTAGGTCACCTCAC,Paraxial mesoderm
AGGTAGGTCACGTAGT,Forebrain/midbrain
AGGTAGGTCCGTAATG,Lateral plate and intermediate mesoderm
AGGTCATAGATGGTAT,Primitive erythroid cells
AGGTCATAGCGAGTAC,Primitive erythroid cells
AGGTCATAGCGCCTCA,Primitive erythroid cells
AGGTCATAGCGTTCAT,Gut endoderm
AGGTCATAGTTAGAAC,Extraembryonic visceral endoderm
AGGTCATCAAGCGAAC,Lateral plate and intermediate mesoderm
AGGTCATCAAGTGGCA,Cranial neural crest
AGGTCATCACTGGCCA,Extraembryonic visceral endoderm
AGGTCATCATAGGTTC,Forebrain/midbrain
AGGTCATGTGTGGACA,Hindbrain
AGGTCTAAGCCACCGT,Allantois
AGGTCTACAAGCGCAA,Primitive erythroid cells
AGGTCTACAGGATCTT,Primitive erythroid cells
AGGTCTACATCTTCGC,Paraxial mesoderm
AGGTCTAGTCAACCTA,NMP
AGGTCTAGTGCCCTTT,Endothelium
AGGTCTAGTGGCAACA,Primitive erythroid cells
AGGTCTATCCTATTGT,Extraembryonic visceral endoderm
AGGTCTATCTTCTGTA,Surface ectoderm
AGGTGTTAGGAGAATG,Hindbrain
AGGTGTTCAAAGAACT,NMP
AGGTGTTCAAATTGCC,Primitive erythroid cells
AGGTGTTGTTGTAAAG,Primitive erythroid cells
AGGTGTTTCATTGAGC,Primitive erythroid cells
AGGTGTTTCATTGCCC,Primitive erythroid cells
AGGTGTTTCCATCGTC,Lateral plate and intermediate mesoderm
AGGTGTTTCGAACGCC,Lateral plate and intermediate mesoderm
AGGTGTTTCGCTCATC,Placodal area
AGGTGTTTCGTAGGAG,Forebrain/midbrain
AGGTGTTTCTAGGAAA,Primitive erythroid cells
AGGTGTTTCTTGATTC,Extraembryonic visceral endoderm
AGGTTACAGATGATTG,Placodal area
AGGTTACAGCGTGTTT,Extraembryonic visceral endoderm
AGGTTACAGGTGCAGT,Spinal cord
AGGTTACAGTCCCAAT,Extraembryonic visceral endoderm
AGGTTACAGTCTGGTT,Primitive erythroid cells
AGGTTACCACGAGGTA,Lateral plate and intermediate mesoderm
AGGTTACCACGTCGTG,Primitive erythroid cells
AGGTTACGTACTAGCT,Primitive erythroid cells
AGGTTACGTGAGACCA,Hindbrain
AGGTTACGTGTCCGGT,Gut endoderm
AGGTTACGTGTGGACA,Endothelium
AGGTTACTCATTTCCA,Primitive erythroid cells
AGGTTACTCGACACCG,Allantois
AGGTTGTAGACCGTTT,Paraxial mesoderm
AGGTTGTAGGGATCAC,Forebrain/midbrain
AGGTTGTCAACCCTCT,Allantois
AGGTTGTCAGTTAGAA,Forebrain/midbrain
AGGTTGTGTGCCCAGT,Extraembryonic visceral endoderm
AGGTTGTTCAAACCTG,Forebrain/midbrain
AGGTTGTTCTGGTTGA,Primitive erythroid cells
AGTAACCAGATGACAT,Gut endoderm
AGTAACCAGGAAAGTG,Primitive erythroid cells
AGTAACCCAGCGTACC,Gut endoderm
AGTAACCCAGGAATAT,Lateral plate and intermediate mesoderm
AGTAACCGTACGATCT,Gut endoderm
AGTAACCGTGCAGTGA,Primitive erythroid cells
AGTAACCGTGTCATCA,Spinal cord
AGTAACCGTGTCATGT,First heart field
AGTAACCGTTCCATTT,First heart field
AGTAACCTCACACCCT,Primitive erythroid cells
AGTAACCTCATTGCCC,NMP
AGTAACCTCGAAGAAT,Gut endoderm
AGTAACCTCTTCGTAT,Gut endoderm
AGTACCAAGCACCGTC,Endothelium
AGTACCAAGCATGCAG,Primitive erythroid cells
AGTACCAAGCTGCCAC,Extraembryonic visceral endoderm
AGTACCAAGGCAGGGA,Cranial neural crest
AGTACCACACCACATA,Lateral plate and intermediate mesoderm
AGTACCACAGCCCAGT,Extraembryonic visceral endoderm
AGTACCACATGCGGTC,Amniotic ectoderm
AGTACCAGTGAACCGA,Primitive erythroid cells
AGTACCAGTGATTCTG,Surface ectoderm
AGTACCAGTGGAACAC,First heart field
AGTACCATCACATCAG,Primitive erythroid cells
AGTACCATCACGATCA,Hindbrain
AGTACCATCTCCTGTG,Allantois
AGTACTGAGATAACAC,Forebrain/midbrain
AGTACTGAGGCACCAA,Surface ectoderm
AGTACTGAGGTAATCA,Primitive erythroid cells
AGTACTGAGTGTTGAA,Primitive erythroid cells
AGTACTGCAATACGAA,Lateral plate and intermediate mesoderm
AGTACTGCAATACGCT,Gut endoderm
AGTACTGCAGAGGAAA,Lateral plate and intermediate mesoderm
AGTACTGCAGATTTCG,Primitive erythroid cells
AGTACTGCATGACAGG,Hindbrain
AGTACTGGTCTCGGGT,Primitive erythroid cells
AGTACTGGTGGTCCCA,Primitive erythroid cells
AGTACTGGTTGCTCGG,First heart field
AGTACTGTCAATCTCT,NMP
AGTACTGTCCGAAGGA,Surface ectoderm
AGTACTGTCGCTCTCA,Extraembryonic visceral endoderm
AGTACTGTCTTCGCTG,Allantois
AGTAGCTAGCCTGAGA,Lateral plate and intermediate mesoderm
AGTAGCTAGGCCGCTT,Primitive erythroid cells
AGTAGCTAGTGTAGTA,Extraembryonic visceral endoderm
AGTAGCTCACGACCTG,Amniotic ectoderm
AGTAGCTCACGAGGAT,Hindbrain
AGTAGCTGTAATGCGG,Primitive erythroid cells
AGTAGCTGTTCTCCAC,Lateral plate and intermediate mesoderm
AGTAGCTTCATTACCT,Amniotic ectoderm
AGTAGCTTCCCATTCG,Lateral plate and intermediate mesoderm
AGTAGCTTCGTCCTTG,Lateral plate and intermediate mesoderm
AGTAGCTTCTTGGAAC,Primitive erythroid cells
AGTAGTCCAACAGCTT,Forebrain/midbrain
AGTAGTCCAGAGGAAA,Extraembryonic visceral endoderm
AGTAGTCCAGCAGTTT,Extraembryonic visceral endoderm
AGTAGTCGTACGCTTA,Forebrain/midbrain
AGTAGTCGTAGACGTG,Amniotic ectoderm
AGTAGTCGTAGGATAT,Primitive erythroid cells
AGTAGTCGTCTGTAAC,Lateral plate and intermediate mesoderm
AGTAGTCGTGTTCAGT,Amniotic ectoderm
AGTAGTCTCCCTCTCC,Extraembryonic visceral endoderm
AGTCAACAGAATCGTA,Surface ectoderm
AGTCAACAGCGTGCCT,Gut endoderm
AGTCAACAGGATCATA,Extraembryonic visceral endoderm
AGTCAACAGGATTCCT,Lateral plate and intermediate mesoderm
AGTCAACAGTAACGAT,Primitive erythroid cells
AGTCAACAGTCGGCCT,NMP
AGTCAACCAGGGAGAG,Gut endoderm
AGTCAACGTCTTCGAA,Primitive erythroid cells
AGTCAACGTTCAAACC,Cranial neural crest
AGTCAACTCACCGACG,Extraembryonic visceral endoderm
AGTCAACTCATTTGCT,Primitive erythroid cells
AGTCAACTCCTCACTG,NMP
AGTCAACTCTGCTTTA,Primitive erythroid cells
AGTCAACTCTGTAAGC,Surface ectoderm
AGTCACAAGAGTGTTA,Extraembryonic visceral endoderm
AGTCACACAACCGTAT,Paraxial mesoderm
AGTCACACAGATGCGA,Endothelium
AGTCACAGTAGATTAG,Primitive erythroid cells
AGTCACAGTGTTGCCG,Forebrain/midbrain
AGTCACATCAAGGTGG,Primitive erythroid cells
AGTCACATCCTACTGC,Gut endoderm
AGTCACATCCTTGACC,Primitive erythroid cells
AGTCACATCGGACTTA,Hematoendothelial progenitors
AGTCACATCTAGACCA,Forebrain/midbrain
AGTCATGCACGCCACA,Lateral plate and intermediate mesoderm
AGTCATGCAGGCTCTG,Lateral plate and intermediate mesoderm
AGTCATGGTCGCACAC,Extraembryonic visceral endoderm
AGTCATGGTGTGTGTT,Extraembryonic visceral endoderm
AGTCATGTCATGCCGG,Amniotic ectoderm
AGTCATGTCCATAGAC,Gut endoderm
AGTCTCCAGCAAACAT,Surface ectoderm
AGTCTCCAGCCGGAAT,Primitive erythroid cells
AGTCTCCAGGTTGAGC,Allantois
AGTCTCCAGTCACTGT,Extraembryonic visceral endoderm
AGTCTCCAGTGCGACA,Extraembryonic visceral endoderm
AGTCTCCCACTTGTGA,Hindbrain
AGTCTCCCAGAAGTTA,Gut endoderm
AGTCTCCGTATCGAAA,Lateral plate and intermediate mesoderm
AGTCTCCGTCGACTGC,Extraembryonic visceral endoderm
AGTCTCCGTCGTACAT,Extraembryonic visceral endoderm
AGTCTCCGTGACAGCA,Primitive erythroid cells
AGTCTCCTCCCAAGTA,Primitive erythroid cells
AGTCTCCTCGCACTCT,Gut endoderm
AGTCTCCTCGCTTACC,Amniotic ectoderm
AGTCTCCTCGTCTACC,Lateral plate and intermediate mesoderm
AGTCTCCTCTCACCCA,Cranial neural crest
AGTGACTAGCGGACAT,Primitive erythroid cells
AGTGACTAGCTGCGAA,Gut endoderm
AGTGACTCAACTAGAA,Primitive erythroid cells
AGTGACTCAAGACGGT,Primitive erythroid cells
AGTGACTCACGCTGTG,Primitive erythroid cells
AGTGACTCACTACAGT,Surface ectoderm
AGTGACTCAGAATCGG,Forebrain/midbrain
AGTGACTCAGCAAGAC,Primitive erythroid cells
AGTGACTCAGCGACCT,Spinal cord
AGTGACTCATGCCGGT,Lateral plate and intermediate mesoderm
AGTGACTGTACTCCGG,Surface ectoderm
AGTGACTGTCGATTCA,Allantois
AGTGACTGTCTAACGT,Lateral plate and intermediate mesoderm
AGTGACTGTGCTCGTG,Paraxial mesoderm
AGTGACTGTTGGACCC,Lateral plate and intermediate mesoderm
AGTGACTGTTGTTGCA,Extraembryonic visceral endoderm
AGTGACTGTTTACCAG,Primitive erythroid cells
AGTGACTTCAGATTGC,Placodal area
AGTGACTTCCATGAGT,First heart field
AGTGACTTCCCGAGGT,Primitive erythroid cells
AGTGACTTCGTTGCCT,Lateral plate and intermediate mesoderm
AGTGATCAGAAGTGTT,Primitive erythroid cells
AGTGATCAGACATCCT,Surface ectoderm
AGTGATCAGCCAAGTG,Extraembryonic visceral endoderm
AGTGATCAGTCACTGT,Endothelium
AGTGATCAGTTGCCTA,Primitive erythroid cells
AGTGATCCAAGGGCAT,Forebrain/midbrain
AGTGATCCAGTAACAA,NMP
AGTGATCCATGGGCAA,Primitive erythroid cells
AGTGATCGTCTGATCA,Lateral plate and intermediate mesoderm
AGTGCCGAGCCTGAGA,Primitive erythroid cells
AGTGCCGAGGTGAGAA,Hematoendothelial progenitors
AGTGCCGCACTCAGAT,Cranial neural crest
AGTGCCGCAGGTCTCG,Forebrain/midbrain
AGTGCCGCATTGCCTC,Surface ectoderm
AGTGCCGGTAGCGTAG,Paraxial mesoderm
AGTGCCGGTCGTACTA,Forebrain/midbrain
AGTGCCGGTTACACTG,Forebrain/midbrain
AGTGCCGGTTCAAAGA,Primitive erythroid cells
AGTGCCGGTTGGTAGG,Primitive erythroid cells
AGTGCCGTCATTCACT,Extraembryonic visceral endoderm
AGTGCCGTCATTTGTC,Gut endoderm
AGTGCCGTCCATCGTC,Second heart field
AGTGCCGTCCGGCAGT,Extraembryonic visceral endoderm
AGTGTTGAGATCACCT,Primitive erythroid cells
AGTGTTGAGCAAATGT,Primitive erythroid cells
AGTGTTGAGCACAAAT,Extraembryonic visceral endoderm
AGTGTTGAGTATCTGC,Paraxial mesoderm
AGTGTTGAGTCGGCCT,Primitive erythroid cells
AGTGTTGAGTCTTCGA,Gut endoderm
AGTGTTGAGTGCCGAA,Paraxial mesoderm
AGTGTTGAGTTACGTC,First heart field
AGTGTTGCAAGACGGT,Forebrain/midbrain
AGTGTTGCATCCAATG,Extraembryonic visceral endoderm
AGTGTTGGTAGCGTTT,Primitive erythroid cells
AGTGTTGGTGGATCAG,Extraembryonic visceral endoderm
AGTGTTGGTTACCGTA,Endothelium
AGTGTTGGTTGTGGCC,Surface ectoderm
AGTGTTGTCAGACCGC,Primitive erythroid cells
AGTGTTGTCCTCATAT,Hindbrain
AGTGTTGTCGAACTCA,Primitive erythroid cells
AGTTAGCAGACATATG,NMP
AGTTAGCAGAGTCCGA,Extraembryonic visceral endoderm
AGTTAGCAGATCCCGC,Hindbrain
AGTTAGCAGGAAGAAC,Primitive erythroid cells
AGTTAGCAGGCTCACC,Extraembryonic visceral endoderm
AGTTAGCAGTTTCTTC,Primitive erythroid cells
AGTTAGCGTAAGACCG,Surface ectoderm
AGTTAGCGTACTGCGC,Cranial neural crest
AGTTAGCGTCAGCGTC,Lateral plate and intermediate mesoderm
AGTTAGCGTCGGTGTC,NMP
AGTTAGCGTCGTAATC,Hindbrain
AGTTAGCTCCATGCAA,Primitive erythroid cells
AGTTAGCTCCCAGTGG,Extraembryonic visceral endoderm
AGTTAGCTCGAGCTGC,Primitive erythroid cells
AGTTAGCTCTCAAAGC,NMP
AGTTCCCAGCACACCC,Extraembryonic visceral endoderm
AGTTCCCAGCCGGAAT,Primitive erythroid cells
AGTTCCCAGGACATCG,Forebrain/midbrain
AGTTCCCAGGCGTTAG,Primitive erythroid cells
AGTTCCCAGTGATTCC,Surface ectoderm
AGTTCCCCAAGTATCC,NMP
AGTTCCCCACTTGAGT,First heart field
AGTTCCCCATTCTCCG,Extraembryonic visceral endoderm
AGTTCCCGTGTCATTG,Forebrain/midbrain
AGTTCCCGTTAGGGTG,NMP
AGTTCCCGTTGATCGT,Primitive erythroid cells
AGTTCCCTCAGCTCTC,Primitive erythroid cells
AGTTCCCTCAGTCAGT,Lateral plate and intermediate mesoderm
AGTTCCCTCCCAGCGA,Primitive erythroid cells
AGTTCCCTCGAAGGAC,Extraembryonic visceral endoderm
AGTTCCCTCGAGATGG,Lateral plate and intermediate mesoderm
AGTTCCCTCTTCACAT,Extraembryonic visceral endoderm
AGTTCGAAGACTCATC,Primitive erythroid cells
AGTTCGAAGATCGGTG,Extraembryonic visceral endoderm
AGTTCGAAGCAAGTGC,Primitive erythroid cells
AGTTCGAAGCAGCGAT,Primitive erythroid cells
AGTTCGAAGGCTTTCA,Extraembryonic visceral endoderm
AGTTCGAAGTACGTCT,Primitive erythroid cells
AGTTCGAAGTAGGCCA,NMP
AGTTCGAAGTCGAGGT,Primitive erythroid cells
AGTTCGAAGTGGACGT,Lateral plate and intermediate mesoderm
AGTTCGACAACACTAC,Extraembryonic visceral endoderm
AGTTCGACAAGGCTTT,Extraembryonic visceral endoderm
AGTTCGACAGTTAGGG,Forebrain/midbrain
AGTTCGACATCCTCAC,Primitive erythroid cells
AGTTCGACATTGACCA,Extraembryonic visceral endoderm
AGTTCGACATTGAGCT,Primitive erythroid cells
AGTTCGAGTGCAGTGA,Extraembryonic visceral endoderm
AGTTCGAGTGGAAATT,Hindbrain
AGTTCGATCGCTATTT,Primitive erythroid cells
ATACCGAAGCATGTTC,NMP
ATACCGACAATGTTGC,First heart field
ATACCGACACATGACT,Lateral plate and intermediate mesoderm
ATACCGACAGACAATA,Primitive erythroid cells
ATACCGACAGAGTTCT,Extraembryonic visceral endoderm
ATACCGACAGCAGAAC,Extraembryonic visceral endoderm
ATACCGATCAAGCGTT,Lateral plate and intermediate mesoderm
ATACCGATCTTTGCGC,Lateral plate and intermediate mesoderm
ATACCTTAGCCACTCG,Gut endoderm
ATACCTTAGCTGACTT,Hindbrain
ATACCTTAGTATGATG,Forebrain/midbrain
ATACCTTAGTTAGTAG,Cranial neural crest
ATACCTTCAGATCCAT,Lateral plate and intermediate mesoderm
ATACCTTCATTCAGCA,NMP
ATACCTTGTATCCTTT,Extraembryonic visceral endoderm
ATACCTTGTCAAGGCA,Surface ectoderm
ATACCTTGTCACCACG,Primitive erythroid cells
ATACCTTTCCACGAAT,Primitive erythroid cells
ATACCTTTCGAAGGAC,Primitive erythroid cells
ATACTTCAGATCCCGC,Primitive erythroid cells
ATACTTCAGCTTGTGT,Forebrain/midbrain
ATACTTCAGGTAGTCG,NMP
ATACTTCCACGGCTAC,Primitive erythroid cells
ATACTTCCAGAGGCTA,Primitive erythroid cells
ATACTTCCATGACTAC,Forebrain/midbrain
ATACTTCGTCACTCGG,Primitive erythroid cells
ATACTTCGTGTCACAT,NMP
ATACTTCGTTGCCGAC,Cranial neural crest
ATACTTCTCACTCGAA,Cranial neural crest
ATACTTCTCCGTGGCA,Primitive erythroid cells
ATACTTCTCGTGCAGC,Forebrain/midbrain
ATAGACCAGAGTCAAT,Extraembryonic visceral endoderm
ATAGACCAGATGGTAT,Gut endoderm
ATAGACCAGGTTAGTA,Primitive erythroid cells
ATAGACCAGTTGGAAT,Lateral plate and intermediate mesoderm
ATAGACCCAAGACTGG,Forebrain/midbrain
ATAGACCCAAGCGGAT,Cranial neural crest
ATAGACCCACATAACC,Primitive erythroid cells
ATAGACCCAGTTACCA,Hindbrain
ATAGACCGTTATAGAG,Hindbrain
ATAGACCGTTTACTGG,Primitive erythroid cells
ATAGACCTCACAGAGG,Hindbrain
ATAGACCTCACCTCGT,Amniotic ectoderm
ATAGACCTCCAATGCA,Spinal cord
ATAGACCTCCTACAAG,Hindbrain
ATAGACCTCGGCCTTT,Primitive erythroid cells
ATAGACCTCTGTCAGA,NMP
ATAGAGAAGCCTGTGC,Endothelium
ATAGAGAAGCGATGCA,NMP
ATAGAGAAGGAATCGC,Surface ectoderm
ATAGAGACAAAGGGCT,Gut endoderm
ATAGAGACAAATGGAT,Gut endoderm
ATAGAGACAATGAAAC,Extraembryonic visceral endoderm
ATAGAGACACATGAAA,Lateral plate and intermediate mesoderm
ATAGAGACAGAGATTA,Endothelium
ATAGAGACAGCTATAC,Extraembryonic visceral endoderm
ATAGAGACAGGTATGG,Hindbrain
ATAGAGACATAGATCC,NMP
ATAGAGAGTAACAGTA,NMP
ATAGAGAGTAGGCAGT,Extraembryonic visceral endoderm
ATAGAGAGTATCCCAA,Extraembryonic visceral endoderm
ATAGAGAGTATCGTGT,First heart field
ATAGAGAGTCCTTGTC,Surface ectoderm
ATAGAGAGTTTGAAAG,Second heart field
ATAGAGATCAAGCTGT,Forebrain/midbrain
ATAGAGATCACCTGTC,NMP
ATAGAGATCCTTGGAA,Primitive erythroid cells
ATAGAGATCGGTCGGT,Lateral plate and intermediate mesoderm
ATAGGCTAGAGAATCT,Primitive erythroid cells
ATAGGCTAGAGGGTAA,Hematoendothelial progenitors
ATAGGCTAGTAGTGCG,Extraembryonic visceral endoderm
ATAGGCTAGTGCAGCA,Lateral plate and intermediate mesoderm
ATAGGCTAGTTGTAGA,Hematoendothelial progenitors
ATAGGCTCAAAGGTTA,Paraxial mesoderm
ATAGGCTCAAGTCATC,Forebrain/midbrain
ATAGGCTCACAACATC,Paraxial mesoderm
ATAGGCTCACAATTCG,Primitive erythroid cells
ATAGGCTCATCGGCCA,Extraembryonic visceral endoderm
ATAGGCTGTACTCCCT,Gut endoderm
ATAGGCTGTATCATGC,Placodal area
ATAGGCTGTCAACATC,Primitive erythroid cells
ATAGGCTGTCTGTGAT,Forebrain/midbrain
ATAGGCTGTTAAACCC,Extraembryonic visceral endoderm
ATAGGCTTCATCCTGC,Primitive erythroid cells
ATAGGCTTCGCCTTGT,Extraembryonic visceral endoderm
ATAGGCTTCTACTGAG,Primitive erythroid cells
ATAGGCTTCTCTTAAC,Extraembryonic visceral endoderm
ATAGGCTTCTGCGAGC,Primitive erythroid cells
ATATCCTAGGGCAGGA,Lateral plate and intermediate mesoderm
ATATCCTAGTAAGACT,Primitive erythroid cells
ATATCCTAGTCTAGCT,Forebrain/midbrain
ATATCCTCAAGCTGCC,Primitive erythroid cells
ATATCCTCACACGCCA,Surface ectoderm
ATATCCTCATATCTGG,Extraembryonic visceral endoderm
ATATCCTCATGCAGGA,Lateral plate and intermediate mesoderm
ATATCCTGTACAACGG,Lateral plate and intermediate mesoderm
ATATCCTGTCTCTCTG,Primitive erythroid cells
ATATCCTGTGAAGCTG,Primitive erythroid cells
ATATCCTGTGCTGTCG,Lateral plate and intermediate mesoderm
ATATCCTGTGTGGTCC,Extraembryonic visceral endoderm
ATATCCTGTTAAACAG,Placodal area
ATATCCTTCACAGTGT,Lateral plate and intermediate mesoderm
ATATCCTTCACGAGGA,Primitive erythroid cells
ATATCCTTCAGCTAGT,Extraembryonic visceral endoderm
ATATCCTTCAGCTTCC,Surface ectoderm
ATATCCTTCATTCATC,Hindbrain
ATATCCTTCGCCGATG,Surface ectoderm
ATCACAGAGATTTGCC,Lateral plate and intermediate mesoderm
ATCACAGAGCGACAGT,Surface ectoderm
ATCACAGAGGCCTTCG,Primitive erythroid cells
ATCACAGAGTAAGACT,Primitive erythroid cells
ATCACAGAGTCTAACC,Hindbrain
ATCACAGCAATTGAGA,NMP
ATCACAGCACCAGGTC,Gut endoderm
ATCACAGCACTACACA,Primitive erythroid cells
ATCACAGCAGGTCAAG,Amniotic ectoderm
ATCACAGCATAAGCGG,NMP
ATCACAGGTATTGGCT,Hindbrain
ATCACAGGTCCCACGA,Primitive erythroid cells
ATCACAGGTGCACAAG,NMP
ATCACAGGTGTGTACT,Primitive erythroid cells
ATCACAGGTTGCCAAT,Surface ectoderm
ATCACAGTCAGCAGAG,Primitive erythroid cells
ATCACAGTCAGCGTCG,Primitive erythroid cells
ATCACAGTCGTAACAC,Hindbrain
ATCACAGTCTGCCTGT,NMP
ATCACGAAGAAGTCAT,Extraembryonic visceral endoderm
ATCACGAAGCACGGAT,Lateral plate and intermediate mesoderm
ATCACGAAGCGTTCAT,Primitive erythroid cells
ATCACGAAGCTGCCAC,Surface ectoderm
ATCACGAAGGCACCAA,Endothelium
ATCACGAAGGTCTTTG,Paraxial mesoderm
ATCACGAAGTCGAGGT,Cranial neural crest
ATCACGACAGTCGTTA,Forebrain/midbrain
ATCACGACATGTGCTA,NMP
ATCACGAGTCAGTCCG,Primitive erythroid cells
ATCACGAGTCCCGCAA,Gut endoderm
ATCACGATCCATTTCA,Primitive erythroid cells
ATCACGATCGTGGAAG,Cranial neural crest
ATCACTTAGAGTAACT,Forebrain/midbrain
ATCACTTAGGTAAGAG,Extraembryonic visceral endoderm
ATCACTTAGTCCCTAA,Endothelium
ATCACTTAGTCTCCTC,Forebrain/midbrain
ATCACTTAGTGAGTGC,Forebrain/midbrain
ATCACTTCAAACACCT,Primitive erythroid cells
ATCACTTCACGTCTCT,Paraxial mesoderm
ATCACTTCACTGGCCA,Extraembryonic visceral endoderm
ATCACTTGTCAAGCCC,Primitive erythroid cells
ATCACTTGTGACGTCC,Extraembryonic visceral endoderm
ATCACTTGTGTTAACC,Forebrain/midbrain
ATCACTTGTTGGTAGG,Primitive erythroid cells
ATCACTTTCCATCTGC,Extraembryonic visceral endoderm
ATCACTTTCCCGAGTG,Lateral plate and intermediate mesoderm
ATCACTTTCCGAACGC,Primitive erythroid cells
ATCACTTTCCTCATAT,Gut endoderm
ATCACTTTCTAACGGT,Surface ectoderm
ATCAGGTCAAATAAGC,Hindbrain
ATCAGGTCACCCTCTA,Primitive erythroid cells
ATCAGGTCACTGTCCT,Extraembryonic visceral endoderm
ATCAGGTCAGACGGAT,Endothelium
ATCAGGTCAGCACGAA,Allantois
ATCAGGTCATGTGTCA,Endothelium
ATCAGGTGTGCCCTTT,Extraembryonic visceral endoderm
ATCAGGTGTGCCGAAA,Paraxial mesoderm
ATCAGGTGTTCTCGCT,Forebrain/midbrain
ATCAGGTTCACGGGCT,Gut endoderm
ATCAGGTTCGACCTAA,Forebrain/midbrain
ATCAGGTTCGATAACC,Paraxial mesoderm
ATCAGGTTCGTGGGAA,Hindbrain
ATCAGGTTCTACGCGG,Primitive erythroid cells
ATCAGGTTCTCTCTTC,Lateral plate and intermediate mesoderm
ATCATTCAGATTAGAC,Surface ectoderm
ATCATTCAGCTGTTAC,Surface ectoderm
ATCATTCAGTCGAAGC,Primitive erythroid cells
ATCATTCCAAGTGCTT,Extraembryonic visceral endoderm
ATCATTCCAGATCCAT,Extraembryonic visceral endoderm
ATCATTCCAGGCTACC,Amniotic ectoderm
ATCATTCCATCACCAA,NMP
ATCATTCGTACGAAAT,Extraembryonic visceral endoderm
ATCATTCGTCCGGCAT,Hindbrain
ATCATTCGTCTACAAC,Primitive erythroid cells
ATCATTCGTGAGTTTC,Primitive erythroid cells
ATCATTCGTGGGTATG,Forebrain/midbrain
ATCATTCTCACGATAC,Surface ectoderm
ATCATTCTCCATCTAT,Extraembryonic visceral endoderm
ATCATTCTCTTACACT,Endothelium
ATCCACCAGAAGAACG,Cranial neural crest
ATCCACCAGACGGATC,Extraembryonic visceral endoderm
ATCCACCAGATCACTC,Lateral plate and intermediate mesoderm
ATCCACCAGCATGAAT,Extraembryonic visceral endoderm
ATCCACCAGTGGAAAG,Allantois
ATCCACCAGTGGCAGT,First heart field
ATCCACCCACGCGCTA,Extraembryonic visceral endoderm
ATCCACCGTACGTAGG,Primitive erythroid cells
ATCCACCGTAGAATAC,Hindbrain
ATCCACCGTATCAGGG,Extraembryonic visceral endoderm
ATCCACCGTCGTTGGC,Endothelium
ATCCACCGTCTAGGCC,Amniotic ectoderm
ATCCACCGTGTTCGAT,Primitive erythroid cells
ATCCACCTCAATCCGA,Primitive erythroid cells
ATCCATTAGCACCCAC,Primitive erythroid cells
ATCCATTAGTGCAACG,Primitive erythroid cells
ATCCATTAGTTTGAGA,Primitive erythroid cells
ATCCATTGTAGATTAG,Extraembryonic visceral endoderm
ATCCATTGTCATAAAG,Extraembryonic visceral endoderm
ATCCATTGTCGAACAG,Surface ectoderm
ATCCATTGTGATTAGA,Hindbrain
ATCCATTGTGGGTCAA,Lateral plate and intermediate mesoderm
ATCCATTGTGTTGAGG,NMP
ATCCATTGTTGCCAAT,Forebrain/midbrain
ATCCATTTCTCAACCC,Primitive erythroid cells
ATCCCTGAGGGCAATC,Endothelium
ATCCCTGAGTACAACA,Amniotic ectoderm
ATCCCTGAGTCAACAA,Gut endoderm
ATCCCTGCATAACGGG,Amniotic ectoderm
ATCCCTGGTACCACGC,Lateral plate and intermediate mesoderm
ATCCCTGGTATCGTGT,Primitive erythroid cells
ATCCCTGGTCTTCATT,Extraembryonic visceral endoderm
ATCCCTGTCCCATACC,Gut endoderm
ATCCGTCAGGAGCTGT,Primitive erythroid cells
ATCCGTCAGGCAGCTA,Hindbrain
ATCCGTCCAACCACAT,Cranial neural crest
ATCCGTCCACATGACT,Gut endoderm
ATCCGTCCAGAGGCTA,Lateral plate and intermediate mesoderm
ATCCGTCGTCACTCTC,NMP
ATCCGTCTCGAAATCC,Hematoendothelial progenitors
ATCCTATAGCTACAAA,Endothelium
ATCCTATAGTAATACG,Hindbrain
ATCCTATAGTTCACTG,Extraembryonic visceral endoderm
ATCCTATCAACACAAA,Primitive erythroid cells
ATCCTATCACTAGAGG,Extraembryonic visceral endoderm
ATCCTATCAGCTGCCA,Extraembryonic visceral endoderm
ATCCTATGTCAATGGG,Paraxial mesoderm
ATCCTATGTGTATACC,Primitive erythroid cells
ATCCTATGTGTCTTGA,Primitive erythroid cells
ATCCTATGTTGCCGCA,Primitive erythroid cells
ATCCTATGTTGTACGT,Surface ectoderm
ATCCTATGTTGTTGAC,Gut endoderm
ATCCTATTCACGACTA,Extraembryonic visceral endoderm
ATCCTATTCGCCGAAC,Lateral plate and intermediate mesoderm
ATCCTATTCTTCTGGC,Extraembryonic visceral endoderm
ATCGATGAGACGCAGT,Lateral plate and intermediate mesoderm
ATCGATGAGATGACAT,Forebrain/midbrain
ATCGATGAGGATGCGT,Lateral plate and intermediate mesoderm
ATCGATGCAAATGCGG,Extraembryonic visceral endoderm
ATCGATGCACTGCACG,Forebrain/midbrain
ATCGATGCAGTCCCGA,Lateral plate and intermediate mesoderm
ATCGATGCATCGATGT,Primitive erythroid cells
ATCGATGCATTGAAAG,Gut endoderm
ATCGATGGTGAGATCG,Extraembryonic visceral endoderm
ATCGATGGTGGTGATG,Hindbrain
ATCGATGGTGTTAACC,Endothelium
ATCGATGGTTGCCATA,Primitive erythroid cells
ATCGATGGTTTGACAC,Surface ectoderm
ATCGCCTAGCCTATTG,Hindbrain
ATCGCCTAGCCTCTGG,Extraembryonic visceral endoderm
ATCGCCTAGGACTGGT,Primitive erythroid cells
ATCGCCTAGTGATTCC,Extraembryonic visceral endoderm
ATCGCCTCACAAGCAG,Lateral plate and intermediate mesoderm
ATCGCCTCATAGGTTC,Lateral plate and intermediate mesoderm
ATCGCCTCATCATCTT,Extraembryonic visceral endoderm
ATCGCCTGTATTTCTC,Primitive erythroid cells
ATCGCCTGTTGGTAGG,Primitive erythroid cells
ATCGCCTGTTGTATGC,Lateral plate and intermediate mesoderm
ATCGCCTTCACCCATC,Primitive erythroid cells
ATCGCCTTCATCGCAA,Primitive erythroid cells
ATCGCCTTCATCTCTA,Primitive erythroid cells
ATCGCCTTCCACGTCT,Forebrain/midbrain
ATCGCCTTCTATCGCC,Primitive erythroid cells
ATCGCCTTCTCGGCTT,Hindbrain
ATCGCCTTCTGCGATA,Gut endoderm
ATCGCCTTCTGGACCG,Paraxial mesoderm
ATCGCCTTCTGGTTGA,Gut endoderm
ATCGGATAGAGCAGTC,Forebrain/midbrain
ATCGGATAGCAGGGAG,Amniotic ectoderm
ATCGGATAGCTTGTGT,Primitive erythroid cells
ATCGGATCAAGGCTTT,Extraembryonic visceral endoderm
ATCGGATCAATAGGGC,Primitive erythroid cells
ATCGGATCAATTCACG,Primitive erythroid cells
ATCGGATCACAAGGTG,Primitive erythroid cells
ATCGGATCATGATGCT,Primitive erythroid cells
ATCGGATGTACTAGCT,Paraxial mesoderm
ATCGGATGTATTCTCT,Forebrain/midbrain
ATCGGATGTGCCGTTG,Primitive erythroid cells
ATCGGATGTTGTATGC,Primitive erythroid cells
ATCGGATTCATTTACC,Hindbrain
ATCGGATTCCCTCTTT,Amniotic ectoderm
ATCGGATTCTCGGGAC,Forebrain/midbrain
ATCGGCGAGCCTGTGC,Lateral plate and intermediate mesoderm
ATCGGCGAGTTCAACC,Primitive erythroid cells
ATCGGCGCAACCGCTG,Cranial neural crest
ATCGGCGCAACTCGAT,Extraembryonic visceral endoderm
ATCGGCGCAGAGAAAG,Lateral plate and intermediate mesoderm
ATCGGCGCAGCTGTGC,Amniotic ectoderm
ATCGGCGCATTGAGGG,Extraembryonic visceral endoderm
ATCGGCGGTATCAAGA,Extraembryonic visceral endoderm
ATCGGCGGTGTCGCTG,Lateral plate and intermediate mesoderm
ATCGGCGTCATCACCC,Gut endoderm
ATCGGCGTCCAGTACA,Extraembryonic visceral endoderm
ATCGGCGTCCATGATG,Primitive erythroid cells
ATCGGCGTCCGCATAA,Primitive erythroid cells
ATCGGCGTCGCGAAGA,Primitive erythroid cells
ATCGGCGTCTACCAGA,Gut endoderm
ATCGTAGAGAATGTTG,Primitive erythroid cells
ATCGTAGAGACGTCCC,Lateral plate and intermediate mesoderm
ATCGTAGAGAGGTGCT,Cranial neural crest
ATCGTAGAGCATCCCG,Primitive erythroid cells
ATCGTAGCAACACGTT,Paraxial mesoderm
ATCGTAGCACCCAACG,Hindbrain
ATCGTAGCAGTACTAC,Extraembryonic visceral endoderm
ATCGTAGCATAACGGG,Extraembryonic visceral endoderm
ATCGTAGCATAAGCAA,Primitive erythroid cells
ATCGTAGCATCTCCCA,Primordial germ cells
ATCGTAGGTCGAGTTT,Primitive erythroid cells
ATCGTAGGTGCGTGCT,First heart field
ATCGTAGGTTGCGTAT,Extraembryonic visceral endoderm
ATCGTAGTCAACGAGG,Extraembryonic visceral endoderm
ATCGTAGTCCGGACTG,Extraembryonic visceral endoderm
ATCGTAGTCCTATGGA,Hindbrain
ATCGTCCAGATCACCT,Surface ectoderm
ATCGTCCAGCAAACAT,Forebrain/midbrain
ATCGTCCAGCCGAATG,NMP
ATCGTCCAGCGTCTCG,Extraembryonic visceral endoderm
ATCGTCCAGGCACGAT,Amniotic ectoderm
ATCGTCCAGGGCATGT,Gut endoderm
ATCGTCCCACGCTGAC,Cranial neural crest
ATCGTCCCAGCTATAC,Surface ectoderm
ATCGTCCGTAACGTTC,Amniotic ectoderm
ATCGTCCGTAGGTACG,Hematoendothelial progenitors
ATCGTCCGTCGTCAGC,Primitive erythroid cells
ATCGTCCGTTAGGAGC,Primitive erythroid cells
ATCGTCCGTTCGGTCG,Extraembryonic visceral endoderm
ATCGTCCTCCGCGATG,Endothelium
ATCGTCCTCTTTCCAA,NMP
ATCGTGAAGCTAAGTA,Lateral plate and intermediate mesoderm
ATCGTGAAGCTTCATG,Extraembryonic visceral endoderm
ATCGTGAAGGATATGT,Second heart field
ATCGTGAAGGCTTTCA,Placodal area
ATCGTGACAACCGACC,Lateral plate and intermediate mesoderm
ATCGTGACAAGATGTA,Primitive erythroid cells
ATCGTGACACAATGCT,Forebrain/midbrain
ATCGTGACACCGTGCA,Surface ectoderm
ATCGTGACACGTCGTG,Primitive erythroid cells
ATCGTGACAGCTTTGA,Surface ectoderm
ATCGTGACATCTGTTT,First heart field
ATCGTGAGTACCAGAG,Paraxial mesoderm
ATCGTGATCCGAAATC,Lateral plate and intermediate mesoderm
ATCTCTAAGTTGGCGA,Primitive erythroid cells
ATCTCTACAAGACAAT,Extraembryonic visceral endoderm
ATCTCTACACAAGTGG,Lateral plate and intermediate mesoderm
ATCTCTACACGGTGTC,Extraembryonic visceral endoderm
ATCTCTACAGCGGATA,NMP
ATCTCTACAGCTTCGG,Paraxial mesoderm
ATCTCTACAGGGATAC,NMP
ATCTCTACATCCTTGC,Extraembryonic visceral endoderm
ATCTCTAGTCAGTCGC,Paraxial mesoderm
ATCTCTAGTCATCGCG,Primitive erythroid cells
ATCTCTAGTCTGTGTA,Forebrain/midbrain
ATCTCTAGTGGCGCTT,NMP
ATCTCTAGTGTAGTGG,Primitive erythroid cells
ATCTCTAGTGTTTGCA,NMP
ATCTCTAGTTATCTGG,Forebrain/midbrain
ATCTCTAGTTGCACGC,NMP
ATCTCTATCCCATTTA,Extraembryonic visceral endoderm
ATCTCTATCGCAATTG,Hindbrain
ATCTCTATCGGAATTC,Gut endoderm
ATCTTCAAGAGCCGTA,Primitive erythroid cells
ATCTTCAAGCAAATCA,Primitive erythroid cells
ATCTTCAAGGGACACT,Endothelium
ATCTTCAAGTCCGTCG,Surface ectoderm
ATCTTCAAGTGGACTG,Lateral plate and intermediate mesoderm
ATCTTCACAAGCAGGT,NMP
ATCTTCACACACCTAA,Extraembryonic visceral endoderm
ATCTTCACACATATCG,Second heart field
ATCTTCACACCCTGAG,Extraembryonic visceral endoderm
ATCTTCACACTGCGTG,Primitive erythroid cells
ATCTTCACAGGTTACT,Gut endoderm
ATCTTCAGTATGGTAA,Lateral plate and intermediate mesoderm
ATCTTCAGTGATAGTA,Surface ectoderm
ATCTTCATCACCTCAC,Gut endoderm
ATCTTCATCTGTGCTC,Paraxial mesoderm
ATGAAAGAGACCTTTG,Extraembryonic visceral endoderm
ATGAAAGAGCCGCTTG,Extraembryonic visceral endoderm
ATGAAAGAGCGAATGC,Surface ectoderm
ATGAAAGAGCTACGTT,First heart field
ATGAAAGAGGATCACG,Primitive erythroid cells
ATGAAAGCAAACCACT,Extraembryonic visceral endoderm
ATGAAAGCACTGAATC,Allantois
ATGAAAGGTATCGGTT,Forebrain/midbrain
ATGAAAGGTATGAAGT,Allantois
ATGAAAGGTATTCTCT,Primitive erythroid cells
ATGAAAGGTGCCCACA,Primitive erythroid cells
ATGAAAGGTTCTGACA,Lateral plate and intermediate mesoderm
ATGAAAGTCAACTCTT,Surface ectoderm
ATGAAAGTCAGGGTAG,Surface ectoderm
ATGAAAGTCATCAGTG,Extraembryonic visceral endoderm
ATGAAAGTCCAAGAGG,Gut endoderm
ATGAAAGTCCTGGTCT,Primitive erythroid cells
ATGAAAGTCGTACCTC,Gut endoderm
ATGAAAGTCGTTCTGC,Primitive erythroid cells
ATGAAAGTCTGAGTCA,Allantois
ATGAAAGTCTGTCGCT,Primitive erythroid cells
ATGACCAAGTGAGTTA,Hematoendothelial progenitors
ATGACCACAACAAAGT,Allantois
ATGACCACAGTCAACT,Extraembryonic visceral endoderm
ATGACCACATAGGTTC,Primitive erythroid cells
ATGACCAGTCTGCATA,Primitive erythroid cells
ATGACCAGTCTTGCGG,Primitive erythroid cells
ATGACCAGTGATACAA,Primitive erythroid cells
ATGACCAGTTGCACGC,Primitive erythroid cells
ATGACCATCGAGTGGA,Primitive erythroid cells
ATGAGGGAGAGTGAAG,Notochord
ATGAGGGAGATAACAC,Primitive erythroid cells
ATGAGGGAGCCTTCTC,Gut endoderm
ATGAGGGAGCGTTCAT,Primitive erythroid cells
ATGAGGGAGGTAGTCG,NMP
ATGAGGGCAAATACGA,Forebrain/midbrain
ATGAGGGGTAGCGATG,Primitive erythroid cells
ATGAGGGGTCCTGGTG,Primitive erythroid cells
ATGAGGGGTTGCCAAT,Lateral plate and intermediate mesoderm
ATGAGGGTCACCGGTG,Allantois
ATGAGGGTCCAAAGGG,Primitive erythroid cells
ATGAGGGTCCATGAGT,Placodal area
ATGAGGGTCCCTTGTG,Forebrain/midbrain
ATGAGGGTCCTAAGTG,Primitive erythroid cells
ATGAGGGTCGCTTGCT,Primitive erythroid cells
ATGAGTCAGCAACTTC,Extraembryonic visceral endoderm
ATGAGTCAGCCTGACC,Cranial neural crest
ATGAGTCAGTCCTGCG,Primitive erythroid cells
ATGAGTCCAAACTCTG,Allantois
ATGAGTCCAAGCAGGT,Primitive erythroid cells
ATGAGTCCACGAGGAT,Surface ectoderm
ATGAGTCCACGGCACT,Primitive erythroid cells
ATGAGTCCAGCATCTA,NMP
ATGAGTCGTATGACAA,NMP
ATGAGTCGTATTTCCT,Endothelium
ATGAGTCTCAAATGCC,Hindbrain
ATGAGTCTCAGCATTG,NMP
ATGAGTCTCGGAAGGT,Extraembryonic visceral endoderm
ATGAGTCTCGGACTTA,Gut endoderm
ATGAGTCTCGTAGCCG,Extraembryonic visceral endoderm
ATGAGTCTCGTCTCAC,Primitive erythroid cells
ATGATCGAGATCCCGC,Extraembryonic visceral endoderm
ATGATCGAGGTTGGTG,Primitive erythroid cells
ATGATCGAGTAAGACT,Hindbrain
ATGATCGCAACTTGGT,Paraxial mesoderm
ATGATCGCAATGGCAG,Extraembryonic visceral endoderm
ATGATCGCATAGTCAC,Primitive erythroid cells
ATGATCGGTAACATAG,Gut endoderm
ATGATCGGTTAAACCC,Primitive erythroid cells
ATGATCGGTTGGACTT,Amniotic ectoderm
ATGATCGGTTTACGAC,Extraembryonic visceral endoderm
ATGATCGTCGCGTGAC,NMP
ATGATCGTCGGCCCAA,Paraxial mesoderm
ATGATCGTCGGTCATA,Paraxial mesoderm
ATGCATGAGAGTCTGG,Spinal cord
ATGCATGAGGTTACAA,Primitive erythroid cells
ATGCATGCACTTGAAC,Paraxial mesoderm
ATGCATGCAGGCTCTG,Primitive erythroid cells
ATGCATGCATCCGAGC,Hindbrain
ATGCATGGTCTGATCA,Allantois
ATGCATGGTGTTAAAG,Spinal cord
ATGCATGGTTCCTTGC,Extraembryonic visceral endoderm
ATGCATGGTTGTGTAC,Lateral plate and intermediate mesoderm
ATGCATGTCACAAGGG,Forebrain/midbrain
ATGCATGTCATCACCC,Gut endoderm
ATGCATGTCCGCGGAT,Amniotic ectoderm
ATGCATGTCGCAGTTA,Forebrain/midbrain
ATGCATGTCGTAACCA,Surface ectoderm
ATGCATGTCGTACCTC,Extraembryonic visceral endoderm
ATGCATGTCTGCGGAC,Placodal area
ATGCCTCAGCCGCTTG,Cranial neural crest
ATGCCTCAGGAGTCTG,Surface ectoderm
ATGCCTCAGTTGGAGC,Hindbrain
ATGCCTCCAACGCATT,Primitive erythroid cells
ATGCCTCCACAGTCGC,Primitive erythroid cells
ATGCCTCGTATGTCTG,Extraembryonic visceral endoderm
ATGCCTCGTCATCTAG,Cranial neural crest
ATGCCTCGTGCATGTT,Extraembryonic visceral endoderm
ATGCCTCGTGCTGATT,Primitive erythroid cells
ATGCCTCGTTGCGGAA,Primitive erythroid cells
ATGCCTCTCAAGAAAC,Primitive erythroid cells
ATGCCTCTCAGACCCG,Lateral plate and intermediate mesoderm
ATGCCTCTCATTCGGA,Primitive erythroid cells
ATGCCTCTCTAGAGCT,Primitive erythroid cells
ATGCCTCTCTATGCCC,Primitive erythroid cells
ATGCCTCTCTCTCGAC,Amniotic ectoderm
ATGCGATAGACTTCAC,Amniotic ectoderm
ATGCGATAGCCATCCG,Amniotic ectoderm
ATGCGATAGCTGACAG,Primitive erythroid cells
ATGCGATAGGCTAGCA,Lateral plate and intermediate mesoderm
ATGCGATAGGTCGTCC,Extraembryonic visceral endoderm
ATGCGATAGTCTTCCC,Gut endoderm
ATGCGATGTAGGGAGG,Paraxial mesoderm
ATGCGATGTGTGTACT,Gut endoderm
ATGCGATGTTACGATC,Lateral plate and intermediate mesoderm
ATGCGATGTTCGGCGT,Hindbrain
ATGCGATTCAAGCCAT,Primitive erythroid cells
ATGCGATTCAAGGACG,Forebrain/midbrain
ATGCGATTCCAGTGTA,NMP
ATGCGATTCTCCCAAC,Primitive erythroid cells
ATGGAGGAGACGAAGA,Extraembryonic visceral endoderm
ATGGAGGAGCCAAGTG,Lateral plate and intermediate mesoderm
ATGGAGGAGTGCCAGA,Extraembryonic visceral endoderm
ATGGAGGCAATGACCT,Primitive erythroid cells
ATGGAGGCATGACGAG,Extraembryonic visceral endoderm
ATGGAGGGTAAGTTAG,Gut endoderm
ATGGAGGGTAGTTACC,Primitive erythroid cells
ATGGAGGGTCCTACGG,Primitive erythroid cells
ATGGAGGGTCGTCGGT,Forebrain/midbrain
ATGGAGGGTGAGCTCC,Surface ectoderm
ATGGAGGGTTCTTGTT,Primitive erythroid cells
ATGGAGGGTTTCCATT,Cranial neural crest
ATGGAGGTCTAGGCCG,Lateral plate and intermediate mesoderm
ATGGAGGTCTATCGGA,Extraembryonic visceral endoderm
ATGGAGGTCTTCGGTC,First heart field
ATGGAGGTCTTTCCGG,Extraembryonic visceral endoderm
ATGGATCAGGGTTAGC,Extraembryonic visceral endoderm
ATGGATCCAGGTATGG,Primitive erythroid cells
ATGGATCCATTCCTAT,Primitive erythroid cells
ATGGATCTCGAGTTGT,Amniotic ectoderm
ATGGATCTCGTTCCCA,Forebrain/midbrain
ATGGATCTCTAAACGC,Lateral plate and intermediate mesoderm
ATGGATCTCTGCTAGA,Extraembryonic visceral endoderm
ATGGGAGAGAAATTGC,Primitive erythroid cells
ATGGGAGAGACATCCT,Hindbrain
ATGGGAGCAATGAACA,Surface ectoderm
ATGGGAGCAATTCTCT,Extraembryonic visceral endoderm
ATGGGAGCACTGCGTG,Lateral plate and intermediate mesoderm
ATGGGAGGTCATCGCG,Paraxial mesoderm
ATGGGAGGTCCGGCAT,Hindbrain
ATGGGAGGTCGCACGT,Paraxial mesoderm
ATGGGAGGTCTTCCGT,Forebrain/midbrain
ATGGGAGGTGAATATG,Extraembryonic visceral endoderm
ATGGGAGGTGGATGAC,NMP
ATGGGAGTCAATCCGA,Primitive erythroid cells
ATGGGAGTCCACCTGT,Extraembryonic visceral endoderm
ATGGGAGTCCGTATAG,Lateral plate and intermediate mesoderm
ATGGGAGTCTGACCCT,Gut endoderm
ATGGGAGTCTGCACCT,Lateral plate and intermediate mesoderm
ATGGGTTAGAAGATCT,Extraembryonic visceral endoderm
ATGGGTTAGAGTGGCT,Surface ectoderm
ATGGGTTAGATACAGT,Forebrain/midbrain
ATGGGTTAGCGAATGC,Forebrain/midbrain
ATGGGTTAGGAGACCT,Gut endoderm
ATGGGTTAGGGCTGAT,Primitive erythroid cells
ATGGGTTCAAGCGCTC,Amniotic ectoderm
ATGGGTTCAATCACGT,Allantois
ATGGGTTCAGATTCGT,Hindbrain
ATGGGTTCAGTTCACA,Primitive erythroid cells
ATGGGTTGTAGACACG,Amniotic ectoderm
ATGGGTTGTCTCAAGT,Endothelium
ATGGGTTGTCTGATAC,Primitive erythroid cells
ATGGGTTTCCAATCTT,Gut endoderm
ATGGGTTTCCATGAGT,Primitive erythroid cells
ATGGGTTTCCTAGAGT,Lateral plate and intermediate mesoderm
ATGGGTTTCTCCTGTG,Primitive erythroid cells
ATGGGTTTCTGTCTCG,Primitive erythroid cells
ATGGTTGAGCGGACAT,Paraxial mesoderm
ATGGTTGAGCGTCTCG,Extraembryonic visceral endoderm
ATGGTTGAGCTTTGTG,NMP
ATGGTTGAGTGCAACG,Extraembryonic visceral endoderm
ATGGTTGCACGAGGAT,Primitive erythroid cells
ATGGTTGCATCATGAC,Lateral plate and intermediate mesoderm
ATGGTTGGTAGTCGTT,Hindbrain
ATGGTTGGTCGACTGC,Gut endoderm
ATGGTTGGTCGAGCAA,Forebrain/midbrain
ATGGTTGGTTATCTGG,Surface ectoderm
ATGGTTGTCGCCTCTA,Paraxial mesoderm
ATGGTTGTCGGTGTTA,Hindbrain
ATGGTTGTCGTAGCTA,Forebrain/midbrain
ATGGTTGTCTAGCATG,Primitive erythroid cells
ATGGTTGTCTCGCTCA,Extraembryonic visceral endoderm
ATGTCCCAGAGCAAGA,Primitive erythroid cells
ATGTCCCAGCTCAGAG,Primitive erythroid cells
ATGTCCCAGCTGAGCA,Cranial neural crest
ATGTCCCAGTTCGCAT,Primitive erythroid cells
ATGTCCCCAATGAGCG,Primitive erythroid cells
ATGTCCCCAGATACCT,NMP
ATGTCCCCATGGGTCC,Primitive erythroid cells
ATGTCCCGTAGTTACC,Gut endoderm
ATGTCCCGTATGATCC,Primitive erythroid cells
ATGTCCCGTCACTACA,Extraembryonic visceral endoderm
ATGTCCCGTCCGAAGA,Forebrain/midbrain
ATGTCCCGTCGGAAAC,Hindbrain
ATGTCCCGTGAGTTTC,Forebrain/midbrain
ATGTCCCGTGATGGCA,Hindbrain
ATGTCCCTCCAGGACC,NMP
ATGTCCCTCTAAGGAA,Paraxial mesoderm
ATGTCTTAGTCCGCCA,NMP
ATGTCTTAGTGATAAC,Primitive erythroid cells
ATGTCTTCAAGGTCGA,Paraxial mesoderm
ATGTCTTCACAGTCCG,Surface ectoderm
ATGTCTTCACATTCTT,First heart field
ATGTCTTCAGAGTCAG,Primitive erythroid cells
ATGTCTTCATGTTTGG,Cranial neural crest
ATGTCTTGTATCGTTG,Gut endoderm
ATGTCTTGTCGTCGGT,Lateral plate and intermediate mesoderm
ATGTCTTGTCTTCTAT,Lateral plate and intermediate mesoderm
ATGTCTTGTGAATAAC,Lateral plate and intermediate mesoderm
ATGTCTTGTGAGTAAT,Primitive erythroid cells
ATGTCTTGTTGCGAAG,Lateral plate and intermediate mesoderm
ATGTCTTGTTGTTGCA,Primitive erythroid cells
ATGTCTTTCTTGGAAC,Surface ectoderm
ATTACCTAGACATCAA,Hindbrain
ATTACCTAGCGCATCC,NMP
ATTACCTAGCTAGAGC,Primitive erythroid cells
ATTACCTAGGGTATAT,Extraembryonic visceral endoderm
ATTACCTAGTCAGCGA,Surface ectoderm
ATTACCTCAACTTCTT,Lateral plate and intermediate mesoderm
ATTACCTCACCGAATT,Amniotic ectoderm
ATTACCTCACGTAGAG,Hindbrain
ATTACCTCACTGAATC,Endothelium
ATTACCTGTAGCGAGT,Extraembryonic visceral endoderm
ATTACCTGTATGCGTT,Primitive erythroid cells
ATTACCTGTCCTACGG,Forebrain/midbrain
ATTACCTGTCGTGATT,Gut endoderm
ATTACCTGTGAACTAA,Lateral plate and intermediate mesoderm
ATTACCTGTGCCTATA,Paraxial mesoderm
ATTACCTGTGTTACAC,Surface ectoderm
ATTACCTTCACTGGTA,Hindbrain
ATTACCTTCCCTATTA,Hindbrain
ATTACTCAGACGATAT,Endothelium
ATTACTCAGGCTAAAT,Primitive erythroid cells
ATTACTCAGGTTCCGC,Surface ectoderm
ATTACTCAGTCTGCGC,Forebrain/midbrain
ATTACTCAGTGGATAT,Primitive erythroid cells
ATTACTCCAAGCAGGT,Primitive erythroid cells
ATTACTCCAAGCCATT,Gut endoderm
ATTACTCCACGGTCTG,Lateral plate and intermediate mesoderm
ATTACTCCATGACAAA,Lateral plate and intermediate mesoderm
ATTACTCGTACAGTCT,Gut endoderm
ATTACTCGTGATACAA,Hematoendothelial progenitors
ATTACTCTCGCGCTGA,Amniotic ectoderm
ATTACTCTCGCTAATG,Extraembryonic visceral endoderm
ATTACTCTCGGCGATC,Lateral plate and intermediate mesoderm
ATTATCCAGACGACGT,Extraembryonic visceral endoderm
ATTATCCAGACGCCCT,Forebrain/midbrain
ATTATCCAGAGAACCC,Primitive erythroid cells
ATTATCCAGAGCTGCA,Surface ectoderm
ATTATCCAGGGTTGCA,Primitive erythroid cells
ATTATCCAGTGATAGT,NMP
ATTATCCCAAACGGCA,Surface ectoderm
ATTATCCCAGCACAGA,Primitive erythroid cells
ATTATCCCAGTAGAGC,Notochord
ATTATCCCATCATCTT,Primitive erythroid cells
ATTATCCGTAACGGTG,Endothelium
ATTATCCGTACCCACG,Primitive erythroid cells
ATTATCCGTGGATTTC,Surface ectoderm
ATTATCCGTTCGGCGT,Lateral plate and intermediate mesoderm
ATTATCCTCAAGCGTT,Placodal area
ATTATCCTCAAGTCTG,Surface ectoderm
ATTATCCTCAGGAAAT,Extraembryonic visceral endoderm
ATTATCCTCCGTCAAA,Gut endoderm
ATTATCCTCCTCTTTC,Extraembryonic visceral endoderm
ATTATCCTCTATTGTC,Primitive erythroid cells
ATTCACTAGATACGAT,NMP
ATTCACTAGCACGATG,Primitive erythroid cells
ATTCACTAGGACCCAA,Surface ectoderm
ATTCACTCAAGCTGTT,Surface ectoderm
ATTCACTCACCGAATT,Primitive erythroid cells
ATTCACTCACGGTCTG,Surface ectoderm
ATTCACTCAGACCATT,Extraembryonic visceral endoderm
ATTCACTGTATCCTCC,Extraembryonic visceral endoderm
ATTCACTTCAACGCTA,Hindbrain
ATTCACTTCAAGAGGC,Extraembryonic visceral endoderm
ATTCACTTCAGTGATC,Extraembryonic visceral endoderm
ATTCACTTCGCTCCTA,Hindbrain
ATTCACTTCGTTCCTG,Primitive erythroid cells
ATTCACTTCTGTCCCA,Hindbrain
ATTCAGGAGGATTTGA,Forebrain/midbrain
ATTCAGGAGTATGAGT,Extraembryonic visceral endoderm
ATTCAGGCAACGATCT,Placodal area
ATTCAGGCACAGCCAC,Extraembryonic visceral endoderm
ATTCAGGCACTACTTT,Primitive erythroid cells
ATTCAGGCAGCGACCT,Gut endoderm
ATTCAGGGTAACACCT,Amniotic ectoderm
ATTCAGGGTCTCACAA,Gut endoderm
ATTCAGGGTGATTCAC,Placodal area
ATTCAGGGTGCGCTCA,Lateral plate and intermediate mesoderm
ATTCAGGTCAGAATAG,Paraxial mesoderm
ATTCAGGTCCAAATGC,Primitive erythroid cells
ATTCAGGTCCACTTTA,Placodal area
ATTCAGGTCCCGAATA,Primitive erythroid cells
ATTCAGGTCGCTACAA,NMP
ATTCAGGTCGGCTTCT,Lateral plate and intermediate mesoderm
ATTCAGGTCTTAGCCC,Primitive erythroid cells
ATTCATCAGCATCCTA,Extraembryonic visceral endoderm
ATTCATCAGCTGTACT,Forebrain/midbrain
ATTCATCAGTATAGAC,Primitive erythroid cells
ATTCATCAGTGCCCGT,Placodal area
ATTCATCGTGGGTTGA,Gut endoderm
ATTCATCGTGTTCATG,Hematoendothelial progenitors
ATTCATCGTTCAGCGC,Extraembryonic visceral endoderm
ATTCATCTCACGGAGA,Extraembryonic visceral endoderm
ATTCATCTCATTGCTT,Primitive erythroid cells
ATTCATCTCCACAAGT,NMP
ATTCATCTCTTTGGAG,Extraembryonic visceral endoderm
ATTCCATAGACATCAA,Primitive erythroid cells
ATTCCATAGCAGGTCA,Paraxial mesoderm
ATTCCATAGTCGGGAT,Cranial neural crest
ATTCCATCAGAGAATT,Extraembryonic visceral endoderm
ATTCCATCAGGCTCTG,Forebrain/midbrain
ATTCCATGTACCCGAC,Surface ectoderm
ATTCCATGTACCGTCG,Endothelium
ATTCCATGTCTCACAA,Gut endoderm
ATTCCATGTCTGCGCA,Placodal area
ATTCCATGTGACAGCA,Lateral plate and intermediate mesoderm
ATTCCATGTGGGTCAA,Primitive erythroid cells
ATTCCATGTTACCCTC,Primitive erythroid cells
ATTCCATGTTATTCCT,Extraembryonic visceral endoderm
ATTCCATTCCATGAGT,Primitive erythroid cells
ATTCCATTCCCGTTGT,Surface ectoderm
ATTCCCGAGACGATAT,Extraembryonic visceral endoderm
ATTCCCGAGGACAACC,Extraembryonic visceral endoderm
ATTCCCGAGGACACTG,Amniotic ectoderm
ATTCCCGAGTCACTCA,Primitive erythroid cells
ATTCCCGCAAAGTATG,Primitive erythroid cells
ATTCCCGCACTACGGC,Lateral plate and intermediate mesoderm
ATTCCCGCAGAGATGC,Primitive erythroid cells
ATTCCCGGTAATGATG,Primitive erythroid cells
ATTCCCGGTCCATCTC,Gut endoderm
ATTCCCGGTCTTTCTA,Extraembryonic visceral endoderm
ATTCCCGTCAAATAGG,Forebrain/midbrain
ATTCCCGTCCCAATAG,Endothelium
ATTCCCGTCCGTAGTA,Hindbrain
ATTCCCGTCCTATTGT,Extraembryonic visceral endoderm
ATTCCCGTCGTGGGAA,NMP
ATTCCCGTCTAGTCAG,Second heart field
ATTCCCGTCTATGCCC,Primitive erythroid cells
ATTCCTAAGACACACG,Primitive erythroid cells
ATTCCTAAGTTGAATG,Primitive erythroid cells
ATTCCTACAAGGACAC,Primitive erythroid cells
ATTCCTACACACACTA,Primitive erythroid cells
ATTCCTACAGAGTAAT,Primitive erythroid cells
ATTCCTACAGATCCTA,Primitive erythroid cells
ATTCCTACATGATGCT,Extraembryonic visceral endoderm
ATTCCTAGTACAGAGC,Primitive erythroid cells
ATTCCTAGTTCACCGG,Primitive erythroid cells
ATTCCTATCACGACTA,Forebrain/midbrain
ATTCCTATCACTCACC,Surface ectoderm
ATTCCTATCACTCGAA,First heart field
ATTCCTATCATGGAGG,Allantois
ATTCCTATCCTTCGAC,Paraxial mesoderm
ATTCCTATCGATAACC,Amniotic ectoderm
ATTCCTATCGATCCAA,Hindbrain
ATTCGTTAGAAGTCTA,Amniotic ectoderm
ATTCGTTAGAGGGTCT,Primitive erythroid cells
ATTCGTTAGAGTCAGC,Lateral plate and intermediate mesoderm
ATTCGTTAGCGCCTCA,Lateral plate and intermediate mesoderm
ATTCGTTAGGCCTTCG,Hindbrain
ATTCGTTCAAGTGGCA,Lateral plate and intermediate mesoderm
ATTCGTTCACGCGCAT,Primitive erythroid cells
ATTCGTTCACTTCCTG,Primitive erythroid cells
ATTCGTTCATTGGCAT,Forebrain/midbrain
ATTCGTTGTGTTATCG,Paraxial mesoderm
ATTCGTTGTTATGGTC,NMP
ATTCGTTTCCTTTGAT,Lateral plate and intermediate mesoderm
ATTCGTTTCTCTCCGA,Surface ectoderm
ATTCTACAGGAAGTAG,Forebrain/midbrain
ATTCTACAGTAACCGG,Paraxial mesoderm
ATTCTACAGTCACTAC,Primitive erythroid cells
ATTCTACAGTTGCTCA,Extraembryonic visceral endoderm
ATTCTACCACAGACGA,Endothelium
ATTCTACCATGAAGGC,Gut endoderm
ATTCTACGTCTTGCTC,Endothelium
ATTCTACGTGTTCCAA,Primitive erythroid cells
ATTCTACGTTATCCAG,Primitive erythroid cells
ATTCTACGTTGCATTG,Hindbrain
ATTCTACGTTTGCAGT,Hindbrain
ATTCTACTCAACACGT,Allantois
ATTCTACTCCAGTGTA,Primitive erythroid cells
ATTCTACTCGTTAGTG,Primitive erythroid cells
ATTCTACTCTCTAAGG,Primitive erythroid cells
ATTCTTGAGCAGCAGT,Surface ectoderm
ATTCTTGAGCGTCAGA,Amniotic ectoderm
ATTCTTGAGTGTACAA,Paraxial mesoderm
ATTCTTGCAAACTCGT,Extraembryonic visceral endoderm
ATTCTTGGTAGAATAC,Endothelium
ATTCTTGGTAGACTGG,Extraembryonic visceral endoderm
ATTCTTGGTGGATGAC,Hematoendothelial progenitors
ATTCTTGTCGAGATAA,Extraembryonic visceral endoderm
ATTGGGTAGCAATTCC,Forebrain/midbrain
ATTGGGTAGCTGACAG,Hindbrain
ATTGGGTCACAAATAG,Hindbrain
ATTGGGTCACAGCTGC,Surface ectoderm
ATTGGGTCACCTCTAC,Extraembryonic visceral endoderm
ATTGGGTCAGAAGTTA,Surface ectoderm
ATTGGGTCAGACAAGC,Primitive erythroid cells
ATTGGGTCATGGTACT,Cranial neural crest
ATTGGGTGTAAGGAGA,Primitive erythroid cells
ATTGGGTGTACAGGTG,Primitive erythroid cells
ATTGGGTGTATCAGGG,Gut endoderm
ATTGGGTGTCCTGTCT,Extraembryonic visceral endoderm
ATTGGGTGTTTCGGCG,Extraembryonic visceral endoderm
ATTGGGTTCACATTGG,Primitive erythroid cells
ATTGGGTTCCATACAG,Forebrain/midbrain
ATTGGGTTCCTCACGT,Primitive erythroid cells
ATTGGGTTCGAACTCA,Surface ectoderm
ATTGTTCAGACATCCT,Primitive erythroid cells
ATTGTTCAGGTCGTCC,Extraembryonic visceral endoderm
ATTGTTCAGGTTGCCC,Lateral plate and intermediate mesoderm
ATTGTTCAGTTGCTGT,NMP
ATTGTTCCAAGAGGCT,Surface ectoderm
ATTGTTCCACTCACTC,Paraxial mesoderm
ATTGTTCCACTTGGGC,Primitive erythroid cells
ATTGTTCGTCCTTAAG,Extraembryonic visceral endoderm
ATTGTTCGTGCCAAGA,Surface ectoderm
ATTGTTCGTGGTAATA,Second heart field
ATTGTTCGTTGAGGAC,Primitive erythroid cells
ATTGTTCGTTGGACTT,Extraembryonic visceral endoderm
ATTGTTCTCAGACAAA,Primitive erythroid cells
ATTGTTCTCTCTTCAA,Extraembryonic visceral endoderm
ATTGTTCTCTGCTCTG,Extraembryonic visceral endoderm
ATTTACCAGATTGATG,Primitive erythroid cells
ATTTACCAGGTCCAGA,Extraembryonic visceral endoderm
ATTTACCAGTAGCAAT,Extraembryonic visceral endoderm
ATTTACCCAAAGGGTC,Cranial neural crest
ATTTACCCATAAGATG,Primitive erythroid cells
ATTTACCCATCGTCCT,NMP
ATTTACCGTATGAAAC,Primitive erythroid cells
ATTTACCGTGATGGCA,Lateral plate and intermediate mesoderm
ATTTACCTCAGGTAAA,Amniotic ectoderm
ATTTACCTCCCTCGAT,Allantois
ATTTACCTCCTACCAC,Primitive erythroid cells
ATTTACCTCCTCTTTC,Extraembryonic visceral endoderm
ATTTACCTCTAGTTCT,Paraxial mesoderm
ATTTCACAGAATTGCA,Primitive erythroid cells
ATTTCACAGCATACTC,Forebrain/midbrain
ATTTCACAGGCCACTC,Allantois
ATTTCACAGGCTAGCA,Surface ectoderm
ATTTCACAGGTAAGAG,First heart field
ATTTCACAGGTAGATT,Surface ectoderm
ATTTCACCAAAGGATT,Primitive erythroid cells
ATTTCACCAAGTGACG,Hindbrain
ATTTCACCACCCTTGT,Primitive erythroid cells
ATTTCACCACTGCGTG,Primitive erythroid cells
ATTTCACCATGCGTGC,First heart field
ATTTCACGTCACTAGT,First heart field
ATTTCACGTCAGGTAG,Extraembryonic visceral endoderm
ATTTCACGTCCTCCAT,Primitive erythroid cells
ATTTCACGTCTCCCTA,Extraembryonic visceral endoderm
ATTTCACGTCTTCAAG,Primitive erythroid cells
ATTTCACGTGAATGTA,Hindbrain
ATTTCACGTGAATTGA,Primitive erythroid cells
ATTTCACGTGCTCTTC,Gut endoderm
ATTTCACGTGTAAATG,Hindbrain
ATTTCACGTTCTCGCT,Surface ectoderm
ATTTCACTCCGAGTGC,Endothelium
ATTTCACTCCGCCTAT,Primitive erythroid cells
ATTTCACTCGACCCAG,Primitive erythroid cells
ATTTCACTCGCAATGT,Surface ectoderm
ATTTCTGAGACTTCCA,Extraembryonic visceral endoderm
ATTTCTGAGATACAGT,Endothelium
ATTTCTGAGCCTCTCT,Primitive erythroid cells
ATTTCTGAGCTGTGCC,Allantois
ATTTCTGAGGGAGATA,Surface ectoderm
ATTTCTGAGTAAGGGA,Primitive erythroid cells
ATTTCTGAGTTGGGAC,NMP
ATTTCTGCAGATACTC,Primitive erythroid cells
ATTTCTGCATCGGCCA,Surface ectoderm
ATTTCTGGTATCGTGT,Primitive erythroid cells
ATTTCTGGTGCGGTAA,Paraxial mesoderm
ATTTCTGGTGGCTTAT,Endothelium
ATTTCTGGTGTGACCC,Primitive erythroid cells
ATTTCTGTCCGGACGT,Lateral plate and intermediate mesoderm
ATTTCTGTCCTTCTAA,Extraembryonic visceral endoderm
ATTTCTGTCGAGCCTG,Forebrain/midbrain
CAAAGAAAGGTAAACT,Paraxial mesoderm
CAAAGAAAGTAGACCG,Lateral plate and intermediate mesoderm
CAAAGAAAGTTGGGAC,Amniotic ectoderm
CAAAGAACAAGTTGGG,Hindbrain
CAAAGAACAGGACGAT,Extraembryonic visceral endoderm
CAAAGAACAGGTCCCA,Allantois
CAAAGAAGTGCCGAAA,Lateral plate and intermediate mesoderm
CAAAGAAGTTGCGGCT,Hindbrain
CAAAGAATCACACGAT,Extraembryonic visceral endoderm
CAAAGAATCGAAGCCC,Lateral plate and intermediate mesoderm
CAAAGAATCGTAACTG,Allantois
CAACAACAGCTAGCCC,Primitive erythroid cells
CAACAACAGGATTACA,Forebrain/midbrain
CAACAACAGGGTTTCT,Primitive erythroid cells
CAACAACAGTCGCGAA,Primitive erythroid cells
CAACAACAGTGGCGAT,Extraembryonic visceral endoderm
CAACAACCACGGATCC,Endothelium
CAACAACCAGCGCTTG,Paraxial mesoderm
CAACAACCAGTCGCTG,Gut endoderm
CAACAACCATAGACTC,Endothelium
CAACAACGTAGACACG,Lateral plate and intermediate mesoderm
CAACAACGTCAGCGTC,Primitive erythroid cells
CAACAACGTCGAACGA,Lateral plate and intermediate mesoderm
CAACAACGTTGCCAAT,Amniotic ectoderm
CAACAACGTTGCCATA,Lateral plate and intermediate mesoderm
CAACAACGTTGTAAAG,Primitive erythroid cells
CAACAACTCTGCACCT,Forebrain/midbrain
CAACAGTAGAGAGGGC,Primitive erythroid cells
CAACAGTAGAGCAAGA,Allantois
CAACAGTAGAGGCGGA,Primitive erythroid cells
CAACAGTAGGGTGAGG,Forebrain/midbrain
CAACAGTCAAGAGGTC,Forebrain/midbrain
CAACAGTCAAGCACCC,Endothelium
CAACAGTCACTCATAG,Lateral plate and intermediate mesoderm
CAACAGTCATAAGCAA,Extraembryonic visceral endoderm
CAACAGTCATCACCAA,Cranial neural crest
CAACAGTGTATCTCGA,Primitive erythroid cells
CAACAGTGTGTTAACC,Forebrain/midbrain
CAACAGTTCACCTTAT,Hindbrain
CAACAGTTCCGCGAGT,Placodal area
CAACCAAAGCTAGAAT,Primitive erythroid cells
CAACCAAAGCTAGATA,Primitive erythroid cells
CAACCAAAGGTTCACT,Primitive erythroid cells
CAACCAAAGGTTCTTG,Forebrain/midbrain
CAACCAACAAAGGAGA,Endothelium
CAACCAACAGGCCTGT,Forebrain/midbrain
CAACCAACATCCTATT,NMP
CAACCAACATGCAGCC,Extraembryonic visceral endoderm
CAACCAAGTATACCCA,Forebrain/midbrain
CAACCAAGTATCGATC,Cranial neural crest
CAACCAAGTGTAGTGG,Primitive erythroid cells
CAACCAAGTTGCCGCA,NMP
CAACCAATCCATACAG,Extraembryonic visceral endoderm
CAACCAATCGGAGATG,Primitive erythroid cells
CAACCAATCGTCCTTG,Primitive erythroid cells
CAACCAATCGTCGCTT,Hindbrain
CAACCAATCTAGTACG,Spinal cord
CAACCAATCTTCGTGC,Extraembryonic visceral endoderm
CAACCTCAGACTCTAC,Primitive erythroid cells
CAACCTCAGAGATCGC,Forebrain/midbrain
CAACCTCCAACGCATT,Primitive erythroid cells
CAACCTCCAACGGGTA,Lateral plate and intermediate mesoderm
CAACCTCCAATGACCT,Primitive erythroid cells
CAACCTCCACAAATCC,Primitive erythroid cells
CAACCTCCACATTCTT,Forebrain/midbrain
CAACCTCCAGTTTCAG,Extraembryonic visceral endoderm
CAACCTCCATGCAGCC,Lateral plate and intermediate mesoderm
CAACCTCCATTCTTCA,NMP
CAACCTCGTAAGCGGT,Forebrain/midbrain
CAACCTCGTAGCGTAG,Primitive erythroid cells
CAACCTCGTCATCCGG,Paraxial mesoderm
CAACCTCGTTACACAC,Primitive erythroid cells
CAACCTCGTTCTTGCC,Extraembryonic visceral endoderm
CAACCTCTCACCCTTG,Extraembryonic visceral endoderm
CAACCTCTCGAAGCCC,Paraxial mesoderm
CAACCTCTCGCAGATT,Primitive erythroid cells
CAACCTCTCGCGATCG,Extraembryonic visceral endoderm
CAACCTCTCTCGACCT,Extraembryonic visceral endoderm
CAACCTCTCTTGGAAC,Endothelium
CAACGATAGAGAGGTA,Primitive erythroid cells
CAACGATAGGTTCTTG,Cranial neural crest
CAACGATCACGACTAT,First heart field
CAACGATCACTTGTCC,Paraxial mesoderm
CAACGATCAGCTACAT,Lateral plate and intermediate mesoderm
CAACGATCATCCTAAG,Primitive erythroid cells
CAACGATCATCGTGGC,Surface ectoderm
CAACGATGTCACCACG,Primitive erythroid cells
CAACGATGTCCAGAAG,Extraembryonic visceral endoderm
CAACGATGTGATGAAT,Extraembryonic visceral endoderm
CAACGATGTTCTCCCA,Primitive erythroid cells
CAACGATTCCTCTAGC,Primitive erythroid cells
CAACGATTCCTTCGAC,Gut endoderm
CAACGATTCTCGACGG,Primitive erythroid cells
CAACGGCAGGGCCCTT,Primitive erythroid cells
CAACGGCAGTGCCTCG,NMP
CAACGGCCAGGACTTT,Surface ectoderm
CAACGGCCAGTTAGAA,Primitive erythroid cells
CAACGGCCATCAGTGT,Primitive erythroid cells
CAACGGCCATGTTTGG,Forebrain/midbrain
CAACGGCGTAAGCAAT,Extraembryonic visceral endoderm
CAACGGCGTACCAGAG,Primitive erythroid cells
CAACGGCGTAGGTGCA,Extraembryonic visceral endoderm
CAACGGCGTCCAGAAG,Forebrain/midbrain
CAACGGCGTCTGGTTA,Primitive erythroid cells
CAACGGCGTGAATTAG,Primitive erythroid cells
CAACGGCGTGCGAACA,Primitive erythroid cells
CAACGGCGTGGGCTTC,Extraembryonic visceral endoderm
CAACGGCTCACACCCT,Extraembryonic visceral endoderm
CAACGGCTCCCTTCCC,Lateral plate and intermediate mesoderm
CAACGGCTCCGATGCG,Hematoendothelial progenitors
CAACGGCTCGTCTACC,Hindbrain
CAAGACTAGAGCTGAC,Forebrain/midbrain
CAAGACTAGATTCGCT,Forebrain/midbrain
CAAGACTAGTTGGGAC,Primitive erythroid cells
CAAGACTCAAAGCTCT,Primitive erythroid cells
CAAGACTCAAGCCATT,Primitive erythroid cells
CAAGACTGTCGCACAC,Forebrain/midbrain
CAAGACTGTCGTGTTA,Extraembryonic visceral endoderm
CAAGACTGTTTCGGCG,Primitive erythroid cells
CAAGACTTCGAGCACC,Primitive erythroid cells
CAAGACTTCGTGAGAG,Hindbrain
CAAGACTTCTGAGAAA,Amniotic ectoderm
CAAGAGGAGATGAATC,Extraembryonic visceral endoderm
CAAGAGGAGCATCCTA,Hindbrain
CAAGAGGAGCTGCCAC,Extraembryonic visceral endoderm
CAAGAGGAGGCACTAG,Hematoendothelial progenitors
CAAGAGGAGTGGCCTC,Lateral plate and intermediate mesoderm
CAAGAGGAGTGGTGAC,Primitive erythroid cells
CAAGAGGCAACACGAG,Forebrain/midbrain
CAAGAGGCAAGACAAT,Hindbrain
CAAGAGGCACCCTCTA,NMP
CAAGAGGCAGAACTCT,Extraembryonic visceral endoderm
CAAGAGGCATGGAATA,Surface ectoderm
CAAGAGGCATGGCCAC,Primitive erythroid cells
CAAGAGGCATGTCTAG,Paraxial mesoderm
CAAGAGGCATTGGCAT,NMP
CAAGAGGGTACAGAAT,Paraxial mesoderm
CAAGAGGGTACTCGTA,Hindbrain
CAAGAGGGTATGCTTG,Primitive erythroid cells
CAAGAGGGTCCTATAG,Extraembryonic visceral endoderm
CAAGAGGGTCTTGCTC,Extraembryonic visceral endoderm
CAAGAGGGTTCCACGG,Hematoendothelial progenitors
CAAGAGGTCAGCGCGT,Forebrain/midbrain
CAAGAGGTCCTGATAG,Extraembryonic visceral endoderm
CAAGAGGTCGAGAACG,Primitive erythroid cells
CAAGAGGTCGTCTAAG,Hindbrain
CAAGAGGTCTACACAG,Primitive erythroid cells
CAAGCTAAGACTTAAG,Allantois
CAAGCTAAGATCCCGC,Second heart field
CAAGCTAAGTCTAGAA,Extraembryonic visceral endoderm
CAAGCTACAAGTCCCG,Cranial neural crest
CAAGCTACAATCGCAT,Forebrain/midbrain
CAAGCTACACGGCACT,Hindbrain
CAAGCTACACTATGTG,Forebrain/midbrain
CAAGCTACACTTTATC,Hindbrain
CAAGCTACAGCGATTT,Hindbrain
CAAGCTACATGCAGCC,Primitive erythroid cells
CAAGCTAGTCACGTGC,Hindbrain
CAAGCTATCGTCTACC,Hematoendothelial progenitors
CAAGCTATCTGATTCT,Lateral plate and intermediate mesoderm
CAAGGGAAGATGCTAA,Lateral plate and intermediate mesoderm
CAAGGGAAGCACTCAT,Primitive erythroid cells
CAAGGGAAGGAACTAT,Lateral plate and intermediate mesoderm
CAAGGGAAGGACGCAT,Primitive erythroid cells
CAAGGGACAAGTATAG,NMP
CAAGGGACACCGTCGA,First heart field
CAAGGGACATCTGTTT,Primitive erythroid cells
CAAGGGAGTGAGAACC,Forebrain/midbrain
CAAGGGAGTGTCACAT,Primitive erythroid cells
CAAGGGAGTTCTCGCT,NMP
CAAGGGATCAATCCGA,Primitive erythroid cells
CAAGGGATCCTCTAAT,Cranial neural crest
CAAGGGATCGACCATA,Extraembryonic visceral endoderm
CAAGGGATCTAAGCGT,Gut endoderm
CAAGGGATCTCCTGCA,Endothelium
CAATACGAGACAGCTG,Surface ectoderm
CAATACGAGAGCCGAT,Amniotic ectoderm
CAATACGAGATAACAC,Surface ectoderm
CAATACGAGCGCCTTG,Cranial neural crest
CAATACGAGCGTCAAG,Primitive erythroid cells
CAATACGAGCTGAAGC,Lateral plate and intermediate mesoderm
CAATACGAGTGGTGAC,Primitive erythroid cells
CAATACGAGTTAGTAG,Forebrain/midbrain
CAATACGCAACACAGG,Cranial neural crest
CAATACGCAACACGTT,Primitive erythroid cells
CAATACGCAGTTAGAA,Paraxial mesoderm
CAATACGCATCAGTGT,Extraembryonic visceral endoderm
CAATACGGTATTCCGA,NMP
CAATACGGTGCCTTCT,Hindbrain
CAATACGGTTAGGGTG,Paraxial mesoderm
CAATACGGTTCTGACA,Extraembryonic visceral endoderm
CAATACGTCAGCATTG,Extraembryonic visceral endoderm
CAATACGTCCCATTTA,Primitive erythroid cells
CAATACGTCGAACCTA,Gut endoderm
CAATACGTCTACTCAT,Surface ectoderm
CAATCGAAGCAAATGT,Endothelium
CAATCGAAGGCCACCT,Extraembryonic visceral endoderm
CAATCGAGTAGTGCGA,Hematoendothelial progenitors
CAATCGAGTCATAGTC,Primitive erythroid cells
CAATCGATCACAGAGG,Extraembryonic visceral endoderm
CAATCGATCGGCAGTC,NMP
CAATCGATCGTGCATA,Amniotic ectoderm
CAATGACAGACGCATG,Primitive erythroid cells
CAATGACAGGATTACA,NMP
CAATGACAGGGATGTC,Primitive erythroid cells
CAATGACAGGTGTGAC,Forebrain/midbrain
CAATGACAGTTTGCTG,Extraembryonic visceral endoderm
CAATGACCATTCTTCA,Extraembryonic visceral endoderm
CAATGACCATTGACAC,Paraxial mesoderm
CAATGACGTAAGTCAA,Gut endoderm
CAATGACGTCCAAGAG,Primitive erythroid cells
CAATGACGTCTAACTG,Notochord
CAATGACGTTCTCGCT,Primitive erythroid cells
CAATGACTCACAAGAA,Primitive erythroid cells
CAATGACTCGGACTTA,Primitive erythroid cells
CAATGACTCGGTCGGT,Gut endoderm
CAATGACTCGTGAGAG,Extraembryonic visceral endoderm
CAATGACTCTACTATC,Primitive erythroid cells
CAATGACTCTCAACGA,Primitive erythroid cells
CAATTTCAGCGCCATC,Primitive erythroid cells
CAATTTCAGTGTACCT,Surface ectoderm
CAATTTCCAACAAAGT,Primitive erythroid cells
CAATTTCCAATCTGCA,Lateral plate and intermediate mesoderm
CAATTTCCAGGAAGTC,Extraembryonic visceral endoderm
CAATTTCGTCACTCGG,Placodal area
CAATTTCGTCTGCGCA,Primitive erythroid cells
CAATTTCGTTTCCCAC,Allantois
CAATTTCTCAATCCGA,Extraembryonic visceral endoderm
CAATTTCTCGACATAC,Primitive erythroid cells
CAATTTCTCGCGAAGA,Cranial neural crest
CACAACAAGATTAGCA,Forebrain/midbrain
CACAACAAGCGCCTCA,Placodal area
CACAACACAAATGCGG,Primitive erythroid cells
CACAACAGTAGAAACT,Forebrain/midbrain
CACAACATCAAACCCA,Paraxial mesoderm
CACAACATCACAATGC,Primitive erythroid cells
CACAACATCTAGAGCT,Lateral plate and intermediate mesoderm
CACACAAAGAATCCCT,Primitive erythroid cells
CACACAAAGAGAGGTA,Primitive erythroid cells
CACACAAAGCAAATGT,Endothelium
CACACAAAGCAGCCCT,Primitive erythroid cells
CACACAAAGTCTTCCC,Gut endoderm
CACACAAAGTGAGTGC,NMP
CACACAAAGTGCTCGC,Hindbrain
CACACAAAGTTGAAGT,Primitive erythroid cells
CACACAACAATGCAAA,NMP
CACACAACACTCATAG,Gut endoderm
CACACAACAGACCTAT,Placodal area
CACACAACAGCTACCG,Forebrain/midbrain
CACACAACAGTAGTTC,Forebrain/midbrain
CACACAACATCACGGC,Extraembryonic visceral endoderm
CACACAAGTAGTGCGA,Endothelium
CACACAAGTTAAGAAC,Amniotic ectoderm
CACACAATCACAACCA,Primitive erythroid cells
CACACAATCACTGTTT,Primitive erythroid cells
CACACAATCGACATTG,Gut endoderm
CACACAATCGGCATCG,Lateral plate and intermediate mesoderm
CACACAATCGTCCTCA,Primitive erythroid cells
CACACAATCTACCAGA,NMP
CACACAATCTCACCCA,Extraembryonic visceral endoderm
CACAGATAGAGCTTTC,Lateral plate and intermediate mesoderm
CACAGATAGCCAAGCA,Forebrain/midbrain
CACAGATAGGTACAGC,Extraembryonic visceral endoderm
CACAGATAGTGAGTGC,Extraembryonic visceral endoderm
CACAGATAGTGGATAT,Forebrain/midbrain
CACAGATCACCGTGCA,Lateral plate and intermediate mesoderm
CACAGATCATAGGAGC,Primitive erythroid cells
CACAGATGTACACGTT,Lateral plate and intermediate mesoderm
CACAGATGTAGGAGGG,Paraxial mesoderm
CACAGATGTGCTCGTG,Hematoendothelial progenitors
CACAGATGTGTGCCTG,Primitive erythroid cells
CACAGATGTTGTCTAG,Primitive erythroid cells
CACAGATGTTTAGTCG,NMP
CACAGATTCAGAGTTC,Hindbrain
CACAGATTCCATTGGA,Primitive erythroid cells
CACAGATTCCTTCTAA,Primitive erythroid cells
CACAGATTCTGCGGAC,Primitive erythroid cells
CACAGGCAGACGCCCT,Lateral plate and intermediate mesoderm
CACAGGCAGATTAGTG,Lateral plate and intermediate mesoderm
CACAGGCAGCTGACTT,NMP
CACAGGCAGTTGTAGA,Primitive erythroid cells
CACAGGCCAAATCAAG,Hematoendothelial progenitors
CACAGGCCAACACGTT,Hindbrain
CACAGGCCACTTGTCC,Primitive erythroid cells
CACAGGCCAGCAGATG,Paraxial mesoderm
CACAGGCCATAGGCGA,Cranial neural crest
CACAGGCCATCTCCCA,Primitive erythroid cells
CACAGGCGTACGTACT,Extraembryonic visceral endoderm
CACAGGCGTTCGAAGG,Lateral plate and intermediate mesoderm
CACAGGCTCAGGAAAT,Hindbrain
CACAGGCTCCGATGTA,Placodal area
CACAGGCTCCTGATAG,Primitive erythroid cells
CACAGGCTCCTTCGAC,Cranial neural crest
CACAGGCTCTTCACAT,Lateral plate and intermediate mesoderm
CACATGAAGAGAGTTT,Endothelium
CACATGAAGGGACACT,Primitive erythroid cells
CACATGACATCGAAGG,Lateral plate and intermediate mesoderm
CACATGAGTAGTGATA,Lateral plate and intermediate mesoderm
CACATGAGTCATCGGC,NMP
CACATGAGTCCACAGC,Primitive erythroid cells
CACATGAGTCTCGGGT,Forebrain/midbrain
CACATGAGTGAAGCGT,Primitive erythroid cells
CACATGAGTGCCCGTA,Cranial neural crest
CACATGAGTTTACCAG,Gut endoderm
CACATGATCATGGTAC,Extraembryonic visceral endoderm
CACATGATCCTGTTGC,Lateral plate and intermediate mesoderm
CACATGATCGAGTACT,Lateral plate and intermediate mesoderm
CACATGATCGCTTGAA,Paraxial mesoderm
CACATGATCTTAATCC,NMP
CACCAAAAGCTCCACG,Amniotic ectoderm
CACCAAAAGGCTTTCA,Extraembryonic visceral endoderm
CACCAAAAGGTCACAG,Extraembryonic visceral endoderm
CACCAAAAGTAGCAAT,Paraxial mesoderm
CACCAAACAATTCACG,Primitive erythroid cells
CACCAAACACCTAAAC,Gut endoderm
CACCAAACACCTCTGT,Extraembryonic visceral endoderm
CACCAAACATACAGAA,Allantois
CACCAAACATGCTGCG,Gut endoderm
CACCAAAGTAGTCTGT,Primitive erythroid cells
CACCAAAGTGCCTTTC,Lateral plate and intermediate mesoderm
CACCAAAGTTGTGTAC,Forebrain/midbrain
CACCAAAGTTTAGAGA,NMP
CACCAAATCACCCATC,Lateral plate and intermediate mesoderm
CACCAAATCACTCGAA,Forebrain/midbrain
CACCAAATCATACGAC,Primitive erythroid cells
CACCAAATCATAGGCT,Primitive erythroid cells
CACCAAATCCGTATAG,Extraembryonic visceral endoderm
CACCAAATCGGACAAG,Extraembryonic visceral endoderm
CACCAAATCTATCACT,Lateral plate and intermediate mesoderm
CACCAAATCTTGGTGA,Surface ectoderm
CACCGTTAGCACCGAA,Extraembryonic visceral endoderm
CACCGTTAGCACTCTA,Primitive erythroid cells
CACCGTTAGCCGTTGC,Primitive erythroid cells
CACCGTTAGTACTGGG,Extraembryonic visceral endoderm
CACCGTTAGTATGACA,Hindbrain
CACCGTTAGTCTGGAG,NMP
CACCGTTAGTGCAACG,Paraxial mesoderm
CACCGTTCACACCTTC,Primitive erythroid cells
CACCGTTCACCTTCGT,Extraembryonic visceral endoderm
CACCGTTCACGTTGGC,Spinal cord
CACCGTTCAGAAGTGC,Allantois
CACCGTTGTAGTATAG,Extraembryonic visceral endoderm
CACCGTTGTATTCCGA,Forebrain/midbrain
CACCGTTGTTAAACCC,First heart field
CACCGTTGTTATCCAG,Paraxial mesoderm
CACCGTTGTTGTAAAG,Primitive erythroid cells
CACGAATAGACGAGCT,Forebrain/midbrain
CACGAATAGCCGATAG,Primitive erythroid cells
CACGAATCAGCTGTAT,Forebrain/midbrain
CACGAATCAGGAATAT,Primitive erythroid cells
CACGAATCATCTTTCA,Primitive erythroid cells
CACGAATGTATGGTTC,Cranial neural crest
CACGAATGTGAGACGT,Primitive erythroid cells
CACGAATGTGATTGGG,Gut endoderm
CACGAATGTGGTCCCA,First heart field
CACGAATGTTTCACAG,Extraembryonic visceral endoderm
CACGAATGTTTGGAGG,Extraembryonic visceral endoderm
CACGAATTCAAGCCCG,Primitive erythroid cells
CACGAATTCCGGGACT,Surface ectoderm
CACGAATTCGATCCAA,Primitive erythroid cells
CACGGGTAGAACAAGG,Primitive erythroid cells
CACGGGTAGCACTCCG,Amniotic ectoderm
CACGGGTAGCATCAAA,Surface ectoderm
CACGGGTAGGCAGCTA,Primitive erythroid cells
CACGGGTAGGTAGATT,Extraembryonic visceral endoderm
CACGGGTCAACAGAGC,Surface ectoderm
CACGGGTCACACGGTC,Primitive erythroid cells
CACGGGTGTATAGCTC,Primitive erythroid cells
CACGGGTGTCCCTCAT,Placodal area
CACGGGTGTGCGAGTA,Primitive erythroid cells
CACGGGTGTGGCTGAA,Extraembryonic visceral endoderm
CACGGGTTCAAGCTTG,Amniotic ectoderm
CACGGGTTCGAGAAGC,Amniotic ectoderm
CACGGGTTCGTCTACC,Hindbrain
CACGGGTTCTAGCATG,First heart field
CACGGGTTCTAGGAAA,Primitive erythroid cells
CACGGGTTCTTAGCCC,NMP
CACGTGGAGACTCAAA,First heart field
CACGTGGAGCGACTTT,Gut endoderm
CACGTGGAGCGTGAGT,Extraembryonic visceral endoderm
CACGTGGCAGCCATTA,Primitive erythroid cells
CACGTGGCATCAGTGT,Extraembryonic visceral endoderm
CACGTGGCATTCACAG,Surface ectoderm
CACGTGGGTACCAGAG,Gut endoderm
CACGTGGGTCCAGCGT,Lateral plate and intermediate mesoderm
CACGTGGGTTAACCTG,Lateral plate and intermediate mesoderm
CACGTGGTCAGACAAA,Primitive erythroid cells
CACGTGGTCCGATCTC,Extraembryonic visceral endoderm
CACGTGGTCGGCCCAA,Primitive erythroid cells
CACGTGGTCTACCTTA,Extraembryonic visceral endoderm
CACGTGGTCTGGTGCG,Allantois
CACGTGGTCTTCTTCC,Endothelium
CACGTTCAGGCTGTAG,Cranial neural crest
CACGTTCAGGGAGGTG,Primitive erythroid cells
CACGTTCAGTGCTCAT,Lateral plate and intermediate mesoderm
CACGTTCCAATAACGA,Amniotic ectoderm
CACGTTCCACACCGAC,Gut endoderm
CACGTTCCAGACCATT,Paraxial mesoderm
CACGTTCCAGGATCTT,Hindbrain
CACGTTCCAGTATTCG,Lateral plate and intermediate mesoderm
CACGTTCTCAAAGAAC,Primitive erythroid cells
CACGTTCTCTGCGGCA,Gut endoderm
CACTAAGAGAATCCCT,Primitive erythroid cells
CACTAAGAGGCATCGA,Primitive erythroid cells
CACTAAGAGTCTGGTT,Hindbrain
CACTAAGAGTTACGTC,Surface ectoderm
CACTAAGAGTTGCATC,Primitive erythroid cells
CACTAAGCAAGGATGC,Forebrain/midbrain
CACTAAGCACAACGCC,Extraembryonic visceral endoderm
CACTAAGCAGGCATGA,Primitive erythroid cells
CACTAAGGTACCAGAG,Amniotic ectoderm
CACTAAGGTTCATCTT,Surface ectoderm
CACTAAGTCGCCACTT,NMP
CACTAAGTCTAAGCGT,Primitive erythroid cells
CACTAAGTCTCGCTCA,Primitive erythroid cells
CACTAAGTCTTCTAAC,Gut endoderm
CACTGAAAGCTCCATA,Gut endoderm
CACTGAAAGTAAGACT,Primitive erythroid cells
CACTGAAAGTTGCCCG,Surface ectoderm
CACTGAACACAAGTTC,Extraembryonic visceral endoderm
CACTGAACACCGGAAA,NMP
CACTGAACAGATACTC,Gut endoderm
CACTGAAGTAGCGTAG,Forebrain/midbrain
CACTGAAGTCTCACGG,Hindbrain
CACTGAATCAAGTTGC,Endothelium
CACTGAATCAGCAGAG,Gut endoderm
CACTGAATCCGGTAGC,Paraxial mesoderm
CACTGAATCCTACTGC,Lateral plate and intermediate mesoderm
CACTGAATCCTGTTAT,Primitive erythroid cells
CACTGGGAGGCCTTGC,Paraxial mesoderm
CACTGGGAGTTTGGCT,Primitive erythroid cells
CACTGGGCAACCGCTG,Hematoendothelial progenitors
CACTGGGGTAAGTAGT,Primitive erythroid cells
CACTGGGGTACGTAGG,Paraxial mesoderm
CACTGGGGTATCGTGT,NMP
CACTGGGGTCGCCTAG,Surface ectoderm
CACTGGGGTCGTCAGC,Forebrain/midbrain
CACTGGGGTGAGTGAC,Endothelium
CACTGGGGTGCAGTGA,Spinal cord
CACTGGGGTGGTCAAG,Extraembryonic visceral endoderm
CACTGGGGTTTACTTC,Extraembryonic visceral endoderm
CACTGGGTCAGGAAGC,Lateral plate and intermediate mesoderm
CACTGGGTCGCGGACT,Cranial neural crest
CACTGGGTCGTAATGC,Extraembryonic visceral endoderm
CACTGGGTCTTAGCTT,Second heart field
CACTGTCAGCAAGCCA,Primitive erythroid cells
CACTGTCAGCGAAACC,Forebrain/midbrain
CACTGTCAGCGCTTCG,Endothelium
CACTGTCAGCTCCCTT,Primitive erythroid cells
CACTGTCAGGGCTTCC,Lateral plate and intermediate mesoderm
CACTGTCAGTCATGCT,Paraxial mesoderm
CACTGTCCACTAAACC,Gut endoderm
CACTGTCCAGATAAAC,Endothelium
CACTGTCCAGCTACCG,Cranial neural crest
CACTGTCCAGGTGTTT,Extraembryonic visceral endoderm
CACTGTCGTATGCAAA,NMP
CACTGTCGTCTTCCGT,NMP
CACTGTCTCAACGAGG,Hindbrain
CACTGTCTCGCCTTGT,Primitive erythroid cells
CACTGTCTCTACCCAC,Allantois
CACTTCGAGCATGGGT,Surface ectoderm
CACTTCGAGCCTCTCT,Primitive erythroid cells
CACTTCGAGCCTTGAT,Surface ectoderm
CACTTCGAGCGTTACT,Hindbrain
CACTTCGAGTCACGCC,Primitive erythroid cells
CACTTCGCAACAAGAT,Extraembryonic visceral endoderm
CACTTCGCACTTACAG,Lateral plate and intermediate mesoderm
CACTTCGCAGACCCGT,Gut endoderm
CACTTCGCAGGAGGTT,Extraembryonic visceral endoderm
CACTTCGGTAGTCGGA,Primitive erythroid cells
CACTTCGGTCACTCGG,Hindbrain
CACTTCGGTCCGTTTC,Forebrain/midbrain
CACTTCGGTCGAGTTT,Paraxial mesoderm
CACTTCGGTCTTGCGG,Forebrain/midbrain
CACTTCGTCACCATCC,Extraembryonic visceral endoderm
CACTTCGTCCATTCGC,Hindbrain
CACTTCGTCCGTCAAA,Extraembryonic visceral endoderm
CACTTCGTCCGTGTAA,Lateral plate and intermediate mesoderm
CACTTCGTCTAGAGCT,Forebrain/midbrain
CACTTCGTCTTACTGT,NMP
CAGAGCCCAACGAGGT,Primitive erythroid cells
CAGAGCCCACATCCCT,Primitive erythroid cells
CAGAGCCCACCTCAGG,NMP
CAGAGCCCACTCAAGT,Extraembryonic visceral endoderm
CAGAGCCCAGCTCTGG,Lateral plate and intermediate mesoderm
CAGAGCCCATAGTCGT,Extraembryonic visceral endoderm
CAGAGCCCATGACCCG,Paraxial mesoderm
CAGAGCCGTAAGGCCA,Primitive erythroid cells
CAGAGCCGTCAACATC,Surface ectoderm
CAGAGCCGTGTCCCTT,Primitive erythroid cells
CAGAGCCGTTCGTGCG,Primitive erythroid cells
CAGAGCCTCAAGTGTC,Primitive erythroid cells
CAGAGCCTCACATACG,Primitive erythroid cells
CAGAGCCTCCATACAG,Lateral plate and intermediate mesoderm
CAGAGCCTCCGTCCTA,Primitive erythroid cells
CAGAGCCTCTGGCCTT,Primitive erythroid cells
CAGATACAGAGCAACC,Surface ectoderm
CAGATACAGATCCTAC,Primitive erythroid cells
CAGATACAGGGCCTCT,Primitive erythroid cells
CAGATACAGGTTAGTA,Surface ectoderm
CAGATACAGTTGTCGT,Primitive erythroid cells
CAGATACCAAACTAAG,Primitive erythroid cells
CAGATACCAAATTAGG,Primitive erythroid cells
CAGATACCAAGCGATG,First heart field
CAGATACCAGAGGACT,Surface ectoderm
CAGATACCAGCGTACC,Extraembryonic visceral endoderm
CAGATACCAGGCCCTA,Paraxial mesoderm
CAGATACCAGTATTCG,NMP
CAGATACCATGACTCA,NMP
CAGATACGTCTCAGGC,Primitive erythroid cells
CAGATACGTCTCGGAC,Endothelium
CAGATACGTGGAACCA,Primitive erythroid cells
CAGATACGTGTATTGC,Primitive erythroid cells
CAGATACTCGAACGGA,Hindbrain
CAGATACTCGGCTGTG,Gut endoderm
CAGATACTCGGTCTGG,Lateral plate and intermediate mesoderm
CAGATCAAGAAGAACG,Forebrain/midbrain
CAGATCAAGACTCCGC,Primitive erythroid cells
CAGATCAAGCAGCGAT,Paraxial mesoderm
CAGATCAAGCTCATAC,Primitive erythroid cells
CAGATCAAGTTAACAG,Forebrain/midbrain
CAGATCACACGACGAA,Primitive erythroid cells
CAGATCACAGTACTAC,Primitive erythroid cells
CAGATCACATGCCGGT,Surface ectoderm
CAGATCACATGGCACC,Allantois
CAGATCAGTACTGCCG,Endothelium
CAGATCAGTCGCTCGA,Forebrain/midbrain
CAGATCAGTTCGATTG,NMP
CAGATCATCAAAGACA,Primitive erythroid cells
CAGATCATCGATGGAG,Hindbrain
CAGATCATCGTCTAAG,Forebrain/midbrain
CAGATCATCTCAACCC,Primitive erythroid cells
CAGATTGCAAACGAGC,Primitive erythroid cells
CAGATTGCAAACGTGG,Primitive erythroid cells
CAGATTGCACAAATAG,Gut endoderm
CAGATTGCACTCCACT,Hindbrain
CAGATTGCAGACGGAT,Extraembryonic visceral endoderm
CAGATTGCAGAGGTTG,Extraembryonic visceral endoderm
CAGATTGCATAGTCGT,Extraembryonic visceral endoderm
CAGATTGCATCGCCTT,Primitive erythroid cells
CAGATTGGTAACAGGC,Extraembryonic visceral endoderm
CAGATTGGTGACGTCC,Forebrain/midbrain
CAGATTGGTTAGAAGT,Primitive erythroid cells
CAGATTGTCAATGTCG,Hindbrain
CAGATTGTCACGTCCT,Primitive erythroid cells
CAGATTGTCAGCCCAG,NMP
CAGATTGTCCTGGTCT,Primitive erythroid cells
CAGATTGTCGATCCCT,Primitive erythroid cells
CAGATTGTCTAGGAAA,Hindbrain
CAGATTGTCTGCTTTA,Primitive erythroid cells
CAGCAATAGAACCGCA,Hindbrain
CAGCAATAGACTGTTC,Hindbrain
CAGCAATAGGCTGAAC,Gut endoderm
CAGCAATAGGGATCTG,Primitive erythroid cells
CAGCAATCATGTGACT,Forebrain/midbrain
CAGCAATGTGAATATG,Surface ectoderm
CAGCAATGTGGTCCGT,Surface ectoderm
CAGCAATGTGTCACAT,Primitive erythroid cells
CAGCAATGTTGTGTTG,NMP
CAGCAATTCACCATGA,Hindbrain
CAGCAATTCCGATCGG,Endothelium
CAGCAATTCGGTTAGT,Primitive erythroid cells
CAGCAATTCTGACAGT,Primitive erythroid cells
CAGCACGAGCATGCGA,Primitive erythroid cells
CAGCACGAGGCACTAG,Primitive erythroid cells
CAGCACGAGTATGTAG,Endothelium
CAGCACGAGTCTCCTC,Extraembryonic visceral endoderm
CAGCACGAGTTGCCCG,Hematoendothelial progenitors
CAGCACGCACAATGAA,Extraembryonic visceral endoderm
CAGCACGCACATAGCT,Primitive erythroid cells
CAGCACGCAGCGCGTT,Lateral plate and intermediate mesoderm
CAGCACGCAGTCAGTT,Lateral plate and intermediate mesoderm
CAGCACGCATTCCTAT,Lateral plate and intermediate mesoderm
CAGCACGGTACCTATG,NMP
CAGCACGGTCCATAGT,Gut endoderm
CAGCACGGTGTGACCC,Primitive erythroid cells
CAGCACGTCGGTAGAG,Extraembryonic visceral endoderm
CAGCACGTCTATTCGT,Primitive erythroid cells
CAGCAGCAGAGAGTGA,Hindbrain
CAGCAGCAGGACAACC,Lateral plate and intermediate mesoderm
CAGCAGCGTTCCGCGA,Extraembryonic visceral endoderm
CAGCAGCTCACTGAAC,Primitive erythroid cells
CAGCAGCTCCCATAAG,Surface ectoderm
CAGCAGCTCCTAAGTG,Surface ectoderm
CAGCAGCTCGTAGCCG,Gut endoderm
CAGCAGCTCTGTCGCT,Placodal area
CAGCCAGAGCACCTGC,Hindbrain
CAGCCAGAGGAACATT,Surface ectoderm
CAGCCAGAGGTACTGG,Endothelium
CAGCCAGCACCGGCTA,NMP
CAGCCAGGTCGGCACT,Surface ectoderm
CAGCCAGGTGAGTTGG,Primitive erythroid cells
CAGCCAGGTGCCTAAT,Primitive erythroid cells
CAGCCAGGTTGGGATG,Cranial neural crest
CAGCCAGGTTGTAAAG,Primitive erythroid cells
CAGCCAGTCCTGATAG,NMP
CAGCCAGTCTATTTCG,Primitive erythroid cells
CAGCCAGTCTCACTCG,Primitive erythroid cells
CAGCCAGTCTCTGCCA,Lateral plate and intermediate mesoderm
CAGCGTGAGACATATG,Extraembryonic visceral endoderm
CAGCGTGAGACCACGA,Surface ectoderm
CAGCGTGAGAGCAGCT,Hematoendothelial progenitors
CAGCGTGAGATGACAT,Hindbrain
CAGCGTGAGATTACCC,Primitive erythroid cells
CAGCGTGAGCTAAATG,Forebrain/midbrain
CAGCGTGAGTAGTCTC,Cranial neural crest
CAGCGTGAGTTACTCG,Primitive erythroid cells
CAGCGTGAGTTGAAAC,Paraxial mesoderm
CAGCGTGCAATAGTGA,Lateral plate and intermediate mesoderm
CAGCGTGCACTGTCGG,Primitive erythroid cells
CAGCGTGCAGCTTTCC,Extraembryonic visceral endoderm
CAGCGTGCAGGCCCTA,Primitive erythroid cells
CAGCGTGCAGGCTTGC,Endothelium
CAGCGTGCATTGCAAC,Extraembryonic visceral endoderm
CAGCGTGGTACTAGCT,First heart field
CAGCGTGGTAGCGTTT,Hindbrain
CAGCGTGGTAGTTCCA,Forebrain/midbrain
CAGCGTGGTCAAAGAT,Allantois
CAGCGTGGTTCAAGTC,Primitive erythroid cells
CAGCGTGGTTCTCTCG,Primitive erythroid cells
CAGCGTGGTTTGAACC,Surface ectoderm
CAGCGTGTCACCTGTC,Surface ectoderm
CAGCGTGTCCATCAGA,Extraembryonic visceral endoderm
CAGCGTGTCGCAGTCG,Gut endoderm
CAGCGTGTCGGCAGTC,Primitive erythroid cells
CAGCGTGTCGTTTACT,Hindbrain
CAGCGTGTCTCTCTTC,Forebrain/midbrain
CAGGCCAAGATCCAAA,Primitive erythroid cells
CAGGCCAAGGGATGTC,Primitive erythroid cells
CAGGCCAAGGTGCAGT,Lateral plate and intermediate mesoderm
CAGGCCAAGTAAACAC,Primitive erythroid cells
CAGGCCAAGTGCAGCA,Forebrain/midbrain
CAGGCCACAATGAGCG,Extraembryonic visceral endoderm
CAGGCCACAGGGAATC,Lateral plate and intermediate mesoderm
CAGGCCACAGGGCTTC,Surface ectoderm
CAGGCCAGTACTGCGC,Primitive erythroid cells
CAGGCCAGTGGGATTG,Hindbrain
CAGGCCAGTTTCGTAG,Forebrain/midbrain
CAGGCCATCCGGCAGT,Hindbrain
CAGGCCATCGCCTTGT,Forebrain/midbrain
CAGGGCTAGGTCCGAA,Lateral plate and intermediate mesoderm
CAGGGCTAGGTCGTAG,Primitive erythroid cells
CAGGGCTAGTCCGTCG,Paraxial mesoderm
CAGGGCTCAAGAGCTG,Surface ectoderm
CAGGGCTCAATTTCTC,Primitive erythroid cells
CAGGGCTGTATCATGC,Lateral plate and intermediate mesoderm
CAGGGCTGTATGCTAC,Surface ectoderm
CAGGGCTGTCAGACGA,Paraxial mesoderm
CAGGGCTGTCTACAAC,Primitive erythroid cells
CAGGGCTGTGGACTGA,Surface ectoderm
CAGGGCTGTTAAAGTG,Allantois
CAGGGCTTCAAGCCTA,Forebrain/midbrain
CAGGGCTTCATCAGTG,Lateral plate and intermediate mesoderm
CAGGGCTTCGCGGACT,Gut endoderm
CAGGGCTTCGTGCACG,Primitive erythroid cells
CAGGTATAGACAGCGT,Endothelium
CAGGTATCAAAGCAAT,Extraembryonic visceral endoderm
CAGGTATCACATCATG,Extraembryonic visceral endoderm
CAGGTATCACTTGGCG,Hindbrain
CAGGTATGTAAGCAAT,Placodal area
CAGGTATGTATGAGAT,NMP
CAGGTATGTCTTGTCC,Extraembryonic visceral endoderm
CAGGTATGTTAAGGGC,Forebrain/midbrain
CAGGTATGTTGTCCCT,NMP
CAGGTATTCACAAGAA,Hematoendothelial progenitors
CAGGTATTCCAGTACA,NMP
CAGGTATTCGGAAACG,Hindbrain
CAGGTATTCTTAATCC,Primitive erythroid cells
CAGGTATTCTTCTAAC,Endothelium
CAGTGCGAGCAGTACG,Hindbrain
CAGTGCGAGCCGGAAT,Primitive erythroid cells
CAGTGCGAGTTGGAGC,Hematoendothelial progenitors
CAGTGCGCACCAGCCA,Hindbrain
CAGTGCGCACCGGTCA,Hindbrain
CAGTGCGCACTGGCGT,Primitive erythroid cells
CAGTGCGGTAACCCTA,Paraxial mesoderm
CAGTGCGGTCCACAGC,Lateral plate and intermediate mesoderm
CAGTGCGTCAGCTTCC,Paraxial mesoderm
CAGTGCGTCCATGCAA,Primitive erythroid cells
CAGTTAGAGTTCCGTA,Cranial neural crest
CAGTTAGCAGGTCAAG,Endothelium
CAGTTAGCATCGATCA,Lateral plate and intermediate mesoderm
CAGTTCCAGCAACTCT,First heart field
CAGTTCCAGCAATAGT,Primitive erythroid cells
CAGTTCCAGCACTCCG,Primitive erythroid cells
CAGTTCCAGCGACTTT,Extraembryonic visceral endoderm
CAGTTCCAGCGCCATC,Extraembryonic visceral endoderm
CAGTTCCAGCGTGCTC,Lateral plate and intermediate mesoderm
CAGTTCCAGGCGAACT,NMP
CAGTTCCAGTGAGGTC,Extraembryonic visceral endoderm
CAGTTCCAGTTGTAAG,Surface ectoderm
CAGTTCCCAACTTGCA,Forebrain/midbrain
CAGTTCCCAAGTGTCT,Lateral plate and intermediate mesoderm
CAGTTCCCACTACCGG,Hindbrain
CAGTTCCCAGCTTTGA,Extraembryonic visceral endoderm
CAGTTCCCATCCTGTC,Lateral plate and intermediate mesoderm
CAGTTCCGTAACATCC,Primitive erythroid cells
CAGTTCCGTAAGATTG,Primitive erythroid cells
CAGTTCCGTACTAAGA,Surface ectoderm
CAGTTCCGTCGTGCCA,Primitive erythroid cells
CAGTTCCGTTATCCAG,Primitive erythroid cells
CATAAGCAGAAACTCA,Lateral plate and intermediate mesoderm
CATAAGCAGCTAAACA,NMP
CATAAGCAGCTCTTCC,Forebrain/midbrain
CATAAGCCAGTAGTGG,Lateral plate and intermediate mesoderm
CATAAGCCAGTCTTCC,Extraembryonic visceral endoderm
CATAAGCGTGATACAA,Paraxial mesoderm
CATAAGCTCAACTACG,Primitive erythroid cells
CATAAGCTCCGAAGGA,Primitive erythroid cells
CATAAGCTCCGAGTGC,Extraembryonic visceral endoderm
CATAAGCTCGTCGGGT,Primitive erythroid cells
CATAAGCTCTTCGGAA,Placodal area
CATACAGAGAAAGTCT,Primitive erythroid cells
CATACAGAGCTTCTAG,Primitive erythroid cells
CATACAGAGGTTGTTC,Extraembryonic visceral endoderm
CATACAGCACGAGAAC,Extraembryonic visceral endoderm
CATACAGCACGGCTAC,Forebrain/midbrain
CATACAGCACTAGTAC,Hematoendothelial progenitors
CATACAGCACTCCGAG,Primitive erythroid cells
CATACAGCATACCACA,Paraxial mesoderm
CATACAGGTAAGCAAT,Extraembryonic visceral endoderm
CATACAGGTACCGTCG,Surface ectoderm
CATACAGGTGAGTTGG,Forebrain/midbrain
CATACAGGTGGCTCTG,Forebrain/midbrain
CATACAGGTGGTAACG,Primitive erythroid cells
CATACAGTCCGGTAAT,Forebrain/midbrain
CATACAGTCGCCAACG,Primitive erythroid cells
CATACAGTCTGGAGAG,Surface ectoderm
CATACCCAGACATCCT,First heart field
CATACCCAGACTTGTC,Hindbrain
CATACCCAGCTACTAC,Endothelium
CATACCCAGGACAGCT,Gut endoderm
CATACCCAGGCAGGTT,Extraembryonic visceral endoderm
CATACCCAGTCCTGTA,Lateral plate and intermediate mesoderm
CATACCCCAAACACGG,Primitive erythroid cells
CATACCCCAAGGACAC,Primitive erythroid cells
CATACCCCATGTTTGG,Notochord
CATACCCGTACAATAG,Extraembryonic visceral endoderm
CATACCCTCATGCTAG,NMP
CATACCCTCCCTTTGG,Extraembryonic visceral endoderm
CATACCCTCGCTTAAG,Forebrain/midbrain
CATACCCTCTCGTTTA,Primitive erythroid cells
CATACCCTCTGAGGTT,Extraembryonic visceral endoderm
CATACTTAGCATTTCG,Primitive erythroid cells
CATACTTAGGGATGTC,Primitive erythroid cells
CATACTTAGTGCTAGG,Extraembryonic visceral endoderm
CATACTTAGTGGCCTC,Extraembryonic visceral endoderm
CATACTTCAAGGCAAC,Surface ectoderm
CATACTTCAATCAGCT,Primitive erythroid cells
CATACTTCAGTCTGGC,Primitive erythroid cells
CATACTTCAGTGTGCC,Hindbrain
CATACTTGTATGAAGT,Primitive erythroid cells
CATACTTGTCGCTTAA,Primitive erythroid cells
CATACTTGTGACTCTA,Primitive erythroid cells
CATACTTTCAAACCCA,Extraembryonic visceral endoderm
CATACTTTCGCTGATA,Primitive erythroid cells
CATACTTTCGGTATGT,Extraembryonic visceral endoderm
CATAGACAGCAATTAG,Primitive erythroid cells
CATAGACAGCCAAGCA,Extraembryonic visceral endoderm
CATAGACAGCCATATC,Extraembryonic visceral endoderm
CATAGACAGCTCAGAG,Paraxial mesoderm
CATAGACAGGCTCTCG,First heart field
CATAGACAGGCTGGAT,Allantois
CATAGACAGGTAAAGG,Lateral plate and intermediate mesoderm
CATAGACAGGTCTGGA,Allantois
CATAGACAGTTATGGA,Hindbrain
CATAGACCAGCGTACC,Amniotic ectoderm
CATAGACCAGTCGGAA,Primitive erythroid cells
CATAGACCATACATCG,Hindbrain
CATAGACCATACTTTC,Paraxial mesoderm
CATAGACGTCCAGCAC,Extraembryonic visceral endoderm
CATAGACGTGGTCTAT,Lateral plate and intermediate mesoderm
CATAGACTCGAGCCTG,Forebrain/midbrain
CATAGACTCGTTCCCA,Primitive erythroid cells
CATAGACTCTCTGAGA,Amniotic ectoderm
CATAGACTCTTCTTCC,Lateral plate and intermediate mesoderm
CATAGACTCTTTCGAT,Extraembryonic visceral endoderm
CATCAAGAGAAACCCG,NMP
CATCAAGAGAACTCCT,Lateral plate and intermediate mesoderm
CATCAAGAGCACGATG,Forebrain/midbrain
CATCAAGAGCACTCCG,Gut endoderm
CATCAAGAGCGTTACT,Gut endoderm
CATCAAGAGCTGCCTG,Surface ectoderm
CATCAAGCAAGCGGAT,Surface ectoderm
CATCAAGCAATTAGGA,NMP
CATCAAGCACCCTAGG,Extraembryonic visceral endoderm
CATCAAGCATAATCGC,Paraxial mesoderm
CATCAAGGTCATGGCC,Surface ectoderm
CATCAAGGTTCATCGA,Cranial neural crest
CATCAAGGTTCTCCAC,NMP
CATCAAGGTTTGAACC,Primitive erythroid cells
CATCAAGTCAGACTGT,Surface ectoderm
CATCAAGTCCAGCCTT,Extraembryonic visceral endoderm
CATCAAGTCCATTTAC,Surface ectoderm
CATCAAGTCCGTGTCT,Extraembryonic visceral endoderm
CATCAAGTCGTTCTGC,Hindbrain
CATCCACAGAGTTGAT,Endothelium
CATCCACAGCACTCAT,Placodal area
CATCCACCAGTCTTCC,Lateral plate and intermediate mesoderm
CATCCACCAGTTGAAA,Hindbrain
CATCCACCATAGCTGT,Extraembryonic visceral endoderm
CATCCACCATTGCCTC,Forebrain/midbrain
CATCCACGTCCTCCAT,Forebrain/midbrain
CATCCACGTGGGACAT,Lateral plate and intermediate mesoderm
CATCCACTCGCTGCGA,Allantois
CATCCACTCTTTGCTA,NMP
CATCCCAAGCCGGAAT,Extraembryonic visceral endoderm
CATCCCAAGGCGATAC,Hindbrain
CATCCCAAGTCCCGAC,Lateral plate and intermediate mesoderm
CATCCCACAGCAGTCC,Primitive erythroid cells
CATCCCACATGGATCT,Endothelium
CATCCCAGTCGTAATC,Primitive erythroid cells
CATCCCAGTCGTACTA,Extraembryonic visceral endoderm
CATCCCAGTGCTTCAA,Primitive erythroid cells
CATCCCAGTTATGACC,Primitive erythroid cells
CATCCCATCAAAGGTA,Forebrain/midbrain
CATCCCATCAAGGACG,Amniotic ectoderm
CATCCCATCCTTACCG,Primitive erythroid cells
CATCCCATCTTGAGCA,Surface ectoderm
CATCCGTAGAGAGAAC,Gut endoderm
CATCCGTAGATAGTCA,Primitive erythroid cells
CATCCGTAGCAGATAT,Forebrain/midbrain
CATCCGTAGGCCTAAG,Primitive erythroid cells
CATCCGTAGGTGCTGA,Primitive erythroid cells
CATCCGTCAGAGTTCT,Extraembryonic visceral endoderm
CATCCGTCAGGATGAC,NMP
CATCCGTCATGGGCAA,Extraembryonic visceral endoderm
CATCCGTGTAAGATAC,Primitive erythroid cells
CATCCGTGTCACTGAT,First heart field
CATCCGTGTCCAAAGG,Primitive erythroid cells
CATCCGTGTCCGATCG,Primitive erythroid cells
CATCCGTGTGCCCGTA,Paraxial mesoderm
CATCCGTGTGCTCGTG,Extraembryonic visceral endoderm
CATCCGTGTTAACAGA,Surface ectoderm
CATCCGTGTTAAGCAA,Hindbrain
CATCCGTGTTGTGCAT,Forebrain/midbrain
CATCCGTTCAGAGTGG,Extraembryonic visceral endoderm
CATCCGTTCCCTCTAG,Surface ectoderm
CATCCGTTCGGCAGTC,Primitive erythroid cells
CATCCGTTCTTACCAT,Primitive erythroid cells
CATCGCTAGAGTAACT,Amniotic ectoderm
CATCGCTAGCGCACAA,Primitive erythroid cells
CATCGCTCAACAGTGG,Extraembryonic visceral endoderm
CATCGCTCAAGCGAGT,Forebrain/midbrain
CATCGCTCACAGCCTG,Extraembryonic visceral endoderm
CATCGCTCACTAACCA,Surface ectoderm
CATCGCTCACTTGGCG,Extraembryonic visceral endoderm
CATCGCTCATGGACAG,Lateral plate and intermediate mesoderm
CATCGCTCATTCCTCG,Primitive erythroid cells
CATCGCTGTAAGCTCT,Forebrain/midbrain
CATCGCTGTACCGTGC,Primitive erythroid cells
CATCGCTGTACTGAGG,Primitive erythroid cells
CATCGCTGTGACTCTA,Hindbrain
CATCGCTGTGTTCGAT,First heart field
CATCGCTGTTCCGCTT,Extraembryonic visceral endoderm
CATCGCTTCAGCGCGT,Endothelium
CATCGCTTCCATATGG,Forebrain/midbrain
CATCGCTTCTCTTAAC,Paraxial mesoderm
CATCGGGAGAATGTTG,Forebrain/midbrain
CATCGGGAGACATATG,Lateral plate and intermediate mesoderm
CATCGGGCAAAGCGTG,Paraxial mesoderm
CATCGGGCACCTGCAG,Hindbrain
CATCGGGCAGACATCT,Gut endoderm
CATCGGGCAGAGTCTT,Primitive erythroid cells
CATCGGGCAGCGACAA,Hindbrain
CATCGGGCAGGACGAT,Primitive erythroid cells
CATCGGGCAGGTCAGA,Surface ectoderm
CATCGGGGTCCTGGTG,Extraembryonic visceral endoderm
CATCGGGTCAACCTCC,Primitive erythroid cells
CATCGGGTCTGTTGGA,Forebrain/midbrain
CATCGTCAGATAGTGT,Amniotic ectoderm
CATCGTCAGTCAATCC,Primitive erythroid cells
CATCGTCCAACACACT,First heart field
CATCGTCCAAGCGAGT,Surface ectoderm
CATCGTCGTCTAGTGT,Primitive erythroid cells
CATCGTCGTGCAATAA,Forebrain/midbrain
CATCGTCGTTGAATCC,Forebrain/midbrain
CATCGTCGTTGGGATG,Primitive erythroid cells
CATCGTCTCGCCAATA,Primitive erythroid cells
CATCGTCTCGCCGAGT,Amniotic ectoderm
CATCGTCTCGGAGTGA,Extraembryonic visceral endoderm
CATCGTCTCTGCGGCA,Extraembryonic visceral endoderm
CATCGTCTCTGGCCTT,Extraembryonic visceral endoderm
CATGAGTAGACTTGTC,Hindbrain
CATGAGTAGATGCTTC,Primitive erythroid cells
CATGAGTAGTGGTGGT,Hindbrain
CATGAGTCACAATGAA,Paraxial mesoderm
CATGAGTCAGATAAAC,Amniotic ectoderm
CATGAGTCAGGTCAGA,Extraembryonic visceral endoderm
CATGAGTCATCGAACT,Lateral plate and intermediate mesoderm
CATGAGTCATCGCTAA,Lateral plate and intermediate mesoderm
CATGAGTCATGGGTTT,Extraembryonic visceral endoderm
CATGAGTGTCTTCATT,Surface ectoderm
CATGAGTGTGTCGATT,Primitive erythroid cells
CATGAGTTCATCCTAT,Extraembryonic visceral endoderm
CATGAGTTCCAATGCA,Extraembryonic visceral endoderm
CATGAGTTCGAGAGAC,Extraembryonic visceral endoderm
CATGAGTTCGGTATGT,NMP
CATGCAAAGATCCTAC,Allantois
CATGCAAAGATTCGCT,Hindbrain
CATGCAAAGCATACTC,Hindbrain
CATGCAAAGTACAGAT,Paraxial mesoderm
CATGCAACAAGCCCAC,Extraembryonic visceral endoderm
CATGCAACACTTCAAG,NMP
CATGCAACATGCGTGC,Hindbrain
CATGCAAGTCTAACGT,NMP
CATGCAAGTGACCGAA,Extraembryonic visceral endoderm
CATGCAAGTGAGGATC,Extraembryonic visceral endoderm
CATGCAAGTGGATACG,Lateral plate and intermediate mesoderm
CATGCAAGTTCTCGTC,Extraembryonic visceral endoderm
CATGCAATCCGACGGT,Forebrain/midbrain
CATGCAATCCTACCGT,Hindbrain
CATGCAATCTCCGCAT,Hindbrain
CATGCCTAGGTAAGAG,Primitive erythroid cells
CATGCCTAGGTGCATG,Primitive erythroid cells
CATGCCTCACTGGAAG,Forebrain/midbrain
CATGCCTCAGAATCGG,Lateral plate and intermediate mesoderm
CATGCCTCATCTGTTT,Extraembryonic visceral endoderm
CATGCCTGTATCAAGA,Endothelium
CATGCCTGTTGTGTAC,Extraembryonic visceral endoderm
CATGCCTTCACAAGGG,Allantois
CATGCCTTCACACCGG,Primitive erythroid cells
CATGCCTTCGCTAAAC,Lateral plate and intermediate mesoderm
CATGCCTTCTCATGCC,Primitive erythroid cells
CATGCCTTCTCTAGGA,Primitive erythroid cells
CATGCGGAGCGACTTT,Hindbrain
CATGCGGAGCTAGTTC,Forebrain/midbrain
CATGCGGAGTACTCGT,Primitive erythroid cells
CATGCGGCACGCCACA,Extraembryonic visceral endoderm
CATGCGGCAGTTGTTG,Primitive erythroid cells
CATGCGGCATATGCGT,Lateral plate and intermediate mesoderm
CATGCGGCATGACTAC,Endothelium
CATGCGGCATTAGGCT,Primitive erythroid cells
CATGCGGGTCAAAGCG,Extraembryonic visceral endoderm
CATGCGGGTCTAATCG,Primitive erythroid cells
CATGCGGGTGTCATGT,Lateral plate and intermediate mesoderm
CATGCGGGTTCCAAAC,Surface ectoderm
CATGCGGTCCTAGCTC,Primitive erythroid cells
CATGCGGTCTATCGTT,Gut endoderm
CATGCTCAGAGGATGA,Allantois
CATGCTCAGGGACAGG,Primitive erythroid cells
CATGCTCAGTGGTGAC,Hindbrain
CATGCTCCAAACTCGT,Lateral plate and intermediate mesoderm
CATGCTCCACAGACGA,Hindbrain
CATGCTCCAGTGGGTA,Surface ectoderm
CATGCTCCAGTTTGGT,Paraxial mesoderm
CATGCTCCATGACACT,Primitive erythroid cells
CATGCTCGTCAAATCC,Forebrain/midbrain
CATGCTCTCATCGGGC,Extraembryonic visceral endoderm
CATGCTCTCATTGCTT,Hindbrain
CATGCTCTCCATGCAA,Extraembryonic visceral endoderm
CATGCTCTCGTGGGTC,Lateral plate and intermediate mesoderm
CATGCTCTCTAGGCAT,Gut endoderm
CATGCTCTCTCTCGAC,Cranial neural crest
CATGCTCTCTTTCCAA,Forebrain/midbrain
CATGGATAGAAACTGT,Placodal area
CATGGATAGACGGTCA,Primitive erythroid cells
CATGGATAGAGCATCG,Paraxial mesoderm
CATGGATCAATACGAA,Surface ectoderm
CATGGATGTCAAATCC,Gut endoderm
CATGGATGTCCAGAAG,Primitive erythroid cells
CATGGATGTTATCTTC,Primitive erythroid cells
CATGGATTCAAGATAG,Primitive erythroid cells
CATGGATTCATGTCTT,Extraembryonic visceral endoderm
CATGGATTCGGTAACT,Extraembryonic visceral endoderm
CATGGTAAGATCCGAG,Primitive erythroid cells
CATGGTAAGATGTTAG,Endothelium
CATGGTAAGCAACAAT,Extraembryonic visceral endoderm
CATGGTAAGGGAGGGT,Endothelium
CATGGTACAAACACGG,Cranial neural crest
CATGGTACAAATCGTC,Lateral plate and intermediate mesoderm
CATGGTAGTATCAGCT,Lateral plate and intermediate mesoderm
CATGGTAGTTCAGCGC,Forebrain/midbrain
CATGGTAGTTCAGCTA,Extraembryonic visceral endoderm
CATGGTATCCATGAGT,Primitive erythroid cells
CATGGTATCCGGTTCT,Primitive erythroid cells
CATGGTATCGCAGTTA,Amniotic ectoderm
CATGGTATCGCCTTGT,Forebrain/midbrain
CATTCATAGATGATTG,Primitive erythroid cells
CATTCATAGCCGTTGC,Amniotic ectoderm
CATTCATAGCTGGCTC,Gut endoderm
CATTCATAGGCCTGAA,Allantois
CATTCATCAGCCTATA,Surface ectoderm
CATTCATCATAACTCG,Primitive erythroid cells
CATTCATCATCCTTCG,Lateral plate and intermediate mesoderm
CATTCATGTATCCTTT,Lateral plate and intermediate mesoderm
CATTCATGTCAACGCC,Placodal area
CATTCATGTCACCTTC,Extraembryonic visceral endoderm
CATTCATGTCATCTAG,Surface ectoderm
CATTCATTCCCTTCCC,Paraxial mesoderm
CATTCATTCGACCCAG,Primitive erythroid cells
CATTCCGAGACGGAAA,Primitive erythroid cells
CATTCCGAGCGGTAGT,Primitive erythroid cells
CATTCCGAGGCGAAGG,Surface ectoderm
CATTCCGAGTCTTCCC,Extraembryonic visceral endoderm
CATTCCGCAAGAGCTG,Primitive erythroid cells
CATTCCGCACAGTCGC,Endothelium
CATTCCGCACTAGGTT,Lateral plate and intermediate mesoderm
CATTCCGCAGTCTCTC,Extraembryonic visceral endoderm
CATTCCGCATAGATCC,Primitive erythroid cells
CATTCCGCATGTGGTT,Extraembryonic visceral endoderm
CATTCCGGTAACACGG,Extraembryonic visceral endoderm
CATTCCGGTAACAGGC,Primitive erythroid cells
CATTCCGGTATGCAAA,Hindbrain
CATTCCGGTCCCAAAT,Extraembryonic visceral endoderm
CATTCCGGTCCTTAAG,Lateral plate and intermediate mesoderm
CATTCCGGTTGCTCCT,Primitive erythroid cells
CATTCCGTCAGAGCAG,Cranial neural crest
CATTCCGTCCTGCTAC,Forebrain/midbrain
CATTCCGTCGTAACCA,Hindbrain
CATTCCGTCTGCTTAT,Extraembryonic visceral endoderm
CATTCCGTCTTTGCAT,Primitive erythroid cells
CATTCTAAGAAGTGTT,Lateral plate and intermediate mesoderm
CATTCTAAGACACACG,Forebrain/midbrain
CATTCTAAGGTTACAA,Paraxial mesoderm
CATTCTAAGTCATGGG,Primitive erythroid cells
CATTCTACAAAGGCGT,Paraxial mesoderm
CATTCTACACAACGAG,Extraembryonic visceral endoderm
CATTCTACACCATAAC,Extraembryonic visceral endoderm
CATTCTACAGTCGCAC,Primitive erythroid cells
CATTCTACATAAGATG,Extraembryonic visceral endoderm
CATTCTACATCCCGTT,Primitive erythroid cells
CATTCTACATTAAGCC,Primitive erythroid cells
CATTCTAGTAAGTTAG,Hematoendothelial progenitors
CATTCTAGTACCGTGC,Primitive erythroid cells
CATTCTAGTGATTGGG,Forebrain/midbrain
CATTCTATCCCAACTC,Primitive erythroid cells
CATTCTATCGACCTAA,Cranial neural crest
CATTCTATCGGTGTAT,Hindbrain
CATTGAGAGCGTCGAA,Hematoendothelial progenitors
CATTGAGAGGCCATAG,Extraembryonic visceral endoderm
CATTGAGAGTAACGTA,Paraxial mesoderm
CATTGAGGTCTAGATC,Amniotic ectoderm
CATTGAGGTTGCAACT,Primitive erythroid cells
CATTGAGTCACGAACT,Primitive erythroid cells
CATTGAGTCAGCTTGA,Primitive erythroid cells
CATTGAGTCATGTCAG,Primitive erythroid cells
CATTGAGTCGCTAATG,NMP
CATTGAGTCGCTCTCA,Gut endoderm
CATTGAGTCGTGTTCC,Primitive erythroid cells
CATTGCCAGAAAGCGA,Extraembryonic visceral endoderm
CATTGCCAGACAGCTG,Extraembryonic visceral endoderm
CATTGCCAGCCATTCA,Hindbrain
CATTGCCAGGGTACAC,Surface ectoderm
CATTGCCCACACCGAC,Hindbrain
CATTGCCCACACCGCA,Primitive erythroid cells
CATTGCCCAGGATTCT,Surface ectoderm
CATTGCCGTAGGAGGG,Endothelium
CATTGCCGTCGACTTA,Endothelium
CATTGCCTCGATTTCT,Forebrain/midbrain
CATTGCCTCGTGGACC,Gut endoderm
CATTGCCTCTCTCAAT,Cranial neural crest
CATTGTTAGATGTTCC,Extraembryonic visceral endoderm
CATTGTTAGCGTTCAT,Forebrain/midbrain
CATTGTTCAAGTATAG,Lateral plate and intermediate mesoderm
CATTGTTCAGTCCGTG,Primitive erythroid cells
CATTGTTCATCAGCTA,Extraembryonic visceral endoderm
CATTGTTCATGTGGTT,Surface ectoderm
CATTGTTGTACTCCGG,Surface ectoderm
CATTGTTGTCAACATC,Extraembryonic visceral endoderm
CATTGTTGTCGCACAC,Amniotic ectoderm
CATTGTTGTGCTCCGA,Paraxial mesoderm
CATTGTTGTTAAGCAA,Primitive erythroid cells
CATTGTTGTTCCCAAA,Extraembryonic visceral endoderm
CATTGTTGTTGCATGT,Extraembryonic visceral endoderm
CATTGTTGTTTACTTC,Gut endoderm
CATTGTTTCCATTTGT,Hindbrain
CATTGTTTCCCAAGTA,Primitive erythroid cells
CATTGTTTCTCAACGA,Lateral plate and intermediate mesoderm
CATTTCAAGCATCCTA,Surface ectoderm
CATTTCAAGGTTAGTA,Hindbrain
CATTTCAGTCAACATC,Extraembryonic visceral endoderm
CATTTCAGTCCACTCT,Primitive erythroid cells
CATTTCAGTGTCTTGA,Amniotic ectoderm
CATTTCATCATCACTT,Paraxial mesoderm
CATTTCATCCGTCAAA,Extraembryonic visceral endoderm
CCAAGCGAGATCACTC,Primitive erythroid cells
CCAAGCGAGGCCTTGC,Gut endoderm
CCAAGCGCAATATCCG,Gut endoderm
CCAAGCGGTGGACCTC,Amniotic ectoderm
CCAAGCGGTTACCTTT,Extraembryonic visceral endoderm
CCAAGCGGTTCAGCGC,Hindbrain
CCAAGCGTCCAACCAA,Forebrain/midbrain
CCAAGCGTCTGGCCTT,Primitive erythroid cells
CCAAGCGTCTTCGGAA,Primitive erythroid cells
CCAATGAAGACGCAGT,Lateral plate and intermediate mesoderm
CCAATGAAGGAGGCAG,Lateral plate and intermediate mesoderm
CCAATGAAGGCATCTT,NMP
CCAATGAAGGTACTGG,Amniotic ectoderm
CCAATGAAGGTCGTGA,Forebrain/midbrain
CCAATGACAAGTGGTG,Primitive erythroid cells
CCAATGACACCCAACG,Hindbrain
CCAATGACAGACACAG,Primitive erythroid cells
CCAATGACATGGCTGC,Amniotic ectoderm
CCAATGACATTACTCT,Lateral plate and intermediate mesoderm
CCAATGAGTATTTCTC,Extraembryonic visceral endoderm
CCAATGAGTCATCGGC,Primitive erythroid cells
CCAATGAGTGTCGATT,Extraembryonic visceral endoderm
CCAATGATCAGTGCGC,Primitive erythroid cells
CCAATGATCCCGATCT,Extraembryonic visceral endoderm
CCAATGATCCCGTGTT,Extraembryonic visceral endoderm
CCAATTTAGATGCTTC,Extraembryonic visceral endoderm
CCAATTTCAAGCTGCC,Forebrain/midbrain
CCAATTTCAATCGCCG,Primitive erythroid cells
CCAATTTCATATGAAG,Extraembryonic visceral endoderm
CCAATTTGTATTCTCT,Primitive erythroid cells
CCAATTTGTCAGGCAA,Extraembryonic visceral endoderm
CCAATTTGTGGCCTCA,Primitive erythroid cells
CCAATTTGTTGCCGCA,Surface ectoderm
CCAATTTTCCAGCAAT,Forebrain/midbrain
CCAATTTTCCGCATAA,Primitive erythroid cells
CCAATTTTCTGGGCAC,Surface ectoderm
CCACAAAAGACCCGCT,Primitive erythroid cells
CCACAAAAGATAGCAT,NMP
CCACAAAAGCAAGTGC,Extraembryonic visceral endoderm
CCACAAAAGCAGTACG,Forebrain/midbrain
CCACAAAAGGCCGCTT,Primitive erythroid cells
CCACAAAAGGTTGAGC,Primitive erythroid cells
CCACAAAAGTAAAGCT,Primitive erythroid cells
CCACAAACACTTTAGG,Allantois
CCACAAAGTTGTTGTG,Primitive erythroid cells
CCACAAATCACCCTTG,Hindbrain
CCACAAATCGGCTCTT,Placodal area
CCACACTAGGAGAATG,NMP
CCACACTAGTAGAGTT,Gut endoderm
CCACACTCAATACGCT,Hindbrain
CCACACTCACTGAGTT,Lateral plate and intermediate mesoderm
CCACACTCACTGCGTG,Hindbrain
CCACACTCATGAGTAA,Extraembryonic visceral endoderm
CCACACTCATGGGATG,Endothelium
CCACACTGTACCTAGT,Placodal area
CCACACTGTCAGATTC,First heart field
CCACACTGTCCAGCGT,Lateral plate and intermediate mesoderm
CCACACTGTCCCGTGA,Paraxial mesoderm
CCACACTGTCTACAGT,Surface ectoderm
CCACACTGTGAATAAC,Extraembryonic visceral endoderm
CCACACTGTTGCCTAA,Forebrain/midbrain
CCACACTTCAGGAAGC,Placodal area
CCACACTTCATTCGTT,Forebrain/midbrain
CCACACTTCCACGTAA,Paraxial mesoderm
CCACACTTCCATCGTC,Paraxial mesoderm
CCACACTTCGCCGATG,Gut endoderm
CCACACTTCTAGACCA,Primitive erythroid cells
CCACCATAGATGCCGA,Surface ectoderm
CCACCATAGTCATTGC,Primitive erythroid cells
CCACCATCACCCTGTT,Primitive erythroid cells
CCACCATCAGACAAGC,Lateral plate and intermediate mesoderm
CCACCATCAGCTGTAT,Cranial neural crest
CCACCATCAGGCTACC,Primitive erythroid cells
CCACCATCATCCGATA,Endothelium
CCACCATGTCTACGTA,Primitive erythroid cells
CCACCATGTCTCGGAC,Forebrain/midbrain
CCACCATGTGGCCACT,Primitive erythroid cells
CCACCATGTTTATGCG,Primitive erythroid cells
CCACCATTCATCGCCT,Extraembryonic visceral endoderm
CCACCATTCCAATCTT,Primitive erythroid cells
CCACGAGAGGACTGGT,Forebrain/midbrain
CCACGAGAGGCCGCTT,Extraembryonic visceral endoderm
CCACGAGAGTCCCGAC,Primitive erythroid cells
CCACGAGCACGTACTA,Cranial neural crest
CCACGAGCAGCTCGGT,Lateral plate and intermediate mesoderm
CCACGAGCATATAGCC,Primitive erythroid cells
CCACGAGCATCTCAAG,Allantois
CCACGAGCATTGACCA,NMP
CCACGAGGTCCGTTTC,Primitive erythroid cells
CCACGAGGTGTCCGTG,Extraembryonic visceral endoderm
CCACGTTAGACCGCCT,Extraembryonic visceral endoderm
CCACGTTCACAATGCT,Gut endoderm
CCACGTTCAGAGAGGG,Forebrain/midbrain
CCACGTTCATAATCGC,NMP
CCACGTTGTAGGATAT,Forebrain/midbrain
CCACGTTGTCAGTCGC,Primitive erythroid cells
CCACGTTGTCCATAGT,Primitive erythroid cells
CCACGTTGTCGACGCT,Extraembryonic visceral endoderm
CCACGTTGTCTCTCAC,Paraxial mesoderm
CCACGTTGTTCGGACC,NMP
CCACGTTTCAACCGAT,Lateral plate and intermediate mesoderm
CCACGTTTCCAGCAAT,Second heart field
CCACGTTTCCCGAAAT,Surface ectoderm
CCACGTTTCCCTTGTG,NMP
CCACGTTTCGAGAATA,Extraembryonic visceral endoderm
CCACGTTTCTTTGCTA,Extraembryonic visceral endoderm
CCACTTGCAAACTAAG,Primitive erythroid cells
CCACTTGCAAGTGATA,Forebrain/midbrain
CCACTTGCAAGTGTCT,Placodal area
CCACTTGCAATTTCTC,Hindbrain
CCACTTGCACATACGT,Extraembryonic visceral endoderm
CCACTTGCAGACATCT,Primitive erythroid cells
CCACTTGCAGGTTCGC,Primitive erythroid cells
CCACTTGCAGTCTGGC,Primitive erythroid cells
CCACTTGGTCTGTCCT,Primitive erythroid cells
CCACTTGGTCTTGAGT,Paraxial mesoderm
CCACTTGTCACGAACT,Primitive erythroid cells
CCACTTGTCCAATCTT,Primitive erythroid cells
CCACTTGTCCTTATAC,Lateral plate and intermediate mesoderm
CCACTTGTCTTCTGTA,Primitive erythroid cells
CCACTTGTCTTGTGCC,Paraxial mesoderm
CCATAAGAGCGATGGT,Primitive erythroid cells
CCATAAGAGGTACCTT,Gut endoderm
CCATAAGCACATGTTG,Second heart field
CCATAAGCACCGCTGA,Primitive erythroid cells
CCATAAGCAGCGTAGA,Forebrain/midbrain
CCATAAGCAGTATGAA,NMP
CCATAAGCATAACCCA,NMP
CCATAAGGTCAAATCC,Amniotic ectoderm
CCATAAGGTGAGATAT,Forebrain/midbrain
CCATAAGGTGGATTTC,Lateral plate and intermediate mesoderm
CCATAAGGTTGCTCGG,Primitive erythroid cells
CCATAAGGTTTACGAC,Primitive erythroid cells
CCATAAGTCAGTGTTG,NMP
CCATAAGTCATCGCTC,Primitive erythroid cells
CCATAAGTCCCGAAAT,Lateral plate and intermediate mesoderm
CCATAAGTCGCGCCAA,Primitive erythroid cells
CCATAAGTCTGGGCAC,Primitive erythroid cells
CCATCACAGAATCGCG,Primitive erythroid cells
CCATCACAGACAGCGT,Hindbrain
CCATCACAGTAACGAT,Extraembryonic visceral endoderm
CCATCACCAACAGAGC,Primitive erythroid cells
CCATCACCACCTCTGT,Primitive erythroid cells
CCATCACCAGAACGCA,Surface ectoderm
CCATCACCATAGCTGT,Primitive erythroid cells
CCATCACCATGGCCAC,Gut endoderm
CCATCACGTGGACCTC,Lateral plate and intermediate mesoderm
CCATCACGTGGCATCC,Forebrain/midbrain
CCATCACGTTAGGGTG,Primitive erythroid cells
CCATCACTCCACGTGG,Surface ectoderm
CCCAACTAGAGAGTTT,Primitive erythroid cells
CCCAACTAGCATGATA,Endothelium
CCCAACTAGCCGATTT,NMP
CCCAACTAGGCGTCCT,Lateral plate and intermediate mesoderm
CCCAACTAGGCGTTGA,Extraembryonic visceral endoderm
CCCAACTAGTAGCATA,Primitive erythroid cells
CCCAACTCAACAGATA,Extraembryonic visceral endoderm
CCCAACTCACGGTGCT,Surface ectoderm
CCCAACTCACTGGCGT,Lateral plate and intermediate mesoderm
CCCAACTCAGCTGTTA,Primitive erythroid cells
CCCAACTCAGTCTACA,Lateral plate and intermediate mesoderm
CCCAACTCATCGGAGA,Lateral plate and intermediate mesoderm
CCCAACTCATTCTCTA,Hindbrain
CCCAACTGTACGGATG,Primitive erythroid cells
CCCAACTGTCATATGC,Primitive erythroid cells
CCCAACTGTGAATTAG,Lateral plate and intermediate mesoderm
CCCAACTTCGAAGTGG,Extraembryonic visceral endoderm
CCCAACTTCGCAAGAG,Lateral plate and intermediate mesoderm
CCCAACTTCGGTCACG,Hematoendothelial progenitors
CCCAACTTCTACCCAC,Primitive erythroid cells
CCCAACTTCTATGTGG,Primitive erythroid cells
CCCAACTTCTTGATTC,Gut endoderm
CCCATTGAGAAGCGAA,Primitive erythroid cells
CCCATTGAGATCCCGC,Lateral plate and intermediate mesoderm
CCCATTGAGCAGCCCT,Placodal area
CCCATTGAGCCATATC,Paraxial mesoderm
CCCATTGAGGATCACG,Hindbrain
CCCATTGAGGCCGCTT,Forebrain/midbrain
CCCATTGAGTGGCCTC,Amniotic ectoderm
CCCATTGCAATCTGCA,Extraembryonic visceral endoderm
CCCATTGCACTGAGTT,Hindbrain
CCCATTGCAGAGTCAG,Second heart field
CCCATTGCAGCCGTTG,Primitive erythroid cells
CCCATTGCATACCATG,Primitive erythroid cells
CCCATTGCATGGCCCA,Primitive erythroid cells
CCCATTGGTCTACGAT,Surface ectoderm
CCCATTGGTTTAAGGA,Forebrain/midbrain
CCCATTGTCCAATCCC,Primitive erythroid cells
CCCATTGTCCATATGG,Extraembryonic visceral endoderm
CCCATTGTCGATTCCC,Primitive erythroid cells
CCCGAAGAGGGTATAT,Surface ectoderm
CCCGAAGAGTGTTGAA,Lateral plate and intermediate mesoderm
CCCGAAGCAATTCGTG,Extraembryonic visceral endoderm
CCCGAAGCAATTGAGA,Extraembryonic visceral endoderm
CCCGAAGCACGCTGAC,Primitive erythroid cells
CCCGAAGCACGGTCTG,Primitive erythroid cells
CCCGAAGCATCCTAAG,Primitive erythroid cells
CCCGAAGGTACCAATC,Extraembryonic visceral endoderm
CCCGAAGGTCACGACC,Lateral plate and intermediate mesoderm
CCCGAAGGTTATCCAG,Extraembryonic visceral endoderm
CCCGAAGTCCAGTGCG,Paraxial mesoderm
CCCGAAGTCCCAGTGG,Forebrain/midbrain
CCCGAAGTCTAGCATG,Surface ectoderm
CCCGAAGTCTATTTCG,Extraembryonic visceral endoderm
CCCGAAGTCTGTGCGG,Surface ectoderm
CCCGGAAAGATTACCC,Lateral plate and intermediate mesoderm
CCCGGAAAGCGACCCT,Allantois
CCCGGAAAGCTCGAAG,Hindbrain
CCCGGAAGTAGTGATA,NMP
CCCGGAAGTGACTAAA,Amniotic ectoderm
CCCGGAAGTGGACAGT,Primitive erythroid cells
CCCGGAATCACCTTGC,Primitive erythroid cells
CCCGGAATCAGAACCT,Primitive erythroid cells
CCCTAACAGACAGTCG,Primitive erythroid cells
CCCTAACCAAGAGGTC,Extraembryonic visceral endoderm
CCCTAACCACTGCATA,Primitive erythroid cells
CCCTAACCAGCGGTCT,Hematoendothelial progenitors
CCCTAACCAGTCCGTG,Hematoendothelial progenitors
CCCTAACCATCCTCAC,Allantois
CCCTAACCATGTACGT,Forebrain/midbrain
CCCTAACGTCAAGGCA,NMP
CCCTAACGTGATTGGG,Second heart field
CCCTAACGTGCGGATA,Primitive erythroid cells
CCCTAACGTTAACCTG,Forebrain/midbrain
CCCTAACTCAAATGAG,Paraxial mesoderm
CCCTAACTCAACCTCC,Extraembryonic visceral endoderm
CCCTAACTCAAGTAAG,Paraxial mesoderm
CCCTAACTCAGCTGAT,Primitive erythroid cells
CCCTAACTCAGCTTCC,Hindbrain
CCCTAACTCGAGCTGC,Extraembryonic visceral endoderm
CCCTCAAAGAAATCCA,NMP
CCCTCAAAGCAGAAAG,Endothelium
CCCTCAAAGTCTTCGA,Extraembryonic visceral endoderm
CCCTCAACACTTCCTG,Extraembryonic visceral endoderm
CCCTCAACAGAACATA,Primitive erythroid cells
CCCTCAAGTCGGCACT,Hindbrain
CCCTCAAGTGGCAACA,Primitive erythroid cells
CCCTCAAGTGGCTGAA,Forebrain/midbrain
CCCTCAATCCTTCAGC,Extraembryonic visceral endoderm
CCCTCAATCGTGCTCT,Lateral plate and intermediate mesoderm
CCCTCAATCTCCTGCA,Extraembryonic visceral endoderm
CCCTCAATCTCGTGAA,NMP
CCCTCTCAGACAGCGT,Extraembryonic visceral endoderm
CCCTCTCAGCTGCCTG,Primitive erythroid cells
CCCTCTCAGGCCGCTT,Primitive erythroid cells
CCCTCTCAGGCTTAAA,Hindbrain
CCCTCTCCAATCCTAG,Primitive erythroid cells
CCCTCTCCAGCATTGT,Extraembryonic visceral endoderm
CCCTCTCCAGTGACCC,Primitive erythroid cells
CCCTCTCCATCATGAC,NMP
CCCTCTCCATCCGCGA,Primitive erythroid cells
CCCTCTCCATGGCCAC,Paraxial mesoderm
CCCTCTCGTCTATGAC,Primitive erythroid cells
CCCTCTCGTGTTGACT,Primitive erythroid cells
CCCTCTCTCAGAACCT,Primitive erythroid cells
CCCTCTCTCAGAGCGA,Primitive erythroid cells
CCCTCTCTCGAGAAAT,First heart field
CCCTCTCTCGCACGGT,Forebrain/midbrain
CCCTCTCTCGGTCGGT,Extraembryonic visceral endoderm
CCCTCTCTCTGAGGCC,Primitive erythroid cells
CCCTGATAGCATCTTG,Extraembryonic visceral endoderm
CCCTGATAGCCATTGT,Spinal cord
CCCTGATAGCGTCAGA,Extraembryonic visceral endoderm
CCCTGATAGGATACAT,Primitive erythroid cells
CCCTGATAGTACCCTA,Lateral plate and intermediate mesoderm
CCCTGATAGTGCACTT,Primitive erythroid cells
CCCTGATCAAATGATG,Lateral plate and intermediate mesoderm
CCCTGATCAACAAGAT,Amniotic ectoderm
CCCTGATCAAGCGCAA,Cranial neural crest
CCCTGATCAATTGCAC,Endothelium
CCCTGATCACACACGC,Primitive erythroid cells
CCCTGATCACCGGTCA,Primitive erythroid cells
CCCTGATCATGGGCAA,Extraembryonic visceral endoderm
CCCTGATGTATGGAAT,Hindbrain
CCCTGATGTATTTCTC,Hematoendothelial progenitors
CCCTGATGTTAGCTAC,NMP
CCCTGATTCAAACTGC,Extraembryonic visceral endoderm
CCCTTAGAGCGTATAA,Primitive erythroid cells
CCCTTAGAGGTAAACT,Endothelium
CCCTTAGCAAGTGCTT,Primitive erythroid cells
CCCTTAGCACGCCAGT,Surface ectoderm
CCCTTAGCACTACAGT,Cranial neural crest
CCCTTAGCAGAGATTA,Extraembryonic visceral endoderm
CCCTTAGCAGCAAGAC,Primitive erythroid cells
CCCTTAGGTAGTCACT,Primitive erythroid cells
CCCTTAGGTGATGAAT,Hematoendothelial progenitors
CCCTTAGGTGGATCAG,Gut endoderm
CCCTTAGTCACAGAGG,Second heart field
CCCTTAGTCCAATGCA,Forebrain/midbrain
CCCTTAGTCCTGATAG,Lateral plate and intermediate mesoderm
CCCTTAGTCGATTTCT,Extraembryonic visceral endoderm
CCCTTAGTCGCTCTCA,Primitive erythroid cells
CCCTTAGTCTCCCAAC,Extraembryonic visceral endoderm
CCCTTAGTCTGAGGCC,Hindbrain
CCCTTAGTCTTGGTCC,Primitive erythroid cells
CCGAACGAGCTCCACG,Allantois
CCGAACGAGCTGCCTG,Forebrain/midbrain
CCGAACGAGGGTAGCT,Extraembryonic visceral endoderm
CCGAACGAGGTTGTTC,Lateral plate and intermediate mesoderm
CCGAACGCACAACATC,Primitive erythroid cells
CCGAACGCATTGAAGA,Extraembryonic visceral endoderm
CCGAACGCATTGGCAT,Spinal cord
CCGAACGGTATCGGTT,Primitive erythroid cells
CCGAACGGTCAAACGG,Forebrain/midbrain
CCGAACGGTCTTCTAT,Extraembryonic visceral endoderm
CCGAACGGTTGCATCA,Gut endoderm
CCGAACGTCATGCGGC,NMP
CCGAACGTCATTACCT,Primitive erythroid cells
CCGAACGTCGATACAC,Forebrain/midbrain
CCGAACGTCGTGCTCT,Lateral plate and intermediate mesoderm
CCGAACGTCTAGGCAT,NMP
CCGATCTAGATCACTC,Second heart field
CCGATCTAGGCAGCTA,Gut endoderm
CCGATCTAGGGTAATT,Hematoendothelial progenitors
CCGATCTCAATCTCTT,Lateral plate and intermediate mesoderm
CCGATCTCACTGTGTA,Spinal cord
CCGATCTCAGCGTAGA,Lateral plate and intermediate mesoderm
CCGATCTCAGGTATGG,Surface ectoderm
CCGATCTCATGACACT,Lateral plate and intermediate mesoderm
CCGATCTGTCGTACTA,Hematoendothelial progenitors
CCGATCTGTTAAGAAC,First heart field
CCGATCTGTTCGAACT,Hematoendothelial progenitors
CCGATCTTCACATCAG,Endothelium
CCGATCTTCCTGTTAT,Paraxial mesoderm
CCGATGGAGAAGTCCG,Primitive erythroid cells
CCGATGGCAATGGCAG,First heart field
CCGATGGCACCAGTAT,Primitive erythroid cells
CCGATGGCAGAGGCAT,Gut endoderm
CCGATGGCATATGGCT,Primitive erythroid cells
CCGATGGGTAGATCCT,Lateral plate and intermediate mesoderm
CCGATGGGTAGTACGG,Hindbrain
CCGATGGGTCTCTCTG,Extraembryonic visceral endoderm
CCGATGGGTTTACCAG,Primitive erythroid cells
CCGATGGTCATAAGGA,Endothelium
CCGATGGTCGCGAAGA,Surface ectoderm
CCGATGGTCTACTGAG,Primitive erythroid cells
CCGATGGTCTTACGGA,Extraembryonic visceral endoderm
CCGCAAGAGAATTTGG,Spinal cord
CCGCAAGAGTTCGCAT,Surface ectoderm
CCGCAAGCACACCGAC,Extraembryonic visceral endoderm
CCGCAAGCAGACAAGC,Extraembryonic visceral endoderm
CCGCAAGCATATGCGT,Primitive erythroid cells
CCGCAAGGTATTCTCT,Allantois
CCGCAAGGTCTAACTG,Primitive erythroid cells
CCGCAAGGTGTATTCG,Extraembryonic visceral endoderm
CCGCAAGGTTCCTAAG,Extraembryonic visceral endoderm
CCGCAAGTCCCGAAAT,Forebrain/midbrain
CCGCAAGTCTAATTCC,NMP
CCGGACAAGGCCCAAA,Second heart field
CCGGACAAGGCCTGAA,Forebrain/midbrain
CCGGACACAGTCGTTA,Primitive erythroid cells
CCGGACAGTAACACCT,Primitive erythroid cells
CCGGACAGTAAGAACT,Extraembryonic visceral endoderm
CCGGACAGTCGCGGTT,Extraembryonic visceral endoderm
CCGGACAGTCTACAGT,Endothelium
CCGGACAGTGCGGATA,Forebrain/midbrain
CCGGACATCCCTGGTT,Extraembryonic visceral endoderm
CCGGACATCTACTATC,Lateral plate and intermediate mesoderm
CCGGGTAAGACTCTAC,Extraembryonic visceral endoderm
CCGGGTAAGGTCCCTG,Lateral plate and intermediate mesoderm
CCGGGTAAGTCACGAG,Gut endoderm
CCGGGTACAGATCCAT,Second heart field
CCGGGTACAGTTAAAG,Extraembryonic visceral endoderm
CCGGGTACATCGCCTT,NMP
CCGGGTACATGGGCAA,Paraxial mesoderm
CCGGGTACATTAAGCC,Forebrain/midbrain
CCGGGTAGTAACACGG,Lateral plate and intermediate mesoderm
CCGGGTAGTAAGCTCT,Primitive erythroid cells
CCGGGTAGTCATCCGG,Placodal area
CCGGGTAGTGTCCTAA,Lateral plate and intermediate mesoderm
CCGGGTATCCGTGTCT,Extraembryonic visceral endoderm
CCGGGTATCGTCAAAC,Paraxial mesoderm
CCGGTAGAGCGCCTAC,First heart field
CCGGTAGAGGTCACAG,Placodal area
CCGGTAGAGTGTACAA,Endothelium
CCGGTAGCAACAGCTT,Extraembryonic visceral endoderm
CCGGTAGCAACTGAAA,NMP
CCGGTAGCACGCAGTC,Gut endoderm
CCGGTAGCACTCGATA,Primitive erythroid cells
CCGGTAGCACTGCACG,Second heart field
CCGGTAGGTACATTGC,Extraembryonic visceral endoderm
CCGGTAGGTCACTCGG,First heart field
CCGGTAGGTCGTTGCG,Allantois
CCGGTAGGTGCCAAGA,Lateral plate and intermediate mesoderm
CCGGTAGGTTGGACTT,Hematoendothelial progenitors
CCGGTAGTCACGTCCT,Paraxial mesoderm
CCGGTAGTCCCATTCG,Extraembryonic visceral endoderm
CCGGTAGTCCCTGTTG,Forebrain/midbrain
CCGGTAGTCGTAGAGG,Hindbrain
CCGGTGAAGGCCACCT,Hindbrain
CCGGTGAAGTCCTGCG,Lateral plate and intermediate mesoderm
CCGGTGACACCCTTAC,Endothelium
CCGGTGACACCTGATA,Gut endoderm
CCGGTGACATGAGAAT,First heart field
CCGGTGAGTCGAATTC,Paraxial mesoderm
CCGGTGAGTCGTACTA,Extraembryonic visceral endoderm
CCGGTGATCATGCAGT,Lateral plate and intermediate mesoderm
CCGGTGATCTAGACCA,Lateral plate and intermediate mesoderm
CCGGTGATCTGTCAGA,Primitive erythroid cells
CCGGTGATCTTGCGCT,Lateral plate and intermediate mesoderm
CCGTAGGAGAATTGCA,Primitive erythroid cells
CCGTAGGAGCTCCCTT,NMP
CCGTAGGAGTGAACAT,Lateral plate and intermediate mesoderm
CCGTAGGAGTTACGAA,Allantois
CCGTAGGCACACCTAA,Primitive erythroid cells
CCGTAGGCAGCAGAAC,Forebrain/midbrain
CCGTAGGCATGACTAC,Lateral plate and intermediate mesoderm
CCGTAGGGTAAGGTCG,Allantois
CCGTAGGGTCCAAGAG,Primitive erythroid cells
CCGTAGGGTCGACTGC,Lateral plate and intermediate mesoderm
CCGTAGGGTTACCTTT,Hindbrain
CCGTAGGTCAGACCCG,Primitive erythroid cells
CCGTAGGTCCATTTGT,Primitive erythroid cells
CCGTAGGTCCGTGTCT,Second heart field
CCGTAGGTCTACACAG,Hindbrain
CCGTGAGAGTAAACGT,Primitive erythroid cells
CCGTGAGAGTATTAGG,Paraxial mesoderm
CCGTGAGAGTCACACT,Hindbrain
CCGTGAGCAATAGGGC,Extraembryonic visceral endoderm
CCGTGAGCACCAAAGG,NMP
CCGTGAGCACGGATCC,Cranial neural crest
CCGTGAGCACTAAACC,Lateral plate and intermediate mesoderm
CCGTGAGCAGCACAAG,Lateral plate and intermediate mesoderm
CCGTGAGCAGCCATTA,Lateral plate and intermediate mesoderm
CCGTGAGCATTGACAC,Gut endoderm
CCGTGAGCATTGTGCA,Primitive erythroid cells
CCGTGAGGTAACTGCT,NMP
CCGTGAGGTCCATAGT,Hindbrain
CCGTGAGGTCGCCACA,Extraembryonic visceral endoderm
CCGTGAGGTTCATCTT,Primitive erythroid cells
CCGTGAGGTTCTCTCG,NMP
CCGTGAGTCAGAGCAG,Forebrain/midbrain
CCGTGAGTCAGGCGAA,Primitive erythroid cells
CCGTGAGTCGAGAATA,Forebrain/midbrain
CCGTGAGTCGTCCTTG,Hindbrain
CCGTGAGTCGTGGACC,Surface ectoderm
CCGTTCAAGAAATTCG,Extraembryonic visceral endoderm
CCGTTCAAGATGGTAT,NMP
CCGTTCAAGCAATTCC,Primitive erythroid cells
CCGTTCAAGGATTTCC,Notochord
CCGTTCACACTACCCT,Forebrain/midbrain
CCGTTCACAGAGGACT,NMP
CCGTTCACAGTCTACA,Hindbrain
CCGTTCAGTAATCAGA,Forebrain/midbrain
CCGTTCAGTACATTGC,Surface ectoderm
CCGTTCAGTATCAGCT,Cranial neural crest
CCGTTCAGTCCGGTGT,Placodal area
CCGTTCAGTCGTCGGT,Amniotic ectoderm
CCGTTCAGTGGCCCAT,Primitive erythroid cells
CCGTTCAGTTCTCACC,Gut endoderm
CCGTTCATCCACTTTA,NMP
CCGTTCATCGTAGGAG,Gut endoderm
CCGTTCATCGTGGCTG,Primitive erythroid cells
CCGTTCATCTCCGATC,Extraembryonic visceral endoderm
CCGTTCATCTCGACCT,NMP
CCGTTCATCTTACACT,Surface ectoderm
CCTAACCAGATGAATC,Forebrain/midbrain
CCTAACCAGCATGTTC,Primitive erythroid cells
CCTAACCAGTCACACT,Lateral plate and intermediate mesoderm
CCTAACCCAGGACTAG,Primitive erythroid cells
CCTAACCGTAACCCGC,Primitive erythroid cells
CCTAACCGTACTAACC,Gut endoderm
CCTAACCGTCACTGAT,Forebrain/midbrain
CCTAACCGTGAATTGA,Gut endoderm
CCTAACCGTGACCTGC,Hematoendothelial progenitors
CCTAACCGTTGCCATA,Primitive erythroid cells
CCTAACCTCCCTCTAG,Surface ectoderm
CCTAAGAAGGGCAGAG,Primitive erythroid cells
CCTAAGAAGTTCTACG,Extraembryonic visceral endoderm
CCTAAGACAAACGGCA,Extraembryonic visceral endoderm
CCTAAGACAACAGATA,Lateral plate and intermediate mesoderm
CCTAAGACAATCAGCT,Second heart field
CCTAAGACAGTGGCTC,Extraembryonic visceral endoderm
CCTAAGAGTAACACGG,Hindbrain
CCTAAGAGTATCGATC,Forebrain/midbrain
CCTAAGAGTATGAGAT,Hindbrain
CCTAAGATCATTTGCT,Primitive erythroid cells
CCTAAGATCCGGTTCT,Surface ectoderm
CCTAAGATCGGACGTC,Paraxial mesoderm
CCTACGTAGAGAGTTT,Primitive erythroid cells
CCTACGTAGGATACAT,Gut endoderm
CCTACGTAGGGATCGT,Extraembryonic visceral endoderm
CCTACGTAGTCAACAA,Extraembryonic visceral endoderm
CCTACGTCACACGGAA,Primitive erythroid cells
CCTACGTCAGAGTAAT,Hindbrain
CCTACGTCAGTGAGCA,Forebrain/midbrain
CCTACGTGTAGCTAAA,Extraembryonic visceral endoderm
CCTACGTGTGCTCTCT,Lateral plate and intermediate mesoderm
CCTACGTGTGTTAAAG,Endothelium
CCTACGTTCCCAAGTA,Extraembryonic visceral endoderm
CCTACGTTCCGATGTA,Extraembryonic visceral endoderm
CCTACGTTCTAGGCAT,Primitive erythroid cells
CCTATCGAGACATCAA,Surface ectoderm
CCTATCGAGAGGTCGT,NMP
CCTATCGAGATAGGGA,Extraembryonic visceral endoderm
CCTATCGAGCAGGCTA,Primitive erythroid cells
CCTATCGAGCATCCTA,Forebrain/midbrain
CCTATCGAGGTCGAGT,NMP
CCTATCGAGGTTCAGG,Forebrain/midbrain
CCTATCGCAAACCATC,Primitive erythroid cells
CCTATCGCAAGCGAAC,Extraembryonic visceral endoderm
CCTATCGCAATGAACA,Amniotic ectoderm
CCTATCGCAATTCACG,Hindbrain
CCTATCGCACTAACGT,Surface ectoderm
CCTATCGCACTAGAGG,Extraembryonic visceral endoderm
CCTATCGCAGCGACCT,Extraembryonic visceral endoderm
CCTATCGGTAGGTAGC,Allantois
CCTATCGGTCAGGTGA,Lateral plate and intermediate mesoderm
CCTATCGTCCGCTGTT,Primitive erythroid cells
CCTATCGTCTAGACAC,Cranial neural crest
CCTCAACAGACTAGAT,Extraembryonic visceral endoderm
CCTCAACAGGCGAAGG,Lateral plate and intermediate mesoderm
CCTCAACAGTGGTGAC,NMP
CCTCAACCAAATACGA,Surface ectoderm
CCTCAACCAACACAGG,Gut endoderm
CCTCAACCAAGACAAT,Extraembryonic visceral endoderm
CCTCAACCACACCGCA,Surface ectoderm
CCTCAACCACATATCG,Endothelium
CCTCAACCATGAAGCG,Extraembryonic visceral endoderm
CCTCAACGTAGATGTA,Primitive erythroid cells
CCTCAACGTCGTGATT,Hindbrain
CCTCAACGTCTGTTAG,Primitive erythroid cells
CCTCAACTCTAGTTCT,Amniotic ectoderm
CCTCACAAGAATCTAG,Extraembryonic visceral endoderm
CCTCACAAGAGTGTGC,Endothelium
CCTCACAAGCACCTGC,Extraembryonic visceral endoderm
CCTCACAAGGGACTGT,Forebrain/midbrain
CCTCACAAGTATTAGG,Forebrain/midbrain
CCTCACACAACGCCCA,Extraembryonic visceral endoderm
CCTCACACACACAGAG,Cranial neural crest
CCTCACACACCTTCCA,Forebrain/midbrain
CCTCACAGTCATACCA,Placodal area
CCTCACAGTGCAACGA,Allantois
CCTCACAGTGCAATAA,Gut endoderm
CCTCACATCACCTCTG,Surface ectoderm
CCTCACATCCCAAGTA,Forebrain/midbrain
CCTCACATCGCATTGA,Surface ectoderm
CCTCAGTAGGCCTGAA,Primitive erythroid cells
CCTCAGTAGGCTCTCG,Lateral plate and intermediate mesoderm
CCTCAGTAGGGTAGCT,Amniotic ectoderm
CCTCAGTAGTACCATC,Primitive erythroid cells
CCTCAGTCAAGAGAGA,Forebrain/midbrain
CCTCAGTCATCTTTCA,Extraembryonic visceral endoderm
CCTCAGTCATGGCGCT,Amniotic ectoderm
CCTCAGTGTCGCTTAA,Surface ectoderm
CCTCAGTGTCTGTGCG,Hindbrain
CCTCAGTGTGGATCGA,Primitive erythroid cells
CCTCAGTTCACTGAAC,Primitive erythroid cells
CCTCAGTTCGTCAACA,Extraembryonic visceral endoderm
CCTCAGTTCTACCCAC,Primitive erythroid cells
CCTCATGAGACGCTCC,Paraxial mesoderm
CCTCATGAGCGATGGT,Paraxial mesoderm
CCTCATGAGGAGAGGC,Primitive erythroid cells
CCTCATGAGTCCTGCG,Primitive erythroid cells
CCTCATGCAATTGCCA,NMP
CCTCATGGTGTTCGTA,Primitive erythroid cells
CCTCATGTCAGACATC,Gut endoderm
CCTCATGTCGTCAAAC,Cranial neural crest
CCTCATGTCTCCAAGA,Primitive erythroid cells
CCTCCAAAGTCTTCGA,NMP
CCTCCAACAACCGTAT,Hindbrain
CCTCCAACAATTGAGA,Endothelium
CCTCCAACATGAGAAT,Primitive erythroid cells
CCTCCAAGTAACATCC,Lateral plate and intermediate mesoderm
CCTCCAAGTACGTAGG,Forebrain/midbrain
CCTCCAAGTGTTGCCG,Primitive erythroid cells
CCTCCAAGTTGGGAAC,Primitive erythroid cells
CCTCCAAGTTGTTGCA,Extraembryonic visceral endoderm
CCTCCAATCAACTGGT,Extraembryonic visceral endoderm
CCTCCAATCGCCAATA,Lateral plate and intermediate mesoderm
CCTCCTCAGAAGGATG,Forebrain/midbrain
CCTCCTCAGCGTTACT,Hindbrain
CCTCCTCAGTAACCGG,Primitive erythroid cells
CCTCCTCCACGAGGAT,Primitive erythroid cells
CCTCCTCCATCCGCGA,Primitive erythroid cells
CCTCCTCGTCCCACGA,Extraembryonic visceral endoderm
CCTCCTCGTGCCGAAA,Lateral plate and intermediate mesoderm
CCTCCTCGTTACACTG,Forebrain/midbrain
CCTCCTCGTTCGAACT,Endothelium
CCTCCTCGTTGCATGT,Forebrain/midbrain
CCTCCTCTCCGAGAAG,Primitive erythroid cells
CCTCCTCTCGCTTAAG,Primitive erythroid cells
CCTCCTCTCTAATTCC,Surface ectoderm
CCTCTAGAGAGGTGCT,Primitive erythroid cells
CCTCTAGAGGAAGTAG,Primitive erythroid cells
CCTCTAGAGGTAAGAG,Lateral plate and intermediate mesoderm
CCTCTAGCAACGGCCT,Extraembryonic visceral endoderm
CCTCTAGCAATGGCCC,Hematoendothelial progenitors
CCTCTAGCACATGTTG,Primitive erythroid cells
CCTCTAGGTGCGGATA,Surface ectoderm
CCTCTAGGTTCAGTAC,Spinal cord
CCTCTAGGTTTGTTCT,Forebrain/midbrain
CCTCTAGTCAAGTAAG,Endothelium
CCTCTAGTCCCGAGAC,Hindbrain
CCTCTAGTCGCCGAAC,Surface ectoderm
CCTCTAGTCTCATTGT,Primitive erythroid cells
CCTCTAGTCTGGGCAC,Hindbrain
CCTCTCCAGACGACTG,Primitive erythroid cells
CCTCTCCAGAGAGCAA,Gut endoderm
CCTCTCCAGGAAGTCC,Primitive erythroid cells
CCTCTCCAGTGTGTTC,Forebrain/midbrain
CCTCTCCCAAAGCGTG,Primitive erythroid cells
CCTCTCCCAAGTCGTT,Extraembryonic visceral endoderm
CCTCTCCCAGGCTTGC,Extraembryonic visceral endoderm
CCTCTCCCATGGCCCA,Primitive erythroid cells
CCTCTCCGTAACAGTA,Lateral plate and intermediate mesoderm
CCTCTCCGTACCCGAC,Hindbrain
CCTCTCCGTCATGGCC,Extraembryonic visceral endoderm
CCTCTCCGTGCAAGAC,Forebrain/midbrain
CCTCTCCTCTGTCTCG,Extraembryonic visceral endoderm
CCTCTCCTCTTGTGCC,Extraembryonic visceral endoderm
CCTGCATCAAATGAGT,Gut endoderm
CCTGCATCAAGACTGG,NMP
CCTGCATCACTTTATC,Amniotic ectoderm
CCTGCATCAGCCCAGT,Extraembryonic visceral endoderm
CCTGCATCAGTCGGAA,Forebrain/midbrain
CCTGCATCATCCTCAC,Lateral plate and intermediate mesoderm
CCTGCATCATCGCTGG,Primitive erythroid cells
CCTGCATCATGAAGGC,Primitive erythroid cells
CCTGCATGTACTAACC,Surface ectoderm
CCTGCATGTCAAAGAT,Forebrain/midbrain
CCTGCATGTCGGTGAA,Extraembryonic visceral endoderm
CCTGCATGTTACGCCG,Cranial neural crest
CCTGCATGTTCGGACC,Allantois
CCTGCATTCAACTCTT,Amniotic ectoderm
CCTGCATTCAAGTCGT,Surface ectoderm
CCTGCATTCACATACG,Primitive erythroid cells
CCTGCATTCACGTCCT,Extraembryonic visceral endoderm
CCTGCATTCCAAGCAT,NMP
CCTGCATTCCCGTGAG,NMP
CCTGCATTCGTTGTGA,Forebrain/midbrain
CCTGCATTCTCCTGCA,Extraembryonic visceral endoderm
CCTGCATTCTCGCTCA,Extraembryonic visceral endoderm
CCTGTTGAGAAACACT,Extraembryonic visceral endoderm
CCTGTTGAGCATTTGC,NMP
CCTGTTGAGCTCGCAC,Endothelium
CCTGTTGAGGGATCTG,Hindbrain
CCTGTTGAGTGTACAA,Primitive erythroid cells
CCTGTTGCACAATGCT,Primitive erythroid cells
CCTGTTGCAGCACAGA,Extraembryonic visceral endoderm
CCTGTTGCATATACCG,Gut endoderm
CCTGTTGGTAACGATA,Primitive erythroid cells
CCTGTTGGTTGTTGAC,Forebrain/midbrain
CCTGTTGTCATAGGCT,Hindbrain
CCTTCAGAGCGCGTTC,Primitive erythroid cells
CCTTCAGAGGACTTCT,Forebrain/midbrain
CCTTCAGAGGATGGCT,Primitive erythroid cells
CCTTCAGCAAACACGG,Extraembryonic visceral endoderm
CCTTCAGGTAATTGGA,First heart field
CCTTCAGGTACCCACG,Extraembryonic visceral endoderm
CCTTCAGGTCGTATGT,Extraembryonic visceral endoderm
CCTTCAGGTGAATTGA,Cranial neural crest
CCTTCAGGTGTCCCTT,Extraembryonic visceral endoderm
CCTTCAGTCGGTATGT,Lateral plate and intermediate mesoderm
CCTTCAGTCTCCTGCA,Extraembryonic visceral endoderm
CCTTGTGAGACGCCCT,Paraxial mesoderm
CCTTGTGAGCTTGTGT,Surface ectoderm
CCTTGTGAGGAGGCAG,Surface ectoderm
CCTTGTGAGGCACTCC,Surface ectoderm
CCTTGTGAGGTGCAGT,Hindbrain
CCTTGTGAGTTCACTG,Surface ectoderm
CCTTGTGCAACAGCTT,Hindbrain
CCTTGTGCACTACCGG,Primitive erythroid cells
CCTTGTGCAGGAACCA,Surface ectoderm
CCTTGTGGTCAATCTG,Primitive erythroid cells
CCTTGTGGTCTTCTAT,Allantois
CCTTGTGGTGACAGCA,Primitive erythroid cells
CCTTGTGGTGTTCCTC,Primitive erythroid cells
CCTTGTGGTTAAACAG,Gut endoderm
CCTTGTGTCAAGTAAG,Primitive erythroid cells
CCTTGTGTCAAGTGGG,Primitive erythroid cells
CCTTGTGTCCATAGAC,Gut endoderm
CCTTGTGTCCTCAGGG,Primitive erythroid cells
CCTTGTGTCTCCGATC,Forebrain/midbrain
CCTTTGGAGACGTCCC,Primitive erythroid cells
CCTTTGGAGAGCTTTC,NMP
CCTTTGGAGGGTTGCA,Primitive erythroid cells
CCTTTGGAGGTCACAG,Gut endoderm
CCTTTGGAGTACCGGA,Extraembryonic visceral endoderm
CCTTTGGAGTATCCTG,Forebrain/midbrain
CCTTTGGGTTGAGAGC,Endothelium
CCTTTGGTCATGAAAG,Forebrain/midbrain
CCTTTGGTCCTCACTG,Extraembryonic visceral endoderm
CCTTTGGTCGACCCAG,Extraembryonic visceral endoderm
CGAAGGAAGAGCCATG,Surface ectoderm
CGAAGGAAGGACGGAG,Surface ectoderm
CGAAGGAAGTCTCGTA,Surface ectoderm
CGAAGGAAGTGTTCAC,Extraembryonic visceral endoderm
CGAAGGACAACAGATA,Hindbrain
CGAAGGACAACGTTAC,Allantois
CGAAGGACAGACCTGC,Second heart field
CGAAGGACAGGCCCTA,Surface ectoderm
CGAAGGACATCAGCTA,Primitive erythroid cells
CGAAGGAGTATGCGTT,Surface ectoderm
CGAAGGAGTCACATTG,Surface ectoderm
CGAAGGAGTTCCACGG,Primitive erythroid cells
CGAAGGATCACCGCTT,Extraembryonic visceral endoderm
CGAAGGATCCGCATAA,Lateral plate and intermediate mesoderm
CGAAGGATCGTTATCT,Lateral plate and intermediate mesoderm
CGAAGGATCGTTCCCA,Allantois
CGAAGTTAGACTGAGC,Hindbrain
CGAAGTTAGCTGTCCG,First heart field
CGAAGTTAGGGTAATT,Extraembryonic visceral endoderm
CGAAGTTAGTAGCATA,Primitive erythroid cells
CGAAGTTCAACTGCTA,Primitive erythroid cells
CGAAGTTCAATTGCTG,Gut endoderm
CGAAGTTCAGCTCTGG,Primitive erythroid cells
CGAAGTTCAGTCCGTG,Primitive erythroid cells
CGAAGTTCATCTGGGC,Surface ectoderm
CGAAGTTGTCGCGTTG,Hindbrain
CGAAGTTGTGAGAGGG,NMP
CGAAGTTGTGATAGTA,Lateral plate and intermediate mesoderm
CGAAGTTGTGCAATAA,Hindbrain
CGAAGTTGTGTTGACT,Primitive erythroid cells
CGAAGTTGTTCTCTAT,Primitive erythroid cells
CGAAGTTTCACTCACC,Lateral plate and intermediate mesoderm
CGAAGTTTCCACCTCA,Paraxial mesoderm
CGAAGTTTCGTCGATA,Gut endoderm
CGAATTGAGAAGTGTT,Primitive erythroid cells
CGAATTGAGAGGCGGA,Primitive erythroid cells
CGAATTGAGATCCGAG,Forebrain/midbrain
CGAATTGAGCAAACAT,Forebrain/midbrain
CGAATTGAGCCAAGGT,Primitive erythroid cells
CGAATTGAGCGTCTCG,Endothelium
CGAATTGAGTCGAAGC,Surface ectoderm
CGAATTGAGTCTTCCC,Primitive erythroid cells
CGAATTGCAACTCATG,Extraembryonic visceral endoderm
CGAATTGCAATGTCTG,Forebrain/midbrain
CGAATTGCACCCAAGC,Primitive erythroid cells
CGAATTGCAGAGCCCT,Extraembryonic visceral endoderm
CGAATTGCAGAGTCTT,Extraembryonic visceral endoderm
CGAATTGCATGTGCTA,Extraembryonic visceral endoderm
CGAATTGGTACACTCA,NMP
CGAATTGGTATGGAGC,Paraxial mesoderm
CGAATTGGTCTCCTGT,Extraembryonic visceral endoderm
CGAATTGGTGCGCTCA,Surface ectoderm
CGAATTGGTGGGTTGA,Lateral plate and intermediate mesoderm
CGAATTGGTTAGTCGT,Cranial neural crest
CGAATTGGTTCGAACT,Cranial neural crest
CGAATTGTCATCGGGC,Lateral plate and intermediate mesoderm
CGAATTGTCGCATAGT,NMP
CGAATTGTCGGTCACG,Extraembryonic visceral endoderm
CGAATTGTCTAGATCG,Hindbrain
CGACAGCAGACAGTCG,Extraembryonic visceral endoderm
CGACAGCAGGCTCCCA,Primitive erythroid cells
CGACAGCAGTATGGAT,Hindbrain
CGACAGCAGTGGTGGT,Extraembryonic visceral endoderm
CGACAGCCAAGACGGT,Primitive erythroid cells
CGACAGCCACACCTAA,Forebrain/midbrain
CGACAGCCAGACCCGT,Primitive erythroid cells
CGACAGCCAGAGAAAG,Primitive erythroid cells
CGACAGCCATTAGGAA,Placodal area
CGACAGCGTCAAATCC,Forebrain/midbrain
CGACAGCGTGGACTGA,Primitive erythroid cells
CGACAGCGTGTGTCGC,Primitive erythroid cells
CGACAGCGTTACGTAC,Primitive erythroid cells
CGACAGCGTTGCATGT,Lateral plate and intermediate mesoderm
CGACAGCTCGGATAAA,Gut endoderm
CGACAGCTCGGCATCG,Gut endoderm
CGACAGCTCTCGACGG,Primitive erythroid cells
CGACAGCTCTGTAACG,Lateral plate and intermediate mesoderm
CGACAGCTCTTACCAT,Gut endoderm
CGAGAAGAGGTCACCC,NMP
CGAGAAGAGTGGCGAT,Amniotic ectoderm
CGAGAAGCAAACACGG,Hematoendothelial progenitors
CGAGAAGCACTATGTG,Gut endoderm
CGAGAAGCAGGACGAT,NMP
CGAGAAGCATATCTCT,Extraembryonic visceral endoderm
CGAGAAGCATGGCACC,Paraxial mesoderm
CGAGAAGGTTGGGATG,Primitive erythroid cells
CGAGAAGTCATGGAGG,Gut endoderm
CGAGAAGTCCGCTTAC,Placodal area
CGAGAAGTCGTCACCT,Primitive erythroid cells
CGAGAAGTCTCAGGCG,Forebrain/midbrain
CGAGGAAAGAGAAGGT,Primitive erythroid cells
CGAGGAAAGAGGTGCT,Lateral plate and intermediate mesoderm
CGAGGAAAGATCCAAA,Lateral plate and intermediate mesoderm
CGAGGAAAGCAAATCA,Primitive erythroid cells
CGAGGAAAGCCACCGT,Primitive erythroid cells
CGAGGAAAGGAAGTGA,Second heart field
CGAGGAAAGGTCCGAA,Hindbrain
CGAGGAACAAGTTCCA,Paraxial mesoderm
CGAGGAACACCCTATC,Primitive erythroid cells
CGAGGAACAGCTGAGA,Surface ectoderm
CGAGGAACAGTCGTTA,Extraembryonic visceral endoderm
CGAGGAAGTAGGCTGA,Surface ectoderm
CGAGGAAGTCCGAAAG,Lateral plate and intermediate mesoderm
CGAGGAAGTTAACCTG,Amniotic ectoderm
CGAGGAAGTTATCCAG,Primitive erythroid cells
CGAGGAAGTTTACCTT,Extraembryonic visceral endoderm
CGAGGAAGTTTCGGCG,Primitive erythroid cells
CGAGGAATCAACACCA,Primitive erythroid cells
CGAGGCTCAATTGAGA,Primitive erythroid cells
CGAGGCTCACAGAGCA,Lateral plate and intermediate mesoderm
CGAGGCTCATGAAAGT,NMP
CGAGGCTGTACCACGC,Primitive erythroid cells
CGAGGCTGTCACAGTT,Primitive erythroid cells
CGAGGCTGTCCCGGTA,Primitive erythroid cells
CGAGGCTGTGGAACAC,Hematoendothelial progenitors
CGAGGCTGTGGCAACA,Amniotic ectoderm
CGAGGCTGTGGTACAG,Primitive erythroid cells
CGAGGCTGTTACCGTA,Primitive erythroid cells
CGAGGCTTCAGTCCGG,Primitive erythroid cells
CGAGGCTTCGTTCATT,Extraembryonic visceral endoderm
CGAGGCTTCGTTGTAG,Forebrain/midbrain
CGAGTGCCAACACAAA,Extraembryonic visceral endoderm
CGAGTGCCAAGGCCTC,Surface ectoderm
CGAGTGCCAGAGAATT,Primitive erythroid cells
CGAGTGCCAGCGACAA,Forebrain/midbrain
CGAGTGCCAGGCATGA,Primitive erythroid cells
CGAGTGCCATAGAATG,Lateral plate and intermediate mesoderm
CGAGTGCCATGCCGCA,NMP
CGAGTGCGTAAGTTAG,Hematoendothelial progenitors
CGAGTGCGTAGGGTAC,Cranial neural crest
CGAGTGCGTATCTCGA,Primitive erythroid cells
CGAGTGCGTCCAACGC,Primitive erythroid cells
CGAGTGCGTCGAAGCA,Extraembryonic visceral endoderm
CGAGTGCGTGGATCAG,Primitive erythroid cells
CGAGTGCTCACGGGCT,Hindbrain
CGAGTGCTCAGAGTGG,Second heart field
CGAGTGCTCAGCTTCC,Forebrain/midbrain
CGAGTGCTCAGTCAGT,Placodal area
CGAGTGCTCCCATACC,Primitive erythroid cells
CGAGTGCTCGTGTGAT,Extraembryonic visceral endoderm
CGAGTGCTCGTTGTGA,Placodal area
CGAGTTAAGACCTCAT,Lateral plate and intermediate mesoderm
CGAGTTAAGCTCTGTA,Extraembryonic visceral endoderm
CGAGTTAAGGAGGCAG,Surface ectoderm
CGAGTTAAGTATAGGT,NMP
CGAGTTAAGTGCTCAT,Lateral plate and intermediate mesoderm
CGAGTTACAAACCGGA,Primitive erythroid cells
CGAGTTACACTGCACG,First heart field
CGAGTTACAGCTCGGT,Hindbrain
CGAGTTACATAAGCGG,Allantois
CGAGTTACATATACCG,Forebrain/midbrain
CGAGTTACATCGGAGA,Primitive erythroid cells
CGAGTTACATGGTACT,Gut endoderm
CGAGTTAGTCGCATGC,Primitive erythroid cells
CGAGTTAGTGGAGGTT,Lateral plate and intermediate mesoderm
CGAGTTAGTGGTTTGT,Extraembryonic visceral endoderm
CGAGTTAGTTCCAGGC,Primitive erythroid cells
CGAGTTATCAATCTCT,NMP
CGAGTTATCGAGATGG,Extraembryonic visceral endoderm
CGAGTTATCGCCAATA,Forebrain/midbrain
CGAGTTATCGGTCGGT,Forebrain/midbrain
CGAGTTATCTGGTGGC,Primitive erythroid cells
CGATCGGAGAGGTGCT,Primitive erythroid cells
CGATCGGAGATACAGT,Primitive erythroid cells
CGATCGGAGTGGATTA,Primitive erythroid cells
CGATCGGAGTTATGGA,Extraembryonic visceral endoderm
CGATCGGCAACAACAA,Forebrain/midbrain
CGATCGGCAACAGATA,Extraembryonic visceral endoderm
CGATCGGCAAGCCTGC,Lateral plate and intermediate mesoderm
CGATCGGCACATGGTT,Forebrain/midbrain
CGATCGGGTCATCTAG,Primitive erythroid cells
CGATCGGGTCGTATGT,Forebrain/midbrain
CGATCGGGTGAATGAT,Primitive erythroid cells
CGATCGGGTGAGCGAT,Hematoendothelial progenitors
CGATCGGGTTACCTGA,Surface ectoderm
CGATCGGGTTGGAGGT,Allantois
CGATCGGTCGAGTTGT,Lateral plate and intermediate mesoderm
CGATGCGAGACAACTA,Primitive erythroid cells
CGATGCGAGCGGTAAC,Cranial neural crest
CGATGCGAGGGAGAAT,Hindbrain
CGATGCGAGTAGACAT,Hindbrain
CGATGCGAGTAGGGTC,Lateral plate and intermediate mesoderm
CGATGCGCACGGCACT,Allantois
CGATGCGCACTAGGTT,Lateral plate and intermediate mesoderm
CGATGCGCAGAACATA,Primitive erythroid cells
CGATGCGCAGGCTACC,Primitive erythroid cells
CGATGCGCAGGTCCCA,Extraembryonic visceral endoderm
CGATGCGGTACTCAAC,Primitive erythroid cells
CGATGCGGTAGCGTCC,Endothelium
CGATGCGGTAGTGCGA,Primitive erythroid cells
CGATGCGGTCCACGCA,Primitive erythroid cells
CGATGCGGTCGCTTGG,Endothelium
CGATGCGGTGAGATTA,Amniotic ectoderm
CGATGCGGTTGGTAGG,Hindbrain
CGATGCGTCCATAGAC,Extraembryonic visceral endoderm
CGATGCGTCCGTCCTA,Extraembryonic visceral endoderm
CGATGCGTCTCTGACC,Hindbrain
CGATGGCAGAGATTCA,Forebrain/midbrain
CGATGGCAGGTCTACT,Primitive erythroid cells
CGATGGCCACCTCGTT,Primitive erythroid cells
CGATGGCCATTCACCC,Hindbrain
CGATGGCGTACGAAAT,Extraembryonic visceral endoderm
CGATGGCGTATGAAAC,Lateral plate and intermediate mesoderm
CGATGGCGTTCGGCGT,Primitive erythroid cells
CGATGGCTCAAGCGTT,Hindbrain
CGATGGCTCACCCTGT,Primitive erythroid cells
CGATGGCTCATACAGC,Primitive erythroid cells
CGATGGCTCCTCCACA,Primitive erythroid cells
CGATGGCTCCTGGGAC,Surface ectoderm
CGATGGCTCGAAACAA,Primitive erythroid cells
CGATGGCTCGTAGTGT,Endothelium
CGATGGCTCTCGTCGT,Hindbrain
CGCAGGTAGAGAGCAA,Primitive erythroid cells
CGCAGGTAGATCACCT,Primitive erythroid cells
CGCAGGTAGATCCTAC,Paraxial mesoderm
CGCAGGTAGCATTGTC,Gut endoderm
CGCAGGTAGCTCGAAG,Extraembryonic visceral endoderm
CGCAGGTAGGGAGGTG,Surface ectoderm
CGCAGGTAGGTAGCAC,Extraembryonic visceral endoderm
CGCAGGTAGTATGGCG,Primitive erythroid cells
CGCAGGTCAACCTATG,Primitive erythroid cells
CGCAGGTCAGCGACAA,First heart field
CGCAGGTGTCAACACT,Forebrain/midbrain
CGCAGGTGTCATACCA,Forebrain/midbrain
CGCAGGTGTCTGTGTA,Surface ectoderm
CGCAGGTGTTCTCCAC,Extraembryonic visceral endoderm
CGCAGGTGTTGCCAAT,Primitive erythroid cells
CGCAGGTGTTTCACTT,Primitive erythroid cells
CGCAGGTTCATGCCCT,Extraembryonic visceral endoderm
CGCAGGTTCCAAAGGG,Lateral plate and intermediate mesoderm
CGCAGGTTCCATCTCG,Forebrain/midbrain
CGCAGGTTCCGGACGT,Extraembryonic visceral endoderm
CGCAGGTTCCGTGTGG,Gut endoderm
CGCAGGTTCCTTGGAA,Forebrain/midbrain
CGCATAAAGAGGTCGT,Lateral plate and intermediate mesoderm
CGCATAAAGGAGCTGT,Surface ectoderm
CGCATAAAGTCACTAC,Hindbrain
CGCATAACAACACAAA,Forebrain/midbrain
CGCATAACAACACTAC,Primitive erythroid cells
CGCATAACACCAATTG,Primitive erythroid cells
CGCATAACACGGCACT,Gut endoderm
CGCATAACAGACGCTC,Extraembryonic visceral endoderm
CGCATAACAGAGATTA,Extraembryonic visceral endoderm
CGCATAAGTATGCTTG,Hindbrain
CGCATAAGTCGTCAGC,Extraembryonic visceral endoderm
CGCATAAGTTATGGTC,Extraembryonic visceral endoderm
CGCATAAGTTCTTCAT,Forebrain/midbrain
CGCATAATCAACTCTT,Lateral plate and intermediate mesoderm
CGCATAATCAGTGTGT,Lateral plate and intermediate mesoderm
CGCATAATCCAGTGCG,Forebrain/midbrain
CGCATAATCCCTCAAC,Forebrain/midbrain
CGCATAATCCTTGGAA,Primitive erythroid cells
CGCATAATCGTTTACT,Forebrain/midbrain
CGCATAATCTGTCGCT,Extraembryonic visceral endoderm
CGCATGGAGCAACTCT,Primitive erythroid cells
CGCATGGAGGCCTTGC,Primordial germ cells
CGCATGGAGTGCGACA,Surface ectoderm
CGCATGGCACAGTACT,Extraembryonic visceral endoderm
CGCATGGCAGGACAGT,Primitive erythroid cells
CGCATGGCATCCGCGA,Extraembryonic visceral endoderm
CGCATGGCATCGAACT,Surface ectoderm
CGCATGGGTAGATTAG,Extraembryonic visceral endoderm
CGCATGGGTGAAGCTG,Primitive erythroid cells
CGCATGGGTTCGGGTC,Surface ectoderm
CGCATGGTCCTTCGAC,Surface ectoderm
CGCATGGTCGTCTAAG,Amniotic ectoderm
CGCATGGTCTAAGCCA,Surface ectoderm
CGCATGGTCTAAGGAA,Extraembryonic visceral endoderm
CGCATGGTCTGACCCT,Primitive erythroid cells
CGCCAGAAGGGTACGT,Primitive erythroid cells
CGCCAGACACAACGAG,Surface ectoderm
CGCCAGAGTACCCACG,Hindbrain
CGCCAGAGTTAGAGTA,Paraxial mesoderm
CGCCAGATCATACGAC,Hindbrain
CGCCAGATCCGCGATG,Primitive erythroid cells
CGCCAGATCCTTCAGC,Primitive erythroid cells
CGCCAGATCTGACGCG,Hindbrain
CGCCATTAGATACATG,Primitive erythroid cells
CGCCATTAGGTCGAGT,Endothelium
CGCCATTAGTCAAGCG,Surface ectoderm
CGCCATTCAGGCTATT,Extraembryonic visceral endoderm
CGCCATTGTAGCTGAG,Extraembryonic visceral endoderm
CGCCATTGTAGCTGTT,Extraembryonic visceral endoderm
CGCCATTGTGCTATTG,Gut endoderm
CGCCATTGTGGAACAC,Surface ectoderm
CGCCATTGTGTTAACC,Extraembryonic visceral endoderm
CGCCATTGTTGATGTC,Lateral plate and intermediate mesoderm
CGCCATTTCACAATGC,Forebrain/midbrain
CGCCATTTCCTTCACG,Forebrain/midbrain
CGCCATTTCTAGCCTC,Extraembryonic visceral endoderm
CGCCATTTCTATTCGT,Extraembryonic visceral endoderm
CGCCATTTCTCTGCTG,Primitive erythroid cells
CGCGTGAAGACCACGA,Gut endoderm
CGCGTGAAGCCTGTGC,First heart field
CGCGTGAAGCGCCGTT,Extraembryonic visceral endoderm
CGCGTGAAGCGGGTAT,Primitive erythroid cells
CGCGTGAAGGCATCTT,Hindbrain
CGCGTGAAGTAGCATA,Gut endoderm
CGCGTGACAAAGGCGT,Surface ectoderm
CGCGTGACACGCGGTT,Endothelium
CGCGTGACAGCACCCA,Extraembryonic visceral endoderm
CGCGTGACAGTTCACA,Forebrain/midbrain
CGCGTGAGTATCGTGT,Primitive erythroid cells
CGCGTGAGTTAGTCGT,Endothelium
CGCGTGAGTTTCGCTC,First heart field
CGCGTGATCCGATCTC,Amniotic ectoderm
CGCGTGATCCGTGGCA,Notochord
CGCGTGATCTCGACCT,NMP
CGCGTGATCTGCTAGA,Allantois
CGGAACCAGAACAGGA,Surface ectoderm
CGGAACCAGAGTCCGA,NMP
CGGAACCAGCTCGTGC,Amniotic ectoderm
CGGAACCAGCTGCCAC,Extraembryonic visceral endoderm
CGGAACCAGTAAGAGG,Surface ectoderm
CGGAACCAGTTGAAAC,Lateral plate and intermediate mesoderm
CGGAACCCAAAGTATG,Primitive erythroid cells
CGGAACCCAGCTACTA,Hindbrain
CGGAACCCATTGTAGC,Primitive erythroid cells
CGGAACCGTAAGGCTG,Primitive erythroid cells
CGGAACCGTCGTTCAA,Primitive erythroid cells
CGGAACCGTGATAGTA,Forebrain/midbrain
CGGAACCGTGCTTATG,Hematoendothelial progenitors
CGGAACCGTGTGTGTT,Surface ectoderm
CGGAACCTCACGATAC,Surface ectoderm
CGGAATTAGGGCCCTT,Primitive erythroid cells
CGGAATTCAACCACAT,Forebrain/midbrain
CGGAATTCACAATCTG,Lateral plate and intermediate mesoderm
CGGAATTCAGACATCT,Primitive erythroid cells
CGGAATTCAGAGAGGG,NMP
CGGAATTCATAAGCAA,Lateral plate and intermediate mesoderm
CGGAATTGTACACGCC,Surface ectoderm
CGGAATTGTACGGTTT,Primitive erythroid cells
CGGAATTGTCATCACA,Primitive erythroid cells
CGGAATTGTCCGGACT,NMP
CGGAATTTCATTGCCC,Primitive erythroid cells
CGGAATTTCCACAAGT,Paraxial mesoderm
CGGAATTTCCCAGGAC,Primitive erythroid cells
CGGAATTTCCGAAATC,Primitive erythroid cells
CGGAATTTCGTGTGGC,Extraembryonic visceral endoderm
CGGAATTTCTTCGTAT,Gut endoderm
CGGACACAGATGCAGC,Gut endoderm
CGGACACAGCCTCTTC,Primitive erythroid cells
CGGACACAGGTGCTGA,Amniotic ectoderm
CGGACACAGTAATCCC,Primitive erythroid cells
CGGACACCAAGCACAG,Extraembryonic visceral endoderm
CGGACACCAATTCGTG,Primitive erythroid cells
CGGACACCACATATGC,Extraembryonic visceral endoderm
CGGACACGTCCGGACT,Cranial neural crest
CGGACACGTGGTATGG,Primitive erythroid cells
CGGACACGTTGGGAAC,Forebrain/midbrain
CGGACACTCATGTCAG,Primitive erythroid cells
CGGACACTCTCTATAC,Hematoendothelial progenitors
CGGAGAAAGAGAGTTT,NMP
CGGAGAAAGAGCGACT,Placodal area
CGGAGAAAGAGTTGCG,Hindbrain
CGGAGAAAGCACTCAT,Extraembryonic visceral endoderm
CGGAGAACAACAAGAT,Primitive erythroid cells
CGGAGAACAACCAATC,Extraembryonic visceral endoderm
CGGAGAACAATAACCC,Primitive erythroid cells
CGGAGAACACTTGGCG,NMP
CGGAGAACAGCTTCGG,First heart field
CGGAGAACAGGAGGAG,Second heart field
CGGAGAACATATGAAG,Endothelium
CGGAGAAGTCAGCTTA,Amniotic ectoderm
CGGAGAAGTGTGCCTG,Primitive erythroid cells
CGGAGAATCGAAGCCC,Hindbrain
CGGAGAATCGACTCCT,Primitive erythroid cells
CGGCAGTAGCACTCTA,Lateral plate and intermediate mesoderm
CGGCAGTAGCGGTAGT,Primitive erythroid cells
CGGCAGTAGTGCCTCG,Forebrain/midbrain
CGGCAGTCACGTGTGC,Hindbrain
CGGCAGTCACTCAGAT,Primitive erythroid cells
CGGCAGTGTAGGACTG,Forebrain/midbrain
CGGCAGTGTGATTAGA,Primitive erythroid cells
CGGCAGTGTGCCTACG,Amniotic ectoderm
CGGCAGTGTTCCATTT,Forebrain/midbrain
CGGCAGTTCCTCACTG,Paraxial mesoderm
CGGCAGTTCGGTCGAC,Hindbrain
CGGCAGTTCTGTGCGG,Hindbrain
CGGGACTAGAATCGCG,Primitive erythroid cells
CGGGACTAGCGACCCT,Lateral plate and intermediate mesoderm
CGGGACTAGGGTCACA,Lateral plate and intermediate mesoderm
CGGGACTCAACCAACT,Primitive erythroid cells
CGGGACTCACACCTAA,Hindbrain
CGGGACTCACCGTCGA,Surface ectoderm
CGGGACTGTAGACAGC,Extraembryonic visceral endoderm
CGGGACTGTCAAATCC,Primitive erythroid cells
CGGGACTGTTACGCCG,Gut endoderm
CGGGACTGTTAGGAGC,NMP
CGGGACTTCCTCAGGG,Surface ectoderm
CGGGCATAGCCTAACT,Lateral plate and intermediate mesoderm
CGGGCATAGCTCCGAC,Placodal area
CGGGCATAGGGCTAAC,Forebrain/midbrain
CGGGCATCAATGCTCA,Hindbrain
CGGGCATCACGACGCT,Hindbrain
CGGGCATCACGTAGTT,Lateral plate and intermediate mesoderm
CGGGCATCACTCCGAG,Gut endoderm
CGGGCATCACTTCAAG,Hindbrain
CGGGCATCATCGGCCA,Primitive erythroid cells
CGGGCATGTCCATAGT,Extraembryonic visceral endoderm
CGGGCATGTCGACGCT,Extraembryonic visceral endoderm
CGGGCATGTCGATGCC,Extraembryonic visceral endoderm
CGGGCATGTGTCTTCC,Lateral plate and intermediate mesoderm
CGGGCATGTGTGTCGC,Primitive erythroid cells
CGGGCATTCCACACCT,Primitive erythroid cells
CGGGCATTCGCAATGT,Extraembryonic visceral endoderm
CGGGCATTCTTGGTCC,Extraembryonic visceral endoderm
CGGGTCAAGAGCCATG,Lateral plate and intermediate mesoderm
CGGGTCAAGAGGATCC,Second heart field
CGGGTCAAGCATTTGC,Forebrain/midbrain
CGGGTCAAGTATGAAC,Primitive erythroid cells
CGGGTCACAAGACGAC,NMP
CGGGTCACACGCTGTG,Forebrain/midbrain
CGGGTCACAGTCAGAG,Forebrain/midbrain
CGGGTCATCACAAGAA,Lateral plate and intermediate mesoderm
CGGGTCATCAGACAAA,Surface ectoderm
CGGGTCATCCGAGCTG,Primitive erythroid cells
CGGGTCATCTTGGATG,Paraxial mesoderm
CGGGTGTAGAGCCCAA,Forebrain/midbrain
CGGGTGTAGCATAGGC,Endothelium
CGGGTGTAGCTATCTG,Lateral plate and intermediate mesoderm
CGGGTGTAGTATTCCG,NMP
CGGGTGTCAACCAACT,Primitive erythroid cells
CGGGTGTCACTCGATA,Hindbrain
CGGGTGTCAGCTACAT,Amniotic ectoderm
CGGGTGTCAGCTATAC,Primitive erythroid cells
CGGGTGTCAGCTCATA,Hindbrain
CGGGTGTCAGTAGAAT,Forebrain/midbrain
CGGGTGTCATTCTCTA,Extraembryonic visceral endoderm
CGGGTGTGTACCAGAG,Extraembryonic visceral endoderm
CGGGTGTGTAGCGCCT,Extraembryonic visceral endoderm
CGGGTGTGTCGTACAT,Primitive erythroid cells
CGGGTGTGTTAACAGA,Hindbrain
CGGGTGTTCCAGCACG,Primitive erythroid cells
CGGGTGTTCGCTGACG,Extraembryonic visceral endoderm
CGGTCAGAGGGCTGAT,Forebrain/midbrain
CGGTCAGAGGTATAGT,Hindbrain
CGGTCAGAGGTCCCTG,NMP
CGGTCAGAGTAGGCCA,Primitive erythroid cells
CGGTCAGAGTATAACG,Extraembryonic visceral endoderm
CGGTCAGAGTTGCCCG,Lateral plate and intermediate mesoderm
CGGTCAGCAACAGATA,Primitive erythroid cells
CGGTCAGCAACGTTAC,Primitive erythroid cells
CGGTCAGGTAAGTTAG,Primitive erythroid cells
CGGTCAGGTATTGAGA,Amniotic ectoderm
CGGTCAGTCGCACTCT,Primitive erythroid cells
CGGTCAGTCTGGGATT,Primitive erythroid cells
CGTAAGTAGGGCCAAT,Surface ectoderm
CGTAAGTAGTAATCCC,Hindbrain
CGTAAGTCAAGAAATC,Forebrain/midbrain
CGTAAGTCACCCTATC,Forebrain/midbrain
CGTAAGTCACGGTGTC,Endothelium
CGTAAGTCAGGACGAT,Amniotic ectoderm
CGTAAGTCATGATGCT,Lateral plate and intermediate mesoderm
CGTAAGTGTCCACATA,Primitive erythroid cells
CGTAAGTGTCCTGAAT,Gut endoderm
CGTAAGTGTGACAGGT,Surface ectoderm
CGTAAGTGTGATAGTA,Primordial germ cells
CGTAAGTGTTGCATGT,Forebrain/midbrain
CGTAAGTTCGGTCACG,Paraxial mesoderm
CGTAAGTTCTGGTGCG,Surface ectoderm
CGTAAGTTCTTCCCGA,Paraxial mesoderm
CGTAATGAGATTGCGG,Extraembryonic visceral endoderm
CGTAATGAGCAGTAAT,Second heart field
CGTAATGCACTTGACA,Primitive erythroid cells
CGTAATGCAGTAACCT,Primitive erythroid cells
CGTAATGCAGTCTTCC,Hindbrain
CGTAATGCATGTAACC,Primitive erythroid cells
CGTAATGCATTCAGGT,Gut endoderm
CGTAATGGTCCCTGTT,Surface ectoderm
CGTAATGGTGCCGGTT,Forebrain/midbrain
CGTAATGGTTCGGCCA,Surface ectoderm
CGTAATGGTTGTACGT,Allantois
CGTAATGTCCACAAGT,Primitive erythroid cells
CGTAATGTCGTGCATA,Surface ectoderm
CGTAATGTCGTTGTTT,Hematoendothelial progenitors
CGTAGTAAGAATTCAG,Paraxial mesoderm
CGTAGTAAGTTGTAGA,Extraembryonic visceral endoderm
CGTAGTACAAACTAGA,Extraembryonic visceral endoderm
CGTAGTACACCACTGG,Endothelium
CGTAGTAGTAACAGGC,Surface ectoderm
CGTAGTATCACGGGAA,Extraembryonic visceral endoderm
CGTAGTATCATGGATC,Forebrain/midbrain
CGTAGTATCGTAACAC,Cranial neural crest
CGTAGTATCTCAGTCC,Primitive erythroid cells
CGTCAAAAGCTTTCTT,First heart field
CGTCAAACAAGGCGTA,NMP
CGTCAAACAGGACTTT,Primitive erythroid cells
CGTCAAAGTAACCCTA,Surface ectoderm
CGTCAAAGTAGGCTCC,Primitive erythroid cells
CGTCAAAGTCTGATAC,Extraembryonic visceral endoderm
CGTCAAAGTGCGAGTA,NMP
CGTCAAAGTTCCGTTC,Extraembryonic visceral endoderm
CGTCAAATCATTCACT,Extraembryonic visceral endoderm
CGTCAAATCCTTCGAC,Forebrain/midbrain
CGTCAAATCGCCAATA,Allantois
CGTCAAATCGGAGATG,Primitive erythroid cells
CGTCAAATCTCAACGA,NMP
CGTCAAATCTCATGCC,Primitive erythroid cells
CGTCAAATCTCCGCAT,Extraembryonic visceral endoderm
CGTCAAATCTCTGAGA,Extraembryonic visceral endoderm
CGTCCATAGGGTTTCT,Lateral plate and intermediate mesoderm
CGTCCATAGTACAGAT,Lateral plate and intermediate mesoderm
CGTCCATCACCGTCGA,Forebrain/midbrain
CGTCCATCAGTAGAGC,Primitive erythroid cells
CGTCCATCATGTCAGT,Cranial neural crest
CGTCCATGTCGATTCA,Hindbrain
CGTCCATGTGATTCTG,Endothelium
CGTCCATGTTAAGAAC,Extraembryonic visceral endoderm
CGTCCATGTTTCGCTC,Gut endoderm
CGTCCATTCACGGACC,Surface ectoderm
CGTCCATTCCATACTT,Lateral plate and intermediate mesoderm
CGTCCATTCGAACCTA,Lateral plate and intermediate mesoderm
CGTCCATTCGATTCCC,Amniotic ectoderm
CGTGAATAGACGCAGT,Primitive erythroid cells
CGTGAATAGAGTGACC,Primitive erythroid cells
CGTGAATAGATAGGGA,Primitive erythroid cells
CGTGAATAGATTGGGC,Notochord
CGTGAATAGGTACTGG,Primitive erythroid cells
CGTGAATAGTCGGCCT,Lateral plate and intermediate mesoderm
CGTGAATCAAGAGTAT,Allantois
CGTGAATCATAATCGC,Primitive erythroid cells
CGTGAATCATCCGTGG,Allantois
CGTGAATGTATGGGAC,Endothelium
CGTGAATTCACTGTCC,Hindbrain
CGTGAATTCGCCATAA,Cranial neural crest
CGTGATAAGACATCCT,Spinal cord
CGTGATAAGAGAGCAA,Extraembryonic visceral endoderm
CGTGATAAGCTAGAAT,Primitive erythroid cells
CGTGATACAAGCAGGT,Extraembryonic visceral endoderm
CGTGATACACACCTAA,Forebrain/midbrain
CGTGATACACTCCGAG,Primitive erythroid cells
CGTGATACATAATCCG,Lateral plate and intermediate mesoderm
CGTGATAGTGCCCTTT,Primitive erythroid cells
CGTGATAGTGGATCGA,Surface ectoderm
CGTGATAGTGGGTATG,Forebrain/midbrain
CGTGATAGTGTTCATG,Extraembryonic visceral endoderm
CGTGATAGTTCCTTGC,Extraembryonic visceral endoderm
CGTGATATCAATGTCG,Extraembryonic visceral endoderm
CGTGATATCCCAATAG,Extraembryonic visceral endoderm
CGTGATATCCCTCTCC,Paraxial mesoderm
CGTGATATCTACCTTA,Lateral plate and intermediate mesoderm
CGTGCTTAGCACTAAA,Extraembryonic visceral endoderm
CGTGCTTAGGACGCTA,NMP
CGTGCTTAGGCATGCA,Primitive erythroid cells
CGTGCTTAGGTATCTC,Forebrain/midbrain
CGTGCTTAGTAATACG,Extraembryonic visceral endoderm
CGTGCTTCAACGGTAG,Lateral plate and intermediate mesoderm
CGTGCTTCAATCTCTT,Lateral plate and intermediate mesoderm
CGTGCTTCACGCTGCA,Primitive erythroid cells
CGTGCTTCAGTCAACT,Primitive erythroid cells
CGTGCTTGTAAGACCG,Extraembryonic visceral endoderm
CGTGCTTGTCGGCTAC,Allantois
CGTGCTTGTGACTCTA,Primitive erythroid cells
CGTGCTTTCGAGATGG,Lateral plate and intermediate mesoderm
CGTGCTTTCGATTTCT,Primitive erythroid cells
CGTGCTTTCTGTGCGG,Hindbrain
CGTGTCTAGATGCTTC,Primitive erythroid cells
CGTGTCTAGGATCACG,Extraembryonic visceral endoderm
CGTGTCTAGTTGAAGT,Primitive erythroid cells
CGTGTCTCAACGTTAC,Extraembryonic visceral endoderm
CGTGTCTCAGGACAGT,Gut endoderm
CGTGTCTCATGGCACC,Amniotic ectoderm
CGTGTCTGTAGAGATT,Paraxial mesoderm
CGTGTCTGTCCTCCAT,Surface ectoderm
CGTGTCTGTCTGTCCT,NMP
CGTGTCTGTGTTGATC,Hematoendothelial progenitors
CGTGTCTTCAGCAATC,Primitive erythroid cells
CGTGTCTTCCATTTCA,Extraembryonic visceral endoderm
CGTGTCTTCCCGGTAG,Extraembryonic visceral endoderm
CGTTAGAAGAGTCAAT,Extraembryonic visceral endoderm
CGTTAGAAGAGTTGTA,Primitive erythroid cells
CGTTAGAAGCACTTTG,Hindbrain
CGTTAGAAGGTTCCGC,Forebrain/midbrain
CGTTAGAAGTCGTCTA,NMP
CGTTAGAAGTGGTTGG,Primitive erythroid cells
CGTTAGACACACAGAG,Extraembryonic visceral endoderm
CGTTAGACAGGTGTTT,Cranial neural crest
CGTTAGACAGTCGGTC,Paraxial mesoderm
CGTTAGACATGATGCT,Primitive erythroid cells
CGTTAGAGTACGTAGG,Gut endoderm
CGTTAGAGTACTGCCG,Primitive erythroid cells
CGTTAGAGTATCGCAT,Hematoendothelial progenitors
CGTTAGAGTCCAAATC,Primitive erythroid cells
CGTTAGAGTGGAATGC,Extraembryonic visceral endoderm
CGTTAGAGTGTAGTGG,Primitive erythroid cells
CGTTAGAGTTGAATCC,Primitive erythroid cells
CGTTAGATCCAATGCA,Extraembryonic visceral endoderm
CGTTAGATCCACCTCA,Primitive erythroid cells
CGTTAGATCCACTTTA,Paraxial mesoderm
CGTTAGATCCCATGGG,Endothelium
CGTTCTGAGAGATGCC,Primitive erythroid cells
CGTTCTGAGCCTCGTG,Lateral plate and intermediate mesoderm
CGTTCTGAGGAACTAT,Primitive erythroid cells
CGTTCTGCAGCTTTCC,Surface ectoderm
CGTTCTGCAGGCGAAT,Extraembryonic visceral endoderm
CGTTCTGGTACACGCC,Primitive erythroid cells
CGTTCTGGTCAGGTAG,Primitive erythroid cells
CGTTCTGGTCGGTAAG,Hindbrain
CGTTCTGTCAACCTTT,Surface ectoderm
CGTTCTGTCCTTTGAT,Gut endoderm
CGTTCTGTCGTTCCCA,Amniotic ectoderm
CGTTCTGTCTCTCGCA,Amniotic ectoderm
CGTTCTGTCTTAGTTC,Gut endoderm
CGTTGGGAGAATACAC,Primitive erythroid cells
CGTTGGGAGACTTCGT,Forebrain/midbrain
CGTTGGGAGCACGATG,Lateral plate and intermediate mesoderm
CGTTGGGCAATTGCAC,Extraembryonic visceral endoderm
CGTTGGGCACACTGGC,Extraembryonic visceral endoderm
CGTTGGGCACATATCG,Primitive erythroid cells
CGTTGGGCAGCTACCG,Lateral plate and intermediate mesoderm
CGTTGGGCAGTTTCGA,Hindbrain
CGTTGGGCATAGTCGT,Primitive erythroid cells
CGTTGGGCATGATCTG,Extraembryonic visceral endoderm
CGTTGGGGTATACGGG,Extraembryonic visceral endoderm
CGTTGGGGTATGAAAC,Primitive erythroid cells
CGTTGGGGTCATATGC,Primitive erythroid cells
CGTTGGGGTGCCGTTG,Spinal cord
CGTTGGGTCGCAGTGC,Cranial neural crest
CGTTGGGTCTGAGAAA,Surface ectoderm
CTAACCCAGGATTCAA,Lateral plate and intermediate mesoderm
CTAACCCAGGCCTAGA,Extraembryonic visceral endoderm
CTAACCCCACTGTTCC,Paraxial mesoderm
CTAACCCCAGTTAGGG,Primitive erythroid cells
CTAACCCCATCAGCGC,Forebrain/midbrain
CTAACCCGTCAAGGCA,Extraembryonic visceral endoderm
CTAACCCTCCAGCTCT,Lateral plate and intermediate mesoderm
CTAACCCTCCTGGCTT,Primitive erythroid cells
CTAACCCTCTCTCAAT,Primitive erythroid cells
CTAACTTAGAAGCCAC,Primitive erythroid cells
CTAACTTAGACCTGGA,Primitive erythroid cells
CTAACTTAGATGAAGG,NMP
CTAACTTAGCGGTAGT,NMP
CTAACTTCAGCTGTAT,Primitive erythroid cells
CTAACTTGTACTTCCC,Extraembryonic visceral endoderm
CTAACTTGTAGCCAGA,Amniotic ectoderm
CTAACTTGTCCAAGAG,Primitive erythroid cells
CTAACTTGTGATACTC,First heart field
CTAACTTGTGGAAGTC,NMP
CTAACTTGTGTATTGC,Allantois
CTAACTTTCCACCTCA,Extraembryonic visceral endoderm
CTAACTTTCCGATCGG,Allantois
CTAACTTTCGGTTGTA,Cranial neural crest
CTAACTTTCTCCGAGG,Lateral plate and intermediate mesoderm
CTAAGTGAGTTCAACC,Primitive erythroid cells
CTAAGTGCAATCTAGC,Extraembryonic visceral endoderm
CTAAGTGCACAAATCC,Primitive erythroid cells
CTAAGTGCACGAGAAC,Cranial neural crest
CTAAGTGCACGGCACT,Forebrain/midbrain
CTAAGTGCAGGTTCAT,Extraembryonic visceral endoderm
CTAAGTGGTCATAGTC,NMP
CTAAGTGGTGCATTAC,Extraembryonic visceral endoderm
CTAAGTGGTTCTAACG,Primitive erythroid cells
CTAAGTGGTTGTGGAG,NMP
CTAAGTGTCATCCTGC,Surface ectoderm
CTACAGAAGACTTGTC,Placodal area
CTACAGAAGCCTCCAG,NMP
CTACAGAAGCGTGTCC,Primitive erythroid cells
CTACAGAAGTTCAACC,NMP
CTACAGAAGTTTCGAC,Surface ectoderm
CTACAGACAATCAAGA,NMP
CTACAGACACCTAAAC,NMP
CTACAGACACTGAATC,Gut endoderm
CTACAGACAGACGCTC,Primitive erythroid cells
CTACAGACATTCATCT,Hindbrain
CTACAGAGTCAAGGCA,Hematoendothelial progenitors
CTACAGAGTCCAACGC,Lateral plate and intermediate mesoderm
CTACAGAGTGTGTTTG,Lateral plate and intermediate mesoderm
CTACAGAGTTCCCACT,Primitive erythroid cells
CTACAGATCGAGAAGC,Lateral plate and intermediate mesoderm
CTACATTAGAGAGGGC,Gut endoderm
CTACATTAGCCTATCA,Extraembryonic visceral endoderm
CTACATTAGTATTAGG,Primitive erythroid cells
CTACATTCAAACTCTG,Forebrain/midbrain
CTACATTCAGGGATAC,Endothelium
CTACATTCAGGGCTTC,Extraembryonic visceral endoderm
CTACATTGTACACGTT,Hindbrain
CTACATTGTATAGGGC,Primitive erythroid cells
CTACATTGTGGGCTCT,Primitive erythroid cells
CTACATTGTGGTTTAC,Amniotic ectoderm
CTACATTTCAACGAGG,Forebrain/midbrain
CTACATTTCAAGTAAG,Lateral plate and intermediate mesoderm
CTACATTTCTGGCCGA,Extraembryonic visceral endoderm
CTACCCAAGCAATAAC,Primitive erythroid cells
CTACCCAAGCGGGTAT,Surface ectoderm
CTACCCAAGGCAGCTA,Extraembryonic visceral endoderm
CTACCCAAGGGAGTTC,Primitive erythroid cells
CTACCCAAGTAATACG,Forebrain/midbrain
CTACCCAAGTATGGAT,Cranial neural crest
CTACCCACAGGCCCTA,Extraembryonic visceral endoderm
CTACCCACAGTCAACT,Extraembryonic visceral endoderm
CTACCCACATACTGTG,Gut endoderm
CTACCTGAGCGTGCCT,Primitive erythroid cells
CTACCTGAGCTTAAGA,Extraembryonic visceral endoderm
CTACCTGAGGAAAGGT,Primitive erythroid cells
CTACCTGAGGTAAGTT,Primitive erythroid cells
CTACCTGAGTTGTAAG,Amniotic ectoderm
CTACCTGCAAAGGATT,Primitive erythroid cells
CTACCTGCACATGTTG,Primitive erythroid cells
CTACCTGCACGCCACA,Cranial neural crest
CTACCTGCAGACCAAG,Primitive erythroid cells
CTACCTGCAGCTCATA,Paraxial mesoderm
CTACCTGCATCATGAC,Extraembryonic visceral endoderm
CTACCTGGTAGGTCAG,Surface ectoderm
CTACCTGGTCTCAGGC,Primitive erythroid cells
CTACCTGTCACGACTA,Cranial neural crest
CTACCTGTCAGGCGAA,Lateral plate and intermediate mesoderm
CTACCTGTCCTTTGAT,Primitive erythroid cells
CTACGGGAGCTCAGAG,First heart field
CTACGGGAGGTAGATT,Forebrain/midbrain
CTACGGGCAAATACAG,Gut endoderm
CTACGGGCACATATGC,Gut endoderm
CTACGGGCACGCGCAT,Lateral plate and intermediate mesoderm
CTACGGGCACTGTCGG,Lateral plate and intermediate mesoderm
CTACGGGCATCCGCGA,Hindbrain
CTACGGGGTCTCTCCA,Primitive erythroid cells
CTACGGGTCCATCACC,Primitive erythroid cells
CTACGGGTCGAGAGCA,Extraembryonic visceral endoderm
CTACGGGTCGCTTGCT,Forebrain/midbrain
CTACGGGTCGTCAACA,Surface ectoderm
CTACTATAGAACCCGA,Endothelium
CTACTATAGAAGAACG,Amniotic ectoderm
CTACTATAGACATACA,Primitive erythroid cells
CTACTATAGTGGCAGT,First heart field
CTACTATCACAACGCC,Hindbrain
CTACTATCAGAACTTC,Gut endoderm
CTACTATCAGCGAACA,Amniotic ectoderm
CTACTATCATTGAGGG,Surface ectoderm
CTACTATGTGCATTTG,Lateral plate and intermediate mesoderm
CTACTATTCAGGAGAC,Endothelium
CTACTATTCATCGCCT,Primitive erythroid cells
CTACTATTCGAGGCAA,Extraembryonic visceral endoderm
CTACTATTCTCGACGG,Primitive erythroid cells
CTAGACAAGACCAGCA,Surface ectoderm
CTAGACAAGCTGTTCA,Amniotic ectoderm
CTAGACACACTTGAAC,Forebrain/midbrain
CTAGACACATAGAATG,Primitive erythroid cells
CTAGACAGTACCTATG,Hindbrain
CTAGACAGTCTCACAA,Primitive erythroid cells
CTAGACAGTGACATCT,Forebrain/midbrain
CTAGACAGTGCGTTTA,Primitive erythroid cells
CTAGACATCTAACGGT,Hindbrain
CTAGACATCTTGAACG,Surface ectoderm
CTAGGTAAGACGCTCC,Allantois
CTAGGTAAGCGTGAGT,Forebrain/midbrain
CTAGGTACAAAGCAAT,Extraembryonic visceral endoderm
CTAGGTACAAATCCCA,Gut endoderm
CTAGGTAGTCACCGCA,Amniotic ectoderm
CTAGGTAGTCTCTCAC,Surface ectoderm
CTAGGTAGTCTGTGTA,Gut endoderm
CTAGGTAGTTGGGAAC,NMP
CTAGGTATCAAGAGTA,Forebrain/midbrain
CTAGGTATCATTTACC,Amniotic ectoderm
CTAGGTATCGCGTGAC,Extraembryonic visceral endoderm
CTAGGTATCTACACTT,Extraembryonic visceral endoderm
CTATAGGAGAAAGCGA,Primitive erythroid cells
CTATAGGAGACAACTA,Surface ectoderm
CTATAGGAGCCAGACA,Extraembryonic visceral endoderm
CTATAGGAGCGATGCA,Lateral plate and intermediate mesoderm
CTATAGGAGCTACAAA,Primitive erythroid cells
CTATAGGAGGTAGCCA,Surface ectoderm
CTATAGGAGTTGGGAC,Surface ectoderm
CTATAGGCAAAGGAGA,Hindbrain
CTATAGGCACATAACC,Surface ectoderm
CTATAGGCAGGCATGA,Primitive erythroid cells
CTATAGGCATGAAGCG,Primitive erythroid cells
CTATAGGGTCTACACA,Hindbrain
CTATAGGGTTATCTTC,Hindbrain
CTATAGGTCCATCGTC,Primitive erythroid cells
CTATAGGTCGACGTCG,Primitive erythroid cells
CTATAGGTCGTCAAAC,Primitive erythroid cells
CTATAGGTCTAAACGC,Forebrain/midbrain
CTATAGGTCTGGGCCA,Primitive erythroid cells
CTATCCGAGTTAGTGA,Primitive erythroid cells
CTATCCGCAACCAACT,Primitive erythroid cells
CTATCCGCAATCCTTT,Surface ectoderm
CTATCCGCACCGGCTA,Lateral plate and intermediate mesoderm
CTATCCGCAGTAGTGG,Primitive erythroid cells
CTATCCGGTTGTAGCT,Extraembryonic visceral endoderm
CTATCCGTCCCTTTGG,Hindbrain
CTATCCGTCGATGGAG,Extraembryonic visceral endoderm
CTATCCGTCGTCTACC,Lateral plate and intermediate mesoderm
CTATCCGTCGTTATCT,Gut endoderm
CTATCCGTCTAGATCG,Gut endoderm
CTATCCGTCTCTATAC,Primitive erythroid cells
CTATCTAAGAATTGCA,Extraembryonic visceral endoderm
CTATCTAAGGTACAGC,Primitive erythroid cells
CTATCTAAGTCCCGAC,Amniotic ectoderm
CTATCTACAACGTTAC,Hindbrain
CTATCTACAAGCTGTT,Hindbrain
CTATCTACAATTCTCT,Primitive erythroid cells
CTATCTACAGTCTACA,Primitive erythroid cells
CTATCTACATAGTCAC,Notochord
CTATCTAGTCGTGATT,Lateral plate and intermediate mesoderm
CTATCTAGTGAAGCTG,Hindbrain
CTATCTAGTGGGCTTC,Gut endoderm
CTATCTATCCCTCGAT,Lateral plate and intermediate mesoderm
CTATCTATCCGGTAGC,Forebrain/midbrain
CTATCTATCGGCAGTC,Hindbrain
CTCAACCAGAAAGCGA,NMP
CTCAACCAGCGCATCC,Cranial neural crest
CTCAACCAGTAGACAT,Endothelium
CTCAACCCAAGGTCAG,Primitive erythroid cells
CTCAACCCACAGCCTG,Paraxial mesoderm
CTCAACCCACAGTACT,Primitive erythroid cells
CTCAACCCATAGTCAC,Forebrain/midbrain
CTCAACCGTACACGTT,Extraembryonic visceral endoderm
CTCAACCGTAGTGATA,Spinal cord
CTCAACCGTCAACGCC,Endothelium
CTCAACCGTCACTCGG,Extraembryonic visceral endoderm
CTCAACCGTCGTCGGT,Gut endoderm
CTCAACCGTGATACTC,Forebrain/midbrain
CTCAACCGTGCAAGAC,Primitive erythroid cells
CTCAACCGTGCGGATA,Forebrain/midbrain
CTCAACCGTGGATCAG,Hindbrain
CTCAACCGTTGTTTGG,Lateral plate and intermediate mesoderm
CTCAACCTCAGTGTCA,Forebrain/midbrain
CTCAACCTCATAGGCT,Extraembryonic visceral endoderm
CTCAACCTCCCAAGTA,NMP
CTCAACCTCTCGCTTG,Gut endoderm
CTCAAGAAGGAATGTT,Primitive erythroid cells
CTCAAGAAGGGACTGT,Hindbrain
CTCAAGAAGTCCCGAC,Primitive erythroid cells
CTCAAGAAGTTACGTC,Primitive erythroid cells
CTCAAGACAAACACCT,Placodal area
CTCAAGACAAGCCCAC,Hindbrain
CTCAAGACACCCTTGT,Forebrain/midbrain
CTCAAGACAGGAGACT,NMP
CTCAAGACAGGCATTT,Primitive erythroid cells
CTCAAGACATGAAGCG,NMP
CTCAAGACATGGAATA,Primitive erythroid cells
CTCAAGACATGGCACC,Surface ectoderm
CTCAAGAGTACTGAGG,Lateral plate and intermediate mesoderm
CTCAAGAGTCACGTGC,Spinal cord
CTCAAGAGTCTCGACG,Surface ectoderm
CTCAAGAGTTAAGGAT,Paraxial mesoderm
CTCAAGAGTTACACAC,Forebrain/midbrain
CTCAAGATCGAACGGA,Paraxial mesoderm
CTCAATTAGACCAGAC,Allantois
CTCAATTAGATAGCAT,Lateral plate and intermediate mesoderm
CTCAATTAGATGACCG,Extraembryonic visceral endoderm
CTCAATTAGATGTTAG,Primitive erythroid cells
CTCAATTAGGGATCGT,Primitive erythroid cells
CTCAATTAGTCTTGGT,Primitive erythroid cells
CTCAATTCAACAAGAT,Placodal area
CTCAATTCACCAGACC,Primitive erythroid cells
CTCAATTCAGCGTGCT,Primitive erythroid cells
CTCAATTCAGCTGGTC,Lateral plate and intermediate mesoderm
CTCAATTGTAATCAGA,Hematoendothelial progenitors
CTCAATTGTCATTGCA,Forebrain/midbrain
CTCAATTGTGGTCTGC,Gut endoderm
CTCAATTGTGTACATC,Extraembryonic visceral endoderm
CTCAATTGTTGCCGAC,First heart field
CTCAATTTCAAGTGGG,Endothelium
CTCAATTTCAGACCGC,Primitive erythroid cells
CTCAATTTCAGTCAGT,Primitive erythroid cells
CTCAATTTCGGCTATA,Extraembryonic visceral endoderm
CTCACTGAGCGACAGT,NMP
CTCACTGAGGATCATA,Primitive erythroid cells
CTCACTGAGGTTACCT,NMP
CTCACTGAGTGAGGCT,Primitive erythroid cells
CTCACTGAGTTCCAGT,Surface ectoderm
CTCACTGCAAGATGGC,Extraembryonic visceral endoderm
CTCACTGGTACTCAAC,Primitive erythroid cells
CTCACTGGTTCAGTAC,Extraembryonic visceral endoderm
CTCACTGGTTGCATGT,Primitive erythroid cells
CTCACTGTCAGACCTA,Extraembryonic visceral endoderm
CTCACTGTCAGTCAGT,Lateral plate and intermediate mesoderm
CTCACTGTCCATCTCG,Primitive erythroid cells
CTCACTGTCGAAGCCC,Allantois
CTCACTGTCGCCGAGT,Forebrain/midbrain
CTCAGAAAGGACTAAT,Primitive erythroid cells
CTCAGAAAGGTAAGAG,Extraembryonic visceral endoderm
CTCAGAACAATCAAGA,Extraembryonic visceral endoderm
CTCAGAACACTGCGAC,Extraembryonic visceral endoderm
CTCAGAACAGAGGACT,Primitive erythroid cells
CTCAGAACAGGTAGTG,Extraembryonic visceral endoderm
CTCAGAACATGGGAAC,Primitive erythroid cells
CTCAGAAGTATGACAA,Lateral plate and intermediate mesoderm
CTCAGAAGTCAAAGCG,Primitive erythroid cells
CTCAGAAGTCGTTGGC,NMP
CTCAGAAGTCTGTCCT,Extraembryonic visceral endoderm
CTCAGAAGTGAGAGGG,Hindbrain
CTCAGAAGTGCATTTG,Forebrain/midbrain
CTCAGAAGTTCCAAAC,Surface ectoderm
CTCAGAATCAACTGGT,Hematoendothelial progenitors
CTCAGAATCGAGTGAG,Primitive erythroid cells
CTCAGAATCTACTCAT,Primitive erythroid cells
CTCAGAATCTAGATCG,NMP
CTCAGAATCTAGTTCT,Extraembryonic visceral endoderm
CTCAGGGAGCGAGGAG,Endothelium
CTCAGGGAGTATCTGC,Primitive erythroid cells
CTCAGGGCAGGTGTGA,Hindbrain
CTCAGGGGTATAATGG,Paraxial mesoderm
CTCAGGGGTATCTTCT,Primitive erythroid cells
CTCAGGGGTCACTCGG,Forebrain/midbrain
CTCAGGGGTTAAACCC,Forebrain/midbrain
CTCAGGGGTTAGGCTT,Endothelium
CTCAGGGGTTGCTCGG,Lateral plate and intermediate mesoderm
CTCAGGGGTTGTGCCG,Paraxial mesoderm
CTCAGGGTCTCCACTG,Spinal cord
CTCAGTCAGTCCTGTA,Forebrain/midbrain
CTCAGTCCAATTTCTC,Gut endoderm
CTCAGTCCACACCTAA,Primitive erythroid cells
CTCAGTCCAGCGCGTT,Surface ectoderm
CTCAGTCCAGGTGAGT,Gut endoderm
CTCAGTCCAGTGGGTA,Lateral plate and intermediate mesoderm
CTCAGTCGTGCATTTG,Extraembryonic visceral endoderm
CTCAGTCTCAAAGGTA,Extraembryonic visceral endoderm
CTCAGTCTCCAGTTCC,Forebrain/midbrain
CTCAGTCTCCTTTGAT,Primitive erythroid cells
CTCATCGAGTCTAGAA,NMP
CTCATCGCAAATCAGA,Surface ectoderm
CTCATCGCACTCAGAT,Forebrain/midbrain
CTCATCGCAGACTCTA,Amniotic ectoderm
CTCATCGCATTACGGT,Extraembryonic visceral endoderm
CTCATCGCATTGGCAT,Cranial neural crest
CTCATCGGTGCTAGCC,Lateral plate and intermediate mesoderm
CTCATCGGTTTACCTT,Extraembryonic visceral endoderm
CTCATCGTCAAGCCCG,Endothelium
CTCATGCAGAAATCCA,Primitive erythroid cells
CTCATGCAGACAGCGT,Allantois
CTCATGCAGACATATG,Cranial neural crest
CTCATGCAGGGAGATA,Surface ectoderm
CTCATGCAGTGGTGGT,Hindbrain
CTCATGCAGTTGCGAG,Lateral plate and intermediate mesoderm
CTCATGCCAAAGTATG,Extraembryonic visceral endoderm
CTCATGCCAAGGTCGA,Surface ectoderm
CTCATGCCAGGACTAG,Hematoendothelial progenitors
CTCATGCCAGGTCAGA,Amniotic ectoderm
CTCATGCGTAGTATAG,Primitive erythroid cells
CTCATGCGTGCATACT,Extraembryonic visceral endoderm
CTCATGCGTGGCTACC,NMP
CTCATGCGTTCGGCGT,Primitive erythroid cells
CTCATGCTCATGGTAC,Hindbrain
CTCATTAAGAGTGAAG,Primitive erythroid cells
CTCATTAAGCAACTTC,NMP
CTCATTAAGCGAATGC,Primitive erythroid cells
CTCATTAAGTAATTGG,Cranial neural crest
CTCATTAAGTGGTTGG,Surface ectoderm
CTCATTACAGCGGTTC,Primitive erythroid cells
CTCATTACAGTGTACT,Endothelium
CTCATTAGTTAGAGAT,Paraxial mesoderm
CTCATTAGTTAGGCCC,Primitive erythroid cells
CTCATTATCCCTTGGT,Surface ectoderm
CTCCAACAGAAGTATC,Second heart field
CTCCAACAGCTGTGCC,Extraembryonic visceral endoderm
CTCCAACAGGTTCCAT,Primitive erythroid cells
CTCCAACCAAGAGTAT,Forebrain/midbrain
CTCCAACCAGCTGTAT,Primitive erythroid cells
CTCCAACCAGTCGGTC,Extraembryonic visceral endoderm
CTCCAACGTAACCCTA,NMP
CTCCAACGTAGACACG,Primitive erythroid cells
CTCCAACGTCAGGAGT,Amniotic ectoderm
CTCCAACGTCTCTCAC,Primitive erythroid cells
CTCCAACGTCTGATAC,Primitive erythroid cells
CTCCAACGTGAGGCAT,Gut endoderm
CTCCAACTCATTGCTT,Hindbrain
CTCCAACTCCACCCTA,Primitive erythroid cells
CTCCAACTCCTCGCAT,Extraembryonic visceral endoderm
CTCCAACTCCTGGTCT,Primitive erythroid cells
CTCCAACTCTCTTGCG,Primitive erythroid cells
CTCCAACTCTTGAACG,Primitive erythroid cells
CTCCACAAGAACGTGC,Primitive erythroid cells
CTCCACAAGACCACGA,Endothelium
CTCCACAAGAGCAAGA,Primitive erythroid cells
CTCCACAAGCAGTACG,Cranial neural crest
CTCCACAAGGCAATGC,Hematoendothelial progenitors
CTCCACAAGGCGACAT,Primitive erythroid cells
CTCCACAAGTACCGGA,Lateral plate and intermediate mesoderm
CTCCACAAGTAGGAAG,Primordial germ cells
CTCCACACACGCTTAA,Lateral plate and intermediate mesoderm
CTCCACACAGATAAAC,Amniotic ectoderm
CTCCACACATAACGGG,Lateral plate and intermediate mesoderm
CTCCACACATAGGAGC,Extraembryonic visceral endoderm
CTCCACACATGGCGCT,Lateral plate and intermediate mesoderm
CTCCACATCAAACTGC,NMP
CTCCACATCCGAGCTG,Extraembryonic visceral endoderm
CTCCACATCCTTATAC,Amniotic ectoderm
CTCCACATCGCATTAG,Extraembryonic visceral endoderm
CTCCACATCGCCAATA,Extraembryonic visceral endoderm
CTCCACATCGTGCACG,Primitive erythroid cells
CTCCACATCTACTGAG,Cranial neural crest
CTCCACATCTCTCGAC,Extraembryonic visceral endoderm
CTCCATGAGCCGGAAT,First heart field
CTCCATGAGGATTCAA,Extraembryonic visceral endoderm
CTCCATGAGGGCCTCT,First heart field
CTCCATGCAAATTAGG,Extraembryonic visceral endoderm
CTCCATGCAGGAAGTC,Extraembryonic visceral endoderm
CTCCATGGTCGTTGGC,Extraembryonic visceral endoderm
CTCCATGGTGACACAG,Primitive erythroid cells
CTCCATGGTGACTGTT,Spinal cord
CTCCATGGTGTTCGAT,Primitive erythroid cells
CTCCATGTCAGATGCT,Lateral plate and intermediate mesoderm
CTCCATGTCCTAGCGG,Primitive erythroid cells
CTCCATGTCGCCTAGG,Primitive erythroid cells
CTCCATGTCTAGATCG,Cranial neural crest
CTCCATGTCTCTGGTC,Extraembryonic visceral endoderm
CTCCCAAAGAGCCGAT,Primitive erythroid cells
CTCCCAAAGAGTGTTA,Gut endoderm
CTCCCAAAGTAAGAGG,Lateral plate and intermediate mesoderm
CTCCCAACACCCAACG,Hindbrain
CTCCCAACACGTCGTG,Endothelium
CTCCCAACAGTAGGAC,Primitive erythroid cells
CTCCCAACAGTCGTTA,Allantois
CTCCCAAGTAAGCAAT,Gut endoderm
CTCCCAAGTCGAATTC,Endothelium
CTCCCAAGTGAACGGT,Extraembryonic visceral endoderm
CTCCCAAGTGGTTTAC,Forebrain/midbrain
CTCCCAATCAAGCCAT,Forebrain/midbrain
CTCCCAATCGAAGCCC,Hindbrain
CTCCCAATCGACATTG,Primitive erythroid cells
CTCCCAATCTGCCCTA,Lateral plate and intermediate mesoderm
CTCCCTCAGCGCTGCT,Primitive erythroid cells
CTCCCTCAGGCATCGA,Primitive erythroid cells
CTCCCTCAGTATAACG,NMP
CTCCCTCAGTCGCCCA,Primitive erythroid cells
CTCCCTCAGTTTGGCT,Primitive erythroid cells
CTCCCTCCAAAGGCGT,First heart field
CTCCCTCCAAATCAAG,NMP
CTCCCTCCAAATCGGG,Surface ectoderm
CTCCCTCCAATAACGA,Primitive erythroid cells
CTCCCTCCAATTGCCA,Extraembryonic visceral endoderm
CTCCCTCCACCACATA,Spinal cord
CTCCCTCCACTTGTGA,Amniotic ectoderm
CTCCCTCGTCCGATCG,Hindbrain
CTCCCTCGTCGGAAAC,Primitive erythroid cells
CTCCCTCGTGCCAAGA,Placodal area
CTCCCTCTCAACGTGT,Extraembryonic visceral endoderm
CTCCCTCTCAACTTTC,Primitive erythroid cells
CTCCCTCTCCCGATCT,Primitive erythroid cells
CTCCCTCTCCCTATTA,Extraembryonic visceral endoderm
CTCCCTCTCCGCACTT,Placodal area
CTCCCTCTCCGCGGAT,Surface ectoderm
CTCCCTCTCCGGTAAT,Lateral plate and intermediate mesoderm
CTCCCTCTCCTAGCGG,Primitive erythroid cells
CTCCCTCTCTTCCAGC,Primitive erythroid cells
CTCCGATAGATCGGTG,Extraembryonic visceral endoderm
CTCCGATAGGCATGCA,Primitive erythroid cells
CTCCGATCAACAGTGG,Primitive erythroid cells
CTCCGATCACGCGTGT,First heart field
CTCCGATCACGCTTAA,Gut endoderm
CTCCGATCAGCAGATG,Primitive erythroid cells
CTCCGATGTGTGCTTA,Extraembryonic visceral endoderm
CTCCGATGTTCATCTT,Primitive erythroid cells
CTCCGATGTTCTCTAT,Forebrain/midbrain
CTCCGATTCCATAGGT,Forebrain/midbrain
CTCCGATTCGACTCCT,Primitive erythroid cells
CTCCGATTCGGCTGTG,Primitive erythroid cells
CTCCGATTCGTGGGAA,Forebrain/midbrain
CTCCGATTCTCCCAAC,Extraembryonic visceral endoderm
CTCCGATTCTCTCCGA,Primitive erythroid cells
CTCCGATTCTGGCCGA,NMP
CTCCTCCAGACCAACG,Primitive erythroid cells
CTCCTCCAGACGCTCC,Extraembryonic visceral endoderm
CTCCTCCAGGTTTGAA,Forebrain/midbrain
CTCCTCCAGTTTGAGA,Surface ectoderm
CTCCTCCCAAATGCTC,Lateral plate and intermediate mesoderm
CTCCTCCCAATCAGCT,Paraxial mesoderm
CTCCTCCCACACCTGG,Primitive erythroid cells
CTCCTCCCACCGAATT,Primitive erythroid cells
CTCCTCCCAGGCCTGT,Forebrain/midbrain
CTCCTCCCATGGCGCT,Gut endoderm
CTCCTCCGTACACGCC,Lateral plate and intermediate mesoderm
CTCCTCCGTCGTGATT,Primitive erythroid cells
CTCCTCCGTCTGTAAC,Extraembryonic visceral endoderm
CTCCTCCTCACTTTGT,Endothelium
CTCCTCCTCCATCACC,Primitive erythroid cells
CTCCTCCTCGCTAAAC,Lateral plate and intermediate mesoderm
CTCCTCCTCGCTGATA,Primitive erythroid cells
CTCCTCCTCTCTCTTC,Extraembryonic visceral endoderm
CTCCTTTAGATGTTCC,Paraxial mesoderm
CTCCTTTAGCCTGAGA,Surface ectoderm
CTCCTTTAGCGCCATC,Extraembryonic visceral endoderm
CTCCTTTAGCGTCGAA,Lateral plate and intermediate mesoderm
CTCCTTTAGTAACAGT,Primitive erythroid cells
CTCCTTTAGTGACCTT,Primitive erythroid cells
CTCCTTTAGTTTGTCG,Extraembryonic visceral endoderm
CTCCTTTCAAGGCGTA,Primitive erythroid cells
CTCCTTTCATAATGAG,Hindbrain
CTCCTTTCATGAATCC,Primitive erythroid cells
CTCCTTTGTAGATCCT,Primitive erythroid cells
CTCCTTTGTCTTTCTA,Primitive erythroid cells
CTCCTTTGTGAGTGAC,Paraxial mesoderm
CTCCTTTTCAATCTCT,Forebrain/midbrain
CTCCTTTTCACCCTTG,Paraxial mesoderm
CTCCTTTTCCGAAATC,Paraxial mesoderm
CTCCTTTTCGCAAGAG,Hindbrain
CTCCTTTTCGGACGTC,Forebrain/midbrain
CTCCTTTTCTAGACCA,Forebrain/midbrain
CTCCTTTTCTCCTGCA,Extraembryonic visceral endoderm
CTCGAGGAGGGACACT,Primitive erythroid cells
CTCGAGGCAACAACAA,NMP
CTCGAGGCAGGAGGTT,Forebrain/midbrain
CTCGAGGGTAGTCGGA,Extraembryonic visceral endoderm
CTCGAGGGTGAACGGT,Lateral plate and intermediate mesoderm
CTCGAGGGTGCTATTG,Extraembryonic visceral endoderm
CTCGAGGTCCCAATAG,Forebrain/midbrain
CTCGAGGTCGTGTTCC,Extraembryonic visceral endoderm
CTCGAGGTCTCCCAAC,Amniotic ectoderm
CTCTCAGAGAAGCCAC,Lateral plate and intermediate mesoderm
CTCTCAGAGAGTCTTC,Placodal area
CTCTCAGAGCAGCCCT,Forebrain/midbrain
CTCTCAGAGGCCCGTT,Forebrain/midbrain
CTCTCAGCACAAAGTA,Primitive erythroid cells
CTCTCAGCAGGGAATC,Allantois
CTCTCAGCAGGTGTGA,Surface ectoderm
CTCTCAGCATATTCGG,Hindbrain
CTCTCAGCATCGTGCG,Lateral plate and intermediate mesoderm
CTCTCAGCATGAAGGC,Extraembryonic visceral endoderm
CTCTCAGGTGACAGGT,Hindbrain
CTCTCAGGTGAGCAGT,Extraembryonic visceral endoderm
CTCTCAGTCCGCCTAT,Surface ectoderm
CTCTCAGTCCTATTTG,Primitive erythroid cells
CTCTCAGTCTAGGCAT,Primitive erythroid cells
CTCTCGAAGGGCTAAC,Placodal area
CTCTCGAAGTAGCATA,Endothelium
CTCTCGAAGTCTACCA,Surface ectoderm
CTCTCGACAAGTGGCA,Notochord
CTCTCGACACTAGAGG,Spinal cord
CTCTCGACATCCGATA,Gut endoderm
CTCTCGAGTCGATGCC,Amniotic ectoderm
CTCTCGAGTGCTCTTC,Primitive erythroid cells
CTCTCGAGTTACCGTA,Surface ectoderm
CTCTCGAGTTGCGAAG,Extraembryonic visceral endoderm
CTCTCGATCATAGCAC,Primitive erythroid cells
CTCTCGATCGACGACC,Paraxial mesoderm
CTCTCGATCGATGCTA,Primitive erythroid cells
CTCTCGATCGGTATGT,Primitive erythroid cells
CTCTCGATCTCCTGCA,Extraembryonic visceral endoderm
CTCTGGTAGAGGGTAA,Allantois
CTCTGGTAGGCCTGCT,Allantois
CTCTGGTCACGGCACT,NMP
CTCTGGTCATCCTATT,Forebrain/midbrain
CTCTGGTTCATACAGC,Primitive erythroid cells
CTCTGGTTCCACGAAT,Primitive erythroid cells
CTCTGGTTCCCGAACG,Extraembryonic visceral endoderm
CTCTGGTTCCGGTTCT,NMP
CTCTGGTTCGCTGACG,Primitive erythroid cells
CTCTGGTTCTTTCGAT,Extraembryonic visceral endoderm
CTGAATGAGAGAATCT,Surface ectoderm
CTGAATGAGATGCTTC,Surface ectoderm
CTGAATGAGATTGCGG,Gut endoderm
CTGAATGAGCAGAAAG,Forebrain/midbrain
CTGAATGAGGCTTAAA,NMP
CTGAATGAGGTGCCAA,Primitive erythroid cells
CTGAATGAGTCTCCTC,Hematoendothelial progenitors
CTGAATGCAAGGGTCA,Surface ectoderm
CTGAATGCACAACGAG,Extraembryonic visceral endoderm
CTGAATGCACCTCTGT,Primitive erythroid cells
CTGAATGCACGTACAT,Primitive erythroid cells
CTGAATGCAGCACACC,Lateral plate and intermediate mesoderm
CTGAATGGTCTAACTG,Primitive erythroid cells
CTGAATGGTTGAGGAC,Gut endoderm
CTGAATGTCACTGATG,Surface ectoderm
CTGAATGTCCGATGTA,Gut endoderm
CTGAATGTCTCTCAAT,Primitive erythroid cells
CTGAATGTCTGGGTCG,NMP
CTGAATGTCTTACCAT,Extraembryonic visceral endoderm
CTGAGCGAGACGCATG,Primitive erythroid cells
CTGAGCGAGCATGCGA,Extraembryonic visceral endoderm
CTGAGCGAGCCGATCC,Hindbrain
CTGAGCGAGCGTTCAT,Cranial neural crest
CTGAGCGAGCTCAGAG,Amniotic ectoderm
CTGAGCGAGGCCTGAA,Extraembryonic visceral endoderm
CTGAGCGCAAGGTTGG,Primitive erythroid cells
CTGAGCGGTCGGCTAC,Forebrain/midbrain
CTGAGCGGTGAGCGAT,Endothelium
CTGAGCGGTTGTTTGG,Paraxial mesoderm
CTGAGCGTCCAAATGC,Primitive erythroid cells
CTGAGCGTCGAATCCA,Amniotic ectoderm
CTGAGCGTCTCCACTG,Extraembryonic visceral endoderm
CTGAGGCAGATGCTGG,Primitive erythroid cells
CTGAGGCAGCCACAAG,Primitive erythroid cells
CTGAGGCAGTCATGCT,Gut endoderm
CTGAGGCCAGGCTTGC,Forebrain/midbrain
CTGAGGCGTGCTCCGA,NMP
CTGAGGCTCCCGTTCA,Primitive erythroid cells
CTGAGGCTCCGAGATT,Surface ectoderm
CTGAGGCTCGACTCCT,Hindbrain
CTGAGGCTCGTCTAAG,Extraembryonic visceral endoderm
CTGAGGCTCTTCGTGC,Forebrain/midbrain
CTGATCCAGGCACTAG,Paraxial mesoderm
CTGATCCAGGGAGGCA,Primitive erythroid cells
CTGATCCCAAACCGGA,Primitive erythroid cells
CTGATCCCAAACTGCT,NMP
CTGATCCCACAAATAG,Forebrain/midbrain
CTGATCCCACGTTCGG,Extraembryonic visceral endoderm
CTGATCCCATCGGCCA,Extraembryonic visceral endoderm
CTGATCCCATTCAGCA,Lateral plate and intermediate mesoderm
CTGATCCGTATCAGCT,Primitive erythroid cells
CTGATCCGTTAGAAAC,Surface ectoderm
CTGATCCGTTGTTGTG,Extraembryonic visceral endoderm
CTGATCCTCAGTGCGC,Extraembryonic visceral endoderm
CTGATCCTCCATAGGT,Gut endoderm
CTGATCCTCGCTACAA,Primitive erythroid cells
CTGATCCTCTTCACAT,Primitive erythroid cells
CTGCAGGAGATTAGTG,Surface ectoderm
CTGCAGGAGGGCGAGA,Primitive erythroid cells
CTGCAGGCATATAGCC,Lateral plate and intermediate mesoderm
CTGCAGGGTACTCCGG,Hindbrain
CTGCAGGGTCTGTCCT,Extraembryonic visceral endoderm
CTGCAGGGTGAAGCGT,Extraembryonic visceral endoderm
CTGCAGGGTGTGACCC,Lateral plate and intermediate mesoderm
CTGCAGGTCAGCTCTC,Forebrain/midbrain
CTGCAGGTCCAAGAGG,Allantois
CTGCAGGTCCCACAGG,Primitive erythroid cells
CTGCAGGTCTAGTCAG,Primitive erythroid cells
CTGCATCAGCAATAGT,Surface ectoderm
CTGCATCAGTTTGAGA,Hindbrain
CTGCATCCAAGAAATC,Amniotic ectoderm
CTGCATCCAATGAAAC,Cranial neural crest
CTGCATCCACCCTAGG,Primitive erythroid cells
CTGCATCCAGCGACAA,Primitive erythroid cells
CTGCATCGTACAGGTG,Extraembryonic visceral endoderm
CTGCATCGTATTGACC,Lateral plate and intermediate mesoderm
CTGCATCGTCTTCTAT,Primitive erythroid cells
CTGCATCGTGTCTTCC,Cranial neural crest
CTGCATCTCCAGTACA,Primitive erythroid cells
CTGCATCTCTTGGATG,Cranial neural crest
CTGCCATAGACCTCCG,First heart field
CTGCCATAGAGATGCC,Placodal area
CTGCCATAGCCAAGTG,Lateral plate and intermediate mesoderm
CTGCCATAGGTAGTAT,Extraembryonic visceral endoderm
CTGCCATCAAATACGA,Forebrain/midbrain
CTGCCATCACCCTATC,Extraembryonic visceral endoderm
CTGCCATCACGACTAT,Paraxial mesoderm
CTGCCATCACGTTCGG,Forebrain/midbrain
CTGCCATCAGAGGTAC,Endothelium
CTGCCATCAGGTTCGC,NMP
CTGCCATCAGTAGTGG,Gut endoderm
CTGCCATCATTGTAGC,Primitive erythroid cells
CTGCCATGTATTTCCT,Primitive erythroid cells
CTGCCATGTCTGTCAA,Primitive erythroid cells
CTGCCATTCGCTCTAC,Forebrain/midbrain
CTGCCATTCTCAACCC,Lateral plate and intermediate mesoderm
CTGCCATTCTGGCTGG,Extraembryonic visceral endoderm
CTGCCATTCTTCTAAC,Extraembryonic visceral endoderm
CTGCCTAAGAAAGCGA,Lateral plate and intermediate mesoderm
CTGCCTAAGATCGCTT,Surface ectoderm
CTGCCTAAGCAGGGAG,NMP
CTGCCTAAGCGCCATC,Primitive erythroid cells
CTGCCTAAGTTGAATG,Primitive erythroid cells
CTGCCTACACAAGTTC,Hindbrain
CTGCCTACAGAGGCAT,Lateral plate and intermediate mesoderm
CTGCCTACAGGCTTGC,Amniotic ectoderm
CTGCCTACAGGTACGA,Extraembryonic visceral endoderm
CTGCCTACAGTGTACT,Primitive erythroid cells
CTGCCTACATTCCTAT,Extraembryonic visceral endoderm
CTGCCTAGTACATTGC,Hematoendothelial progenitors
CTGCCTAGTACGATGG,Forebrain/midbrain
CTGCCTAGTCATGCAT,Primitive erythroid cells
CTGCCTAGTTGTGGCC,Surface ectoderm
CTGCGAGAGACAGTCG,Hindbrain
CTGCGAGAGCTGTGCC,Gut endoderm
CTGCGAGAGGCGAAGG,Paraxial mesoderm
CTGCGAGAGGTGAGAA,Forebrain/midbrain
CTGCGAGCAAGATGGC,Gut endoderm
CTGCGAGCAAGTCCCG,Extraembryonic visceral endoderm
CTGCGAGCACGGTGTC,Forebrain/midbrain
CTGCGAGCACGTAGTT,Primitive erythroid cells
CTGCGAGCACTACAGT,Extraembryonic visceral endoderm
CTGCGAGGTAGGCTGA,Primitive erythroid cells
CTGCGAGGTCTGCAAT,Forebrain/midbrain
CTGCGAGGTGCCTAAT,Paraxial mesoderm
CTGCGAGGTTTGGGTT,Gut endoderm
CTGCGAGTCCCGATCT,Endothelium
CTGCGAGTCTTAATCC,Second heart field
CTGCTCAAGACGACTG,Hematoendothelial progenitors
CTGCTCAAGAGATCGC,Hindbrain
CTGCTCAAGCCTGTGC,Primitive erythroid cells
CTGCTCAAGTCCCGAC,Extraembryonic visceral endoderm
CTGCTCACAACTGAAA,Allantois
CTGCTCACACATTCTT,Hindbrain
CTGCTCACAGTTAAAG,Hindbrain
CTGCTCACATCTGTTT,Lateral plate and intermediate mesoderm
CTGCTCAGTAGACTGG,Lateral plate and intermediate mesoderm
CTGCTCAGTAGGTCAG,Primitive erythroid cells
CTGCTCATCAAGTTGC,Extraembryonic visceral endoderm
CTGCTCATCACCTGTC,Gut endoderm
CTGCTCATCTCGCGTT,Gut endoderm
CTGGACGAGACGTCCC,Primitive erythroid cells
CTGGACGAGATGGTCG,Amniotic ectoderm
CTGGACGAGCCACAAG,Primitive erythroid cells
CTGGACGAGGACTATA,Endothelium
CTGGACGAGTGCAGGT,Hindbrain
CTGGACGCAACAAGTA,Lateral plate and intermediate mesoderm
CTGGACGCACTGGACC,Gut endoderm
CTGGACGCATACCACA,Primitive erythroid cells
CTGGACGCATCCTTCG,Extraembryonic visceral endoderm
CTGGACGCATGAGAAT,Forebrain/midbrain
CTGGACGCATGTTTGG,Hindbrain
CTGGACGGTCGTCAGC,Extraembryonic visceral endoderm
CTGGACGGTCTTGGTA,Hindbrain
CTGGACGGTGGGTATG,Paraxial mesoderm
CTGGACGGTTGCGTAT,Primitive erythroid cells
CTGGACGTCCTACCGT,Primitive erythroid cells
CTGGACGTCGAACACT,Lateral plate and intermediate mesoderm
CTGGCAGAGAAGCTCG,Primitive erythroid cells
CTGGCAGAGCGCGTTC,Hematoendothelial progenitors
CTGGCAGAGTCGAAGC,Surface ectoderm
CTGGCAGCAATGTCAC,Extraembryonic visceral endoderm
CTGGCAGCACACCTAA,Extraembryonic visceral endoderm
CTGGCAGCACAGAGAC,Primitive erythroid cells
CTGGCAGCACTATCGA,Surface ectoderm
CTGGCAGCAGAACTTC,Amniotic ectoderm
CTGGCAGCAGAAGTTA,Amniotic ectoderm
CTGGCAGCATGACACT,Endothelium
CTGGCAGCATGGGAAC,Forebrain/midbrain
CTGGCAGCATGTCAGT,Extraembryonic visceral endoderm
CTGGCAGGTCTTGTCC,Forebrain/midbrain
CTGGCAGGTTCGGGTC,Primitive erythroid cells
CTGGTCTAGACCCTTA,Primitive erythroid cells
CTGGTCTAGGCAGTCA,NMP
CTGGTCTAGTCACTGT,Gut endoderm
CTGGTCTCAACTTCTT,Notochord
CTGGTCTCAATCGCGC,First heart field
CTGGTCTCACAACATC,Primitive erythroid cells
CTGGTCTCACGCGTGT,Endothelium
CTGGTCTCACTTACAG,Notochord
CTGGTCTCAGAGCTAG,Primitive erythroid cells
CTGGTCTCAGTCTCTC,Primitive erythroid cells
CTGGTCTCATCATCCC,Extraembryonic visceral endoderm
CTGGTCTCATCGATAC,Extraembryonic visceral endoderm
CTGGTCTGTACGAAAT,Extraembryonic visceral endoderm
CTGGTCTGTACTGGGA,NMP
CTGGTCTTCTCTGCCA,Lateral plate and intermediate mesoderm
CTGGTCTTCTCTGGTC,Lateral plate and intermediate mesoderm
CTGTACCAGAGGGTCT,Endothelium
CTGTACCAGCACAAAT,Allantois
CTGTACCAGCAGTCTT,Extraembryonic visceral endoderm
CTGTACCAGGGCGAGA,NMP
CTGTACCAGGGTTAAT,Extraembryonic visceral endoderm
CTGTACCAGTGCACTT,Forebrain/midbrain
CTGTACCCAGGAGGAG,Forebrain/midbrain
CTGTACCCAGTCTTCC,Lateral plate and intermediate mesoderm
CTGTACCGTATGAAGT,Lateral plate and intermediate mesoderm
CTGTACCGTCCTACAA,Hindbrain
CTGTACCGTTCGGTTA,Primitive erythroid cells
CTGTACCTCAGACCCG,Hindbrain
CTGTACCTCAGCTCTC,Primitive erythroid cells
CTGTACCTCATTGTTC,Primitive erythroid cells
CTGTACCTCCCTTGTG,First heart field
CTGTACCTCGTCAACA,Lateral plate and intermediate mesoderm
CTGTACCTCTCTAAGG,Hindbrain
CTGTACCTCTTGAGCA,Primitive erythroid cells
CTGTAGAAGATTGTGA,Endothelium
CTGTAGAAGCCAGACA,Extraembryonic visceral endoderm
CTGTAGAAGCCTAACT,Lateral plate and intermediate mesoderm
CTGTAGAAGCTCTGTA,Primitive erythroid cells
CTGTAGAAGGGCTGAT,Primitive erythroid cells
CTGTAGAAGGTATAGT,First heart field
CTGTAGACAACCGACC,First heart field
CTGTAGACAAGTGGCA,Extraembryonic visceral endoderm
CTGTAGACAGACGCTC,Cranial neural crest
CTGTAGACATCGGCCA,Endothelium
CTGTAGAGTCAGACTT,Surface ectoderm
CTGTAGAGTTGACTAC,Hindbrain
CTGTAGATCAGCTGAT,Primitive erythroid cells
CTGTAGATCCAATCTT,Hindbrain
CTGTAGATCCCGTTCA,NMP
CTGTAGATCTGTCGTC,Hindbrain
CTGTATTAGGGAGGTG,Hindbrain
CTGTATTAGGGTGAGG,Forebrain/midbrain
CTGTATTAGTTGGCTT,Gut endoderm
CTGTATTCAACAGATA,Allantois
CTGTATTCACCATTCC,Extraembryonic visceral endoderm
CTGTATTCACGGCGTT,Surface ectoderm
CTGTATTCAGAAGTTA,Gut endoderm
CTGTATTGTACTAACC,Primitive erythroid cells
CTGTATTGTACTCCGG,NMP
CTGTATTGTGATACAA,Gut endoderm
CTGTATTGTTCTGAGT,Primitive erythroid cells
CTGTATTTCGGTTCAA,Extraembryonic visceral endoderm
CTGTCGTAGAATCGCG,Endothelium
CTGTCGTAGATTGTGA,Extraembryonic visceral endoderm
CTGTCGTAGCGAGTCA,Primitive erythroid cells
CTGTCGTAGTAAACAC,Gut endoderm
CTGTCGTCACTGAGGA,Primitive erythroid cells
CTGTCGTGTCGATTAC,Endothelium
CTGTCGTGTTCTTGCC,Primitive erythroid cells
CTGTCGTTCAGATGCT,Gut endoderm
CTGTCGTTCCCTTGTG,Second heart field
CTGTCGTTCCGCAGTG,Hindbrain
CTGTCGTTCCGGACTG,Extraembryonic visceral endoderm
CTGTCGTTCTGTGCAA,Primitive erythroid cells
CTGTCGTTCTTGAACG,Hindbrain
CTGTGAAAGACAACAT,Lateral plate and intermediate mesoderm
CTGTGAAAGACTCTTG,Primitive erythroid cells
CTGTGAAAGCAGAAAG,Extraembryonic visceral endoderm
CTGTGAAAGCTGTTAC,Hindbrain
CTGTGAAAGTAGAATC,Surface ectoderm
CTGTGAAAGTTGTAAG,Surface ectoderm
CTGTGAACAGCGACAA,Hindbrain
CTGTGAAGTGAGGCAT,Primitive erythroid cells
CTGTGAAGTTGCCGCA,Lateral plate and intermediate mesoderm
CTGTGAATCAAGCGTT,Primitive erythroid cells
CTGTGAATCAATGCAC,Primitive erythroid cells
CTGTGAATCACCCTGT,Hindbrain
CTGTGAATCACCGACG,Extraembryonic visceral endoderm
CTGTGAATCCGCGGAT,Forebrain/midbrain
CTGTGAATCTGTCTCG,Primitive erythroid cells
CTGTGGGAGACCCTTA,Gut endoderm
CTGTGGGAGCAAATGT,Extraembryonic visceral endoderm
CTGTGGGAGGACAACC,Paraxial mesoderm
CTGTGGGAGGGTTGCA,Paraxial mesoderm
CTGTGGGCAGGGACTA,Cranial neural crest
CTGTGGGCAGTTTCGA,Extraembryonic visceral endoderm
CTGTGGGGTAGCACAG,Extraembryonic visceral endoderm
CTGTGGGGTCTTCCGT,Primitive erythroid cells
CTGTGGGGTTTCGACA,First heart field
CTGTGGGTCTCCTGAC,Notochord
CTGTGGGTCTCGCCTA,NMP
CTGTGGGTCTGAACGT,Allantois
CTTACCGAGACATAGT,Primitive erythroid cells
CTTACCGCAGACGGAT,Primitive erythroid cells
CTTACCGCAGCGGATA,Hematoendothelial progenitors
CTTACCGCAGGTCAAG,Primitive erythroid cells
CTTACCGCATCATCTT,Lateral plate and intermediate mesoderm
CTTACCGCATCGATGT,Gut endoderm
CTTACCGGTACCTATG,Forebrain/midbrain
CTTACCGGTCAGATTC,Extraembryonic visceral endoderm
CTTACCGGTCGCACGT,Forebrain/midbrain
CTTACCGGTTATAGAG,Hematoendothelial progenitors
CTTACCGTCAGTAGGG,Paraxial mesoderm
CTTACCGTCCCGAGGT,Paraxial mesoderm
CTTACCGTCCCGTGAG,Hindbrain
CTTACCGTCCCTTGTG,Primitive erythroid cells
CTTACCGTCGAGTCCG,Allantois
CTTAGGAAGAGTTCGG,Primitive erythroid cells
CTTAGGAAGCGACTGA,Lateral plate and intermediate mesoderm
CTTAGGAAGTAAGAGG,Primitive erythroid cells
CTTAGGACAAAGGCGT,Primitive erythroid cells
CTTAGGACAGGCATGA,Extraembryonic visceral endoderm
CTTAGGACATACCAGT,Surface ectoderm
CTTAGGACATGCCGAC,Primitive erythroid cells
CTTAGGAGTAGATGTA,Paraxial mesoderm
CTTAGGAGTATTGCCA,Primitive erythroid cells
CTTAGGAGTCCTGGGT,Hindbrain
CTTAGGAGTGAACCGA,Forebrain/midbrain
CTTAGGAGTGCCTAAT,Amniotic ectoderm
CTTAGGAGTTCTCAGA,Extraembryonic visceral endoderm
CTTAGGATCCACAGGC,Hematoendothelial progenitors
CTTAGGATCCTCACCA,Lateral plate and intermediate mesoderm
CTTAGGATCGAACTCA,Amniotic ectoderm
CTTAGGATCGTAGTCA,Extraembryonic visceral endoderm
CTTAGGATCTTCCGTG,Extraembryonic visceral endoderm
CTTCAATAGAGAGGTA,Surface ectoderm
CTTCAATAGCTCCACG,Lateral plate and intermediate mesoderm
CTTCAATAGGAGGTTC,Primitive erythroid cells
CTTCAATAGTACAGCG,Primitive erythroid cells
CTTCAATAGTAGCTCT,Paraxial mesoderm
CTTCAATCACCGGAAA,Primitive erythroid cells
CTTCAATCAGCGTTTA,Amniotic ectoderm
CTTCAATCATTACTCT,Forebrain/midbrain
CTTCAATGTATAGCTC,Hindbrain
CTTCAATGTTACGATC,Amniotic ectoderm
CTTCAATGTTCTCGTC,Extraembryonic visceral endoderm
CTTCAATGTTGTATGC,Endothelium
CTTCAATTCAGTCACA,Forebrain/midbrain
CTTCAATTCCAACCGG,Hindbrain
CTTCCGAAGGATTCAA,Hindbrain
CTTCCGAAGTCATACC,Primitive erythroid cells
CTTCCGAAGTGCGCTC,Lateral plate and intermediate mesoderm
CTTCCGACAAATCGTC,Forebrain/midbrain
CTTCCGACAGAACTTC,Endothelium
CTTCCGACATCGCCTT,Primitive erythroid cells
CTTCCGAGTAGCGTTT,Primitive erythroid cells
CTTCCGAGTATCGCAT,Allantois
CTTCCGAGTGCGACAA,Primitive erythroid cells
CTTCCGATCACCTGTC,Primitive erythroid cells
CTTCCGATCCATAGGT,Primitive erythroid cells
CTTCCTTAGCACTCCG,Hindbrain
CTTCCTTAGCCAGTAG,First heart field
CTTCCTTAGCCTAACT,Spinal cord
CTTCCTTAGGAGTACC,Primitive erythroid cells
CTTCCTTAGTCTAGCT,Primitive erythroid cells
CTTCCTTCAAAGGATT,Paraxial mesoderm
CTTCCTTCAGAGGTAC,Hindbrain
CTTCCTTCAGCACCCA,Paraxial mesoderm
CTTCCTTCAGTCTACA,Primitive erythroid cells
CTTCCTTGTAGCTGAG,Gut endoderm
CTTCCTTGTGCACAAG,Lateral plate and intermediate mesoderm
CTTCCTTGTGCATTAC,Amniotic ectoderm
CTTCCTTGTTATCTGG,Second heart field
CTTCCTTGTTGCGGCT,Endothelium
CTTCCTTGTTTCGGCG,Amniotic ectoderm
CTTCCTTTCAGCAATC,Lateral plate and intermediate mesoderm
CTTCCTTTCGGAACTT,Primitive erythroid cells
CTTCGGTAGAGTCGAC,Extraembryonic visceral endoderm
CTTCGGTAGCAGTAAT,Surface ectoderm
CTTCGGTAGGATGGCT,Primitive erythroid cells
CTTCGGTAGGTAGGCT,Extraembryonic visceral endoderm
CTTCGGTCAATCGAAA,Paraxial mesoderm
CTTCGGTCACGGCACT,Gut endoderm
CTTCGGTCAGCCGTTG,NMP
CTTCGGTCAGTGGGTA,Extraembryonic visceral endoderm
CTTCGGTCATCGGATT,Hindbrain
CTTCGGTGTATAATGG,Primitive erythroid cells
CTTCGGTGTATCGTTG,Primitive erythroid cells
CTTCGGTGTATCTCGA,Second heart field
CTTCGGTGTCTAACTG,Extraembryonic visceral endoderm
CTTCGGTGTGACCTGC,Extraembryonic visceral endoderm
CTTCGGTGTGAGTAAT,Surface ectoderm
CTTCGGTGTGATTAGA,Extraembryonic visceral endoderm
CTTCGGTGTTGCGGAA,Paraxial mesoderm
CTTCGGTTCCACACCT,Surface ectoderm
CTTCGGTTCCGAAGGA,Lateral plate and intermediate mesoderm
CTTCGGTTCGCGTAGC,Amniotic ectoderm
CTTCGGTTCTAGATCG,Extraembryonic visceral endoderm
CTTCTAAAGATTAGCA,Primitive erythroid cells
CTTCTAAAGCATATGA,Lateral plate and intermediate mesoderm
CTTCTAAAGGCATTTC,Surface ectoderm
CTTCTAACAATCTCGA,Hematoendothelial progenitors
CTTCTAACAGAGGGTT,Primitive erythroid cells
CTTCTAACATCGTCCT,Extraembryonic visceral endoderm
CTTCTAAGTGCCTGAC,Extraembryonic visceral endoderm
CTTCTAAGTTACGCCG,Primitive erythroid cells
CTTCTAATCACCTCGT,Hindbrain
CTTCTAATCTTCTGGC,Primitive erythroid cells
CTTCTCTAGAGAGCGG,Placodal area
CTTCTCTAGATACTGA,Gut endoderm
CTTCTCTAGCCTGGAA,Lateral plate and intermediate mesoderm
CTTCTCTAGTAAGGGA,Surface ectoderm
CTTCTCTCAAACTAAG,Lateral plate and intermediate mesoderm
CTTCTCTCACAAGTGG,NMP
CTTCTCTCACGGTGTC,Paraxial mesoderm
CTTCTCTCACTCCTGT,Forebrain/midbrain
CTTCTCTCACTTGTGA,Extraembryonic visceral endoderm
CTTCTCTCAGCACCCA,Extraembryonic visceral endoderm
CTTCTCTCAGTATTCG,Paraxial mesoderm
CTTCTCTCATCGTTCC,Hindbrain
CTTCTCTGTAAGATAC,Primitive erythroid cells
CTTCTCTTCACTACGA,Amniotic ectoderm
CTTGAGAAGAACTCCT,Primitive erythroid cells
CTTGAGAAGCCTCTTC,Primitive erythroid cells
CTTGAGAAGTTGTACC,Primitive erythroid cells
CTTGAGACAGAACTCT,Placodal area
CTTGAGACAGAGAATT,Hematoendothelial progenitors
CTTGAGACAGTGGCTC,Gut endoderm
CTTGAGACATAAGATG,Forebrain/midbrain
CTTGAGAGTGGAAATT,NMP
CTTGAGATCAAGTGGG,Primitive erythroid cells
CTTGAGATCCATGATG,Primitive erythroid cells
CTTGAGATCCTACAAG,Primitive erythroid cells
CTTGATTAGCGAGTAC,NMP
CTTGATTAGTGGTTCT,Extraembryonic visceral endoderm
CTTGATTCAGAGGTAC,Paraxial mesoderm
CTTGATTGTAGCGATG,Primitive erythroid cells
CTTGATTGTGCCGTAC,Hematoendothelial progenitors
CTTGATTGTGTGTGTT,Lateral plate and intermediate mesoderm
CTTGATTTCGGTAGAG,NMP
CTTGATTTCGTCAACA,Amniotic ectoderm
CTTGATTTCTGCCTCA,Extraembryonic visceral endoderm
CTTTCAAAGCATCTTG,Primitive erythroid cells
CTTTCAAAGCTCACTA,Extraembryonic visceral endoderm
CTTTCAACACTACACA,Endothelium
CTTTCAACAGGCTACC,Forebrain/midbrain
CTTTCAACATACAGCT,Endothelium
CTTTCAACATGTTACG,Amniotic ectoderm
CTTTCAAGTCAAATCC,Paraxial mesoderm
CTTTCAAGTGCTCTCT,Extraembryonic visceral endoderm
CTTTCAAGTTAGGGAC,Lateral plate and intermediate mesoderm
CTTTCAATCCAACTAG,Primitive erythroid cells
CTTTCAATCTACCTTA,Primitive erythroid cells
CTTTCGGAGGACGCTA,Lateral plate and intermediate mesoderm
CTTTCGGAGGCAGGGA,Primitive erythroid cells
CTTTCGGCATAGAGGC,Extraembryonic visceral endoderm
CTTTCGGCATGAAGCG,Allantois
CTTTCGGCATGTACGT,Forebrain/midbrain
CTTTCGGCATTCGGGC,Gut endoderm
CTTTCGGGTACGAGCA,Lateral plate and intermediate mesoderm
CTTTCGGGTATAATGG,Primitive erythroid cells
CTTTCGGGTCATATGC,Primitive erythroid cells
CTTTCGGGTCGTTGCG,NMP
CTTTCGGTCACAGAGG,Forebrain/midbrain
CTTTCGGTCCGCTGTT,Forebrain/midbrain
CTTTCGGTCGCAACAT,Hindbrain
CTTTCGGTCGCCGAAC,NMP
CTTTCGGTCGTACCTC,Endothelium
CTTTCGGTCTATCCAT,Extraembryonic visceral endoderm
CTTTCGGTCTCAAAGC,Extraembryonic visceral endoderm
GAAACCTAGAGAGGGC,Placodal area
GAAACCTAGAGGATCC,Gut endoderm
GAAACCTAGCAACAAT,Surface ectoderm
GAAACCTAGCTCCCTT,Hindbrain
GAAACCTAGGAAGTCC,NMP
GAAACCTAGGGCAATC,Surface ectoderm
GAAACCTAGTTCATCG,Allantois
GAAACCTCATCATTGG,Primitive erythroid cells
GAAACCTGTCCACAGC,Extraembryonic visceral endoderm
GAAACCTGTCCATCTC,Extraembryonic visceral endoderm
GAAACCTGTGGACTGA,Primitive erythroid cells
GAAACCTGTGGCAGAT,Primitive erythroid cells
GAAACCTGTGTCCCTT,Primitive erythroid cells
GAAACCTGTTACGTAC,Amniotic ectoderm
GAAACCTGTTTGAAAG,Extraembryonic visceral endoderm
GAAACCTTCAGCTTCC,Primitive erythroid cells
GAAACCTTCAGTGCGC,Primitive erythroid cells
GAAACCTTCATTTACC,Primitive erythroid cells
GAAACCTTCGACCTAA,Paraxial mesoderm
GAAATGAAGCAAATGT,Lateral plate and intermediate mesoderm
GAAATGAAGCACGTCC,Primitive erythroid cells
GAAATGAAGGGAACAA,NMP
GAAATGAAGGGAGGTG,Extraembryonic visceral endoderm
GAAATGACAATACCCA,Primitive erythroid cells
GAAATGACACCCTAAA,Extraembryonic visceral endoderm
GAAATGACACCGTCGA,Primitive erythroid cells
GAAATGACACGCGCTA,Lateral plate and intermediate mesoderm
GAAATGACAGGTCCGT,Extraembryonic visceral endoderm
GAAATGAGTAGAGTTA,Forebrain/midbrain
GAAATGAGTGGGAGAG,Gut endoderm
GAAATGAGTTAAGAAC,Primitive erythroid cells
GAAATGATCAGTCACA,Primitive erythroid cells
GAAATGATCATTGCTT,Primitive erythroid cells
GAAATGATCTACAGGT,Lateral plate and intermediate mesoderm
GAACACTAGACGAAGA,Allantois
GAACACTAGGCAATGC,Extraembryonic visceral endoderm
GAACACTAGGCAGTCA,Lateral plate and intermediate mesoderm
GAACACTAGTTCCTGA,Extraembryonic visceral endoderm
GAACACTAGTTCGGTT,Extraembryonic visceral endoderm
GAACACTCAAATGCGG,Primitive erythroid cells
GAACACTCAACGCCCA,Allantois
GAACACTCAGACCTGC,Primitive erythroid cells
GAACACTCAGCTGTCG,Second heart field
GAACACTCAGGACAGT,Surface ectoderm
GAACACTCATGCAGCC,Primitive erythroid cells
GAACACTGTAAGATCA,Primitive erythroid cells
GAACACTGTAGAAACT,Primitive erythroid cells
GAACACTGTCGTCGGT,Extraembryonic visceral endoderm
GAACACTGTCGTCTCT,Primitive erythroid cells
GAACACTGTCTACAGT,Hindbrain
GAACACTGTGCTCGTG,Paraxial mesoderm
GAACACTGTTCCAAAC,Primitive erythroid cells
GAACACTGTTGACTGT,Cranial neural crest
GAACACTGTTGCCGAC,Amniotic ectoderm
GAACACTTCCTAGCGG,Primitive erythroid cells
GAACACTTCGCTCTCA,Lateral plate and intermediate mesoderm
GAACACTTCGGTCGAC,Allantois
GAACGTTAGACCTCCG,Amniotic ectoderm
GAACGTTAGTGCCCGT,Lateral plate and intermediate mesoderm
GAACGTTCAAGAGGTC,Surface ectoderm
GAACGTTCAATCTAGC,Lateral plate and intermediate mesoderm
GAACGTTCACCGTGAC,Lateral plate and intermediate mesoderm
GAACGTTGTATGCTTG,Primitive erythroid cells
GAACGTTGTTAGGGTG,Lateral plate and intermediate mesoderm
GAACGTTGTTGACTGT,Lateral plate and intermediate mesoderm
GAACGTTGTTGTTGTG,Primitive erythroid cells
GAACGTTTCACCACAA,Extraembryonic visceral endoderm
GAACGTTTCACGGAGA,First heart field
GAACGTTTCAGACAAA,Primitive erythroid cells
GAACGTTTCGCGTCGA,Primitive erythroid cells
GAACGTTTCGCTGCGA,Forebrain/midbrain
GAACGTTTCTCTGACC,Amniotic ectoderm
GAACTGTAGGCTCAAG,Endothelium
GAACTGTAGGTTGGTG,Endothelium
GAACTGTCAACATACC,Extraembryonic visceral endoderm
GAACTGTCAACGATTC,Forebrain/midbrain
GAACTGTCAATGACCT,Forebrain/midbrain
GAACTGTCACAGCATT,Hindbrain
GAACTGTCAGAGCTAG,Surface ectoderm
GAACTGTCAGAGGCAT,NMP
GAACTGTCATGACTAC,Extraembryonic visceral endoderm
GAACTGTGTAATACCC,Extraembryonic visceral endoderm
GAACTGTGTCGACTTA,Primitive erythroid cells
GAACTGTGTTGTTTGG,Lateral plate and intermediate mesoderm
GAACTGTTCAACCGAT,Primitive erythroid cells
GAACTGTTCACTCGAA,Placodal area
GAACTGTTCCCGTAAA,Hematoendothelial progenitors
GAACTGTTCTCCACTG,NMP
GAACTGTTCTCCGAAA,Gut endoderm
GAAGAATAGAGTCAGC,Primitive erythroid cells
GAAGAATAGAGTTGCG,Allantois
GAAGAATAGTATGAGT,Lateral plate and intermediate mesoderm
GAAGAATAGTTTGCTG,Extraembryonic visceral endoderm
GAAGAATCACACCAGC,Primitive erythroid cells
GAAGAATCAGTTAGGG,Allantois
GAAGAATCATTGTGCA,Primitive erythroid cells
GAAGAATGTCAGTCGC,Primitive erythroid cells
GAAGAATGTGCTAGCC,Extraembryonic visceral endoderm
GAAGAATTCAGTCCGG,Endothelium
GAAGAATTCCACCTCA,Primitive erythroid cells
GAAGAATTCCCTCGTA,Primitive erythroid cells
GAAGCCCAGGCTTAAA,Hindbrain
GAAGCCCCAACCCTCT,Lateral plate and intermediate mesoderm
GAAGCCCCACCCAATA,Primitive erythroid cells
GAAGCCCCAGCTTCGG,Forebrain/midbrain
GAAGCCCGTCAGTCGC,Forebrain/midbrain
GAAGCCCGTCTTGTCC,Extraembryonic visceral endoderm
GAAGCCCGTGGACTGA,Cranial neural crest
GAAGCCCTCGGCCTTT,Primitive erythroid cells
GAAGCCCTCTGACGCG,Forebrain/midbrain
GAAGCGAAGCGAGGAG,Surface ectoderm
GAAGCGAAGCGTTGTT,Primitive erythroid cells
GAAGCGACACTTTAGG,Lateral plate and intermediate mesoderm
GAAGCGAGTCAAGCCC,Forebrain/midbrain
GAAGCGAGTCCGATCG,Hematoendothelial progenitors
GAAGCGAGTGCGACAA,NMP
GAAGCGATCAGAGTGG,Forebrain/midbrain
GAAGCGATCCAAACCA,Forebrain/midbrain
GAAGCGATCCCGAGAC,Placodal area
GAAGCGATCGCGTGAC,NMP
GAAGCGATCTGCATGA,Hindbrain
GAAGGACCAACTGCCG,Primitive erythroid cells
GAAGGACCACGCGGTT,Surface ectoderm
GAAGGACCACTGGACC,First heart field
GAAGGACGTAGCTGTT,Forebrain/midbrain
GAAGGACGTCTGTGGC,Extraembryonic visceral endoderm
GAAGGACTCTACTCAT,Primitive erythroid cells
GAAGGGTAGAGCAGCT,Paraxial mesoderm
GAAGGGTAGGGCCTCT,Surface ectoderm
GAAGGGTAGGTGCAGT,NMP
GAAGGGTCAAATAAGC,Extraembryonic visceral endoderm
GAAGGGTCAACTACGT,NMP
GAAGGGTCAGCGCTTG,Primitive erythroid cells
GAAGGGTCATGGGCAA,Extraembryonic visceral endoderm
GAAGGGTGTACTCGAT,Primitive erythroid cells
GAAGGGTGTATAGCTC,Forebrain/midbrain
GAAGGGTGTATCGAAA,Primitive erythroid cells
GAAGGGTTCGTGGACC,Lateral plate and intermediate mesoderm
GAAGGGTTCTAGTGTG,Spinal cord
GAAGGGTTCTCGCTTG,Surface ectoderm
GAAGTAAAGAACCGCA,Primitive erythroid cells
GAAGTAAAGCGATGGT,Primitive erythroid cells
GAAGTAAAGGACGCTA,Lateral plate and intermediate mesoderm
GAAGTAAAGGCAGTCA,Forebrain/midbrain
GAAGTAACAGGTGAGT,Primitive erythroid cells
GAAGTAAGTCTCTCCA,Forebrain/midbrain
GAAGTAAGTGCGGATA,Cranial neural crest
GAAGTAAGTGTTCGAT,Gut endoderm
GAAGTAATCAGAATAG,Gut endoderm
GAAGTAATCCACGGGT,Gut endoderm
GAAGTAATCCTGTAAG,Primitive erythroid cells
GAAGTAATCGACACTA,Gut endoderm
GAAGTAATCGCTTTAT,Gut endoderm
GAAGTAATCGTTGTAG,Hindbrain
GAATAGAAGCAGCACA,Surface ectoderm
GAATAGAAGCCGATCC,Forebrain/midbrain
GAATAGACAGCAATTC,Primitive erythroid cells
GAATAGACAGTAACCT,Extraembryonic visceral endoderm
GAATAGACATAACAGA,Placodal area
GAATAGACATATCTCT,Primitive erythroid cells
GAATAGACATCCTTGC,Primitive erythroid cells
GAATAGAGTAGATCCT,Hindbrain
GAATAGAGTGATGTAA,Hindbrain
GAATAGAGTTACCGTA,Primitive erythroid cells
GAATAGAGTTAGGCTT,NMP
GAATAGATCCTATTTG,Endothelium
GAATAGATCGCATTGA,Primitive erythroid cells
GAATAGATCGTGTTCC,Lateral plate and intermediate mesoderm
GAATCACAGCAGCAGT,Primitive erythroid cells
GAATCACAGCAGGTCA,Primitive erythroid cells
GAATCACAGCTAGAGC,Allantois
GAATCACAGGAATTAC,Gut endoderm
GAATCACAGGAGCAAA,Lateral plate and intermediate mesoderm
GAATCACAGGCATCTT,Forebrain/midbrain
GAATCACAGGGTCTTT,Primitive erythroid cells
GAATCACAGGTAATCA,Extraembryonic visceral endoderm
GAATCACCACAGTGAG,Amniotic ectoderm
GAATCACGTCTGGTTA,Forebrain/midbrain
GAATCACGTGACCGTC,Endothelium
GAATCACGTGCCCTTT,Gut endoderm
GAATCACGTGTGTGTT,Amniotic ectoderm
GAATCACTCGGACAAG,Lateral plate and intermediate mesoderm
GAATCACTCGGTGCAC,Primitive erythroid cells
GAATCACTCTCGTCAC,Lateral plate and intermediate mesoderm
GAATCGTAGATCGCCC,Hindbrain
GAATCGTAGTCTCGTA,Gut endoderm
GAATCGTCAACGTATC,Endothelium
GAATCGTCAATACAGA,Placodal area
GAATCGTCACCTAAAC,Extraembryonic visceral endoderm
GAATCGTCACTTGTCC,Gut endoderm
GAATCGTCAGAACATA,Amniotic ectoderm
GAATCGTCATGGAATA,Primitive erythroid cells
GAATCGTGTACAATAG,Lateral plate and intermediate mesoderm
GAATCGTGTTATTCCT,NMP
GAATCGTTCATGGAGG,Extraembryonic visceral endoderm
GAATCGTTCCGTAGTA,Surface ectoderm
GAATCGTTCTGCTTAT,Extraembryonic visceral endoderm
GACACGCAGCAGTCTT,Extraembryonic visceral endoderm
GACACGCAGGATGCGT,Surface ectoderm
GACACGCAGGCATCAG,Extraembryonic visceral endoderm
GACACGCAGTCTAACC,Amniotic ectoderm
GACACGCAGTTCATCG,Primitive erythroid cells
GACACGCCAAAGCTAA,Primitive erythroid cells
GACACGCCACAGCGCT,First heart field
GACACGCCACCTGTCT,Extraembryonic visceral endoderm
GACACGCCACGCCAGT,Hindbrain
GACACGCCAGACCCGT,Primitive erythroid cells
GACACGCCATCTGTTT,Primitive erythroid cells
GACACGCGTATTTCTC,Hindbrain
GACACGCGTCATTGCA,Hindbrain
GACACGCGTCGAAGCA,Primitive erythroid cells
GACACGCGTCTCGCGA,Paraxial mesoderm
GACACGCGTTGATGTC,Surface ectoderm
GACACGCTCCCTCGAT,Surface ectoderm
GACACGCTCCGCTGTT,Paraxial mesoderm
GACACGCTCGCCAACG,Allantois
GACACGCTCGTTCAGA,Second heart field
GACACGCTCTATGTGG,Hindbrain
GACACGCTCTTCTGGC,Lateral plate and intermediate mesoderm
GACAGCCAGATAGTGT,Primitive erythroid cells
GACAGCCAGATGAAGG,Hindbrain
GACAGCCAGCGAGTAC,Surface ectoderm
GACAGCCAGTGCTCGC,Lateral plate and intermediate mesoderm
GACAGCCCATATACCG,Primitive erythroid cells
GACAGCCGTCAATGGG,First heart field
GACAGCCGTCCACACG,Hindbrain
GACAGCCTCTAGCATG,NMP
GACATCACAAATAAGC,Gut endoderm
GACATCACATACAGGG,Primitive erythroid cells
GACATCACATATTCGG,Hindbrain
GACATCAGTACCAATC,Primitive erythroid cells
GACATCAGTACGCTAT,Extraembryonic visceral endoderm
GACATCAGTAGAATAC,Primitive erythroid cells
GACATCAGTATCTCTT,Extraembryonic visceral endoderm
GACATCAGTGAGCGAT,Lateral plate and intermediate mesoderm
GACATCAGTTTGTTGG,Allantois
GACATCATCATTGTTC,Allantois
GACATCATCCGTAATG,Amniotic ectoderm
GACATCATCTGGGATT,Forebrain/midbrain
GACCAATAGCAACCAG,Primitive erythroid cells
GACCAATCAACCGGAA,NMP
GACCAATCAATTAGGA,Forebrain/midbrain
GACCAATCACGGATCC,Primitive erythroid cells
GACCAATCACTGTCGG,NMP
GACCAATCAGAAGCGT,Forebrain/midbrain
GACCAATCAGCTGAGA,Lateral plate and intermediate mesoderm
GACCAATCATCAGCGC,Surface ectoderm
GACCAATCATGCCATA,Endothelium
GACCAATGTCTACAGT,Endothelium
GACCAATTCAAGGACG,NMP
GACCAATTCATCGACA,Endothelium
GACCAATTCCATCTAT,Primitive erythroid cells
GACCAATTCCGAAATC,First heart field
GACCAATTCGGAAGGT,Hindbrain
GACCAATTCGTTATCT,Endothelium
GACCCAGAGACCTTTG,Extraembryonic visceral endoderm
GACCCAGAGATAACGT,Lateral plate and intermediate mesoderm
GACCCAGAGCGATGCA,Forebrain/midbrain
GACCCAGCAAGTCATC,Surface ectoderm
GACCCAGCACAGTATC,NMP
GACCCAGCACCTGCAG,Hindbrain
GACCCAGCACCTTCCA,Forebrain/midbrain
GACCCAGCACTGCATA,Primitive erythroid cells
GACCCAGCAGGCGTTC,Primitive erythroid cells
GACCCAGCATAGACTC,Primitive erythroid cells
GACCCAGGTACGAAAT,NMP
GACCCAGGTATCGGTT,Forebrain/midbrain
GACCCAGGTCCGGTGT,Primitive erythroid cells
GACCCAGGTCTAATCG,Cranial neural crest
GACCCAGGTGACCGAA,Lateral plate and intermediate mesoderm
GACCCAGGTGGCTAGA,Primitive erythroid cells
GACCCAGGTTCCGTTC,NMP
GACCCAGTCCTCTCGA,NMP
GACCCAGTCGCTTGCT,Spinal cord
GACCCAGTCTAGATCG,Primitive erythroid cells
GACCCAGTCTCGGTAA,Gut endoderm
GACCCAGTCTGCGTCT,Primitive erythroid cells
GACCCAGTCTGGGCAC,Primitive erythroid cells
GACCCAGTCTTAGCTT,Primitive erythroid cells
GACCCAGTCTTGGAAC,Lateral plate and intermediate mesoderm
GACCCTTAGCAACTTC,Hindbrain
GACCCTTAGCATGTTC,Lateral plate and intermediate mesoderm
GACCCTTAGCGCATCC,Extraembryonic visceral endoderm
GACCCTTAGCGCGTTC,Hindbrain
GACCCTTCACTGATTG,Endothelium
GACCCTTCAGAAGCGT,Primitive erythroid cells
GACCCTTGTCGAAACG,Extraembryonic visceral endoderm
GACCCTTGTCGACTTA,Extraembryonic visceral endoderm
GACCCTTGTGATTAGA,Primitive erythroid cells
GACCCTTTCCCGGTAG,Extraembryonic visceral endoderm
GACCCTTTCCTTCTAA,Extraembryonic visceral endoderm
GACCCTTTCCTTCTGG,Surface ectoderm
GACCCTTTCGACCAAT,Paraxial mesoderm
GACCCTTTCGAGAGCA,Forebrain/midbrain
GACCCTTTCTAACGCA,NMP
GACCCTTTCTAGCCTC,Primitive erythroid cells
GACCCTTTCTCGTGAA,Surface ectoderm
GACCCTTTCTGCTTAT,Primitive erythroid cells
GACCGTGAGAAGATCT,Allantois
GACCGTGAGAGCCGTA,Gut endoderm
GACCGTGAGATGACAT,Primitive erythroid cells
GACCGTGAGCACGTCC,Hindbrain
GACCGTGAGGCGATAC,Primitive erythroid cells
GACCGTGAGTGGACTG,Placodal area
GACCGTGCAACAACAA,Cranial neural crest
GACCGTGCACTTGAGT,Hindbrain
GACCGTGCAGCAGATG,Gut endoderm
GACCGTGCAGCGAGTA,Lateral plate and intermediate mesoderm
GACCGTGCAGTGGCTC,Forebrain/midbrain
GACCGTGGTTAAACCC,Extraembryonic visceral endoderm
GACCGTGGTTGGCTAT,Extraembryonic visceral endoderm
GACCGTGGTTGGTAGG,Extraembryonic visceral endoderm
GACCGTGTCACTGGGC,Paraxial mesoderm
GACCGTGTCGAGTACT,Primitive erythroid cells
GACCGTGTCGCGCCAA,Hindbrain
GACCGTGTCGGTTCAA,Gut endoderm
GACCTTCAGCTTCGTA,Extraembryonic visceral endoderm
GACCTTCAGTCACACT,Extraembryonic visceral endoderm
GACCTTCCACCACTGG,Primitive erythroid cells
GACCTTCGTACGTACT,Primitive erythroid cells
GACCTTCGTAGTAAGT,Lateral plate and intermediate mesoderm
GACCTTCGTATCATGC,Primitive erythroid cells
GACCTTCGTCTTCAAG,Primitive erythroid cells
GACCTTCGTGACTCTA,Primitive erythroid cells
GACCTTCTCCCAAGTA,Primitive erythroid cells
GACCTTCTCCTCGCAT,Gut endoderm
GACCTTCTCGCCAATA,Extraembryonic visceral endoderm
GACCTTCTCGCGTAGC,Allantois
GACCTTCTCTGGACCG,Primitive erythroid cells
GACGCTGAGGCTTAAA,Placodal area
GACGCTGAGTGCACCC,Hindbrain
GACGCTGCAATAGTCC,Lateral plate and intermediate mesoderm
GACGCTGCACCAGACC,Extraembryonic visceral endoderm
GACGCTGCACTGCGAC,Extraembryonic visceral endoderm
GACGCTGCAGGAGGTT,Extraembryonic visceral endoderm
GACGCTGCATGATAGA,Primitive erythroid cells
GACGCTGGTAACGTTC,Gut endoderm
GACGCTGGTACAACGG,Extraembryonic visceral endoderm
GACGCTGGTAGCTGTT,Hindbrain
GACGCTGGTTTACGTG,Paraxial mesoderm
GACGCTGTCACGTAGT,Gut endoderm
GACGCTGTCCGTGTGG,Hindbrain
GACGCTGTCGTAGTGT,Primitive erythroid cells
GACGCTGTCTATCCAT,Hematoendothelial progenitors
GACGTTAAGCTTTCCC,Amniotic ectoderm
GACGTTAAGTTACGTC,Primitive erythroid cells
GACGTTAAGTTGTCAC,Paraxial mesoderm
GACGTTACACATACGT,Extraembryonic visceral endoderm
GACGTTACATCCGTGG,Lateral plate and intermediate mesoderm
GACGTTACATTGGATC,Extraembryonic visceral endoderm
GACGTTAGTGACTAAA,Primitive erythroid cells
GACGTTAGTGGCTTGC,Forebrain/midbrain
GACGTTAGTTGTCCCT,Hematoendothelial progenitors
GACGTTATCCCATAGA,Extraembryonic visceral endoderm
GACTATGAGCCTGAGA,Paraxial mesoderm
GACTATGAGCGTGTTT,Extraembryonic visceral endoderm
GACTATGAGTCGCGAA,Lateral plate and intermediate mesoderm
GACTATGCATGACTAC,Primitive erythroid cells
GACTATGGTATCGCTA,Allantois
GACTATGGTCCCTGAG,Extraembryonic visceral endoderm
GACTATGGTGCTCCGA,Extraembryonic visceral endoderm
GACTATGTCCATCTAT,Hindbrain
GACTATGTCGAGTCCG,Hindbrain
GACTATGTCGCCAGAC,Paraxial mesoderm
GACTCAAAGACTCTTG,Endothelium
GACTCAAAGATAGCTA,Extraembryonic visceral endoderm
GACTCAAAGCAGGTCA,Paraxial mesoderm
GACTCAAAGGTAGATT,Extraembryonic visceral endoderm
GACTCAAAGGTAGCAC,Primitive erythroid cells
GACTCAACACACCTAA,Primitive erythroid cells
GACTCAACAGAGATGC,Lateral plate and intermediate mesoderm
GACTCAACAGGTCAAG,Primitive erythroid cells
GACTCAACAGTGAGCA,Extraembryonic visceral endoderm
GACTCAACAGTTTCGA,Primitive erythroid cells
GACTCAACATCGTGCG,Gut endoderm
GACTCAACATGACTAC,Primitive erythroid cells
GACTCAAGTATGAAAC,Primitive erythroid cells
GACTCAAGTATGTCTG,Paraxial mesoderm
GACTCAAGTCAAAGTA,Amniotic ectoderm
GACTCAAGTCGATTAC,Extraembryonic visceral endoderm
GACTCAAGTTCAAAGA,Extraembryonic visceral endoderm
GACTCAAGTTTCGACA,Lateral plate and intermediate mesoderm
GACTCAATCCATTCGC,Surface ectoderm
GACTCAATCCTTCTAA,Hematoendothelial progenitors
GACTCAATCGATAACC,NMP
GACTCAATCGGCAGTC,Amniotic ectoderm
GACTCAATCGTTGTTT,Hindbrain
GACTCTCAGAAACCAT,NMP
GACTCTCAGCATGTTC,Primitive erythroid cells
GACTCTCAGCGAGTCA,Notochord
GACTCTCAGCTACTGT,Lateral plate and intermediate mesoderm
GACTCTCAGCTCTATG,Extraembryonic visceral endoderm
GACTCTCAGGCTGGAT,Surface ectoderm
GACTCTCCAAATGGTA,Hindbrain
GACTCTCCAATCCTAG,Gut endoderm
GACTCTCCACTTCAAG,Primitive erythroid cells
GACTCTCCATAGGTTC,Hindbrain
GACTCTCGTAATGCGG,Primitive erythroid cells
GACTCTCGTAGGGAGG,Hindbrain
GACTCTCGTATGCAAA,Primitive erythroid cells
GACTCTCGTCAAAGCG,Forebrain/midbrain
GACTCTCGTTTGTGGT,Surface ectoderm
GACTCTCTCCATTGTT,Spinal cord
GACTCTCTCCGTAGGC,Gut endoderm
GACTCTCTCTGTAAGC,Primitive erythroid cells
GACTGATAGCGACTAG,Hindbrain
GACTGATAGCTTTGTG,Allantois
GACTGATAGGTCGACA,Lateral plate and intermediate mesoderm
GACTGATAGTCCCGGT,Extraembryonic visceral endoderm
GACTGATCAACGAGGT,Extraembryonic visceral endoderm
GACTGATCAAGCTCTA,Primitive erythroid cells
GACTGATCACAAATGA,Hindbrain
GACTGATCATACGCAT,Amniotic ectoderm
GACTGATCATCATTTC,Primitive erythroid cells
GACTGATGTAAGCTCT,Extraembryonic visceral endoderm
GACTGATGTAGATCCT,Primitive erythroid cells
GACTGATGTCGACGCT,Lateral plate and intermediate mesoderm
GACTGATGTTCTTCAT,Primitive erythroid cells
GACTGATGTTTCACTT,NMP
GACTGATTCGGACTGC,Hindbrain
GACTTCCAGAATTCAG,NMP
GACTTCCAGAGGCTGT,Paraxial mesoderm
GACTTCCAGTTGGCTT,NMP
GACTTCCCAGAACATA,Primitive erythroid cells
GACTTCCCAGGTTCAT,Lateral plate and intermediate mesoderm
GACTTCCCATCCTAAG,Primitive erythroid cells
GACTTCCGTCACGTGC,Surface ectoderm
GACTTCCGTCCCACGA,Amniotic ectoderm
GACTTCCGTTCCACAA,Hindbrain
GACTTCCGTTTCCCAC,Lateral plate and intermediate mesoderm
GACTTCCTCCATCTCG,Primitive erythroid cells
GAGAAATAGACTCGAG,Primitive erythroid cells
GAGAAATAGAGAGGGC,Surface ectoderm
GAGAAATCAAGAGTAT,Surface ectoderm
GAGAAATCACAACGCC,Hindbrain
GAGAAATCACTGCGAC,Forebrain/midbrain
GAGAAATCAGCTGTAT,Lateral plate and intermediate mesoderm
GAGAAATGTATCCCTC,Hindbrain
GAGAAATGTCTTCGAA,NMP
GAGAAATGTGAAGCGT,Primitive erythroid cells
GAGAAATGTGGTCTAT,Primitive erythroid cells
GAGAAATGTTGGGTTT,Endothelium
GAGAAATTCAGGACGA,Forebrain/midbrain
GAGAAATTCGACATAC,Primitive erythroid cells
GAGAAATTCTATACGG,Cranial neural crest
GAGAAATTCTTACGTT,Hindbrain
GAGACCCAGCTGGCTC,Forebrain/midbrain
GAGACCCAGCTTTCTT,Lateral plate and intermediate mesoderm
GAGACCCAGTGGCAGT,Primitive erythroid cells
GAGACCCCAATTTCCT,Hindbrain
GAGACCCCATAGGTTC,Primitive erythroid cells
GAGACCCGTCTTTCAT,NMP
GAGACCCGTGGTCTCG,Lateral plate and intermediate mesoderm
GAGACCCGTTTGCAGT,Forebrain/midbrain
GAGACCCTCAAGTCTG,Forebrain/midbrain
GAGACCCTCATGACAC,Gut endoderm
GAGACCCTCGTGGACC,Paraxial mesoderm
GAGACCCTCTCTAAGG,Surface ectoderm
GAGACCCTCTGTGCGG,Primitive erythroid cells
GAGACCCTCTTTACAC,Extraembryonic visceral endoderm
GAGACCCTCTTTCCAA,Notochord
GAGACTTAGACATCCT,Primitive erythroid cells
GAGACTTAGAGCTTTC,Extraembryonic visceral endoderm
GAGACTTAGATTGATG,Primitive erythroid cells
GAGACTTAGCACACCC,Primitive erythroid cells
GAGACTTAGCCAGACA,Paraxial mesoderm
GAGACTTAGCCTTTCC,Extraembryonic visceral endoderm
GAGACTTAGGCAGTCA,NMP
GAGACTTCAAGATTGA,Cranial neural crest
GAGACTTCAAGTTTGC,Primitive erythroid cells
GAGACTTCATGGAACG,Extraembryonic visceral endoderm
GAGACTTGTCAACATC,Allantois
GAGACTTGTCGAAGCA,Hindbrain
GAGACTTTCAAGAATG,Lateral plate and intermediate mesoderm
GAGACTTTCATGGATC,Primitive erythroid cells
GAGACTTTCTGAGGCC,Cranial neural crest
GAGACTTTCTTCTCAA,Gut endoderm
GAGAGGTAGCGCCGTT,Paraxial mesoderm
GAGAGGTAGCGTTCCG,Extraembryonic visceral endoderm
GAGAGGTAGGAGGGTG,Cranial neural crest
GAGAGGTAGGTAGGCT,NMP
GAGAGGTCAAGAGAGA,Primitive erythroid cells
GAGAGGTCAATAGTAG,Surface ectoderm
GAGAGGTCACTTCTCG,Forebrain/midbrain
GAGAGGTCAGGAGACT,Second heart field
GAGAGGTCATGGAAGC,Allantois
GAGAGGTCATTAAGCC,Primitive erythroid cells
GAGAGGTGTAATGTGA,Hindbrain
GAGAGGTGTCAACATC,Surface ectoderm
GAGAGGTGTGCATTTG,Allantois
GAGAGGTTCAACCTCC,Placodal area
GAGAGGTTCAATGTCG,Placodal area
GAGAGGTTCCGTAGGC,Gut endoderm
GAGAGGTTCGCGCCAA,Forebrain/midbrain
GAGAGGTTCTTTCTAG,Amniotic ectoderm
GAGATGGAGAGCCTGA,Primitive erythroid cells
GAGATGGAGGGCAAGG,Primitive erythroid cells
GAGATGGAGTAGACCG,Forebrain/midbrain
GAGATGGCAACCTATG,Primitive erythroid cells
GAGATGGCACTGTGTA,Primitive erythroid cells
GAGATGGGTATGACAA,Primitive erythroid cells
GAGATGGGTGGATACG,Primitive erythroid cells
GAGATGGGTTCGTTCC,Extraembryonic visceral endoderm
GAGATGGTCAACACGT,Primitive erythroid cells
GAGATGGTCCTAGCCT,Amniotic ectoderm
GAGCCTGAGATCCTAC,Primitive erythroid cells
GAGCCTGAGCATGATA,Hindbrain
GAGCCTGCACGGTAGA,Surface ectoderm
GAGCCTGCACGGTGAA,Extraembryonic visceral endoderm
GAGCCTGCACGTGAGA,Extraembryonic visceral endoderm
GAGCCTGCATCCAATG,Surface ectoderm
GAGCCTGGTCACGTGC,Second heart field
GAGCCTGGTGAGTTTC,Forebrain/midbrain
GAGCCTGGTGCAATGG,Primitive erythroid cells
GAGCCTGGTTCCACGG,Lateral plate and intermediate mesoderm
GAGCCTGTCACTGGTA,Gut endoderm
GAGCCTGTCGTTGCCT,Gut endoderm
GAGCTGCAGAAGCTCG,Primitive erythroid cells
GAGCTGCAGGTGCTAG,Extraembryonic visceral endoderm
GAGCTGCAGTTGGCGA,Allantois
GAGCTGCCAGAGTTCT,Primitive erythroid cells
GAGCTGCCATGGAATA,Allantois
GAGCTGCGTACGGTTT,Lateral plate and intermediate mesoderm
GAGCTGCGTAGATCGG,Amniotic ectoderm
GAGCTGCGTCGTCGGT,Lateral plate and intermediate mesoderm
GAGCTGCGTCTCAGAT,Hindbrain
GAGCTGCGTGGAACAC,Surface ectoderm
GAGCTGCGTGGAATGC,Spinal cord
GAGCTGCTCACTACGA,Extraembryonic visceral endoderm
GAGCTGCTCTCAATCT,Primitive erythroid cells
GAGGCAAAGTGCACTT,Primitive erythroid cells
GAGGCAACACGCTGTG,Primitive erythroid cells
GAGGCAACACGTAACT,Primitive erythroid cells
GAGGCAACATACCATG,Allantois
GAGGCAAGTCGCCTAG,Primitive erythroid cells
GAGGCAATCCGTACGG,Primitive erythroid cells
GAGGCAATCGATTGAC,Extraembryonic visceral endoderm
GAGGCAATCTAGTACG,Extraembryonic visceral endoderm
GAGGCCTAGAGTCAAT,Extraembryonic visceral endoderm
GAGGCCTCAACAAAGT,Lateral plate and intermediate mesoderm
GAGGCCTCACATAACC,Primitive erythroid cells
GAGGCCTCACCAGGTC,Primitive erythroid cells
GAGGCCTCACCGTCGA,Spinal cord
GAGGCCTCACGTCATA,Primitive erythroid cells
GAGGCCTCAGATACCT,Forebrain/midbrain
GAGGCCTCAGATACTC,First heart field
GAGGCCTGTTCACCGG,Allantois
GAGGCCTGTTGGTAGG,Extraembryonic visceral endoderm
GAGGCCTGTTTGAAAG,NMP
GAGGCCTTCCCTAGGG,Primitive erythroid cells
GAGGCCTTCCCTATTA,Primitive erythroid cells
GAGGCCTTCCGAGGCT,Surface ectoderm
GAGGGATAGTTCCATG,Extraembryonic visceral endoderm
GAGGGATAGTTCTACG,Second heart field
GAGGGATCATCGGATT,Hindbrain
GAGGGATGTCCGGTGT,Extraembryonic visceral endoderm
GAGGGATGTGACATCT,Extraembryonic visceral endoderm
GAGGGATGTGCGTTTA,Primitive erythroid cells
GAGGGATGTGCTCTTC,Primitive erythroid cells
GAGGGATTCGCCTTGT,Primitive erythroid cells
GAGGGATTCGGCTCTT,Extraembryonic visceral endoderm
GAGGGTAAGAGCATAT,Primitive erythroid cells
GAGGGTAAGCAGGCAT,Hindbrain
GAGGGTACACTTCATT,Primitive erythroid cells
GAGGGTAGTAAGATTG,Endothelium
GAGGGTAGTAGGAAAG,Hindbrain
GAGGGTAGTATACCCA,Gut endoderm
GAGGGTAGTCTACAAC,Second heart field
GAGGGTATCGACCATA,Extraembryonic visceral endoderm
GAGTCATAGCGTTCAT,Endothelium
GAGTCATCAACAAGAT,Primitive erythroid cells
GAGTCATCAAGCTGTT,Primitive erythroid cells
GAGTCATCACCGGTCA,Surface ectoderm
GAGTCATCACCTAAAC,NMP
GAGTCATGTCCAGCAC,Primitive erythroid cells
GAGTCATGTCGCGTTG,Paraxial mesoderm
GAGTCATGTGCAGATG,Forebrain/midbrain
GAGTCATGTGGCGCTT,Surface ectoderm
GAGTCATGTGGCTTAT,Gut endoderm
GAGTCATGTTAAAGTG,Forebrain/midbrain
GAGTCATGTTCTCTCG,Forebrain/midbrain
GAGTCATGTTTGGGTT,Primitive erythroid cells
GAGTCATTCACCATGA,Primitive erythroid cells
GAGTCATTCATGCTAG,Lateral plate and intermediate mesoderm
GAGTCATTCCACCTGT,Allantois
GAGTCATTCGTTCAGA,Primitive erythroid cells
GAGTCATTCTCTCGAC,Extraembryonic visceral endoderm
GAGTCTAAGACTCAAA,Gut endoderm
GAGTCTAAGCTAATGA,Surface ectoderm
GAGTCTAAGGCTAGCA,Extraembryonic visceral endoderm
GAGTCTAAGTTTCGGT,Primitive erythroid cells
GAGTCTAGTATGAGCG,Primitive erythroid cells
GAGTCTAGTCAAAGTA,Hindbrain
GAGTCTAGTCACTACA,NMP
GAGTCTAGTCGTGTTA,Surface ectoderm
GAGTCTAGTGTTCGAT,Gut endoderm
GAGTCTAGTTCTCGTC,Hindbrain
GAGTCTATCACTACGA,Extraembryonic visceral endoderm
GAGTCTATCGCTACGG,Surface ectoderm
GAGTCTATCTTCACAT,Placodal area
GAGTGAGAGAACCCGA,NMP
GAGTGAGAGAACTCCT,Hindbrain
GAGTGAGAGAGCCGAT,Extraembryonic visceral endoderm
GAGTGAGAGTTGTCGT,NMP
GAGTGAGCAAAGCAAT,Primitive erythroid cells
GAGTGAGCAACCTAAC,Extraembryonic visceral endoderm
GAGTGAGCACAATGAA,Lateral plate and intermediate mesoderm
GAGTGAGCACCAGTAT,Gut endoderm
GAGTGAGCAGCAGACA,Lateral plate and intermediate mesoderm
GAGTGAGCAGCTGAAG,Forebrain/midbrain
GAGTGAGCATTCTTCA,Hindbrain
GAGTGAGGTAACACCT,Primitive erythroid cells
GAGTGAGGTAAGAACT,Primitive erythroid cells
GAGTGAGGTACTAGCT,Primitive erythroid cells
GAGTGAGGTCCGCAGT,Primitive erythroid cells
GAGTGAGGTCGAGCTC,Amniotic ectoderm
GAGTGAGGTGTGCTTA,Forebrain/midbrain
GAGTGAGTCACTACGA,Extraembryonic visceral endoderm
GAGTGAGTCAGACCTA,Extraembryonic visceral endoderm
GAGTGAGTCCAAGCAT,Extraembryonic visceral endoderm
GAGTGAGTCCGTCACT,Primitive erythroid cells
GAGTGAGTCGGTAGGA,Primitive erythroid cells
GAGTGAGTCTGATGGT,Gut endoderm
GAGTGAGTCTTCGACC,Hindbrain
GAGTGTTAGCGACTGA,Cranial neural crest
GAGTGTTAGGGACACT,Forebrain/midbrain
GAGTGTTAGGTCGTAG,Hindbrain
GAGTGTTCAACTGCCG,Primitive erythroid cells
GAGTGTTCAGAACATA,Surface ectoderm
GAGTGTTCAGTGTACT,NMP
GAGTGTTCATTGAGGG,Primitive erythroid cells
GAGTGTTGTCTTTCAT,Extraembryonic visceral endoderm
GAGTGTTGTGAACGGT,Surface ectoderm
GAGTGTTGTTAAGCAA,Lateral plate and intermediate mesoderm
GAGTGTTTCAGCTGAT,Hindbrain
GAGTGTTTCCCTATTA,Hindbrain
GAGTGTTTCCCTTGTG,Placodal area
GAGTGTTTCCTTTAGT,Primitive erythroid cells
GAGTGTTTCGGACGTC,Paraxial mesoderm
GAGTGTTTCGGTAAGG,Primitive erythroid cells
GAGTGTTTCTATCCAT,Primitive erythroid cells
GAGTTACAGACTCAAA,Hindbrain
GAGTTACAGCAACTTC,Hindbrain
GAGTTACAGGGCAGAG,NMP
GAGTTACAGGGTAGCT,Hematoendothelial progenitors
GAGTTACAGTGGGAAA,Endothelium
GAGTTACCACGACGAA,First heart field
GAGTTACCAGATTCGT,Placodal area
GAGTTACCAGGACAGT,Extraembryonic visceral endoderm
GAGTTACGTTACACTG,Amniotic ectoderm
GAGTTACGTTGGACTT,Extraembryonic visceral endoderm
GAGTTACGTTGGAGAC,Lateral plate and intermediate mesoderm
GAGTTGTAGAGTACCG,Paraxial mesoderm
GAGTTGTAGCGGCTCT,Extraembryonic visceral endoderm
GAGTTGTAGGCACAAC,Extraembryonic visceral endoderm
GAGTTGTAGTAGCAAT,Hindbrain
GAGTTGTAGTCGCCCA,Primitive erythroid cells
GAGTTGTCAAGGACAC,NMP
GAGTTGTCAATACAGA,Second heart field
GAGTTGTCACACCTAA,Primitive erythroid cells
GAGTTGTCACATATGC,Primitive erythroid cells
GAGTTGTCACGTAGTT,Paraxial mesoderm
GAGTTGTCAGTCTACA,Placodal area
GAGTTGTCATGGTGGA,Extraembryonic visceral endoderm
GAGTTGTGTAATTGGA,Primitive erythroid cells
GAGTTGTGTACTCCCT,Extraembryonic visceral endoderm
GAGTTGTGTTGGGATG,Hindbrain
GAGTTGTTCCTCATAT,Surface ectoderm
GAGTTGTTCCTTATGT,Extraembryonic visceral endoderm
GAGTTGTTCTAGGAAA,Primitive erythroid cells
GAGTTGTTCTGACCCT,Hindbrain
GAGTTTGCAAACACGG,Extraembryonic visceral endoderm
GAGTTTGCAATGTCAC,Primitive erythroid cells
GAGTTTGCAATGTCTG,Surface ectoderm
GAGTTTGCACCGGCTA,Surface ectoderm
GAGTTTGCACTCGATA,Primitive erythroid cells
GAGTTTGCAGCCCACA,Hindbrain
GAGTTTGCATCCGATA,Hindbrain
GAGTTTGCATGAAGCG,Primitive erythroid cells
GAGTTTGGTCTCTCAC,Primitive erythroid cells
GAGTTTGGTGATTGGG,Amniotic ectoderm
GAGTTTGGTTCTTGTT,Primitive erythroid cells
GAGTTTGGTTGTTGCA,Surface ectoderm
GAGTTTGTCATTACGG,Notochord
GAGTTTGTCTCATTAC,Primitive erythroid cells
GATAGAAAGACCAAGC,Extraembryonic visceral endoderm
GATAGAAAGAGTGTTA,Lateral plate and intermediate mesoderm
GATAGAAAGGATACCG,NMP
GATAGAAAGGCTGGAT,Primitive erythroid cells
GATAGAAAGTCGAAAT,Surface ectoderm
GATAGAACAAGACAAT,Extraembryonic visceral endoderm
GATAGAACAAGCACCC,Extraembryonic visceral endoderm
GATAGAACAATGCAGG,Endothelium
GATAGAACACCCTTGT,Primitive erythroid cells
GATAGAACACTGCACG,Primitive erythroid cells
GATAGAACAGAAGCGT,Extraembryonic visceral endoderm
GATAGAACATACAGAA,Lateral plate and intermediate mesoderm
GATAGAACATGTCAGT,Allantois
GATAGAAGTACCATAC,Extraembryonic visceral endoderm
GATAGAAGTCACGCTG,Endothelium
GATAGAAGTCATCGCG,Extraembryonic visceral endoderm
GATAGAAGTTAATGAG,Primitive erythroid cells
GATAGAAGTTCGGTAT,NMP
GATAGAATCACAAGGG,Extraembryonic visceral endoderm
GATAGAATCCACGGGT,NMP
GATAGAATCCTACGGG,Surface ectoderm
GATAGAATCCTCCACA,Primitive erythroid cells
GATAGAATCTCAAAGC,Paraxial mesoderm
GATAGAATCTCATAGG,Lateral plate and intermediate mesoderm
GATAGAATCTCATTGT,Extraembryonic visceral endoderm
GATAGCTAGAATCCCT,Forebrain/midbrain
GATAGCTAGTGCTCAT,Forebrain/midbrain
GATAGCTAGTTACGGG,Gut endoderm
GATAGCTCACATCCCT,Lateral plate and intermediate mesoderm
GATAGCTCAGAGGCTA,Lateral plate and intermediate mesoderm
GATAGCTCAGGCCTGT,NMP
GATAGCTCATGATCTG,Primitive erythroid cells
GATAGCTGTCATGGCC,Extraembryonic visceral endoderm
GATAGCTGTCTTCGAA,Primitive erythroid cells
GATAGCTTCCAGTTCC,NMP
GATAGCTTCCCAATAG,Primitive erythroid cells
GATAGCTTCCCTCAAC,Hindbrain
GATAGCTTCGAGTGAG,Primitive erythroid cells
GATAGCTTCGATCCAA,Primitive erythroid cells
GATAGCTTCGGCTGAC,Primitive erythroid cells
GATAGCTTCTCCCATG,Primitive erythroid cells
GATCACAAGAGTCTTC,Primitive erythroid cells
GATCACAAGATGCGAC,NMP
GATCACAAGCATGCAG,Surface ectoderm
GATCACAAGTACTCGT,Forebrain/midbrain
GATCACACACAAAGTA,Amniotic ectoderm
GATCACACACTACAGT,Hindbrain
GATCACACAGACAAGC,Extraembryonic visceral endoderm
GATCACACAGGGACTA,Hindbrain
GATCACAGTCTGTAGT,Primitive erythroid cells
GATCACAGTTCCGCAG,Primitive erythroid cells
GATCACATCGCGTGAC,Extraembryonic visceral endoderm
GATCACATCGGTATGT,Extraembryonic visceral endoderm
GATCACATCTGGAGAG,Endothelium
GATCAGTAGAGGTTTA,Primitive erythroid cells
GATCAGTAGCAATTCC,Extraembryonic visceral endoderm
GATCAGTAGCATCCTA,Lateral plate and intermediate mesoderm
GATCAGTAGCTTGTTG,Extraembryonic visceral endoderm
GATCAGTAGGTATCTC,Extraembryonic visceral endoderm
GATCAGTAGTCGGGAT,Paraxial mesoderm
GATCAGTCATACAGGG,Primitive erythroid cells
GATCAGTCATCGCTCT,Primitive erythroid cells
GATCAGTCATGCAGCC,Second heart field
GATCAGTGTAGGAAAG,Paraxial mesoderm
GATCAGTGTAGGATAT,Lateral plate and intermediate mesoderm
GATCAGTTCAATGCAC,Extraembryonic visceral endoderm
GATCAGTTCGTGGCTG,Extraembryonic visceral endoderm
GATCAGTTCTTCACGC,Endothelium
GATCATGAGCTGACCC,Forebrain/midbrain
GATCATGAGGACGGAG,Primitive erythroid cells
GATCATGCACTAAACC,Primitive erythroid cells
GATCATGCATGACGAG,Primitive erythroid cells
GATCATGGTGTCGCTG,Gut endoderm
GATCATGTCCGAAGGA,Gut endoderm
GATCATGTCGGTGAAG,Extraembryonic visceral endoderm
GATCCCTAGATGGCAC,Surface ectoderm
GATCCCTAGCTACGTT,Hindbrain
GATCCCTAGTCCCGAC,Primitive erythroid cells
GATCCCTAGTCGAATA,Cranial neural crest
GATCCCTCAAGAGGCT,Forebrain/midbrain
GATCCCTCAAGTCCCG,Endothelium
GATCCCTCACGACGTC,Extraembryonic visceral endoderm
GATCCCTCAGCTGTGC,Extraembryonic visceral endoderm
GATCCCTCATGGATCT,Lateral plate and intermediate mesoderm
GATCCCTGTACCCAGC,Primitive erythroid cells
GATCCCTGTCATCAGT,Primitive erythroid cells
GATCCCTGTCCCGGTA,Amniotic ectoderm
GATCCCTGTGAATTGA,Amniotic ectoderm
GATCCCTGTGGCTGCT,Primitive erythroid cells
GATCCCTGTGTCTCCT,Paraxial mesoderm
GATCCCTGTTCGTAAC,Primitive erythroid cells
GATCCCTTCCAACTGA,Amniotic ectoderm
GATCCCTTCCTAAGTG,Lateral plate and intermediate mesoderm
GATCGTAAGAAACTGT,NMP
GATCGTAAGATACAGT,Hindbrain
GATCGTAAGCTATCCA,Extraembryonic visceral endoderm
GATCGTAAGGTTCCGC,Paraxial mesoderm
GATCGTACAATCAGCT,Surface ectoderm
GATCGTACAGAAGCTG,Lateral plate and intermediate mesoderm
GATCGTACAGAGTTCT,Forebrain/midbrain
GATCGTACATGCAGGA,Forebrain/midbrain
GATCGTAGTAGGACCA,Amniotic ectoderm
GATCGTAGTCACCTTC,Extraembryonic visceral endoderm
GATCGTAGTCAGTCTA,NMP
GATCGTAGTCTATGAC,Primitive erythroid cells
GATCGTAGTGATTAGA,Forebrain/midbrain
GATCGTATCACTGATG,Extraembryonic visceral endoderm
GATCGTATCCTATTTG,Hematoendothelial progenitors
GATCGTATCGGTCTAA,Lateral plate and intermediate mesoderm
GATCGTATCTCCGAAA,Surface ectoderm
GATCGTATCTCGACCT,Forebrain/midbrain
GATGACTAGCTCAGAG,Primitive erythroid cells
GATGACTAGGCAATGC,Hindbrain
GATGACTAGGCTTAAA,Forebrain/midbrain
GATGACTAGGTCCTGC,Cranial neural crest
GATGACTCAACGTTAC,Paraxial mesoderm
GATGACTCATACAGCT,Endothelium
GATGACTCATTCTGTT,Primitive erythroid cells
GATGACTGTAGGACTG,Primitive erythroid cells
GATGACTGTATCACCA,Lateral plate and intermediate mesoderm
GATGACTGTGTTACAC,Extraembryonic visceral endoderm
GATGACTTCAGTGTGT,Primitive erythroid cells
GATGACTTCCACGTGG,Paraxial mesoderm
GATGACTTCCACTGGG,Hindbrain
GATGACTTCCGCACTT,Amniotic ectoderm
GATGACTTCGCGCCAA,NMP
GATGACTTCTCTCTTC,Primitive erythroid cells
GATGAGGAGGGTACGT,Cranial neural crest
GATGAGGAGTCAGCCC,Hindbrain
GATGAGGCACAAACGG,Primitive erythroid cells
GATGAGGCACTGTCGG,Primitive erythroid cells
GATGAGGCATCCCACT,Primitive erythroid cells
GATGAGGGTAATGCTC,Extraembryonic visceral endoderm
GATGAGGGTCCTTTGC,Lateral plate and intermediate mesoderm
GATGAGGGTGTATCCA,Extraembryonic visceral endoderm
GATGAGGTCAGAGTGG,Forebrain/midbrain
GATGAGGTCATCCTGC,Forebrain/midbrain
GATGAGGTCGACCATA,Endothelium
GATGAGGTCTGCGAGC,Paraxial mesoderm
GATGAGGTCTTCTCAA,Extraembryonic visceral endoderm
GATGATCAGCTAGAAT,Extraembryonic visceral endoderm
GATGATCAGTAATCCC,Lateral plate and intermediate mesoderm
GATGATCCACTGCATA,Surface ectoderm
GATGATCCACTTGAAC,Hindbrain
GATGATCCAGCGGATA,Primitive erythroid cells
GATGATCCATGACGGA,Primitive erythroid cells
GATGATCGTAATTAGG,Primitive erythroid cells
GATGATCGTACGGCAA,Paraxial mesoderm
GATGATCGTATGTGTC,Primitive erythroid cells
GATGATCGTGTTTGCA,Primitive erythroid cells
GATGATCGTTACAGCT,Primitive erythroid cells
GATGATCTCAAAGCCT,Forebrain/midbrain
GATGATCTCAGGCGAA,NMP
GATGATCTCAGTCACA,Primitive erythroid cells
GATGATCTCGCCGAAC,Primitive erythroid cells
GATGATCTCGCGAAGA,Forebrain/midbrain
GATGATCTCTACGGGC,Surface ectoderm
GATGCTAAGAAACTAC,Forebrain/midbrain
GATGCTAAGCAGCACA,Primitive erythroid cells
GATGCTAAGTTGGAGC,NMP
GATGCTACAATTGCGT,Hindbrain
GATGCTACACAAAGCG,Extraembryonic visceral endoderm
GATGCTACACTGGATT,Cranial neural crest
GATGCTACAGACGCTC,Hindbrain
GATGCTACATGACGAG,Hindbrain
GATGCTAGTTGTACGT,Placodal area
GATGCTATCCTAGAGT,Extraembryonic visceral endoderm
GATGCTATCCTCACCA,Endothelium
GATGCTATCGGATAAA,Lateral plate and intermediate mesoderm
GATGCTATCTATCACT,Primitive erythroid cells
GATGCTATCTCATGGA,NMP
GATGGAGAGCAACTCT,Hindbrain
GATGGAGAGGTAGACC,Gut endoderm
GATGGAGAGGTAGTCG,Extraembryonic visceral endoderm
GATGGAGAGGTGCCTC,Forebrain/midbrain
GATGGAGCAGGAGGAG,Primitive erythroid cells
GATGGAGCATGTGACT,Forebrain/midbrain
GATGGAGGTAGACGTG,Primitive erythroid cells
GATGGAGTCAGTCAGT,Surface ectoderm
GATGGAGTCTGGGATT,Extraembryonic visceral endoderm
GATGTTGAGACGGAAA,Placodal area
GATGTTGAGAGCCTGA,Lateral plate and intermediate mesoderm
GATGTTGAGAGTACCG,NMP
GATGTTGAGGATCATA,Hindbrain
GATGTTGAGTTTGAGA,Primitive erythroid cells
GATGTTGCAAAGGGCT,Extraembryonic visceral endoderm
GATGTTGCAACTGGTT,Lateral plate and intermediate mesoderm
GATGTTGCACTCTCGT,Primitive erythroid cells
GATGTTGCAGCTGTCG,Lateral plate and intermediate mesoderm
GATGTTGCAGCTTCGG,Forebrain/midbrain
GATGTTGGTAACGATA,Primitive erythroid cells
GATGTTGGTGTGCCTG,Primitive erythroid cells
GATGTTGGTTCTCGTC,Cranial neural crest
GATGTTGTCCGACAGC,Extraembryonic visceral endoderm
GATGTTGTCGAGTCCG,Extraembryonic visceral endoderm
GATGTTGTCGCCTTTG,Surface ectoderm
GATGTTGTCGCTCCTA,Extraembryonic visceral endoderm
GATGTTGTCGTGGAAG,NMP
GATTCGAAGCATTTGC,Primitive erythroid cells
GATTCGAAGGAGAGGC,Lateral plate and intermediate mesoderm
GATTCGAAGGCCACCT,Forebrain/midbrain
GATTCGAAGGGTAGCT,NMP
GATTCGACAAGCGAGT,Primitive erythroid cells
GATTCGACAATTGCTG,Forebrain/midbrain
GATTCGACACAGTGAG,Amniotic ectoderm
GATTCGACACCTAAAC,Primitive erythroid cells
GATTCGACATAGGTTC,Amniotic ectoderm
GATTCGAGTCCACACG,Extraembryonic visceral endoderm
GATTCGAGTCGGAACA,Extraembryonic visceral endoderm
GATTCGAGTCTTTCTA,Placodal area
GATTCGAGTTCCCAAA,Cranial neural crest
GATTCGAGTTCGGTTA,Primitive erythroid cells
GATTCGAGTTTGGAAA,Lateral plate and intermediate mesoderm
GATTCGATCTCCCTAG,Primitive erythroid cells
GATTCTTAGAAATTCG,Extraembryonic visceral endoderm
GATTCTTAGACTCAAA,Allantois
GATTCTTAGCACTCAT,Primitive erythroid cells
GATTCTTAGCAGTAAT,Paraxial mesoderm
GATTCTTAGGAAAGGT,Surface ectoderm
GATTCTTCACCCAATA,Notochord
GATTCTTCACTGGAAG,Hindbrain
GATTCTTCAGAGAAAG,Forebrain/midbrain
GATTCTTCAGTCAGCC,Amniotic ectoderm
GATTCTTTCAACGCTA,Primitive erythroid cells
GATTCTTTCTTCTGGC,Primitive erythroid cells
GATTGGTAGATGTTAG,Primitive erythroid cells
GATTGGTAGCCAAGCA,Primitive erythroid cells
GATTGGTCAACTGTGT,Extraembryonic visceral endoderm
GATTGGTCAAGGTTGG,Lateral plate and intermediate mesoderm
GATTGGTCAAGTACCT,Hindbrain
GATTGGTCACAACGTT,Primitive erythroid cells
GATTGGTCAGAGGACT,Lateral plate and intermediate mesoderm
GATTGGTCATTCCTCG,Forebrain/midbrain
GATTGGTGTGTCATGT,Hindbrain
GATTGGTGTTAAACCC,Endothelium
GATTGGTTCATTCTTG,Primitive erythroid cells
GATTGGTTCCGTCACT,Lateral plate and intermediate mesoderm
GATTGGTTCGCGATCG,Extraembryonic visceral endoderm
GATTTCTAGCATAGGC,Lateral plate and intermediate mesoderm
GATTTCTCAAATGCGG,Primitive erythroid cells
GATTTCTCAATTGCGT,Primitive erythroid cells
GATTTCTCATCCTTGC,Forebrain/midbrain
GATTTCTCATCTTCGC,Extraembryonic visceral endoderm
GATTTCTGTCACTTCC,Primitive erythroid cells
GATTTCTGTCAGATTC,Primitive erythroid cells
GATTTCTGTGTCCAAT,Paraxial mesoderm
GATTTCTGTGTCTAAC,Extraembryonic visceral endoderm
GATTTCTGTTTACTGG,Endothelium
GATTTCTGTTTCCATT,Hindbrain
GATTTCTTCAACACCA,Primitive erythroid cells
GATTTCTTCCGTAGGC,Primitive erythroid cells
GATTTCTTCGCGCCAA,Extraembryonic visceral endoderm
GATTTCTTCTTAGGAC,Gut endoderm
GATTTCTTCTTCCTAA,Primitive erythroid cells
GCAACATCAACAGATA,Amniotic ectoderm
GCAACATCACGGTCTG,Amniotic ectoderm
GCAACATCAGCTTTCC,Gut endoderm
GCAACATCATCCGATA,Surface ectoderm
GCAACATGTAACATGA,Placodal area
GCAACATGTAAGTTAG,Primitive erythroid cells
GCAACATGTAATGTGA,Extraembryonic visceral endoderm
GCAACATGTACTTGTG,Surface ectoderm
GCAACATGTCGCACAC,Lateral plate and intermediate mesoderm
GCAACATGTCGCTGCA,NMP
GCAACATGTGCATACT,First heart field
GCAACATGTTACACAC,Extraembryonic visceral endoderm
GCAACATTCATGAGGG,Extraembryonic visceral endoderm
GCAACATTCCGTTTCG,Lateral plate and intermediate mesoderm
GCAACATTCGATGCTA,Extraembryonic visceral endoderm
GCAACATTCGGTAACT,Primitive erythroid cells
GCAACATTCTCAACCC,Primitive erythroid cells
GCAACCGAGAGAACCC,Primitive erythroid cells
GCAACCGAGATTCGAA,Primitive erythroid cells
GCAACCGAGGTTGAGC,Lateral plate and intermediate mesoderm
GCAACCGCACTGGAAG,Primitive erythroid cells
GCAACCGCATGACTGT,Forebrain/midbrain
GCAACCGGTATTGAGA,Extraembryonic visceral endoderm
GCAACCGGTCAACACT,Primitive erythroid cells
GCAACCGGTCTCACAA,Hindbrain
GCAACCGGTGAGAACC,Allantois
GCAACCGGTGCACGCT,Primitive erythroid cells
GCAACCGGTGGCTCTG,Second heart field
GCAACCGGTTCTCTAT,Primitive erythroid cells
GCAACCGGTTGCATCA,Extraembryonic visceral endoderm
GCAACCGTCAGAGTGG,Primitive erythroid cells
GCAACCGTCCACAAGT,Endothelium
GCAACCGTCCACTAGA,Amniotic ectoderm
GCAACCGTCCCGTTCA,Hindbrain
GCAACCGTCGTTAGAC,Extraembryonic visceral endoderm
GCAACCGTCGTTGTGA,Lateral plate and intermediate mesoderm
GCAACCGTCTTTGCTA,Hindbrain
GCACATAAGCTGGCCT,Endothelium
GCACATAAGGAACGAA,Primitive erythroid cells
GCACATACAGAGGTAC,Hindbrain
GCACATACAGGCCTGT,Cranial neural crest
GCACATACATATGCGT,First heart field
GCACATACATCAGTCA,NMP
GCACATACATCGTCCT,NMP
GCACATAGTGGCATCC,Surface ectoderm
GCACATATCCGTTTCG,Forebrain/midbrain
GCACATATCTCTCAAT,Hindbrain
GCACGGTAGAGAGTGA,Cranial neural crest
GCACGGTAGATCCAAA,Primitive erythroid cells
GCACGGTAGATTCGCT,Forebrain/midbrain
GCACGGTAGGGTCTTT,Lateral plate and intermediate mesoderm
GCACGGTAGTATCCTG,Cranial neural crest
GCACGGTCAGGAGGTT,Lateral plate and intermediate mesoderm
GCACGGTGTACAGAAT,Primitive erythroid cells
GCACGGTGTGAGGAAA,Primitive erythroid cells
GCACGGTGTTAATGAG,Primitive erythroid cells
GCACGGTGTTACCTTT,Surface ectoderm
GCACGGTGTTAGGAGC,Primitive erythroid cells
GCACGGTGTTCGCGTG,Primitive erythroid cells
GCACGGTGTTTCTATC,Primitive erythroid cells
GCACGGTTCCAGCACG,Hindbrain
GCACGGTTCCGTAGTA,Hematoendothelial progenitors
GCACGGTTCGGAGTGA,Forebrain/midbrain
GCACGGTTCTAAGAAG,Hindbrain
GCACGTGAGATCCTAC,Gut endoderm
GCACGTGAGGAACATT,NMP
GCACGTGCAACTTGCA,Primitive erythroid cells
GCACGTGCATGTCTAG,First heart field
GCACGTGGTCTTAGTG,Surface ectoderm
GCACGTGTCAGCCTTC,First heart field
GCACGTGTCGTAGGAG,Gut endoderm
GCACTAAAGACTCAAA,Lateral plate and intermediate mesoderm
GCACTAAAGAGTTGTA,Cranial neural crest
GCACTAAAGCACTTTG,Lateral plate and intermediate mesoderm
GCACTAAAGCGAGTCA,Forebrain/midbrain
GCACTAAAGGTAGCAC,Hindbrain
GCACTAAAGTCCGTCG,Forebrain/midbrain
GCACTAACACCCTATC,Primitive erythroid cells
GCACTAACACTCCGGA,Primitive erythroid cells
GCACTAACATTCGGGC,Primitive erythroid cells
GCACTAAGTAAGTTGA,Allantois
GCACTAAGTATTCCTT,Primitive erythroid cells
GCACTAAGTCAATCTG,Forebrain/midbrain
GCACTAAGTCACCACG,Hindbrain
GCACTAAGTGGACTAG,NMP
GCACTAAGTTGTAAAG,Primitive erythroid cells
GCACTAATCACGGTCG,Endothelium
GCACTAATCCCAGGCA,Forebrain/midbrain
GCACTAATCGTGTGGC,Paraxial mesoderm
GCAGCCAAGAGAACCC,Extraembryonic visceral endoderm
GCAGCCAAGAGTCTGG,Placodal area
GCAGCCAAGATACAGT,NMP
GCAGCCAAGCAGGCTA,Primitive erythroid cells
GCAGCCAAGCGGGTAT,Endothelium
GCAGCCAAGCTACTAC,Extraembryonic visceral endoderm
GCAGCCACAATTAGGA,Surface ectoderm
GCAGCCACACTTGAGT,Extraembryonic visceral endoderm
GCAGCCACAGATTAAG,Hindbrain
GCAGCCAGTAACAGGC,Forebrain/midbrain
GCAGCCAGTCACATTG,Primitive erythroid cells
GCAGCCAGTGAGCCAA,Extraembryonic visceral endoderm
GCAGCCAGTTCGGCGT,Extraembryonic visceral endoderm
GCAGCCATCAACACCA,Lateral plate and intermediate mesoderm
GCAGCCATCATTATCC,Primitive erythroid cells
GCAGCCATCCGTTGGG,Gut endoderm
GCAGCCATCGACTCCT,Lateral plate and intermediate mesoderm
GCAGCCATCGCTATTT,Amniotic ectoderm
GCAGCTGAGCACTCCG,Primitive erythroid cells
GCAGCTGAGGTCCCTG,Forebrain/midbrain
GCAGCTGAGGTTAAAC,Primitive erythroid cells
GCAGCTGCACACCGCA,Hematoendothelial progenitors
GCAGCTGCACCAAAGG,Forebrain/midbrain
GCAGCTGCAGAGATTA,Lateral plate and intermediate mesoderm
GCAGCTGCAGGCACAA,Primitive erythroid cells
GCAGCTGCATAGACTC,Primitive erythroid cells
GCAGCTGGTCCAGCAC,Extraembryonic visceral endoderm
GCAGCTGGTCGATTCA,Primitive erythroid cells
GCAGCTGGTTAATCGC,Surface ectoderm
GCAGCTGTCACTCGAA,Primitive erythroid cells
GCAGCTGTCAGGTAAA,Surface ectoderm
GCAGCTGTCCAAGCTA,Lateral plate and intermediate mesoderm
GCAGGCTAGTGACACG,Paraxial mesoderm
GCAGGCTCACTTGGGC,Hindbrain
GCAGGCTGTAACACGG,Paraxial mesoderm
GCAGGCTTCCGCCTAT,Gut endoderm
GCAGTTAAGCTGCCAC,Hindbrain
GCAGTTAAGGACGCAT,Primitive erythroid cells
GCAGTTACAAGCTGTT,Allantois
GCAGTTACACGCAGTC,NMP
GCAGTTACAGACAAAT,Primitive erythroid cells
GCAGTTACAGACCGCT,Forebrain/midbrain
GCAGTTACATTCCTAT,Extraembryonic visceral endoderm
GCAGTTAGTAGCGTTT,Hematoendothelial progenitors
GCAGTTAGTATACCTG,Paraxial mesoderm
GCAGTTAGTCCAGCGT,Allantois
GCAGTTAGTGAGTCAG,Lateral plate and intermediate mesoderm
GCAGTTAGTGATTCTG,Paraxial mesoderm
GCAGTTAGTTACTCAG,Primitive erythroid cells
GCAGTTATCATTCGGA,Forebrain/midbrain
GCAGTTATCGCCAGTG,Primitive erythroid cells
GCAGTTATCTCGGTAA,Gut endoderm
GCATCGGAGGCCTTGC,Spinal cord
GCATCGGAGGCTGAAC,Forebrain/midbrain
GCATCGGAGTAAGCAT,Allantois
GCATCGGAGTAGGCCA,Amniotic ectoderm
GCATCGGAGTGATTCC,Cranial neural crest
GCATCGGAGTGCTACT,Extraembryonic visceral endoderm
GCATCGGCAAATTGCC,Cranial neural crest
GCATCGGCAAGCGATG,Primitive erythroid cells
GCATCGGCAATGCAAA,Extraembryonic visceral endoderm
GCATCGGCACCTCGTT,Lateral plate and intermediate mesoderm
GCATCGGCAGAGGAAA,Primitive erythroid cells
GCATCGGCATATGCGT,First heart field
GCATCGGCATCATCCC,Forebrain/midbrain
GCATCGGGTAGCTGAG,Lateral plate and intermediate mesoderm
GCATCGGGTATGTCCA,Gut endoderm
GCATCGGGTGCCGAAA,NMP
GCATCGGGTGTCCATA,Extraembryonic visceral endoderm
GCATCGGGTTCGTACA,Extraembryonic visceral endoderm
GCATCGGGTTCTCACC,Gut endoderm
GCATCGGTCGACATAC,Cranial neural crest
GCATCGGTCTCCAAGA,Surface ectoderm
GCATCTCAGTAGCCAG,Lateral plate and intermediate mesoderm
GCATCTCCAAGATTGA,Primitive erythroid cells
GCATCTCCACATTCGA,Primitive erythroid cells
GCATCTCCACTTGGCG,Amniotic ectoderm
GCATCTCGTACGATGG,Placodal area
GCATCTCGTAGCTAAA,Primitive erythroid cells
GCATCTCGTATGTCTG,Hindbrain
GCATCTCTCATTGGTG,NMP
GCATCTCTCGGCCAAC,Gut endoderm
GCATCTCTCGGTCTAA,Extraembryonic visceral endoderm
GCATGATAGTACTGTC,Primitive erythroid cells
GCATGATAGTCTACCA,Primitive erythroid cells
GCATGATAGTTGCTCA,Lateral plate and intermediate mesoderm
GCATGATCACGGATCC,Primitive erythroid cells
GCATGATCACTTCCTG,Endothelium
GCATGATCACTTTATC,Lateral plate and intermediate mesoderm
GCATGATCATACCACA,Primitive erythroid cells
GCATGATCATCCAATG,Surface ectoderm
GCATGATGTGGATTTC,Surface ectoderm
GCATGATGTGTACAGG,Paraxial mesoderm
GCATGATGTTTGTTGG,Primitive erythroid cells
GCATGATTCAAGAATG,Primitive erythroid cells
GCATGATTCACTTTGT,Primitive erythroid cells
GCATGATTCAGCCTTC,Extraembryonic visceral endoderm
GCATGATTCCCTATTA,Primitive erythroid cells
GCATGATTCGAATGCT,Extraembryonic visceral endoderm
GCATGATTCTCGTGGG,Hindbrain
GCATTAGAGAAACCAT,Primitive erythroid cells
GCATTAGAGAGCCGAT,Amniotic ectoderm
GCATTAGAGCCAGAGT,Primitive erythroid cells
GCATTAGAGGCCATAG,Forebrain/midbrain
GCATTAGGTACGAGCA,Primitive erythroid cells
GCATTAGGTTATCTTC,Extraembryonic visceral endoderm
GCATTAGGTTGGATCT,Primitive erythroid cells
GCATTAGTCACTGAAC,Allantois
GCATTAGTCGGTAGAG,Extraembryonic visceral endoderm
GCATTAGTCTCGCAGG,Extraembryonic visceral endoderm
GCCAACGAGCGCCTCA,Lateral plate and intermediate mesoderm
GCCAACGCAAATGATG,Primitive erythroid cells
GCCAACGCACCTGATA,Primitive erythroid cells
GCCAACGCATTAGGCT,Spinal cord
GCCAACGGTCTGGTTA,Primitive erythroid cells
GCCAACGGTGTGTTTG,Lateral plate and intermediate mesoderm
GCCAACGGTTAACAGA,Hematoendothelial progenitors
GCCAACGGTTCGGCGT,Hindbrain
GCCAACGGTTCGTTCC,Primitive erythroid cells
GCCAACGTCACACGAT,Extraembryonic visceral endoderm
GCCAACGTCGGAACTT,Primitive erythroid cells
GCCAACGTCTATACGG,Primitive erythroid cells
GCCAGCAAGGACATCG,Lateral plate and intermediate mesoderm
GCCAGCAAGGCACTAG,Primitive erythroid cells
GCCAGCAAGTACCATC,Primitive erythroid cells
GCCAGCAAGTTTCGGT,Hindbrain
GCCAGCACAAGATGTA,Placodal area
GCCAGCACACGACGAA,Cranial neural crest
GCCAGCACAGCATACT,Extraembryonic visceral endoderm
GCCAGCACAGCGCTTG,Primitive erythroid cells
GCCAGCAGTCGAACGA,Forebrain/midbrain
GCCAGCAGTTAACCTG,Placodal area
GCCAGCATCAAAGGAT,Extraembryonic visceral endoderm
GCCAGCATCAAGCTGT,NMP
GCCAGCATCTTCCTAA,Primitive erythroid cells
GCCAGGTAGCTTTCCC,Surface ectoderm
GCCAGGTAGGTCATCT,Hindbrain
GCCAGGTAGTGATAGT,Forebrain/midbrain
GCCAGGTAGTTCTACG,Primitive erythroid cells
GCCAGGTAGTTGCGAG,Amniotic ectoderm
GCCAGGTCAACCCTCT,Extraembryonic visceral endoderm
GCCAGGTCAACCGACC,Surface ectoderm
GCCAGGTCATATACCG,Primitive erythroid cells
GCCAGGTCATTGGATC,Lateral plate and intermediate mesoderm
GCCAGGTGTAATACCC,NMP
GCCAGGTGTATTGGCT,Primitive erythroid cells
GCCAGGTGTGGTCCCA,Primitive erythroid cells
GCCAGGTTCACTTGTT,Primitive erythroid cells
GCCAGGTTCAGACAAA,Hindbrain
GCCAGGTTCCTTGACC,Amniotic ectoderm
GCCAGGTTCGAGCCTG,Primitive erythroid cells
GCCAGGTTCTACTGCC,Allantois
GCCAGTGAGGCTATCT,Forebrain/midbrain
GCCAGTGAGGGTCACA,NMP
GCCAGTGAGTGTACCT,Surface ectoderm
GCCAGTGCAACACACT,Primitive erythroid cells
GCCAGTGCAAGACGGT,Lateral plate and intermediate mesoderm
GCCAGTGCAATCGAAA,Paraxial mesoderm
GCCAGTGCAGATCACT,Primitive erythroid cells
GCCAGTGCAGTAACAA,Primitive erythroid cells
GCCAGTGCAGTTAAAG,Hindbrain
GCCAGTGCATTCAGGT,Primitive erythroid cells
GCCAGTGGTCGAATGG,Extraembryonic visceral endoderm
GCCAGTGGTGCTCCGA,Hindbrain
GCCAGTGGTGCTTCAA,Allantois
GCCAGTGTCACCCATC,Endothelium
GCCAGTGTCCCAGGAC,Primitive erythroid cells
GCCATGGAGAATAACC,Endothelium
GCCATGGAGCATGAAT,Primitive erythroid cells
GCCATGGAGGCGCTCT,Placodal area
GCCATGGAGGGTGGGA,Surface ectoderm
GCCATGGCAACCCTAA,Hindbrain
GCCATGGCAAGGACAC,Primitive erythroid cells
GCCATGGCAATTGCTG,Extraembryonic visceral endoderm
GCCATGGCACATAACC,Lateral plate and intermediate mesoderm
GCCATGGGTTAAGTCC,Forebrain/midbrain
GCCATGGGTTGCCTAA,Amniotic ectoderm
GCCATGGTCACCTCGT,NMP
GCCATGGTCATCGCCT,Extraembryonic visceral endoderm
GCCATGGTCCTTCTGG,Forebrain/midbrain
GCCATTCAGGTTGTTC,Amniotic ectoderm
GCCATTCAGTACCCTA,Lateral plate and intermediate mesoderm
GCCATTCCAATCACGT,Primitive erythroid cells
GCCATTCCACGCTGAC,Primitive erythroid cells
GCCATTCCACTGATTG,Lateral plate and intermediate mesoderm
GCCATTCCAGGTCAGA,Primitive erythroid cells
GCCATTCCATTGCTTT,Second heart field
GCCATTCGTAGTTCCA,Hindbrain
GCCATTCGTGCAGGAT,Extraembryonic visceral endoderm
GCCATTCGTGCTCTTC,Surface ectoderm
GCCATTCGTGGACCAA,Gut endoderm
GCCATTCGTTGTGGAG,Allantois
GCCATTCTCAAAGACA,NMP
GCCATTCTCATTATCC,Extraembryonic visceral endoderm
GCCATTCTCCATCAGA,Forebrain/midbrain
GCCATTCTCTAATTCC,Primitive erythroid cells
GCCCAGAAGAAGGTAG,Primitive erythroid cells
GCCCAGAAGGATCACG,Extraembryonic visceral endoderm
GCCCAGAAGGCGCTTC,Primitive erythroid cells
GCCCAGAAGGGTATAT,Extraembryonic visceral endoderm
GCCCAGAAGTGGATTA,Allantois
GCCCAGAAGTTAACGA,Gut endoderm
GCCCAGACAAGTGATA,NMP
GCCCAGACACATTCGA,Lateral plate and intermediate mesoderm
GCCCAGACAGGAGGTT,Forebrain/midbrain
GCCCAGACAGGCTATT,Hindbrain
GCCCAGACATCGGCCA,Surface ectoderm
GCCCAGACATGAGGGT,Primitive erythroid cells
GCCCAGAGTCAGCGTC,Primitive erythroid cells
GCCCAGAGTCGGCACT,Lateral plate and intermediate mesoderm
GCCCAGAGTGAGTAAT,Surface ectoderm
GCCCAGAGTTCAAGGG,Amniotic ectoderm
GCCCAGATCAACCGAT,Extraembryonic visceral endoderm
GCCCAGATCCCGAACG,NMP
GCCCAGATCTGCGGCA,Primitive erythroid cells
GCCCGAAAGCCTCTCT,Second heart field
GCCCGAAAGGTCCCTG,Extraembryonic visceral endoderm
GCCCGAAAGTACAGCG,Primitive erythroid cells
GCCCGAACAAAGGATT,Surface ectoderm
GCCCGAAGTAAGATAC,Primitive erythroid cells
GCCCGAAGTAGCTTTG,Extraembryonic visceral endoderm
GCCCGAAGTATGTGTC,Surface ectoderm
GCCCGAAGTGAACTAA,Primitive erythroid cells
GCCCGAAGTGTCGATT,Hindbrain
GCCCGAAGTTACGTAC,Primitive erythroid cells
GCCCGAATCAAACGAA,Forebrain/midbrain
GCCCGAATCAAGATAG,Surface ectoderm
GCCCGAATCACTCACC,Placodal area
GCCCGAATCCTTCAGC,Surface ectoderm
GCCCGAATCCTTTGAT,Gut endoderm
GCCCGAATCTTCCCGA,NMP
GCCGATGAGCTAGAAT,Surface ectoderm
GCCGATGAGGTCGTGA,Primitive erythroid cells
GCCGATGCACGGCCAT,Primitive erythroid cells
GCCGATGCACTCACTC,Second heart field
GCCGATGCAGAAGCTG,Endothelium
GCCGATGCAGGAATCG,Surface ectoderm
GCCGATGCATCGATGT,Primitive erythroid cells
GCCGATGCATCTCAAG,Forebrain/midbrain
GCCGATGCATTGGCAT,Primitive erythroid cells
GCCGATGGTTGCGAAG,NMP
GCCGATGTCCTACCAC,NMP
GCCGATGTCGAACCTA,Extraembryonic visceral endoderm
GCCGATGTCTAAGCCA,Primitive erythroid cells
GCCGTGAAGGACAGTC,Primitive erythroid cells
GCCGTGAAGGCGCTCT,Primitive erythroid cells
GCCGTGAAGTTTGCTG,Forebrain/midbrain
GCCGTGACATGGCCCA,Endothelium
GCCGTGAGTAGGTCAG,Surface ectoderm
GCCGTGAGTTTGTTCT,Extraembryonic visceral endoderm
GCCGTGATCATTGCCC,Surface ectoderm
GCCGTGATCGCTTACC,Primitive erythroid cells
GCCTGTTAGACGAAGA,Hindbrain
GCCTGTTAGCTGTCCG,Surface ectoderm
GCCTGTTAGGCGTCCT,Extraembryonic visceral endoderm
GCCTGTTAGGTATTGA,Lateral plate and intermediate mesoderm
GCCTGTTAGTATGAAC,Primitive erythroid cells
GCCTGTTCAAATCAGA,Hindbrain
GCCTGTTCAAGGGTCA,Hindbrain
GCCTGTTCACTTGACA,Gut endoderm
GCCTGTTCATCCTTGC,Hindbrain
GCCTGTTCATGGAAGC,Hindbrain
GCCTGTTGTACGAGTG,Primitive erythroid cells
GCCTGTTGTATGCGGA,Primitive erythroid cells
GCCTGTTGTGCTCCGA,Endothelium
GCCTGTTTCCGTTGAA,Primitive erythroid cells
GCCTGTTTCGCCAACG,Primitive erythroid cells
GCCTGTTTCGCCATAA,Primitive erythroid cells
GCCTGTTTCGCTAGCG,Lateral plate and intermediate mesoderm
GCCTGTTTCTAACGCA,Forebrain/midbrain
GCCTGTTTCTAGGCCG,Primitive erythroid cells
GCGAGAAAGATGAAGG,Gut endoderm
GCGAGAACACAAGCTT,Amniotic ectoderm
GCGAGAACACAATGTC,Primitive erythroid cells
GCGAGAACACATAACC,Primitive erythroid cells
GCGAGAACACCCTTGT,Gut endoderm
GCGAGAACACTCTCGT,Lateral plate and intermediate mesoderm
GCGAGAACACTTTAGG,Cranial neural crest
GCGAGAACAGCGACAA,NMP
GCGAGAAGTGAGAACC,Hindbrain
GCGAGAAGTGCAACAG,Forebrain/midbrain
GCGAGAAGTTGCCAAT,Lateral plate and intermediate mesoderm
GCGAGAATCAAAGGTA,Extraembryonic visceral endoderm
GCGAGAATCCTCTGCA,Extraembryonic visceral endoderm
GCGAGAATCTCACCCA,Primitive erythroid cells
GCGAGAATCTGCGTCT,Extraembryonic visceral endoderm
GCGATCGAGATAGGGA,Cranial neural crest
GCGATCGAGTAATCCC,Primitive erythroid cells
GCGATCGCAACAGAGC,Extraembryonic visceral endoderm
GCGATCGCATAGGCGA,Placodal area
GCGATCGGTACTCCGG,Cranial neural crest
GCGATCGGTTGGTGTT,Cranial neural crest
GCGATCGTCACCCATC,Gut endoderm
GCGATCGTCATCACCC,Endothelium
GCGGAAAAGAACTTCC,Extraembryonic visceral endoderm
GCGGAAAAGCACGGAT,Amniotic ectoderm
GCGGAAAAGCTATCTG,Primitive erythroid cells
GCGGAAAAGGTTCTTG,Primitive erythroid cells
GCGGAAACAAGTCATC,Primitive erythroid cells
GCGGAAACAGCTACAT,Primitive erythroid cells
GCGGAAACAGCTGTGC,Primitive erythroid cells
GCGGAAAGTCACTCTC,Lateral plate and intermediate mesoderm
GCGGAAAGTCATCGCG,Primitive erythroid cells
GCGGAAAGTGGCTTAT,Primitive erythroid cells
GCGGAAATCACTCTTA,Primitive erythroid cells
GCGGAAATCATTCCTA,Primitive erythroid cells
GCGGAAATCCACTGAA,Forebrain/midbrain
GCGGAAATCCATGCAA,Primitive erythroid cells
GCGGAAATCTACTCAT,Gut endoderm
GCGGAAATCTGTGTGA,Gut endoderm
GCGGATCAGAAGGGAT,Primitive erythroid cells
GCGGATCAGCACACCC,Primitive erythroid cells
GCGGATCAGTAAACGT,Extraembryonic visceral endoderm
GCGGATCCAAACTAAG,Extraembryonic visceral endoderm
GCGGATCCAACAACAA,Primitive erythroid cells
GCGGATCCAACCACGC,Extraembryonic visceral endoderm
GCGGATCCACATGGTT,Primitive erythroid cells
GCGGATCCACCGTACG,Extraembryonic visceral endoderm
GCGGATCCACGCTGAC,Forebrain/midbrain
GCGGATCCAGAACTAA,Extraembryonic visceral endoderm
GCGGATCCATTACTCT,Hindbrain
GCGGATCGTAGTCGGA,Surface ectoderm
GCGGATCGTCCAGGTC,Paraxial mesoderm
GCGGATCGTCTTACAG,Forebrain/midbrain
GCGGATCTCACTCCGT,Extraembryonic visceral endoderm
GCGGATCTCCAGCCTT,Extraembryonic visceral endoderm
GCGGATCTCGAGTGGA,Primitive erythroid cells
GCGGATCTCGTTCTAT,Extraembryonic visceral endoderm
GCGTGCAAGAATTGTG,Lateral plate and intermediate mesoderm
GCGTGCAAGGACAGCT,Primitive erythroid cells
GCGTGCAAGGCTAGCA,Cranial neural crest
GCGTGCACAACAGAGC,Primitive erythroid cells
GCGTGCACAACGGCTC,Amniotic ectoderm
GCGTGCACATGAGATA,Allantois
GCGTGCAGTTGCAACT,Extraembryonic visceral endoderm
GCGTGCATCCTCAGGG,Cranial neural crest
GCGTGCATCTATCACT,Forebrain/midbrain
GCGTTTCAGAGTCTTC,Extraembryonic visceral endoderm
GCGTTTCAGATCACCT,Forebrain/midbrain
GCGTTTCAGCATCAGG,Lateral plate and intermediate mesoderm
GCGTTTCAGTCGAAGC,NMP
GCGTTTCAGTCGTTAC,Endothelium
GCGTTTCCACAGCTTA,Lateral plate and intermediate mesoderm
GCGTTTCCACTACCCT,Extraembryonic visceral endoderm
GCGTTTCGTAACTGCT,Primitive erythroid cells
GCGTTTCGTACAGCGA,Extraembryonic visceral endoderm
GCGTTTCGTGTCTAAC,Amniotic ectoderm
GCGTTTCGTTGCATAC,Primitive erythroid cells
GCGTTTCTCTAGATCG,Gut endoderm
GCTACAAAGGGAACAA,Allantois
GCTACAAAGGTCTTTG,Extraembryonic visceral endoderm
GCTACAAAGTCAGAGC,Paraxial mesoderm
GCTACAACAACGTAAA,Extraembryonic visceral endoderm
GCTACAAGTAGCACAG,Endothelium
GCTACAAGTCATGGCC,Primitive erythroid cells
GCTACAAGTCTCCCTA,Extraembryonic visceral endoderm
GCTACAAGTGTCTCCT,Hindbrain
GCTACAATCAAGTCGT,Paraxial mesoderm
GCTACAATCTGGCCTT,Forebrain/midbrain
GCTACCTAGCACCTGC,Primitive erythroid cells
GCTACCTAGGCTGAAC,Hindbrain
GCTACCTAGGTACAGC,Amniotic ectoderm
GCTACCTAGGTACATA,Primitive erythroid cells
GCTACCTAGGTTTGAA,Lateral plate and intermediate mesoderm
GCTACCTAGTCAGAGC,Primitive erythroid cells
GCTACCTCAGACCATT,Forebrain/midbrain
GCTACCTCAGCACCCA,First heart field
GCTACCTCAGTGTGGA,Primitive erythroid cells
GCTACCTGTACGTAGG,Extraembryonic visceral endoderm
GCTACCTGTGCTGTCG,Amniotic ectoderm
GCTACCTTCCAGTACA,Lateral plate and intermediate mesoderm
GCTACCTTCCTAAGTG,Forebrain/midbrain
GCTACCTTCCTGTTAT,Hindbrain
GCTCAAAAGAAGGATG,Cranial neural crest
GCTCAAAAGCACTGGA,Amniotic ectoderm
GCTCAAAAGTAGGATT,Hindbrain
GCTCAAAAGTTGGCTT,Endothelium
GCTCAAACAACGTAAA,Primitive erythroid cells
GCTCAAACAATAGGGC,Endothelium
GCTCAAACAATGTGGG,Gut endoderm
GCTCAAACACATCCCT,Primitive erythroid cells
GCTCAAACAGAAGCTG,Lateral plate and intermediate mesoderm
GCTCAAACATGGTGGA,Paraxial mesoderm
GCTCAAAGTCACTACA,Extraembryonic visceral endoderm
GCTCAAAGTTCGGGTC,Primitive erythroid cells
GCTCAAATCAAACCTG,Endothelium
GCTCAAATCAAGTCTG,Extraembryonic visceral endoderm
GCTCAAATCCAACTAG,Primitive erythroid cells
GCTCAAATCCCGTTCA,Forebrain/midbrain
GCTCAAATCCGATCTC,Primitive erythroid cells
GCTCAAATCCTACGAA,Primitive erythroid cells
GCTCAAATCGGCTGTG,Amniotic ectoderm
GCTCAAATCTGGCCAG,Extraembryonic visceral endoderm
GCTGAATAGTAAACAC,Hindbrain
GCTGAATAGTACTGTC,Lateral plate and intermediate mesoderm
GCTGAATAGTGTACAA,Primitive erythroid cells
GCTGAATGTACTCGCG,Surface ectoderm
GCTGAATGTAGATTGA,Forebrain/midbrain
GCTGAATGTAGGACCA,Extraembryonic visceral endoderm
GCTGAATGTCCGGTCA,First heart field
GCTGAATGTGTTGATC,Primitive erythroid cells
GCTGAATTCACAAGAA,Allantois
GCTGAATTCACCTCGT,Primitive erythroid cells
GCTGAATTCATCGCAA,Surface ectoderm
GCTGAATTCTATCACT,Primitive erythroid cells
GCTGAATTCTGTACAG,Primitive erythroid cells
GCTGCAGAGAATTGTG,Primitive erythroid cells
GCTGCAGAGAGAGTTT,Placodal area
GCTGCAGAGGTAGGCT,Gut endoderm
GCTGCAGAGTGAGGTC,Primitive erythroid cells
GCTGCAGCAAATCCCA,Primitive erythroid cells
GCTGCAGCAAGCAGGT,Extraembryonic visceral endoderm
GCTGCAGCACGTATAC,Allantois
GCTGCAGCATATCTCT,Extraembryonic visceral endoderm
GCTGCAGGTCAGGAGT,Endothelium
GCTGCAGGTCCACTCT,Notochord
GCTGCAGGTGATATAG,Extraembryonic visceral endoderm
GCTGCAGGTGCTCCGA,Forebrain/midbrain
GCTGCAGGTGGCGCTT,Primitive erythroid cells
GCTGCAGGTTAGGCCC,Gut endoderm
GCTGCAGGTTCCGCGA,Surface ectoderm
GCTGCAGGTTGCTCCT,Extraembryonic visceral endoderm
GCTGCAGTCGAACCTA,Lateral plate and intermediate mesoderm
GCTGCAGTCGGATACT,Primitive erythroid cells
GCTGCAGTCGTAGTGT,Lateral plate and intermediate mesoderm
GCTGGGTAGCCGAACA,Extraembryonic visceral endoderm
GCTGGGTAGGCACTCC,Cranial neural crest
GCTGGGTAGGCTCAAG,Lateral plate and intermediate mesoderm
GCTGGGTAGTAACGTA,Extraembryonic visceral endoderm
GCTGGGTCAAACTCGT,Lateral plate and intermediate mesoderm
GCTGGGTCACCGCTAG,Lateral plate and intermediate mesoderm
GCTGGGTCACGAGAAC,Surface ectoderm
GCTGGGTCACTAGTAC,Gut endoderm
GCTGGGTCACTCCGAG,Primitive erythroid cells
GCTGGGTCAGGTGTGA,Primitive erythroid cells
GCTGGGTTCTGACCCT,Hindbrain
GCTTCACAGAATTGCA,Primitive erythroid cells
GCTTCACAGCACTCGC,Endothelium
GCTTCACAGCATGCAG,Extraembryonic visceral endoderm
GCTTCACAGCCAACCC,Surface ectoderm
GCTTCACAGTCGCCAC,Cranial neural crest
GCTTCACAGTGACACG,Forebrain/midbrain
GCTTCACAGTTGCTCA,Extraembryonic visceral endoderm
GCTTCACCAAATGGCG,NMP
GCTTCACCAGGCCCTA,Primitive erythroid cells
GCTTCACGTTGATCGT,Extraembryonic visceral endoderm
GCTTCACTCCTCTCGA,Forebrain/midbrain
GCTTCACTCTCCTGAC,Forebrain/midbrain
GCTTCACTCTTCGGAA,Extraembryonic visceral endoderm
GCTTGGGAGCTTTGTG,Allantois
GCTTGGGAGGCTCCCA,NMP
GCTTGGGAGGTCGAGT,Hindbrain
GCTTGGGAGTGAGGTC,First heart field
GCTTGGGCAAAGGGTC,Forebrain/midbrain
GCTTGGGCAATCAGCT,Primitive erythroid cells
GCTTGGGCAGTCCCGA,Extraembryonic visceral endoderm
GCTTGGGCATAGATCC,Primitive erythroid cells
GCTTGGGCATAGTCGT,Forebrain/midbrain
GCTTGGGCATGTGACT,Forebrain/midbrain
GCTTGGGGTACCTATG,Lateral plate and intermediate mesoderm
GCTTGGGGTCGTTCAA,Primordial germ cells
GCTTGGGTCCCATTCG,Primitive erythroid cells
GCTTGGGTCTCGCCTA,Paraxial mesoderm
GCTTTCGAGAAATTGC,Extraembryonic visceral endoderm
GCTTTCGAGACGCAGT,Lateral plate and intermediate mesoderm
GCTTTCGAGCGATGGT,Extraembryonic visceral endoderm
GCTTTCGAGGCGCTTC,Extraembryonic visceral endoderm
GCTTTCGAGTGCACTT,Hindbrain
GCTTTCGCAACGATCT,Extraembryonic visceral endoderm
GCTTTCGCAACTGCTA,Primitive erythroid cells
GCTTTCGCACCTCGTT,Forebrain/midbrain
GCTTTCGCAGACATCT,Endothelium
GCTTTCGCAGCAGACA,Surface ectoderm
GCTTTCGCAGCTACCG,Primitive erythroid cells
GCTTTCGCATATCTCT,Surface ectoderm
GCTTTCGCATCTGCGG,Second heart field
GCTTTCGGTGGTTTAC,Cranial neural crest
GCTTTCGGTTATAGCC,Extraembryonic visceral endoderm
GCTTTCGGTTGCTGAT,Primitive erythroid cells
GCTTTCGGTTGTGCAT,Gut endoderm
GCTTTCGGTTTGTTGG,Cranial neural crest
GCTTTCGTCAGCCTCT,Allantois
GCTTTCGTCGGCCAAC,Allantois
GCTTTCGTCTTGGAAC,Amniotic ectoderm
GGAACCCAGAGGACTC,Extraembryonic visceral endoderm
GGAACCCAGCCTCTCT,Primitive erythroid cells
GGAACCCAGCTGTTAC,Endothelium
GGAACCCAGGATACAT,Primitive erythroid cells
GGAACCCAGGTTTACC,Primitive erythroid cells
GGAACCCAGTAAAGCT,Primitive erythroid cells
GGAACCCCAACTCCAA,Extraembryonic visceral endoderm
GGAACCCCAAGAGCTG,Extraembryonic visceral endoderm
GGAACCCCAATAGGAT,Allantois
GGAACCCCACACACTA,Hindbrain
GGAACCCCAGAGGTAC,Primitive erythroid cells
GGAACCCCAGTCAGTT,Amniotic ectoderm
GGAACCCCATCCAACA,Cranial neural crest
GGAACCCCATGAATAG,Notochord
GGAACCCGTAGATCCT,Forebrain/midbrain
GGAACCCGTATGCAAA,NMP
GGAACCCGTCGAACGA,Primitive erythroid cells
GGAACCCGTCGGTAAG,Extraembryonic visceral endoderm
GGAACCCGTCTCAAGT,Hindbrain
GGAACCCGTCTGCATA,Second heart field
GGAACCCGTCTGTAGT,NMP
GGAACCCGTGGAGAAA,Hindbrain
GGAACCCGTTATTCCT,Primitive erythroid cells
GGAACCCTCACGGGAA,Placodal area
GGAACCCTCTCAGTCC,First heart field
GGAAGTGAGACTTAAG,Primitive erythroid cells
GGAAGTGAGCGCCATC,Allantois
GGAAGTGAGTTACGAA,Primitive erythroid cells
GGAAGTGCACCCATAA,Surface ectoderm
GGAAGTGCATAGAAAC,Primitive erythroid cells
GGAAGTGGTAGGCAAC,Gut endoderm
GGAAGTGGTCTACACA,Primordial germ cells
GGAAGTGGTCTGCATA,Extraembryonic visceral endoderm
GGAAGTGGTGCCCAGT,Extraembryonic visceral endoderm
GGAAGTGGTTGTCCCT,Gut endoderm
GGAAGTGTCTCGAACA,NMP
GGAAGTGTCTCTCGAC,Extraembryonic visceral endoderm
GGAATCTAGCAACTTC,Primitive erythroid cells
GGAATCTAGCATCGAG,Primitive erythroid cells
GGAATCTAGCGCCCAT,Forebrain/midbrain
GGAATCTAGGCGCTTC,Hindbrain
GGAATCTCACAGCTGC,Extraembryonic visceral endoderm
GGAATCTCACTTCAGA,Lateral plate and intermediate mesoderm
GGAATCTCATCGCCTT,Primitive erythroid cells
GGAATCTCATTCGGGC,Surface ectoderm
GGAATCTCATTGCCGG,Surface ectoderm
GGAATCTGTAACATGA,Primitive erythroid cells
GGAATCTGTGTATACC,Forebrain/midbrain
GGAATCTGTGTCCTAA,Endothelium
GGAATCTGTGTCTTAG,NMP
GGAATCTGTTAATCGC,Extraembryonic visceral endoderm
GGAATGGAGAAATTCG,Primitive erythroid cells
GGAATGGAGACAACAT,Primitive erythroid cells
GGAATGGAGGTAGCCA,Lateral plate and intermediate mesoderm
GGAATGGAGGTGGCTA,Amniotic ectoderm
GGAATGGAGGTTGGTG,Primitive erythroid cells
GGAATGGCAACTGTGT,Lateral plate and intermediate mesoderm
GGAATGGCAACTTGGT,Paraxial mesoderm
GGAATGGCACTTGACA,Endothelium
GGAATGGCAGCTGGTC,Amniotic ectoderm
GGAATGGCATGTGCTA,Forebrain/midbrain
GGAATGGCATTGTACG,Primitive erythroid cells
GGAATGGGTAGATTGA,Extraembryonic visceral endoderm
GGAATGGGTTGTTGCA,Lateral plate and intermediate mesoderm
GGAATGGTCCCAATAG,NMP
GGAATGGTCCGAGCTG,Extraembryonic visceral endoderm
GGAATGGTCGAGAAGC,Paraxial mesoderm
GGAATGGTCGAGAATA,Placodal area
GGACGTCAGACTTGTC,Gut endoderm
GGACGTCAGGATGAGA,Primitive erythroid cells
GGACGTCCACAAGGTG,Primitive erythroid cells
GGACGTCCACTTGAAC,Primitive erythroid cells
GGACGTCCAGAAGTTA,Gut endoderm
GGACGTCCATGTTCGA,Extraembryonic visceral endoderm
GGACGTCCATTGAAGA,Cranial neural crest
GGACGTCGTCGTGGAA,Surface ectoderm
GGACGTCGTGCATTAC,Primitive erythroid cells
GGACGTCGTGCTGCAC,Surface ectoderm
GGACGTCTCATGGATC,Hindbrain
GGACGTCTCATGTCTT,Primitive erythroid cells
GGACGTCTCCCATACC,Paraxial mesoderm
GGACGTCTCCCTTGTG,Primitive erythroid cells
GGACGTCTCCTACCGT,Hindbrain
GGACGTCTCCTTATAC,Extraembryonic visceral endoderm
GGACGTCTCGGTGTAT,Lateral plate and intermediate mesoderm
GGACGTCTCTCTAGGA,Hindbrain
GGAGAACAGGAACGCT,Hindbrain
GGAGAACAGGTCCCTG,Amniotic ectoderm
GGAGAACAGTAACGAT,Primitive erythroid cells
GGAGAACCAACCCTCT,Paraxial mesoderm
GGAGAACCACCGTGGT,Primitive erythroid cells
GGAGAACCACGCTGTG,Extraembryonic visceral endoderm
GGAGAACCAGGCGATA,Primitive erythroid cells
GGAGAACGTCACTGAT,Lateral plate and intermediate mesoderm
GGAGAACGTCTACTGA,Forebrain/midbrain
GGAGAACGTGGACTGA,Surface ectoderm
GGAGAACTCGACCATA,First heart field
GGAGAACTCTACAGGT,Extraembryonic visceral endoderm
GGAGATGAGACCATAA,Lateral plate and intermediate mesoderm
GGAGATGAGTGAGGTC,Lateral plate and intermediate mesoderm
GGAGATGCACTTGACA,Extraembryonic visceral endoderm
GGAGATGCAGATCATC,Primitive erythroid cells
GGAGATGGTACCGGAA,Amniotic ectoderm
GGAGATGGTAGGTAGC,Extraembryonic visceral endoderm
GGAGATGGTCACCGCA,Primitive erythroid cells
GGAGATGGTCCAGCCA,Gut endoderm
GGAGATGGTCGAAGCA,Primitive erythroid cells
GGAGATGGTGATCGTT,Hindbrain
GGAGATGGTGTCATTG,Primitive erythroid cells
GGAGATGTCCACTTCG,Forebrain/midbrain
GGAGATGTCGTGTGAT,Forebrain/midbrain
GGAGATGTCTTCTTCC,Allantois
GGAGATGTCTTTCCGG,NMP
GGAGCAAAGAATCGTA,NMP
GGAGCAAAGACCTTTG,Primitive erythroid cells
GGAGCAAAGATGTTAG,Primitive erythroid cells
GGAGCAAAGGCAGTCA,Lateral plate and intermediate mesoderm
GGAGCAAAGGCGTCCT,Paraxial mesoderm
GGAGCAACAACGATTC,NMP
GGAGCAACAATTGAGA,Surface ectoderm
GGAGCAACACCGCTGA,Lateral plate and intermediate mesoderm
GGAGCAACAGTCTGGC,Lateral plate and intermediate mesoderm
GGAGCAACATTGACTG,Lateral plate and intermediate mesoderm
GGAGCAAGTGGCTGCT,Gut endoderm
GGAGCAATCCTTCTTC,Extraembryonic visceral endoderm
GGAGCAATCGCTTGCT,Primitive erythroid cells
GGAGCAATCGGACCAC,Primitive erythroid cells
GGAGCAATCGGTTCAA,Extraembryonic visceral endoderm
GGAGCAATCTAGTCAG,Primitive erythroid cells
GGAGCAATCTCATTTG,Hindbrain
GGAGCAATCTCTCCGA,Hindbrain
GGAGGATAGATGATTG,Primitive erythroid cells
GGAGGATAGGACAGTC,Lateral plate and intermediate mesoderm
GGAGGATAGTAATTGG,Lateral plate and intermediate mesoderm
GGAGGATCAATACCTG,Lateral plate and intermediate mesoderm
GGAGGATCAATCAGCT,Hematoendothelial progenitors
GGAGGATCAGAGGAAA,Hindbrain
GGAGGATCATGTGCCG,Primitive erythroid cells
GGAGGATCATTCAGGT,Primitive erythroid cells
GGAGGATGTAACACCT,Hindbrain
GGAGGATGTCATATGC,Extraembryonic visceral endoderm
GGAGGATGTGTCCGTG,Primitive erythroid cells
GGAGGATGTTAAGTCC,Primitive erythroid cells
GGAGGATGTTGCAACT,Endothelium
GGAGGATTCAAACTGC,NMP
GGAGGATTCAAGTCGT,Forebrain/midbrain
GGAGGATTCGAGTACT,NMP
GGAGGATTCGATGCTA,Surface ectoderm
GGAGGATTCGCGTGCA,Extraembryonic visceral endoderm
GGAGGATTCTAGACCA,Primitive erythroid cells
GGAGGTAAGACCAGAC,Primitive erythroid cells
GGAGGTAAGTTTGCTG,NMP
GGAGGTACACTTACAG,Paraxial mesoderm
GGAGGTACATCTAGAC,Gut endoderm
GGAGGTAGTAGACTGG,Surface ectoderm
GGAGGTAGTAGCTGTT,Primitive erythroid cells
GGAGGTAGTATCGCTA,Surface ectoderm
GGAGGTAGTCAGCGTC,Amniotic ectoderm
GGAGGTAGTGAGGCAT,Surface ectoderm
GGAGGTAGTTCCCAAA,Primitive erythroid cells
GGAGGTATCAATCTCT,Primitive erythroid cells
GGAGGTATCCTTGAAG,Placodal area
GGAGGTATCCTTGGAA,Cranial neural crest
GGAGGTATCGTAACAC,Primitive erythroid cells
GGATCTAAGAATTCAG,Primitive erythroid cells
GGATCTAAGCTGAAGC,Extraembryonic visceral endoderm
GGATCTAAGGTCATCT,Extraembryonic visceral endoderm
GGATCTACAATCCAGT,Extraembryonic visceral endoderm
GGATCTACACCTCAGG,Primitive erythroid cells
GGATCTACATCGCTCT,Extraembryonic visceral endoderm
GGATCTACATCTCAAG,NMP
GGATCTAGTCTCGGAC,Forebrain/midbrain
GGATCTAGTGCCCTTT,Surface ectoderm
GGATCTAGTTGGCTAT,Primitive erythroid cells
GGATCTATCCGATGCG,Primitive erythroid cells
GGATCTATCGGCTATA,Lateral plate and intermediate mesoderm
GGATCTATCTGCACCT,NMP
GGATGTTAGATACTGA,Primitive erythroid cells
GGATGTTAGCCACAAG,Hindbrain
GGATGTTAGCTGACTT,Cranial neural crest
GGATGTTCAAACACCT,Paraxial mesoderm
GGATGTTCAAGAGGTC,Hindbrain
GGATGTTCACACAGCC,Hindbrain
GGATGTTCACTTACAG,Primitive erythroid cells
GGATGTTCAGATCACT,Extraembryonic visceral endoderm
GGATGTTCAGCTCATA,Extraembryonic visceral endoderm
GGATGTTCATCGGCCA,Forebrain/midbrain
GGATGTTGTAAGATCA,Primitive erythroid cells
GGATGTTTCTGGGTCG,Primitive erythroid cells
GGCACGTAGAGAGCGG,Forebrain/midbrain
GGCACGTAGATTTGCC,NMP
GGCACGTCAGACACAG,First heart field
GGCACGTGTCTTAGTG,First heart field
GGCACGTGTGTCGCTG,Gut endoderm
GGCACGTGTGTTCGAT,Hematoendothelial progenitors
GGCACGTGTTTCGATG,Extraembryonic visceral endoderm
GGCACGTTCATTTACC,Primitive erythroid cells
GGCACGTTCCAGTGTA,Extraembryonic visceral endoderm
GGCACGTTCTCACGAA,Primitive erythroid cells
GGCAGTCAGCACTAGG,Forebrain/midbrain
GGCAGTCAGCTCACTA,First heart field
GGCAGTCAGGCACTAG,Surface ectoderm
GGCAGTCAGTAGGCCA,Cranial neural crest
GGCAGTCAGTGTTGTC,Lateral plate and intermediate mesoderm
GGCAGTCCAGTCGGAA,Hindbrain
GGCAGTCCATCCTCAC,NMP
GGCAGTCGTCCTCAGG,Gut endoderm
GGCAGTCGTTGTTGAC,Lateral plate and intermediate mesoderm
GGCAGTCGTTTCGGCG,Extraembryonic visceral endoderm
GGCAGTCTCACTGCTC,Primitive erythroid cells
GGCAGTCTCAGCCTTC,Extraembryonic visceral endoderm
GGCAGTCTCCGACGGT,Lateral plate and intermediate mesoderm
GGCAGTCTCGAACCTA,Lateral plate and intermediate mesoderm
GGCAGTCTCGACGTCG,Placodal area
GGCAGTCTCTCCGTGT,Extraembryonic visceral endoderm
GGCGTCAAGACAGCTG,Forebrain/midbrain
GGCGTCACACCCAACG,Cranial neural crest
GGCGTCACACTGTGTA,Primitive erythroid cells
GGCGTCACAGGAGACT,Primitive erythroid cells
GGCGTCACAGTAGAAT,Primitive erythroid cells
GGCGTCAGTCACCCTT,Primitive erythroid cells
GGCGTCAGTCGTCGGT,Lateral plate and intermediate mesoderm
GGCGTCAGTCTTTCAT,Extraembryonic visceral endoderm
GGCGTCAGTTCTCCAC,Hindbrain
GGCGTCATCATACAGC,Surface ectoderm
GGCGTCATCCCTCTTT,Extraembryonic visceral endoderm
GGCGTCATCGAATCCA,Primordial germ cells
GGCGTCATCGGAACTT,Extraembryonic visceral endoderm
GGCGTCATCGGTAGAG,Paraxial mesoderm
GGCGTCATCTGCTTTA,Extraembryonic visceral endoderm
GGCTGTGAGATTGAGT,Surface ectoderm
GGCTGTGAGGATATAC,Gut endoderm
GGCTGTGAGGTACAAT,NMP
GGCTGTGAGGTGATAT,Extraembryonic visceral endoderm
GGCTGTGAGTCATGGG,Hindbrain
GGCTGTGCAAGCACAG,Primitive erythroid cells
GGCTGTGCAGCGTACC,Extraembryonic visceral endoderm
GGCTGTGCATATGAAG,Primitive erythroid cells
GGCTGTGGTGGACTAG,Primitive erythroid cells
GGCTGTGTCGCTGACG,NMP
GGCTGTGTCTAGCCAA,Lateral plate and intermediate mesoderm
GGCTTGGAGACGACTG,Surface ectoderm
GGCTTGGAGACTCTAC,Gut endoderm
GGCTTGGAGCGCACAA,Extraembryonic visceral endoderm
GGCTTGGAGCTCACTA,Forebrain/midbrain
GGCTTGGAGGATCATA,NMP
GGCTTGGAGTAACCGG,Allantois
GGCTTGGGTAATTGGA,Extraembryonic visceral endoderm
GGCTTGGGTAGAGCTG,Extraembryonic visceral endoderm
GGCTTGGGTAGGTTTC,Extraembryonic visceral endoderm
GGCTTGGGTCAAACGG,Extraembryonic visceral endoderm
GGCTTGGGTCCTGTCT,Forebrain/midbrain
GGCTTGGTCATCGCTC,First heart field
GGCTTGGTCCCATAGA,Endothelium
GGCTTGGTCGGTAACT,Lateral plate and intermediate mesoderm
GGCTTGGTCTCGTGAA,Allantois
GGCTTTCAGATTGGGC,Paraxial mesoderm
GGCTTTCAGCGACTTT,Primitive erythroid cells
GGCTTTCAGGTTCACT,Cranial neural crest
GGCTTTCCAAGCCCAC,Endothelium
GGCTTTCCAGTTAAAG,Primitive erythroid cells
GGCTTTCGTACAAGCG,Surface ectoderm
GGCTTTCGTACTCCCT,Cranial neural crest
GGCTTTCGTGACGTCC,Extraembryonic visceral endoderm
GGCTTTCGTTAGGGTG,Extraembryonic visceral endoderm
GGCTTTCTCCATTTGT,Lateral plate and intermediate mesoderm
GGCTTTCTCGAAGCAG,Primitive erythroid cells
GGCTTTCTCTCGTCAC,Extraembryonic visceral endoderm
GGCTTTCTCTTTGCGC,Primitive erythroid cells
GGGAAGTAGGACTGGT,Primitive erythroid cells
GGGAAGTAGGTTGAGC,Extraembryonic visceral endoderm
GGGAAGTAGTACTGGG,Extraembryonic visceral endoderm
GGGAAGTAGTCATCCA,Allantois
GGGAAGTAGTCTTGGT,Gut endoderm
GGGAAGTCACACGGAA,Primitive erythroid cells
GGGAAGTGTATGGTTC,Forebrain/midbrain
GGGAAGTGTCCACTCT,Endothelium
GGGAAGTGTCTCAAGT,Primitive erythroid cells
GGGAAGTGTGAGTCAG,Lateral plate and intermediate mesoderm
GGGAAGTGTGTCATGT,Primitive erythroid cells
GGGAAGTTCAGAGCGA,Extraembryonic visceral endoderm
GGGAAGTTCATAGGCT,Forebrain/midbrain
GGGAAGTTCGAGCACC,Forebrain/midbrain
GGGAAGTTCGCTGTCT,Primitive erythroid cells
GGGACAAAGAGGGCGA,Primitive erythroid cells
GGGACAAAGTGATCGG,Primitive erythroid cells
GGGACAAAGTGCTCGC,Lateral plate and intermediate mesoderm
GGGACAACAGAAGTTA,Hindbrain
GGGACAACATCGTGCG,First heart field
GGGACAAGTATTCCTT,Primitive erythroid cells
GGGACAAGTCGAAACG,Hindbrain
GGGACAAGTGAGGATC,Surface ectoderm
GGGACAAGTGTAACGG,Hindbrain
GGGACAAGTGTATACC,Lateral plate and intermediate mesoderm
GGGACAAGTGTTCCTC,Endothelium
GGGACAAGTTGAGAGC,Gut endoderm
GGGACAATCCACCTGT,Endothelium
GGGACAATCTGCGTCT,Lateral plate and intermediate mesoderm
GGGACAATCTTCCTAA,Primitive erythroid cells
GGGACCTAGAGTCAGC,Endothelium
GGGACCTAGCAATAGT,Allantois
GGGACCTAGCGTCTCG,Extraembryonic visceral endoderm
GGGACCTAGCTGACTT,Lateral plate and intermediate mesoderm
GGGACCTCACGATTCA,NMP
GGGACCTCAGCTTTCC,Hematoendothelial progenitors
GGGACCTGTAGGTACG,Forebrain/midbrain
GGGACCTGTGTAAATG,Hindbrain
GGGACCTGTTGCCAAT,Extraembryonic visceral endoderm
GGGACCTTCAACACGT,Primitive erythroid cells
GGGACCTTCAACCTTT,Lateral plate and intermediate mesoderm
GGGACCTTCCCATACC,Primitive erythroid cells
GGGACTCAGCAGGGAG,Endothelium
GGGACTCAGCTCGCAC,Extraembryonic visceral endoderm
GGGACTCAGGAACATT,Primitive erythroid cells
GGGACTCAGTGGCCTC,Hindbrain
GGGACTCCAAATGAAC,Extraembryonic visceral endoderm
GGGACTCCATTGTCGA,Paraxial mesoderm
GGGACTCGTAGCGCCT,Primitive erythroid cells
GGGACTCGTAGCGTCC,Primitive erythroid cells
GGGACTCGTCCAGCCA,Primitive erythroid cells
GGGACTCGTCCTACGG,Hindbrain
GGGACTCGTGTAACGG,Surface ectoderm
GGGACTCGTTGCACGC,Extraembryonic visceral endoderm
GGGACTCTCAAACGAA,Endothelium
GGGACTCTCCAATCCC,Amniotic ectoderm
GGGACTCTCCGTGACG,Primitive erythroid cells
GGGACTCTCGACGATT,Gut endoderm
GGGACTCTCTCTTGCG,Primitive erythroid cells
GGGAGATAGAACTCCT,First heart field
GGGAGATAGAATCTAG,Extraembryonic visceral endoderm
GGGAGATAGCACGTCC,Primitive erythroid cells
GGGAGATAGGCTTTCA,First heart field
GGGAGATAGTCATCGT,Forebrain/midbrain
GGGAGATCAAAGGCAC,Extraembryonic visceral endoderm
GGGAGATCACACCGCA,Gut endoderm
GGGAGATCACAGCTGC,Primitive erythroid cells
GGGAGATCATGAAGCG,Allantois
GGGAGATCATTGTAGC,Surface ectoderm
GGGAGATGTAGCGCCT,Forebrain/midbrain
GGGAGATGTATCATGC,Endothelium
GGGAGATGTATGAAAC,Primitive erythroid cells
GGGAGATGTGAAGCTG,Forebrain/midbrain
GGGAGATGTGCCCAGT,Surface ectoderm
GGGAGATGTGCCCTTT,Extraembryonic visceral endoderm
GGGAGATGTTACGCCG,Hematoendothelial progenitors
GGGAGATGTTCCGTTC,Extraembryonic visceral endoderm
GGGAGATGTTCTCCTG,Extraembryonic visceral endoderm
GGGAGATTCACCTCGT,Extraembryonic visceral endoderm
GGGAGATTCAGCAATC,Lateral plate and intermediate mesoderm
GGGAGATTCCACTGGG,NMP
GGGAGATTCCTGTTGC,Surface ectoderm
GGGAGATTCTCTCGAC,Extraembryonic visceral endoderm
GGGAGATTCTTGATTC,Amniotic ectoderm
GGGAGTAAGAAAGTCT,Extraembryonic visceral endoderm
GGGAGTAAGATCGCCC,Primitive erythroid cells
GGGAGTAAGCCTGAAG,Endothelium
GGGAGTACATAAGATG,Primitive erythroid cells
GGGAGTAGTACAGAGC,Hindbrain
GGGAGTAGTCCAAGAG,Primitive erythroid cells
GGGAGTAGTGAACTAA,Surface ectoderm
GGGAGTATCAAGTGGG,Primitive erythroid cells
GGGAGTATCCACCTGT,Surface ectoderm
GGGAGTATCGTAACCA,Primitive erythroid cells
GGGAGTATCTAGCCAA,Forebrain/midbrain
GGGATCCAGAAACCCG,Endothelium
GGGATCCAGAAGCCAC,Cranial neural crest
GGGATCCAGACGTCGA,Cranial neural crest
GGGATCCCACGGTGAA,Lateral plate and intermediate mesoderm
GGGATCCCAGGCGAAT,Surface ectoderm
GGGATCCCAGTCTTCC,Primitive erythroid cells
GGGATCCCATGTTACG,Forebrain/midbrain
GGGATCCGTATGGTTC,Surface ectoderm
GGGATCCGTCGAGCAA,Allantois
GGGATCCGTGCGGCTT,Surface ectoderm
GGGATCCGTGCGTGCT,NMP
GGGATCCGTGGTCCGT,Forebrain/midbrain
GGGATCCTCCGCTTAC,Gut endoderm
GGGATCCTCGTGACTA,Lateral plate and intermediate mesoderm
GGGATCCTCTCATTGT,Primitive erythroid cells
GGGATCCTCTTCGTGC,Endothelium
GGGATGAAGAATTCAG,Primitive erythroid cells
GGGATGACAAGCGATG,Surface ectoderm
GGGATGACAGGTAGTG,Paraxial mesoderm
GGGATGAGTTCTCCTG,Primitive erythroid cells
GGGATGAGTTGCATTG,Extraembryonic visceral endoderm
GGGATGATCCATCCGT,Paraxial mesoderm
GGGATGATCGAACCAT,Forebrain/midbrain
GGGATGATCGCTTGCT,Primitive erythroid cells
GGGATGATCTCGCGTT,Primitive erythroid cells
GGGATGATCTCTAGGA,Lateral plate and intermediate mesoderm
GGGATGATCTTAGCCC,Extraembryonic visceral endoderm
GGGCCATAGATTTGCC,Primitive erythroid cells
GGGCCATAGGTTCATC,Primitive erythroid cells
GGGCCATAGTTCATGC,Paraxial mesoderm
GGGCCATCAGCCTATA,Extraembryonic visceral endoderm
GGGCCATGTAGATCGG,Spinal cord
GGGCCATGTCCTTGTC,Hindbrain
GGGCCATGTCGACTTA,Primitive erythroid cells
GGGCCATGTGAGACGT,NMP
GGGCCATGTTAAGAAC,NMP
GGGCCATGTTATGTCG,Primitive erythroid cells
GGGCCATGTTTGCCGG,Primitive erythroid cells
GGGCCATTCCACCTGT,Hindbrain
GGGCCATTCGTAACTG,Endothelium
GGGCCATTCGTGGCTG,Hindbrain
GGGCCATTCTCCCAAC,Paraxial mesoderm
GGGCCATTCTGCTAGA,Primitive erythroid cells
GGGCCATTCTTACACT,Lateral plate and intermediate mesoderm
GGGCCATTCTTACCAT,Primitive erythroid cells
GGGCCATTCTTCGACC,Extraembryonic visceral endoderm
GGGCGTTAGACCAAGC,Forebrain/midbrain
GGGCGTTAGATGATTG,Extraembryonic visceral endoderm
GGGCGTTAGCTGTTAC,Lateral plate and intermediate mesoderm
GGGCGTTAGGATACCG,Cranial neural crest
GGGCGTTAGGGTTTCT,Forebrain/midbrain
GGGCGTTAGTGCAAAT,Hindbrain
GGGCGTTAGTTCAACC,Primitive erythroid cells
GGGCGTTCAGCCCAGT,Hindbrain
GGGCGTTGTGCAACGA,Primitive erythroid cells
GGGCGTTTCCGCGGAT,Surface ectoderm
GGGCGTTTCGCTTGAA,Forebrain/midbrain
GGGCGTTTCTGTCCCA,Extraembryonic visceral endoderm
GGGCTACAGCCAGTAG,Primitive erythroid cells
GGGCTACAGCCATTTG,Extraembryonic visceral endoderm
GGGCTACAGCTGACTT,Forebrain/midbrain
GGGCTACAGGAAGTCC,Forebrain/midbrain
GGGCTACAGGCGAACT,Gut endoderm
GGGCTACAGGCTAGCA,Primitive erythroid cells
GGGCTACCACAAATAG,Gut endoderm
GGGCTACCATTCCTAT,Surface ectoderm
GGGCTACGTGGACCTC,Primitive erythroid cells
GGGCTACGTGGTCCCA,Paraxial mesoderm
GGGCTACGTTCTTAGG,Surface ectoderm
GGGCTACTCCCACAGG,Extraembryonic visceral endoderm
GGGCTACTCCGACGGT,Hindbrain
GGGCTACTCCTTATAC,Primitive erythroid cells
GGGCTACTCGGTGTTA,Primitive erythroid cells
GGGCTACTCTACTCAT,Primitive erythroid cells
GGGCTACTCTTGCAAG,Extraembryonic visceral endoderm
GGGCTCAAGACTTCCA,NMP
GGGCTCAAGTTCCGGC,Gut endoderm
GGGCTCAAGTTGGCGA,Lateral plate and intermediate mesoderm
GGGCTCACAAGATGGC,NMP
GGGCTCACAAGTTTGC,Primitive erythroid cells
GGGCTCACAATGCAAA,Forebrain/midbrain
GGGCTCACATAGCTGT,Primitive erythroid cells
GGGCTCACATCTGTTT,Surface ectoderm
GGGCTCACATGTGTCA,Forebrain/midbrain
GGGCTCAGTATTGAGA,Primitive erythroid cells
GGGCTCAGTGCCCAGT,Extraembryonic visceral endoderm
GGGCTCAGTGTCTTAG,NMP
GGGCTCAGTGTTACAC,Surface ectoderm
GGGCTCAGTTCGGTCG,Hindbrain
GGGCTCAGTTTATGCG,Extraembryonic visceral endoderm
GGGCTCATCAGATTGC,Surface ectoderm
GGGCTCATCAGTCTTT,Extraembryonic visceral endoderm
GGGTAGAAGGACGCAT,Lateral plate and intermediate mesoderm
GGGTAGAAGTCTAACC,Primitive erythroid cells
GGGTAGAAGTCTAGCT,Cranial neural crest
GGGTAGACAAAGCTAA,Primitive erythroid cells
GGGTAGACAAGAGGCT,Forebrain/midbrain
GGGTAGACAATAGAGT,Placodal area
GGGTAGACACGTAGAG,Amniotic ectoderm
GGGTAGACACTGCTTC,Primitive erythroid cells
GGGTAGACAGTTTGGT,Extraembryonic visceral endoderm
GGGTAGAGTGAGGAAA,Primitive erythroid cells
GGGTAGAGTTACACAC,Primitive erythroid cells
GGGTAGATCATGCCAA,Primitive erythroid cells
GGGTAGATCCGCAAAT,Cranial neural crest
GGGTAGATCCGCGATG,Primitive erythroid cells
GGGTAGATCGCCATAA,Primitive erythroid cells
GGGTAGATCTCAGGCG,Extraembryonic visceral endoderm
GGGTATTAGCATCAGG,Extraembryonic visceral endoderm
GGGTATTAGCCAAGGT,NMP
GGGTATTAGGTGCCTC,Primordial germ cells
GGGTATTCAGCTGCCA,Primitive erythroid cells
GGGTATTCAGTCTCTC,Extraembryonic visceral endoderm
GGGTATTGTCCGTTTC,Gut endoderm
GGGTATTGTCCTGTTC,Endothelium
GGGTATTGTGCCTAAT,Lateral plate and intermediate mesoderm
GGGTATTGTGGAATGC,Lateral plate and intermediate mesoderm
GGGTATTGTTCAAAGA,Extraembryonic visceral endoderm
GGGTCACAGATAGGGA,Forebrain/midbrain
GGGTCACAGGACTATA,Primitive erythroid cells
GGGTCACCAAAGGATT,Forebrain/midbrain
GGGTCACGTAACACCT,Extraembryonic visceral endoderm
GGGTCACGTATCAAGA,Placodal area
GGGTCACGTCCGTTTC,Forebrain/midbrain
GGGTCACGTGAAAGTT,Gut endoderm
GGGTCACGTGAATGTA,Extraembryonic visceral endoderm
GGGTCACGTGCAGTGA,Extraembryonic visceral endoderm
GGGTCACGTTCCACAA,Gut endoderm
GGGTCACGTTCGGTTA,Primitive erythroid cells
GGGTCACTCAAAGGTA,Gut endoderm
GGGTCACTCCCAAGTA,Surface ectoderm
GGGTCACTCGCATTAG,Forebrain/midbrain
GGGTCTGAGCCTGGAA,Surface ectoderm
GGGTCTGAGGTTCAGG,Extraembryonic visceral endoderm
GGGTCTGAGTATGAGT,Lateral plate and intermediate mesoderm
GGGTCTGAGTTAACGA,Primitive erythroid cells
GGGTCTGCACTTGAAC,Hindbrain
GGGTCTGCAGTAGAGC,Primitive erythroid cells
GGGTCTGCATCCTCAC,Hindbrain
GGGTCTGGTAAGGAGA,First heart field
GGGTCTGGTCAGTCTA,Surface ectoderm
GGGTCTGGTCGGTACC,Primitive erythroid cells
GGGTCTGTCATGGATC,Hindbrain
GGGTCTGTCCAAGAGG,Forebrain/midbrain
GGGTCTGTCCTGGTCT,NMP
GGGTCTGTCTCTGAGA,Gut endoderm
GGGTGAAAGCTGTGCC,Lateral plate and intermediate mesoderm
GGGTGAAAGGAGGCAG,Paraxial mesoderm
GGGTGAAAGTAGCAAT,Extraembryonic visceral endoderm
GGGTGAACACTATCGA,Gut endoderm
GGGTGAACAGCAGACA,Primitive erythroid cells
GGGTGAACAGCTGTCG,Allantois
GGGTGAAGTCAACGCC,Endothelium
GGGTGAAGTCGGCACT,Primitive erythroid cells
GGGTGAAGTGTTATCG,Primitive erythroid cells
GGGTGAATCAGAGTGG,Primitive erythroid cells
GGGTGAATCCAACCGG,Hindbrain
GGGTGAATCTACGCAA,Primitive erythroid cells
GGGTGTCAGAATGTTG,Amniotic ectoderm
GGGTGTCAGACTCAAA,Hindbrain
GGGTGTCAGATGAAGG,Primitive erythroid cells
GGGTGTCAGGATTTGA,Primitive erythroid cells
GGGTGTCAGTTCAACC,Amniotic ectoderm
GGGTGTCAGTTGTCGT,Extraembryonic visceral endoderm
GGGTGTCCATTGTCGA,Cranial neural crest
GGGTGTCGTATAGGAT,Surface ectoderm
GGGTGTCGTCAAGCCC,Extraembryonic visceral endoderm
GGGTGTCGTTCGTACA,Forebrain/midbrain
GGGTGTCGTTGCCATA,Forebrain/midbrain
GGGTGTCTCCAACTGA,Paraxial mesoderm
GGGTGTCTCTGTTGGA,Lateral plate and intermediate mesoderm
GGGTGTCTCTTTGATC,Extraembryonic visceral endoderm
GGGTTATAGTTACGAA,Lateral plate and intermediate mesoderm
GGGTTATCACGAAGAC,Primordial germ cells
GGGTTATCAGCTGTCG,Forebrain/midbrain
GGGTTATGTGGGATTG,Gut endoderm
GGGTTATGTGTCATGT,Primitive erythroid cells
GGGTTATGTTGCTTGA,Endothelium
GGGTTATTCCGTGTCT,Endothelium
GGGTTATTCGTCGACG,Extraembryonic visceral endoderm
GGGTTATTCGTCGGGT,Lateral plate and intermediate mesoderm
GGGTTATTCGTTAGTG,Forebrain/midbrain
GGGTTATTCTTTGCGC,Placodal area
GGGTTTAAGCCACAAG,Lateral plate and intermediate mesoderm
GGGTTTAAGGGTCTTT,Primitive erythroid cells
GGGTTTACAACATACC,Extraembryonic visceral endoderm
GGGTTTACACCATATG,Amniotic ectoderm
GGGTTTACAGATGCGA,Placodal area
GGGTTTACAGGCTACC,Primitive erythroid cells
GGGTTTACATGACTCA,Primitive erythroid cells
GGGTTTAGTACTCCGG,Forebrain/midbrain
GGGTTTAGTTAGGCTT,Forebrain/midbrain
GGGTTTATCATTGTGG,Allantois
GGGTTTATCGAGATGG,Primitive erythroid cells
GGGTTTATCGAGCTGC,Hindbrain
GGGTTTATCGCCTTGT,Extraembryonic visceral endoderm
GGGTTTATCGTCCTTG,Lateral plate and intermediate mesoderm
GGGTTTATCTACGCGG,Extraembryonic visceral endoderm
GGGTTTATCTCAATCT,Lateral plate and intermediate mesoderm
GGGTTTATCTCGGGAC,Primitive erythroid cells
GGTAACTAGAGCATCG,Endothelium
GGTAACTAGATGGCAC,Primitive erythroid cells
GGTAACTAGGTACCTT,Primitive erythroid cells
GGTAACTCAATTGCCA,Extraembryonic visceral endoderm
GGTAACTCACGTAACT,Gut endoderm
GGTAACTCACTCCGAG,Endothelium
GGTAACTCACTGGCCA,Primitive erythroid cells
GGTAACTGTACCGTGC,Paraxial mesoderm
GGTAACTGTCAGACGA,Surface ectoderm
GGTAACTGTGTTCGAT,Cranial neural crest
GGTAACTTCCCGAATA,Primitive erythroid cells
GGTAACTTCCGAACGC,Lateral plate and intermediate mesoderm
GGTAACTTCGATTGAC,Extraembryonic visceral endoderm
GGTAATCAGGGTTAAT,Paraxial mesoderm
GGTAATCAGTGCTCGC,Forebrain/midbrain
GGTAATCCACACAGAG,NMP
GGTAATCCACACTTAG,Surface ectoderm
GGTAATCCACGTACAT,Primitive erythroid cells
GGTAATCCAGGGATAC,Paraxial mesoderm
GGTAATCGTCGCAGTC,Forebrain/midbrain
GGTAATCGTCTAGTGT,Forebrain/midbrain
GGTAATCGTCTGATAC,First heart field
GGTAATCGTCTGTGGC,Extraembryonic visceral endoderm
GGTAATCGTGTATTCG,Forebrain/midbrain
GGTAATCTCAAGAATG,NMP
GGTAATCTCCCACAGG,Extraembryonic visceral endoderm
GGTAATCTCCCGTGTT,Extraembryonic visceral endoderm
GGTAATCTCGACACCG,Extraembryonic visceral endoderm
GGTAATCTCGAGTGGA,Forebrain/midbrain
GGTAATCTCTCGTCGT,Hindbrain
GGTAATCTCTGCCTCA,Primitive erythroid cells
GGTAGAGAGATTAGAC,Hindbrain
GGTAGAGAGCCTGGAA,Hematoendothelial progenitors
GGTAGAGAGTAAAGCT,Primitive erythroid cells
GGTAGAGCACAGAAGC,Extraembryonic visceral endoderm
GGTAGAGCACGCTATA,Lateral plate and intermediate mesoderm
GGTAGAGCAGGCTTGC,Primitive erythroid cells
GGTAGAGCAGTTAGAA,Primitive erythroid cells
GGTAGAGGTATGGTAA,NMP
GGTAGAGTCCACGAAT,Lateral plate and intermediate mesoderm
GGTCACGAGAGAGCAA,Extraembryonic visceral endoderm
GGTCACGAGAGCCGTA,NMP
GGTCACGAGGACCCAA,Primitive erythroid cells
GGTCACGAGGCTTAGG,Primitive erythroid cells
GGTCACGCACAGTCCG,Lateral plate and intermediate mesoderm
GGTCACGCACGAAAGC,Forebrain/midbrain
GGTCACGCATCTGTTT,Gut endoderm
GGTCACGCATGTTCAG,Paraxial mesoderm
GGTCACGGTCATCACA,Amniotic ectoderm
GGTCACGGTTCATCTT,Primitive erythroid cells
GGTCACGTCCACTAGA,Hindbrain
GGTCACGTCCGTGACG,Gut endoderm
GGTCACGTCCTCACGT,Extraembryonic visceral endoderm
GGTCACGTCGATTGGT,Paraxial mesoderm
GGTCACGTCTTAATCC,Forebrain/midbrain
GGTCTGGAGCTGGCCT,Paraxial mesoderm
GGTCTGGAGGGAGATA,Primitive erythroid cells
GGTCTGGAGGTCGTCC,Primitive erythroid cells
GGTCTGGAGTCCGCGT,Primitive erythroid cells
GGTCTGGCAAGACCTT,Amniotic ectoderm
GGTCTGGCACAATGAA,Surface ectoderm
GGTCTGGCACGGTGTC,Surface ectoderm
GGTCTGGCACTGTTCC,Gut endoderm
GGTCTGGCATCACAGT,Endothelium
GGTCTGGGTGACTCTA,Hematoendothelial progenitors
GGTCTGGGTGGAGGTT,Extraembryonic visceral endoderm
GGTCTGGGTTATAGCC,Primitive erythroid cells
GGTCTGGGTTCCGGTG,Extraembryonic visceral endoderm
GGTCTGGTCCATACAG,Primitive erythroid cells
GGTCTGGTCCCTAGGG,Amniotic ectoderm
GGTCTGGTCTGACCCT,Gut endoderm
GGTCTGGTCTTTACAC,Cranial neural crest
GGTGAAGAGAAATCCA,Primitive erythroid cells
GGTGAAGAGCAATTCC,Lateral plate and intermediate mesoderm
GGTGAAGAGTATGAGT,Primitive erythroid cells
GGTGAAGCAATGAAAC,Endothelium
GGTGAAGCACCTTCGT,Placodal area
GGTGAAGCAGTCGAGA,Extraembryonic visceral endoderm
GGTGAAGGTACTGAGG,Extraembryonic visceral endoderm
GGTGAAGGTAGCACGA,Primitive erythroid cells
GGTGAAGGTATGTGTC,Extraembryonic visceral endoderm
GGTGAAGGTGGTTCTA,Forebrain/midbrain
GGTGAAGTCATATGGC,Amniotic ectoderm
GGTGAAGTCGCTGATA,Primitive erythroid cells
GGTGAAGTCTTTACAC,Placodal area
GGTGATTAGCACTGGA,Lateral plate and intermediate mesoderm
GGTGATTAGCTACAAA,Surface ectoderm
GGTGATTCAACACACT,NMP
GGTGATTGTATGATCC,Extraembryonic visceral endoderm
GGTGATTGTCCAGCCA,Paraxial mesoderm
GGTGATTGTCTTTATC,Extraembryonic visceral endoderm
GGTGATTGTGAATAAC,Lateral plate and intermediate mesoderm
GGTGATTGTGCAGGAT,Lateral plate and intermediate mesoderm
GGTGATTGTGTGGACA,Surface ectoderm
GGTGATTTCAGTGTTG,Extraembryonic visceral endoderm
GGTGATTTCGCCTTTG,Primitive erythroid cells
GGTGATTTCGGAAGGT,Primitive erythroid cells
GGTGGCTAGATAACAC,Surface ectoderm
GGTGGCTAGCAACTTC,Hindbrain
GGTGGCTAGTTTGCTG,NMP
GGTGGCTCAGGTACGA,Primitive erythroid cells
GGTGGCTGTCACTAGT,Primitive erythroid cells
GGTGGCTGTCGTTTCC,Lateral plate and intermediate mesoderm
GGTGGCTGTTAGGACG,Lateral plate and intermediate mesoderm
GGTGGCTTCATAGAGA,Primitive erythroid cells
GGTGGCTTCCATAGAC,Primitive erythroid cells
GGTGGCTTCCATCAGA,Extraembryonic visceral endoderm
GGTGGCTTCTCCTGTG,Primitive erythroid cells
GGTGTCGAGGTGGGTT,Gut endoderm
GGTGTCGAGTGCAAAT,Gut endoderm
GGTGTCGCAATACCCA,Endothelium
GGTGTCGCAGGAATAT,Gut endoderm
GGTGTCGGTCCGGCAT,Extraembryonic visceral endoderm
GGTGTCGGTTCGTAAC,Surface ectoderm
GGTGTCGGTTTACGAC,Lateral plate and intermediate mesoderm
GGTGTCGTCACTGTTT,Primitive erythroid cells
GGTGTCGTCAGCATTG,Primitive erythroid cells
GGTGTCGTCCTGCTAC,Paraxial mesoderm
GGTGTCGTCGGTCGAC,Primitive erythroid cells
GGTGTCGTCTACACTT,Primitive erythroid cells
GGTGTTAAGACTCGAG,Hindbrain
GGTGTTAAGAGAGAAC,Primitive erythroid cells
GGTGTTAAGTAGCCAG,Extraembryonic visceral endoderm
GGTGTTAAGTCTCGTA,Placodal area
GGTGTTACAAAGACTA,Gut endoderm
GGTGTTACAATGCAGG,Gut endoderm
GGTGTTACATACCATG,Extraembryonic visceral endoderm
GGTGTTAGTAAGGTCG,First heart field
GGTGTTAGTACTGAGG,Cranial neural crest
GGTGTTAGTAGAGCTG,Primitive erythroid cells
GGTGTTAGTGACCGAA,Surface ectoderm
GGTGTTAGTGCACAAG,Spinal cord
GGTGTTAGTGTCTTCC,Lateral plate and intermediate mesoderm
GGTGTTATCCCATGGG,Primitive erythroid cells
GGTGTTATCCTTTGAT,Lateral plate and intermediate mesoderm
GGTTAACAGGCCTAGA,Primitive erythroid cells
GGTTAACAGTGACACG,Surface ectoderm
GGTTAACCAACGCCCA,Extraembryonic visceral endoderm
GGTTAACCAGCTTTGA,Primitive erythroid cells
GGTTAACCATCTAGAC,Primitive erythroid cells
GGTTAACCATTCGGGC,Lateral plate and intermediate mesoderm
GGTTAACCATTCTTCA,Lateral plate and intermediate mesoderm
GGTTAACGTGCATTTG,Hindbrain
GGTTAACGTGTCCAAT,Placodal area
GGTTAACGTTAGGGAC,Lateral plate and intermediate mesoderm
GGTTAACTCACGAGGA,Gut endoderm
GGTTAACTCCACTAGA,Gut endoderm
GGTTAACTCCTCTGCA,Primitive erythroid cells
GGTTAACTCTCCGAAA,Primitive erythroid cells
GGTTAACTCTGAATGC,Extraembryonic visceral endoderm
GGTTCTCAGAGCAAGA,Primitive erythroid cells
GGTTCTCAGAGTCGAC,Primitive erythroid cells
GGTTCTCAGCATTGTC,Gut endoderm
GGTTCTCAGGACACTG,Cranial neural crest
GGTTCTCCAATTGCGT,Primitive erythroid cells
GGTTCTCCACAAGTGG,Lateral plate and intermediate mesoderm
GGTTCTCCACATGTTG,Primitive erythroid cells
GGTTCTCCAGTCTCTC,NMP
GGTTCTCCATCCAATG,Primitive erythroid cells
GGTTCTCGTATACCCA,Allantois
GGTTCTCGTATGACAA,Extraembryonic visceral endoderm
GGTTCTCGTCATCGCG,Placodal area
GGTTCTCGTGTTCCTC,Lateral plate and intermediate mesoderm
GGTTCTCTCAAACTGC,NMP
GGTTCTCTCAGTGTCA,Primitive erythroid cells
GGTTCTCTCCTATGGA,Primitive erythroid cells
GGTTCTCTCGTCAACA,Forebrain/midbrain
GGTTCTCTCTACCTTA,Surface ectoderm
GGTTGTAAGACGATAT,Surface ectoderm
GGTTGTAAGCATACTC,Primitive erythroid cells
GGTTGTAAGCCTGAGA,Primitive erythroid cells
GGTTGTACATTGTCGA,Forebrain/midbrain
GGTTGTAGTCAGATTC,Forebrain/midbrain
GGTTGTAGTCGAGTTT,Extraembryonic visceral endoderm
GGTTGTAGTCTTCCGT,Lateral plate and intermediate mesoderm
GGTTGTAGTTAAGCAA,Amniotic ectoderm
GGTTGTATCAAGCGTT,Extraembryonic visceral endoderm
GGTTGTATCAATCAGC,Lateral plate and intermediate mesoderm
GGTTGTATCACGGACC,Surface ectoderm
GGTTGTATCCCAGGAC,Primitive erythroid cells
GTAACACAGAAACTGT,Endothelium
GTAACACAGGCCACTC,Extraembryonic visceral endoderm
GTAACACCACCGGCTA,Second heart field
GTAACACCACGGGTAA,Lateral plate and intermediate mesoderm
GTAACACCAGATAAAC,Primitive erythroid cells
GTAACACGTGACACAG,Endothelium
GTAACACGTGGCTGAA,Placodal area
GTAACACGTGTCACAT,Primitive erythroid cells
GTAACACGTTACGCCG,Extraembryonic visceral endoderm
GTAACACGTTACTCAG,Lateral plate and intermediate mesoderm
GTAACACTCAACCGAT,Primitive erythroid cells
GTAACACTCAACTTTC,Lateral plate and intermediate mesoderm
GTAACACTCTGAGTCA,Primitive erythroid cells
GTAACCACAATTGGTC,Hindbrain
GTAACCACAGGGCTTC,Surface ectoderm
GTAACCACATGACTAC,Cranial neural crest
GTAACCAGTCCGTTTC,Extraembryonic visceral endoderm
GTAACCATCAAGCTTG,Extraembryonic visceral endoderm
GTAACCATCCTGGCTT,Primitive erythroid cells
GTAACCATCTCAGTCC,Forebrain/midbrain
GTAAGTCAGGATACCG,Extraembryonic visceral endoderm
GTAAGTCAGGGTATAT,Forebrain/midbrain
GTAAGTCAGTACAACA,Forebrain/midbrain
GTAAGTCCACAACCGC,Extraembryonic visceral endoderm
GTAAGTCCACCACATA,Primitive erythroid cells
GTAAGTCCACCATTCC,Primitive erythroid cells
GTAAGTCCAGAGAATT,Cranial neural crest
GTAAGTCCAGGGTCTC,Forebrain/midbrain
GTAAGTCCATCAGCAT,Extraembryonic visceral endoderm
GTAAGTCGTCGTTGCG,Surface ectoderm
GTAAGTCGTGTTACAC,Paraxial mesoderm
GTAAGTCGTTACCGTA,NMP
GTAAGTCGTTCTGACA,Surface ectoderm
GTAAGTCGTTGCATAC,Forebrain/midbrain
GTAAGTCTCCCGGTAG,Primitive erythroid cells
GTAAGTCTCGACACTA,Primitive erythroid cells
GTAAGTCTCGAGATAA,Lateral plate and intermediate mesoderm
GTAAGTCTCTAGACCA,NMP
GTAAGTCTCTCAGAAC,NMP
GTAAGTCTCTCTATGT,Amniotic ectoderm
GTAATCGAGAGTTGTA,Primitive erythroid cells
GTAATCGAGCTGAGTG,Forebrain/midbrain
GTAATCGAGGCAGTCA,Extraembryonic visceral endoderm
GTAATCGAGGTTATAG,Lateral plate and intermediate mesoderm
GTAATCGAGTAATACG,Extraembryonic visceral endoderm
GTAATCGAGTCGTTAC,Forebrain/midbrain
GTAATCGCACATGGTT,Gut endoderm
GTAATCGCACGCTATA,Primitive erythroid cells
GTAATCGCACTAGAGG,Paraxial mesoderm
GTAATCGCAGAGTTGG,Extraembryonic visceral endoderm
GTAATCGCATCCTGTC,Primitive erythroid cells
GTAATCGGTGAGGATC,Primitive erythroid cells
GTAATCGTCCACACAA,Primitive erythroid cells
GTAATCGTCCGTTGGG,Lateral plate and intermediate mesoderm
GTAATGCAGACGCTCC,Primitive erythroid cells
GTAATGCAGGTTGTTC,Forebrain/midbrain
GTAATGCCAAATAAGC,Primitive erythroid cells
GTAATGCCAAATCCCA,NMP
GTAATGCCAGCGGTTC,Hindbrain
GTAATGCCATCCTCAC,Primitive erythroid cells
GTAATGCGTCCAGTTA,Primitive erythroid cells
GTACAACAGATCCCAT,Amniotic ectoderm
GTACAACAGCAGTAAT,Primitive erythroid cells
GTACAACAGGAATGTT,Cranial neural crest
GTACAACAGGCTAACG,Extraembryonic visceral endoderm
GTACAACAGGTAAGGA,Paraxial mesoderm
GTACAACAGGTCATAA,Surface ectoderm
GTACAACAGGTGATCG,Surface ectoderm
GTACAACAGTTCGCAT,Endothelium
GTACAACCAATAGGGC,Extraembryonic visceral endoderm
GTACAACCAGCTGAAG,Cranial neural crest
GTACAACCATCACCAA,Primitive erythroid cells
GTACAACGTCTCTCTG,Amniotic ectoderm
GTACAACGTTCCACAA,Extraembryonic visceral endoderm
GTACAACGTTGCTGAT,Allantois
GTACAACTCGTGCGAC,Forebrain/midbrain
GTACAACTCTAGTGAC,Lateral plate and intermediate mesoderm
GTACAGTAGAAACCCG,Surface ectoderm
GTACAGTAGAGAGAAC,Cranial neural crest
GTACAGTAGCCATGCC,Extraembryonic visceral endoderm
GTACAGTAGGAACGAA,Lateral plate and intermediate mesoderm
GTACAGTAGTACTGGG,Endothelium
GTACAGTAGTTGAATG,Hindbrain
GTACAGTCACTGTGAT,Primitive erythroid cells
GTACAGTGTAGACAAT,Paraxial mesoderm
GTACAGTGTCAAAGAT,Primitive erythroid cells
GTACAGTGTGAGTAGC,Lateral plate and intermediate mesoderm
GTACAGTGTGCTGATT,Primitive erythroid cells
GTACAGTTCCATAAGC,Extraembryonic visceral endoderm
GTACAGTTCGCATGAT,Primitive erythroid cells
GTACAGTTCGTTATCT,Primitive erythroid cells
GTAGAAACACAGCATT,Lateral plate and intermediate mesoderm
GTAGAAACACGCGCTA,Gut endoderm
GTAGAAACACGGCGTT,Surface ectoderm
GTAGAAACATGACACT,Paraxial mesoderm
GTAGAAAGTCGGTAAG,Hindbrain
GTAGAAAGTTCGTAAC,Primitive erythroid cells
GTAGAAATCATGGTAC,Hindbrain
GTAGAAATCGGCTGTG,Extraembryonic visceral endoderm
GTAGAGGAGACCAAAT,Primitive erythroid cells
GTAGAGGAGACGCAGT,Extraembryonic visceral endoderm
GTAGAGGAGGCGCTTC,Paraxial mesoderm
GTAGAGGAGGTAGACC,Primitive erythroid cells
GTAGAGGAGGTCCTGC,Extraembryonic visceral endoderm
GTAGAGGAGTGCCCGT,Primitive erythroid cells
GTAGAGGCACAATTCG,Lateral plate and intermediate mesoderm
GTAGAGGCATGAATCC,Forebrain/midbrain
GTAGAGGGTAGCTTTG,Forebrain/midbrain
GTAGAGGGTGCTCTCT,Surface ectoderm
GTAGAGGTCATCTACT,Primitive erythroid cells
GTAGAGGTCGCAGTGC,Endothelium
GTAGAGGTCTGAGGTT,Forebrain/midbrain
GTAGAGGTCTTTGCTA,Primitive erythroid cells
GTAGATCAGACCGTTT,Primitive erythroid cells
GTAGATCAGGAGAGGC,Allantois
GTAGATCAGGTTTGAA,Primitive erythroid cells
GTAGATCAGTCTCCTC,Paraxial mesoderm
GTAGATCAGTGGCGAT,Extraembryonic visceral endoderm
GTAGATCCAACTAGAA,Surface ectoderm
GTAGATCCAAGGTACG,Hindbrain
GTAGATCCAGAAACCG,Lateral plate and intermediate mesoderm
GTAGATCGTGCGAACA,Primitive erythroid cells
GTAGATCTCATACGAC,Primitive erythroid cells
GTAGATCTCCGACAGC,Hindbrain
GTAGCTAAGAAGTGTT,Forebrain/midbrain
GTAGCTACACGAGAAC,Forebrain/midbrain
GTAGCTACAGGGAGAG,Primitive erythroid cells
GTAGCTACAGGTCAAG,Extraembryonic visceral endoderm
GTAGCTAGTGAGATTA,Surface ectoderm
GTAGCTAGTTTCGTGA,Primitive erythroid cells
GTAGCTATCAGTGTTG,Lateral plate and intermediate mesoderm
GTAGCTATCATACGGT,Primitive erythroid cells
GTAGGAGAGACTTAAG,Hindbrain
GTAGGAGAGATGAAGG,Gut endoderm
GTAGGAGAGGAGTATT,Extraembryonic visceral endoderm
GTAGGAGAGGCACAAC,First heart field
GTAGGAGCAAGAATGT,Endothelium
GTAGGAGCAAGTTCCA,Primitive erythroid cells
GTAGGAGCACTGATTG,Gut endoderm
GTAGGAGCATATCTCT,Extraembryonic visceral endoderm
GTAGGAGCATCGTGCG,Lateral plate and intermediate mesoderm
GTAGGAGGTTCGGTTA,Extraembryonic visceral endoderm
GTAGGAGTCAGCTGAT,Amniotic ectoderm
GTAGGAGTCTCTGACC,Lateral plate and intermediate mesoderm
GTAGGAGTCTTTGCTA,Placodal area
GTAGGTTAGAAGTATC,Hematoendothelial progenitors
GTAGGTTAGATACATG,Primitive erythroid cells
GTAGGTTAGCTACGTT,Hindbrain
GTAGGTTAGGCTGGAT,Primitive erythroid cells
GTAGGTTCAAATCAAG,Primitive erythroid cells
GTAGGTTCAAGGGTCA,Hindbrain
GTAGGTTCAGTTCACA,Hematoendothelial progenitors
GTAGGTTGTACTCCGG,Spinal cord
GTAGGTTGTAGTCTTG,Primitive erythroid cells
GTAGGTTGTCACATTG,Lateral plate and intermediate mesoderm
GTAGGTTTCCCTTGGT,Primitive erythroid cells
GTAGGTTTCCTACTGC,Amniotic ectoderm
GTAGGTTTCGATGCAT,Forebrain/midbrain
GTAGGTTTCGCGCCAA,Surface ectoderm
GTAGGTTTCGGACCAC,Primitive erythroid cells
GTAGGTTTCGTCTACC,Primitive erythroid cells
GTAGGTTTCTCCAATT,Paraxial mesoderm
GTAGTACAGATAGCAT,Extraembryonic visceral endoderm
GTAGTACAGGACGCAT,Forebrain/midbrain
GTAGTACAGTGAGTGC,Gut endoderm
GTAGTACAGTTCCGTA,Primitive erythroid cells
GTAGTACCACACCTTC,Forebrain/midbrain
GTAGTACCACTATCCC,Lateral plate and intermediate mesoderm
GTAGTACCATCGATCA,Extraembryonic visceral endoderm
GTAGTACCATCTAGAC,Extraembryonic visceral endoderm
GTAGTACCATTCGGGC,Primitive erythroid cells
GTAGTACGTACGATGG,Surface ectoderm
GTAGTACGTACGCGTC,Extraembryonic visceral endoderm
GTAGTACGTTCGTACA,Extraembryonic visceral endoderm
GTAGTACTCATGAGTC,Forebrain/midbrain
GTAGTACTCCGCTTAC,Primitive erythroid cells
GTATTGGAGAGCCGAT,Forebrain/midbrain
GTATTGGAGATACTGA,Surface ectoderm
GTATTGGAGGTCCCTG,Primitive erythroid cells
GTATTGGAGTCGGCAA,Primitive erythroid cells
GTATTGGCAACTGAAA,Forebrain/midbrain
GTATTGGCACAAAGCG,Primitive erythroid cells
GTATTGGCATAAGCAA,Surface ectoderm
GTATTGGGTCTACGAT,Hematoendothelial progenitors
GTATTGGGTGAGAACC,Primitive erythroid cells
GTATTGGGTGAGATTA,NMP
GTATTGGGTGGAGGTT,Endothelium
GTATTGGTCGAATCCA,Second heart field
GTATTGGTCGTAGCTA,Surface ectoderm
GTATTGGTCTTCTCAA,Extraembryonic visceral endoderm
GTATTTCAGCTAGAAT,Extraembryonic visceral endoderm
GTATTTCAGGAACGAA,Extraembryonic visceral endoderm
GTATTTCCAATTTCCT,Primitive erythroid cells
GTATTTCCACGAAGAC,Primitive erythroid cells
GTATTTCCAGGGTCTC,Primitive erythroid cells
GTATTTCCAGTCGCTG,Primitive erythroid cells
GTATTTCGTCGATTTG,Lateral plate and intermediate mesoderm
GTATTTCGTCGTCATA,Extraembryonic visceral endoderm
GTATTTCGTGGCTTGC,Hindbrain
GTATTTCGTTACCGTA,Primitive erythroid cells
GTATTTCGTTGCCGAC,Lateral plate and intermediate mesoderm
GTATTTCGTTGGACTT,Extraembryonic visceral endoderm
GTATTTCTCTCGCGTT,Surface ectoderm
GTCAAACAGCCAAGTG,Forebrain/midbrain
GTCAAACCAATCGCGC,Extraembryonic visceral endoderm
GTCAAACCACTAAACC,Hindbrain
GTCAAACCACTGGACC,Extraembryonic visceral endoderm
GTCAAACCAGCGTAGA,Amniotic ectoderm
GTCAAACCAGGACTAG,Cranial neural crest
GTCAAACGTCCTACAA,Primitive erythroid cells
GTCAAACGTCTAACTG,Hindbrain
GTCAAACTCATGTCAG,Lateral plate and intermediate mesoderm
GTCAAACTCTTCTTCC,Lateral plate and intermediate mesoderm
GTCAAGTAGCCTCTGG,Primitive erythroid cells
GTCAAGTAGCGTTCCG,Gut endoderm
GTCAAGTAGGAAAGGT,Primitive erythroid cells
GTCAAGTCAACGCATT,Amniotic ectoderm
GTCAAGTCAAGCACCC,Extraembryonic visceral endoderm
GTCAAGTCAATTTCCT,Primitive erythroid cells
GTCAAGTCACACCGAC,Lateral plate and intermediate mesoderm
GTCAAGTCAGCATGCC,Extraembryonic visceral endoderm
GTCAAGTCATCACAGT,Paraxial mesoderm
GTCAAGTCATTGGCAT,Primitive erythroid cells
GTCAAGTGTCACTCTC,Primitive erythroid cells
GTCAAGTGTTATGACC,Hindbrain
GTCAAGTGTTCGTGCG,Hindbrain
GTCAAGTGTTGCGGCT,NMP
GTCAAGTTCACATTGG,Extraembryonic visceral endoderm
GTCAAGTTCCAAACCA,Extraembryonic visceral endoderm
GTCAAGTTCCGTAATG,Paraxial mesoderm
GTCACGGAGGTGCAGT,Primitive erythroid cells
GTCACGGAGGTTGGAC,Surface ectoderm
GTCACGGCAGCGGTTC,Amniotic ectoderm
GTCACGGCATGTACGT,Primitive erythroid cells
GTCACGGGTAACGGTG,Lateral plate and intermediate mesoderm
GTCACGGGTAGCTGTT,Lateral plate and intermediate mesoderm
GTCACGGGTATAGGAT,Hindbrain
GTCACGGGTCAAACGG,Endothelium
GTCACGGGTCACCCTT,Primitive erythroid cells
GTCACGGGTCTGTAAC,Hindbrain
GTCACGGGTGACCGAA,Extraembryonic visceral endoderm
GTCACGGGTGGCTGAA,Lateral plate and intermediate mesoderm
GTCACGGGTGGGCTCT,Primitive erythroid cells
GTCACGGTCAACTCTT,Hindbrain
GTCACGGTCGGCCCAA,Extraembryonic visceral endoderm
GTCACGGTCGGTGAAG,Lateral plate and intermediate mesoderm
GTCACGGTCTCCAAGA,Hindbrain
GTCACGGTCTGAACGT,Gut endoderm
GTCACTCAGAAATTGC,Lateral plate and intermediate mesoderm
GTCACTCAGACCAGAC,Primitive erythroid cells
GTCACTCAGATGGCGT,Primitive erythroid cells
GTCACTCAGCATGCAG,Gut endoderm
GTCACTCAGGTAAGGA,Primitive erythroid cells
GTCACTCAGTTAGTGA,Primitive erythroid cells
GTCACTCCAAATCAAG,Gut endoderm
GTCACTCCACTTACAG,NMP
GTCACTCGTAGTGCGA,Extraembryonic visceral endoderm
GTCACTCGTCAACGCC,Lateral plate and intermediate mesoderm
GTCACTCGTGCATGTT,NMP
GTCACTCTCAAGGCTT,Surface ectoderm
GTCACTCTCATGCCAA,Surface ectoderm
GTCACTCTCCCTCTCC,Primitive erythroid cells
GTCACTCTCCTATGGA,Primitive erythroid cells
GTCACTCTCGTTTACT,Primitive erythroid cells
GTCAGCGAGAGACAAG,Extraembryonic visceral endoderm
GTCAGCGAGAGCAACC,Surface ectoderm
GTCAGCGAGAGGATCC,Endothelium
GTCAGCGAGCAAGTCG,Hindbrain
GTCAGCGAGTGCTCAT,Extraembryonic visceral endoderm
GTCAGCGGTCACTCGG,Lateral plate and intermediate mesoderm
GTCAGCGGTCGCTTGG,Forebrain/midbrain
GTCAGCGTCGCCGATG,Placodal area
GTCAGCGTCGCTTTAT,Surface ectoderm
GTCAGCGTCGGCCTTT,Forebrain/midbrain
GTCAGCGTCTTCCGTG,Extraembryonic visceral endoderm
GTCATCCAGAACTGAT,Primitive erythroid cells
GTCATCCAGCAGGCTA,Endothelium
GTCATCCAGCATACTC,Extraembryonic visceral endoderm
GTCATCCAGCGCCTCA,Primitive erythroid cells
GTCATCCCAAATCCCA,Primitive erythroid cells
GTCATCCCAGATTCGT,Primitive erythroid cells
GTCATCCGTAGAATGT,Primitive erythroid cells
GTCATCCGTCCTTGTC,Surface ectoderm
GTCATCCGTCTTGGTA,Hindbrain
GTCATCCGTGCGTTTA,Primitive erythroid cells
GTCATCCGTTGCATAC,Amniotic ectoderm
GTCATCCTCACCGGTG,Primitive erythroid cells
GTCATCCTCAGTGGGA,Surface ectoderm
GTCATCCTCCCTCGAT,Hindbrain
GTCATGAAGAGTCTTC,Primitive erythroid cells
GTCATGAAGCATCTTG,Gut endoderm
GTCATGAAGGACAGCT,Gut endoderm
GTCATGAAGTCATCGT,Lateral plate and intermediate mesoderm
GTCATGACACAACGTT,Placodal area
GTCATGACACGTGTGC,Extraembryonic visceral endoderm
GTCATGACAGCACACC,Allantois
GTCATGACAGGTTACT,Extraembryonic visceral endoderm
GTCATGACAGTACTAC,Amniotic ectoderm
GTCATGACATATCTCT,Cranial neural crest
GTCATGAGTAATGATG,Gut endoderm
GTCATGAGTCCAAAGG,Hindbrain
GTCATGAGTCCGGATC,Primitive erythroid cells
GTCATGAGTTGCACGC,Lateral plate and intermediate mesoderm
GTCATGATCATTTGTC,Primitive erythroid cells
GTCATGATCTGGAGAG,Surface ectoderm
GTCATTTAGGCCTAAG,Gut endoderm
GTCATTTAGTTGGCTT,Surface ectoderm
GTCATTTCATGACTTG,Extraembryonic visceral endoderm
GTCATTTGTACGATGG,Surface ectoderm
GTCATTTGTGTGGACA,Hindbrain
GTCATTTGTTAAACCC,Forebrain/midbrain
GTCATTTGTTAAGTCC,Forebrain/midbrain
GTCATTTGTTCCTAAG,Paraxial mesoderm
GTCATTTGTTGTTGTG,Surface ectoderm
GTCATTTTCAAGTCTG,Gut endoderm
GTCATTTTCATTTCGT,Extraembryonic visceral endoderm
GTCATTTTCCAATCCC,Surface ectoderm
GTCATTTTCCTCTAGC,NMP
GTCATTTTCTTTGCTA,Allantois
GTCCACTAGCAACTCT,Primitive erythroid cells
GTCCACTAGCGAAACC,Endothelium
GTCCACTAGGCGAAGG,Allantois
GTCCACTAGGTTATAG,Surface ectoderm
GTCCACTAGTTACGTC,Surface ectoderm
GTCCACTCAAGGATGC,Surface ectoderm
GTCCACTCACCTCGTT,Primitive erythroid cells
GTCCACTGTCGTGTTA,Primitive erythroid cells
GTCCACTGTTATGTCG,Primitive erythroid cells
GTCCACTGTTCCTAGA,Surface ectoderm
GTCCACTTCCCAGCGA,Cranial neural crest
GTCCACTTCTGGCCTT,Forebrain/midbrain
GTCCCATAGGGTAGCT,Lateral plate and intermediate mesoderm
GTCCCATAGTATAGAC,Extraembryonic visceral endoderm
GTCCCATAGTGCAACG,Extraembryonic visceral endoderm
GTCCCATCAAGACCGA,Primitive erythroid cells
GTCCCATCAATGTTGC,Surface ectoderm
GTCCCATCACCGTGAC,Primitive erythroid cells
GTCCCATCACGGAAGT,Lateral plate and intermediate mesoderm
GTCCCATCAGGTATGG,Forebrain/midbrain
GTCCCATCATATGGCT,Primitive erythroid cells
GTCCCATTCCTAAGTG,Gut endoderm
GTCCCATTCGAAGCCC,Lateral plate and intermediate mesoderm
GTCCTCAAGGCTCTCG,Primitive erythroid cells
GTCCTCAAGTCACTGT,Endothelium
GTCCTCAAGTCTGGTT,Forebrain/midbrain
GTCCTCACAAATGATG,Extraembryonic visceral endoderm
GTCCTCACAAGTCATC,Amniotic ectoderm
GTCCTCACACCTGCAG,Placodal area
GTCCTCACAGAGGGTT,Primitive erythroid cells
GTCCTCACAGCGTGCT,Amniotic ectoderm
GTCCTCAGTACCCACG,Extraembryonic visceral endoderm
GTCCTCAGTGAGGATC,Lateral plate and intermediate mesoderm
GTCCTCAGTTCAGGTT,Paraxial mesoderm
GTCCTCAGTTTGGCTA,Lateral plate and intermediate mesoderm
GTCCTCATCAAGTTGC,Primitive erythroid cells
GTCCTCATCATGTCTT,Primitive erythroid cells
GTCCTCATCCATATGG,Extraembryonic visceral endoderm
GTCCTCATCCTCGCAT,Surface ectoderm
GTCCTCATCGCTGTCT,Extraembryonic visceral endoderm
GTCCTCATCTGCATAG,Forebrain/midbrain
GTCGAATAGTCGAATA,Forebrain/midbrain
GTCGAATCAATAGTGA,Surface ectoderm
GTCGAATCACTCGATA,Extraembryonic visceral endoderm
GTCGAATCAGCGACAA,Surface ectoderm
GTCGAATGTACCGTCG,Primitive erythroid cells
GTCGAATGTATCCTTT,Surface ectoderm
GTCGAATGTCATAGTC,NMP
GTCGAATGTGTAGGAC,Second heart field
GTCGAATTCACTTATC,Surface ectoderm
GTCGAATTCCTGTAGA,Forebrain/midbrain
GTCGAATTCGCCAACG,Extraembryonic visceral endoderm
GTCGAATTCGGAGTGA,Primitive erythroid cells
GTCGCGAAGCGGTAGT,Primitive erythroid cells
GTCGCGAAGGTAGTAT,Forebrain/midbrain
GTCGCGACAAGAGTGC,Spinal cord
GTCGCGACAAGGCAAC,Forebrain/midbrain
GTCGCGACAATACCCA,Hematoendothelial progenitors
GTCGCGACACATTGTG,Endothelium
GTCGCGAGTATGACAA,Extraembryonic visceral endoderm
GTCGCGAGTGACTGTT,Surface ectoderm
GTCGCGAGTGCCTACG,Extraembryonic visceral endoderm
GTCGCGATCGAAGCCC,Hindbrain
GTCGCGATCGGCGATC,Forebrain/midbrain
GTCGTAAAGATGCTTC,Surface ectoderm
GTCGTAAAGGTGGTTG,Hindbrain
GTCGTAAAGTAATCCC,NMP
GTCGTAACAAGGACAC,Forebrain/midbrain
GTCGTAACAGATTTCG,Lateral plate and intermediate mesoderm
GTCGTAACAGCTTCCT,Primitive erythroid cells
GTCGTAAGTAAGTTAG,Endothelium
GTCGTAAGTAATGATG,Primitive erythroid cells
GTCGTAAGTCTGTTAG,Primitive erythroid cells
GTCGTAAGTTAGAAGT,NMP
GTCGTAAGTTGCTCCT,Lateral plate and intermediate mesoderm
GTCGTAAGTTGCTGAT,Allantois
GTCGTAATCAATCTTC,Primitive erythroid cells
GTCGTAATCATGCATG,Extraembryonic visceral endoderm
GTCGTAATCGAAGAAT,Primitive erythroid cells
GTCGTTCAGAGCACTG,Primitive erythroid cells
GTCGTTCAGGTCACTT,Lateral plate and intermediate mesoderm
GTCGTTCCACGCAGTC,NMP
GTCGTTCCAGCATACT,Lateral plate and intermediate mesoderm
GTCGTTCCATCCAATG,NMP
GTCGTTCGTGACACGA,Gut endoderm
GTCGTTCGTTGTCTAG,Endothelium
GTCGTTCTCCGTGTAA,Extraembryonic visceral endoderm
GTCGTTCTCCTGTTAT,Extraembryonic visceral endoderm
GTCGTTCTCTGTTCAT,Primitive erythroid cells
GTCGTTCTCTTGGGCG,Primitive erythroid cells
GTCTACCAGAAGCGCT,Surface ectoderm
GTCTACCAGACGGAAA,Forebrain/midbrain
GTCTACCAGCGACCCT,Amniotic ectoderm
GTCTACCAGGAAGTGA,Amniotic ectoderm
GTCTACCAGGTCGTCC,Primitive erythroid cells
GTCTACCAGTCTCTGA,Primitive erythroid cells
GTCTACCAGTGGTGAC,Primitive erythroid cells
GTCTACCCAAAGTGTA,Gut endoderm
GTCTACCCAACCCTCT,Surface ectoderm
GTCTACCCAAGACGGT,Extraembryonic visceral endoderm
GTCTACCCACTCCTTG,Endothelium
GTCTACCCAGAGTGAC,Lateral plate and intermediate mesoderm
GTCTACCCAGCCCAGT,Primitive erythroid cells
GTCTACCCATATCTGG,Forebrain/midbrain
GTCTACCCATATGGCT,Forebrain/midbrain
GTCTACCCATCGGATT,Hindbrain
GTCTACCGTCAGTTTG,Hindbrain
GTCTACCGTGCATTAC,Surface ectoderm
GTCTACCGTTCCGTTC,Forebrain/midbrain
GTCTACCTCAAATAGG,Primitive erythroid cells
GTCTACCTCATTATCC,Forebrain/midbrain
GTCTACCTCCATTTAC,Gut endoderm
GTCTACCTCCGAAGGA,NMP
GTCTACCTCGGCATTA,Allantois
GTCTACCTCGTGGACC,Extraembryonic visceral endoderm
GTCTAGAAGAGAGCCT,Extraembryonic visceral endoderm
GTCTAGAAGCCGATAG,Hindbrain
GTCTAGAAGCGACTTT,Amniotic ectoderm
GTCTAGAAGGGCCTCT,Paraxial mesoderm
GTCTAGAAGTAGCATA,Primitive erythroid cells
GTCTAGAAGTCCCTAA,Lateral plate and intermediate mesoderm
GTCTAGAAGTTCGGTT,Cranial neural crest
GTCTAGACAATGAGCG,Primitive erythroid cells
GTCTAGACATAGCACT,NMP
GTCTAGACATGGGATG,Extraembryonic visceral endoderm
GTCTAGACATGTACGT,Primitive erythroid cells
GTCTAGAGTAGATCCT,Primitive erythroid cells
GTCTAGAGTCTAATCG,Surface ectoderm
GTCTAGATCAGCATTG,Gut endoderm
GTCTAGATCATTCGGA,Extraembryonic visceral endoderm
GTCTAGATCCCTATTA,Gut endoderm
GTCTAGATCGACCATA,Primitive erythroid cells
GTCTAGATCGCGCCAA,Primitive erythroid cells
GTCTAGATCGCTACAA,Hindbrain
GTCTAGATCGGAATTC,Forebrain/midbrain
GTCTCACAGCCTGAGA,Primitive erythroid cells
GTCTCACAGGTGTGAC,Primitive erythroid cells
GTCTCACAGTTTGAGA,Primitive erythroid cells
GTCTCACCAAAGGTTA,Extraembryonic visceral endoderm
GTCTCACCAAGCCTGC,Primitive erythroid cells
GTCTCACCAATGGCAG,Primitive erythroid cells
GTCTCACCACCTCGTT,Extraembryonic visceral endoderm
GTCTCACCAGCATGCC,Primitive erythroid cells
GTCTCACCAGGTTACT,Lateral plate and intermediate mesoderm
GTCTCACCAGTGCCTG,Endothelium
GTCTCACCATGACTGT,NMP
GTCTCACCATTCAGCA,Primitive erythroid cells
GTCTCACGTGCTGATT,Gut endoderm
GTCTCACTCATCGCTC,Lateral plate and intermediate mesoderm
GTCTCACTCGAAATCC,Cranial neural crest
GTCTCACTCTATACTC,Extraembryonic visceral endoderm
GTCTCACTCTTAGGAC,Hindbrain
GTCTGTCAGAAGTCTA,Gut endoderm
GTCTGTCCAGCCCACA,Lateral plate and intermediate mesoderm
GTCTGTCCAGCGACAA,Forebrain/midbrain
GTCTGTCCATATACCG,Primitive erythroid cells
GTCTGTCCATGGATCT,Surface ectoderm
GTCTGTCCATGGCCCA,Primitive erythroid cells
GTCTGTCGTAAGTTGA,Lateral plate and intermediate mesoderm
GTCTGTCGTCGTCTCT,Extraembryonic visceral endoderm
GTCTGTCGTGCCTTCT,Lateral plate and intermediate mesoderm
GTCTGTCTCATGGGAG,Extraembryonic visceral endoderm
GTCTGTCTCCAGTGCG,NMP
GTCTTTAAGAACTTCC,Surface ectoderm
GTCTTTAAGGTCATCT,Paraxial mesoderm
GTCTTTAAGTAGTCTC,Primitive erythroid cells
GTCTTTAAGTTGAAAC,Allantois
GTCTTTACAGTAGGAC,Lateral plate and intermediate mesoderm
GTCTTTAGTAACAAGT,Primitive erythroid cells
GTCTTTAGTAACGATA,Hindbrain
GTCTTTAGTATGGTAA,Primitive erythroid cells
GTCTTTAGTGAAGCTG,Allantois
GTCTTTAGTGGAGGTT,Extraembryonic visceral endoderm
GTCTTTAGTTCCTTGC,Primitive erythroid cells
GTCTTTATCGTGGACC,Primitive erythroid cells
GTCTTTATCGTTTACT,Surface ectoderm
GTGACGCAGAAATTGC,Lateral plate and intermediate mesoderm
GTGACGCAGCTACTAC,Endothelium
GTGACGCCAACACAGG,Hindbrain
GTGACGCCAAGCGGAT,Allantois
GTGACGCCATACGCAT,Endothelium
GTGACGCCATCGGTTA,Primordial germ cells
GTGACGCGTTAACAGA,Cranial neural crest
GTGACGCGTTCGGTTA,Extraembryonic visceral endoderm
GTGACGCTCCAAGGGA,Hematoendothelial progenitors
GTGACGCTCCATCGTC,Gut endoderm
GTGACGCTCGCGTAGC,Surface ectoderm
GTGACGCTCGTGGCGT,Gut endoderm
GTGACGCTCTACTGAG,Extraembryonic visceral endoderm
GTGACGCTCTCCTACG,Paraxial mesoderm
GTGAGCCAGCCATTCA,Primitive erythroid cells
GTGAGCCAGCTTTCCC,Surface ectoderm
GTGAGCCAGGGTCTTT,Extraembryonic visceral endoderm
GTGAGCCAGGGTGGGA,Primitive erythroid cells
GTGAGCCAGTGTACCT,Extraembryonic visceral endoderm
GTGAGCCCAGAGGACT,Primitive erythroid cells
GTGAGCCGTATGAGAT,Extraembryonic visceral endoderm
GTGAGCCGTCAAGTTC,Surface ectoderm
GTGAGCCGTCGCAGTC,Surface ectoderm
GTGAGCCGTCGTCATA,NMP
GTGAGCCGTGAGATAT,Spinal cord
GTGAGCCTCAAGCGTT,Primitive erythroid cells
GTGAGCCTCATCTATC,Primitive erythroid cells
GTGAGCCTCCCAGGAC,Paraxial mesoderm
GTGAGCCTCGGAATTC,Primitive erythroid cells
GTGAGCCTCGGATTAC,Cranial neural crest
GTGAGCCTCTGACAGT,Gut endoderm
GTGAGGAAGAACCGCA,Lateral plate and intermediate mesoderm
GTGAGGAAGAACTGAT,First heart field
GTGAGGAAGATGGGCT,NMP
GTGAGGAAGGGTCTTT,Primitive erythroid cells
GTGAGGACAACGATCT,Cranial neural crest
GTGAGGACAGCCTATA,Primitive erythroid cells
GTGAGGACAGGAACCA,Gut endoderm
GTGAGGACATACAGGG,Primitive erythroid cells
GTGAGGAGTGTCCATA,Amniotic ectoderm
GTGAGGAGTTTGTTCT,Surface ectoderm
GTGAGGATCAAGCTGT,Extraembryonic visceral endoderm
GTGAGGATCACTCGAA,Lateral plate and intermediate mesoderm
GTGAGGATCGATACTG,Primitive erythroid cells
GTGAGGATCGCTCTAC,Endothelium
GTGAGGATCTACGCAA,NMP
GTGAGTTAGGCGCTTC,Amniotic ectoderm
GTGAGTTAGTAGTCAA,Primitive erythroid cells
GTGAGTTAGTCTCCTC,Surface ectoderm
GTGAGTTAGTTTCTTC,Extraembryonic visceral endoderm
GTGAGTTCAACTGCTA,Primitive erythroid cells
GTGAGTTCAAGATCCT,NMP
GTGAGTTCACAGTGAG,Extraembryonic visceral endoderm
GTGAGTTCAGATTAAG,Forebrain/midbrain
GTGAGTTCATTCACCC,Extraembryonic visceral endoderm
GTGAGTTGTAGCTTGT,Paraxial mesoderm
GTGAGTTGTCGGCCTA,Primitive erythroid cells
GTGAGTTGTTGCATTG,Paraxial mesoderm
GTGAGTTTCAACGAGG,Cranial neural crest
GTGAGTTTCCTCACCA,Surface ectoderm
GTGAGTTTCTCGTCAC,Placodal area
GTGATGTAGCGCATCC,Primitive erythroid cells
GTGATGTAGTCTCCTC,Forebrain/midbrain
GTGATGTCAATCAAGA,Primitive erythroid cells
GTGATGTCAGGAGGAG,Endothelium
GTGATGTCAGGTGGAT,Primitive erythroid cells
GTGATGTCAGTAGTTC,Primitive erythroid cells
GTGATGTGTCGATTAC,Forebrain/midbrain
GTGATGTGTCTTGAGT,Primitive erythroid cells
GTGATGTTCACAGTGT,Primitive erythroid cells
GTGATGTTCAGGTGTT,Extraembryonic visceral endoderm
GTGCACGAGATACCAA,Cranial neural crest
GTGCACGAGCTAATCC,Gut endoderm
GTGCACGAGTCACTGT,Hematoendothelial progenitors
GTGCACGAGTCCTGCG,Primitive erythroid cells
GTGCACGCAAGCGCAA,Cranial neural crest
GTGCACGCAAGTGATA,Forebrain/midbrain
GTGCACGCACGCGCTA,Primitive erythroid cells
GTGCACGCAGGACTTT,Hematoendothelial progenitors
GTGCACGCAGGTGGAT,Forebrain/midbrain
GTGCACGCATGAGATA,Paraxial mesoderm
GTGCACGCATGGGAAC,Extraembryonic visceral endoderm
GTGCACGCATTCATCT,Gut endoderm
GTGCACGGTCGAATTC,Primitive erythroid cells
GTGCACGGTGACTCGC,Extraembryonic visceral endoderm
GTGCACGGTGCTCTTC,Primitive erythroid cells
GTGCACGGTGGCTGCT,Primitive erythroid cells
GTGCACGGTGGCTTAT,Gut endoderm
GTGCACGTCACATCAG,Allantois
GTGCACGTCCGGCAAC,Lateral plate and intermediate mesoderm
GTGCACGTCGTAGGGA,Primitive erythroid cells
GTGCAGCAGATTACCC,Endothelium
GTGCAGCAGCTTGTTG,Surface ectoderm
GTGCAGCAGGATTTAG,Placodal area
GTGCAGCCAAAGTGTA,Extraembryonic visceral endoderm
GTGCAGCCACCTGCTT,Surface ectoderm
GTGCAGCCAGTAGAGC,Primitive erythroid cells
GTGCAGCGTACCCACG,Paraxial mesoderm
GTGCAGCGTACCGGCT,Primitive erythroid cells
GTGCAGCGTGTTTACG,Primitive erythroid cells
GTGCAGCTCAAGATAG,Hindbrain
GTGCGTGAGGCTTAGG,Forebrain/midbrain
GTGCGTGAGTCGGCAA,Gut endoderm
GTGCGTGCAACAAGAT,Hindbrain
GTGCGTGCAACTGTGT,Primitive erythroid cells
GTGCGTGCACCTGATA,Extraembryonic visceral endoderm
GTGCGTGCACGCACCA,Forebrain/midbrain
GTGCGTGCAGAGGAAA,Extraembryonic visceral endoderm
GTGCGTGGTACGGGAT,Surface ectoderm
GTGCGTGGTCCGGACT,Allantois
GTGCGTGGTGTCTTAG,Forebrain/midbrain
GTGCGTGGTTAAGACA,Cranial neural crest
GTGCGTGGTTATCCAG,NMP
GTGCGTGGTTCGTTCC,Extraembryonic visceral endoderm
GTGCGTGTCACTCACC,Primitive erythroid cells
GTGCTGGAGAGGATGA,Endothelium
GTGCTGGAGATGTAGT,Extraembryonic visceral endoderm
GTGCTGGAGGAAACGA,Hindbrain
GTGCTGGCAGGAGGAG,Allantois
GTGCTGGCATCGGATT,Primitive erythroid cells
GTGCTGGGTCCACGCA,Hindbrain
GTGCTGGTCAAACGAA,Primitive erythroid cells
GTGCTGGTCACATACG,Forebrain/midbrain
GTGCTGGTCATGCCAA,Primitive erythroid cells
GTGCTGGTCCTAACAG,Extraembryonic visceral endoderm
GTGCTGGTCGCAGTGC,Hindbrain
GTGCTGGTCGTCTACC,Hindbrain
GTGCTGGTCTAAACGC,Primitive erythroid cells
GTGCTTCAGAAATTCG,First heart field
GTGCTTCAGAGCCTGA,Primitive erythroid cells
GTGCTTCAGCTGAGTG,Primitive erythroid cells
GTGCTTCAGGATTTCC,Extraembryonic visceral endoderm
GTGCTTCAGGCAGGGA,Primitive erythroid cells
GTGCTTCAGGGCGAGA,Primitive erythroid cells
GTGCTTCCAAATGCTC,Surface ectoderm
GTGCTTCCAATCAAGA,Primitive erythroid cells
GTGCTTCCAGCTACCG,Gut endoderm
GTGCTTCCAGGAGGAG,Primitive erythroid cells
GTGCTTCGTAACCCGC,NMP
GTGCTTCGTAGGTAGC,Notochord
GTGCTTCGTCTCTCTG,Gut endoderm
GTGCTTCGTGCATTAC,Extraembryonic visceral endoderm
GTGCTTCTCGACCTAA,Primitive erythroid cells
GTGCTTCTCGATGCAT,Extraembryonic visceral endoderm
GTGCTTCTCTAGTGTG,Surface ectoderm
GTGCTTCTCTCATGCC,Extraembryonic visceral endoderm
GTGGAAGAGACCAGAC,Primitive erythroid cells
GTGGAAGCAAGTTCCA,Extraembryonic visceral endoderm
GTGGAAGCACTGTCCT,Surface ectoderm
GTGGAAGCAGTTTCGA,Forebrain/midbrain
GTGGAAGGTAGATGTA,Surface ectoderm
GTGGAAGGTATCTCGA,Primitive erythroid cells
GTGGAAGGTATTGCCA,Hindbrain
GTGGAAGGTGATGGCA,Hindbrain
GTGGAAGTCCATGCAA,Notochord
GTGGAAGTCCTAACAG,Primitive erythroid cells
GTGGAAGTCGAGTTGT,Lateral plate and intermediate mesoderm
GTGGAAGTCGGCATCG,Primitive erythroid cells
GTGGAAGTCTCCTGAC,Primitive erythroid cells
GTGGAAGTCTTCGTAT,Primitive erythroid cells
GTGGAAGTCTTCTTCC,Extraembryonic visceral endoderm
GTGGAGAAGAGTGGCT,Surface ectoderm
GTGGAGAAGATGACAT,Surface ectoderm
GTGGAGAAGTCACAGG,Gut endoderm
GTGGAGAAGTTCCGTA,Paraxial mesoderm
GTGGAGACAAGGAGTC,Primitive erythroid cells
GTGGAGACAAGGCGTA,Cranial neural crest
GTGGAGACACAACGTT,Primitive erythroid cells
GTGGAGACACGACAGA,Paraxial mesoderm
GTGGAGACACTCTGCT,NMP
GTGGAGAGTATCCCTC,Cranial neural crest
GTGGAGAGTTACAGCT,Forebrain/midbrain
GTGGAGAGTTCGTGCG,Primitive erythroid cells
GTGGAGATCGCAGTTA,NMP
GTGGAGATCTGATTCT,Paraxial mesoderm
GTGGCGTAGACCAAAT,Gut endoderm
GTGGCGTAGAGTCTGG,Forebrain/midbrain
GTGGCGTAGGAATCGC,Hindbrain
GTGGCGTAGGATGAGA,Primitive erythroid cells
GTGGCGTGTATGCGTT,Surface ectoderm
GTGGCGTGTGATTCAC,First heart field
GTGGCGTGTGCGCTCA,Forebrain/midbrain
GTGGCGTGTGTCTTCC,Lateral plate and intermediate mesoderm
GTGGCGTTCCGCATAA,Extraembryonic visceral endoderm
GTGGCGTTCGCACGGT,Forebrain/midbrain
GTGGCGTTCGGTAGAG,Surface ectoderm
GTGGGAAAGACAGCTG,Forebrain/midbrain
GTGGGAAAGTCCCAGC,Forebrain/midbrain
GTGGGAAAGTCCTGTA,Primitive erythroid cells
GTGGGAAAGTGGACTG,Hematoendothelial progenitors
GTGGGAAAGTTAGTGA,Hindbrain
GTGGGAACACACGTGC,Primitive erythroid cells
GTGGGAACAGAACTCT,Primitive erythroid cells
GTGGGAACAGTGGTGA,Extraembryonic visceral endoderm
GTGGGAACATCGAAGG,First heart field
GTGGGAAGTGGGATTG,Forebrain/midbrain
GTGGGAATCGAGTGAG,First heart field
GTGGGAATCGGCCAAC,Amniotic ectoderm
GTGGGAATCTAATTCC,NMP
GTGGTTAAGCTAGAGC,Gut endoderm
GTGGTTAAGGAACATT,Primitive erythroid cells
GTGGTTACAGTCAGAG,Forebrain/midbrain
GTGGTTAGTAAGATAC,Extraembryonic visceral endoderm
GTGGTTAGTAGACAAT,Primitive erythroid cells
GTGGTTAGTGCGAGTA,Primitive erythroid cells
GTGGTTATCGAGCACC,Hindbrain
GTGGTTATCTAGTCAG,NMP
GTGGTTATCTGGAAGG,Primordial germ cells
GTGGTTATCTGGAGAG,Primitive erythroid cells
GTGTAACAGGAGGGTG,Primitive erythroid cells
GTGTAACAGGTGCCTC,Primitive erythroid cells
GTGTAACAGTCAACAA,Primitive erythroid cells
GTGTAACAGTCAAGCG,Allantois
GTGTAACAGTCACTAC,Placodal area
GTGTAACCAGACAATA,Endothelium
GTGTAACCAGTTACCA,Endothelium
GTGTAACGTCATACCA,Primitive erythroid cells
GTGTAACGTCTCACGG,Extraembryonic visceral endoderm
GTGTAACGTTAGGCCC,Placodal area
GTGTAACGTTCTCGCT,Extraembryonic visceral endoderm
GTGTAACTCGTCCTTG,NMP
GTGTCCTAGATCGCTT,Primitive erythroid cells
GTGTCCTAGCAGCCTC,Forebrain/midbrain
GTGTCCTAGCAGGCAT,Primitive erythroid cells
GTGTCCTAGCGATTCT,Primitive erythroid cells
GTGTCCTAGTACGTCT,Gut endoderm
GTGTCCTCACGTTGGC,Surface ectoderm
GTGTCCTCAGACGATG,Hindbrain
GTGTCCTCATAGCTGT,Allantois
GTGTCCTCATGGGAAC,Surface ectoderm
GTGTCCTCATTGTGCA,Surface ectoderm
GTGTCCTGTGCCCGTA,Lateral plate and intermediate mesoderm
GTGTCCTGTGTCATTG,Endothelium
GTGTCCTGTTCGGTTA,Surface ectoderm
GTGTCCTTCAAGTGTC,Forebrain/midbrain
GTGTCCTTCATTCATC,Primitive erythroid cells
GTGTCCTTCCCTCGTA,Extraembryonic visceral endoderm
GTGTCCTTCTCTGCCA,Primitive erythroid cells
GTGTGATAGAGCTGAC,Extraembryonic visceral endoderm
GTGTGATAGGTTCATC,Primitive erythroid cells
GTGTGATAGTTTCTTC,Endothelium
GTGTGATCACAAGCCC,Primitive erythroid cells
GTGTGATCAGATAAAC,Primitive erythroid cells
GTGTGATGTACACGTT,Lateral plate and intermediate mesoderm
GTGTGATGTCACCTTC,Hindbrain
GTGTGATGTCTTCATT,Allantois
GTGTGATGTGCCGGTT,Extraembryonic visceral endoderm
GTGTGATTCGACGCTG,Extraembryonic visceral endoderm
GTGTGATTCGCGTGCA,Hindbrain
GTGTGATTCTATACTC,Primitive erythroid cells
GTGTGGCAGGCATCTT,Primitive erythroid cells
GTGTGGCAGTGAGTTA,Hindbrain
GTGTGGCAGTTGTAAG,Primitive erythroid cells
GTGTGGCCACTAAACC,Surface ectoderm
GTGTGGCCATACGCAT,Forebrain/midbrain
GTGTGGCCATAGGAGC,Gut endoderm
GTGTGGCCATCCGGTG,Lateral plate and intermediate mesoderm
GTGTGGCGTACGGATG,Gut endoderm
GTGTGGCGTAGACAAT,NMP
GTGTGGCGTAGCGATG,Endothelium
GTGTGGCGTCAACCAT,Allantois
GTGTGGCGTCAAGTTC,Endothelium
GTGTGGCGTCCGGATC,Primitive erythroid cells
GTGTGGCGTGCTGCAC,Extraembryonic visceral endoderm
GTGTGGCGTGGTATGG,Extraembryonic visceral endoderm
GTGTGGCTCCATCGTC,Forebrain/midbrain
GTGTGGCTCGCACGAC,Primitive erythroid cells
GTGTTAGAGACATGCG,Primitive erythroid cells
GTGTTAGAGAGCTTTC,Primitive erythroid cells
GTGTTAGAGCGAACTG,Primitive erythroid cells
GTGTTAGAGGTGAGAA,Primitive erythroid cells
GTGTTAGCAACCGTAT,Extraembryonic visceral endoderm
GTGTTAGCAATCGCAT,Primitive erythroid cells
GTGTTAGCACAGTGTT,Gut endoderm
GTGTTAGCATGACTCA,Primitive erythroid cells
GTGTTAGGTCAGTCGC,Forebrain/midbrain
GTGTTAGGTGTATCCA,Lateral plate and intermediate mesoderm
GTGTTAGGTGTTCCTC,NMP
GTGTTAGGTTCGTTCC,Primitive erythroid cells
GTGTTAGGTTGGCCGT,Surface ectoderm
GTGTTAGGTTTCAGAC,Primitive erythroid cells
GTGTTAGTCACCTTAT,Primitive erythroid cells
GTGTTAGTCCACTTCG,Gut endoderm
GTGTTAGTCGATCCCT,Primitive erythroid cells
GTGTTAGTCGGACGTC,Primitive erythroid cells
GTGTTAGTCTCGGCTT,Surface ectoderm
GTGTTAGTCTGCCCTA,NMP
GTGTTAGTCTGGCCTT,Primitive erythroid cells
GTGTTCCAGTTTCGGT,Primitive erythroid cells
GTGTTCCCAATTGGTC,Extraembryonic visceral endoderm
GTGTTCCCACGAAGAC,Primitive erythroid cells
GTGTTCCCATAGAGGC,Primitive erythroid cells
GTGTTCCGTGATATAG,NMP
GTGTTCCGTTTCCAAG,Forebrain/midbrain
GTGTTCCTCAGACAAA,Forebrain/midbrain
GTGTTCCTCCCTGGTT,Forebrain/midbrain
GTGTTCCTCGATTGAC,Lateral plate and intermediate mesoderm
GTGTTCCTCGCTACAA,NMP
GTGTTCCTCTCGAACA,Primitive erythroid cells
GTTACAGAGCAAGTGC,Gut endoderm
GTTACAGAGCTATCCA,Gut endoderm
GTTACAGAGCTTAGTC,Forebrain/midbrain
GTTACAGAGGAGAATG,Primitive erythroid cells
GTTACAGCAACTTCTT,Surface ectoderm
GTTACAGCAGAGGACT,NMP
GTTACAGGTACAGTAA,Endothelium
GTTACAGGTCTATGAC,NMP
GTTACAGGTGCCTATA,First heart field
GTTACAGGTGTTCGAT,Primitive erythroid cells
GTTACAGGTTAAAGTG,Amniotic ectoderm
GTTACAGGTTCCTTGC,Primitive erythroid cells
GTTACAGTCAAATGAG,Primitive erythroid cells
GTTACAGTCACGGACC,Primitive erythroid cells
GTTACAGTCGAAGTGG,Hindbrain
GTTACAGTCTTACGGA,Lateral plate and intermediate mesoderm
GTTACCCAGATTGTGA,NMP
GTTACCCAGCGACATG,Extraembryonic visceral endoderm
GTTACCCAGTAATACG,NMP
GTTACCCAGTGCACAG,Lateral plate and intermediate mesoderm
GTTACCCCAAATAAGC,Forebrain/midbrain
GTTACCCCAGTAACCT,Extraembryonic visceral endoderm
GTTACCCTCGAGTCTA,Endothelium
GTTACCCTCGGTCATA,NMP
GTTACCCTCTGCTAGA,Primitive erythroid cells
GTTACGAAGACATACA,Lateral plate and intermediate mesoderm
GTTACGAAGACGACTG,Cranial neural crest
GTTACGAAGGCTCCCA,Lateral plate and intermediate mesoderm
GTTACGACATACGCAT,Notochord
GTTACGATCCTTGAAG,Primitive erythroid cells
GTTACGATCGATTCCC,Amniotic ectoderm
GTTACGATCGCAGAGA,Primitive erythroid cells
GTTACGATCGCGAAGA,Primitive erythroid cells
GTTACGATCTTGTGCC,NMP
GTTAGACAGACGATAT,Extraembryonic visceral endoderm
GTTAGACAGCTCGGCT,Cranial neural crest
GTTAGACCAACCACGC,Paraxial mesoderm
GTTAGACCACATGGTT,NMP
GTTAGACCATTGGATC,Allantois
GTTAGACGTCTTGCTC,Forebrain/midbrain
GTTAGTGAGAGCAGCT,Primitive erythroid cells
GTTAGTGAGGTCATCT,NMP
GTTAGTGGTCGTGATT,Extraembryonic visceral endoderm
GTTAGTGGTTCCTTGC,Primitive erythroid cells
GTTAGTGTCAAACGTC,Primitive erythroid cells
GTTAGTGTCATCGCAA,Primitive erythroid cells
GTTAGTGTCCAAATGC,Hindbrain
GTTAGTGTCCTCAGAA,Extraembryonic visceral endoderm
GTTAGTGTCGCTGACG,Hindbrain
GTTAGTGTCTACCACC,Surface ectoderm
GTTAGTGTCTGAGGTT,Primitive erythroid cells
GTTATGGAGAGTTGAT,Extraembryonic visceral endoderm
GTTATGGAGGATGGCT,Hindbrain
GTTATGGCAAGAAATC,Forebrain/midbrain
GTTATGGCATCCAACA,Lateral plate and intermediate mesoderm
GTTATGGGTATCTCTT,Hindbrain
GTTATGGGTCCGTTTC,Forebrain/midbrain
GTTATGGGTCTGTAGT,Lateral plate and intermediate mesoderm
GTTATGGGTTGGCTAT,Primitive erythroid cells
GTTATGGTCATCACAG,Primitive erythroid cells
GTTATGGTCCCTAGGG,Extraembryonic visceral endoderm
GTTATGGTCGAGAGAC,Paraxial mesoderm
GTTATGGTCTCCACTG,Lateral plate and intermediate mesoderm
GTTCATTAGACCATGG,Forebrain/midbrain
GTTCATTAGATGGCAC,Primitive erythroid cells
GTTCATTAGCAATTAG,Extraembryonic visceral endoderm
GTTCATTAGCTAAACA,Primitive erythroid cells
GTTCATTAGTTGTAAG,Gut endoderm
GTTCATTCACTGAGGA,Primitive erythroid cells
GTTCATTCATCATTGG,Extraembryonic visceral endoderm
GTTCATTCATCGAACT,Primitive erythroid cells
GTTCATTGTGTGTTTG,Primitive erythroid cells
GTTCATTGTTCCGTTC,Primitive erythroid cells
GTTCATTTCACCTGGG,Forebrain/midbrain
GTTCATTTCATTGTTC,Primitive erythroid cells
GTTCATTTCTTGAACG,Extraembryonic visceral endoderm
GTTCCGTAGCATGATA,Primitive erythroid cells
GTTCCGTAGCGACCCT,Hindbrain
GTTCCGTAGCGTGTTT,Primitive erythroid cells
GTTCCGTAGGTTACCT,Allantois
GTTCCGTAGTAGGAAG,Extraembryonic visceral endoderm
GTTCCGTAGTCTCTGA,Amniotic ectoderm
GTTCCGTCACTAACGT,Endothelium
GTTCCGTGTCCTACGG,Primitive erythroid cells
GTTCCGTGTGCATGAG,Cranial neural crest
GTTCCGTTCCTGCTAC,Lateral plate and intermediate mesoderm
GTTCCGTTCCTTCGAC,Primitive erythroid cells
GTTCCGTTCTCTCGCA,Endothelium
GTTCGCTAGACTGGGT,Lateral plate and intermediate mesoderm
GTTCGCTCAACAGAGC,Surface ectoderm
GTTCGCTCACGACGCT,Cranial neural crest
GTTCGCTCATCCGTGG,Forebrain/midbrain
GTTCGCTCATTGAAGA,Forebrain/midbrain
GTTCGCTGTAGAGATT,Primitive erythroid cells
GTTCTATAGAACCGCA,Primitive erythroid cells
GTTCTATAGCTATCCA,Hindbrain
GTTCTATAGGCACTAG,Lateral plate and intermediate mesoderm
GTTCTATAGGTCCCTG,Hindbrain
GTTCTATAGTACTGGG,NMP
GTTCTATCACCATTCC,Extraembryonic visceral endoderm
GTTCTATCATCGGCCA,Forebrain/midbrain
GTTCTATCATGGCTAT,Lateral plate and intermediate mesoderm
GTTCTATGTGGTCTCG,Surface ectoderm
GTTCTATGTTACGTAC,Extraembryonic visceral endoderm
GTTCTATGTTCGGTTA,Primitive erythroid cells
GTTCTATTCCGCAACG,Extraembryonic visceral endoderm
GTTCTATTCGACGATT,Extraembryonic visceral endoderm
GTTCTATTCGATTCCC,Cranial neural crest
GTTCTATTCGGTCTAA,Allantois
GTTGAACAGACATAGT,Primitive erythroid cells
GTTGAACAGACTTGTC,Primitive erythroid cells
GTTGAACAGAGAGGTA,Gut endoderm
GTTGAACAGCATAGGC,Surface ectoderm
GTTGAACCACCGGTCA,Cranial neural crest
GTTGAACCACGGTGCT,Endothelium
GTTGAACCAGAGCCCT,Primitive erythroid cells
GTTGAACGTAATCAAG,Forebrain/midbrain
GTTGAACGTCCGGTGT,Surface ectoderm
GTTGAACGTTACAGCT,Extraembryonic visceral endoderm
GTTGAACGTTGCCATA,Surface ectoderm
GTTGAACTCAAGGCTT,Hematoendothelial progenitors
GTTGAACTCACCCTTG,Gut endoderm
GTTGAACTCGGACCAC,Primitive erythroid cells
GTTGAACTCGTACCTC,Forebrain/midbrain
GTTGCGGAGAAGCTGC,Primitive erythroid cells
GTTGCGGAGAGAACCC,Placodal area
GTTGCGGAGCATGGGT,Surface ectoderm
GTTGCGGAGGCTTAAA,Extraembryonic visceral endoderm
GTTGCGGGTGACGCCT,Endothelium
GTTGCGGGTTAGCTAC,Primitive erythroid cells
GTTGCGGTCATGTCTT,Amniotic ectoderm
GTTGCTCAGGGACTGT,Extraembryonic visceral endoderm
GTTGCTCAGTCAGCCC,Forebrain/midbrain
GTTGCTCAGTCATCGT,NMP
GTTGCTCAGTCATGGG,Cranial neural crest
GTTGCTCGTAATGATG,Extraembryonic visceral endoderm
GTTGCTCGTTGAGGAC,Spinal cord
GTTGCTCGTTGCGGCT,Extraembryonic visceral endoderm
GTTGCTCTCCGAAATC,Primitive erythroid cells
GTTGCTCTCTCTCTTC,Forebrain/midbrain
GTTGTAGAGATCCCAT,Primitive erythroid cells
GTTGTAGAGGTATTGA,Hindbrain
GTTGTAGCACCTTCCA,Primitive erythroid cells
GTTGTAGGTCCCAAAT,Endothelium
GTTGTAGGTGGAGAAA,Primitive erythroid cells
GTTGTAGGTTTCTATC,Endothelium
GTTGTAGTCAGGTAAA,Lateral plate and intermediate mesoderm
GTTGTAGTCGGAACTT,Primitive erythroid cells
GTTGTCCAGGATCACG,Forebrain/midbrain
GTTGTCCAGTTCACTG,Primitive erythroid cells
GTTGTCCCAAGATCCT,Primitive erythroid cells
GTTGTCCCACACACGC,Amniotic ectoderm
GTTGTCCCACATGTTG,Surface ectoderm
GTTGTCCCACGCTGTG,Placodal area
GTTGTCCCACTCTCGT,Paraxial mesoderm
GTTGTCCGTGGACCTC,Primitive erythroid cells
GTTGTCCGTTGCAACT,Primitive erythroid cells
GTTGTCCTCAGACAAA,Amniotic ectoderm
GTTGTCCTCCCGGTAG,Primitive erythroid cells
GTTGTCCTCGGTATGT,Endothelium
GTTGTCCTCTACTTCA,Primitive erythroid cells
GTTGTCCTCTCCGAAA,Amniotic ectoderm
GTTGTCCTCTGTCGTC,Primitive erythroid cells
GTTGTGAAGAAACACT,Gut endoderm
GTTGTGAAGACAGTCG,Extraembryonic visceral endoderm
GTTGTGAAGAGTAACT,Forebrain/midbrain
GTTGTGAAGCAAGGAA,Extraembryonic visceral endoderm
GTTGTGAAGGAATTAC,Primitive erythroid cells
GTTGTGAAGTAAAGCT,Hindbrain
GTTGTGAAGTGCTCAT,Primitive erythroid cells
GTTGTGACACCCGTAG,Extraembryonic visceral endoderm
GTTGTGACACCTGTCT,Paraxial mesoderm
GTTGTGACACTAACCA,Primitive erythroid cells
GTTGTGACAGGTCAGA,Extraembryonic visceral endoderm
GTTGTGACATTCGATG,Primitive erythroid cells
GTTGTGACATTCTTCA,Endothelium
GTTGTGAGTAGTAAGT,Gut endoderm
GTTGTGAGTCGACGCT,Hindbrain
GTTGTGAGTTTCGGCG,Primitive erythroid cells
GTTGTGATCAATGTCG,Primitive erythroid cells
GTTGTGATCAGCACCG,Surface ectoderm
GTTTACTAGAGTCCGA,NMP
GTTTACTAGGCAATGC,NMP
GTTTACTAGGCTGAAC,Paraxial mesoderm
GTTTACTCAACCCTCT,Paraxial mesoderm
GTTTACTCACAGCATT,Lateral plate and intermediate mesoderm
GTTTACTCACCGGTCA,Primitive erythroid cells
GTTTACTCAGTTTCGA,Primitive erythroid cells
GTTTACTCATATCTCT,Paraxial mesoderm
GTTTACTCATGTGGTT,Primitive erythroid cells
GTTTACTGTACAGGTG,Placodal area
GTTTACTGTGCCTATA,Extraembryonic visceral endoderm
GTTTACTGTTTCTATC,Surface ectoderm
GTTTACTTCAGCTGTA,Primitive erythroid cells
GTTTACTTCATTGCCC,Paraxial mesoderm
GTTTACTTCCGACAGC,Allantois
GTTTACTTCGTTCCCA,NMP
GTTTGGAAGAGCTGAC,Gut endoderm
GTTTGGAAGCTCGCAC,Amniotic ectoderm
GTTTGGAAGGATGCGT,NMP
GTTTGGAAGGCCTAAG,NMP
GTTTGGACACATTGTG,Gut endoderm
GTTTGGACACGATTCA,Surface ectoderm
GTTTGGACATTCTGTT,Hematoendothelial progenitors
GTTTGGAGTATTGAGA,Primitive erythroid cells
GTTTGGAGTCGCTCGA,Primitive erythroid cells
GTTTGGAGTGGTTCTA,Surface ectoderm
GTTTGGATCATAAGGA,Surface ectoderm
GTTTGGATCATTGTTC,Extraembryonic visceral endoderm
GTTTGGATCCTGCCAT,Hematoendothelial progenitors
GTTTGGATCTCCTGAC,Hematoendothelial progenitors
GTTTGGATCTCTCGCA,Hindbrain
GTTTGGATCTTTCGAT,Lateral plate and intermediate mesoderm
TAACACGAGAGATTCA,Second heart field
TAACACGAGCGACATG,Primitive erythroid cells
TAACACGAGCTTACGT,Placodal area
TAACACGAGGCGAACT,Primitive erythroid cells
TAACACGCAGATTCGT,Primitive erythroid cells
TAACACGCAGTGTATC,Extraembryonic visceral endoderm
TAACACGCATACAGCT,Primitive erythroid cells
TAACACGCATGACTGT,Extraembryonic visceral endoderm
TAACACGGTAGCACGA,Primitive erythroid cells
TAACACGGTCCGTTTC,Primitive erythroid cells
TAACACGGTTTACCTT,Lateral plate and intermediate mesoderm
TAACACGTCAAATGCC,Lateral plate and intermediate mesoderm
TAACACGTCCAACTGA,Hindbrain
TAACACGTCCCGAGTG,Primitive erythroid cells
TAACACGTCGGCATAT,Amniotic ectoderm
TAACACGTCTGGGAGA,First heart field
TAACCAGAGAACGTGC,Extraembryonic visceral endoderm
TAACCAGAGCGTTACT,Forebrain/midbrain
TAACCAGAGGCGAACT,Primitive erythroid cells
TAACCAGCACTGATTG,Endothelium
TAACCAGTCAAGCGTT,Primitive erythroid cells
TAACCAGTCAGGCGAA,Primitive erythroid cells
TAACCAGTCATACAGC,Extraembryonic visceral endoderm
TAACCAGTCCTCAGGG,NMP
TAACCAGTCTGGCCTT,Hindbrain
TAACGACAGACCAGAC,Extraembryonic visceral endoderm
TAACGACAGAGTTCGG,Primitive erythroid cells
TAACGACAGCCTCTGG,Hindbrain
TAACGACAGGAAAGGT,Primitive erythroid cells
TAACGACCAACAAAGT,Primitive erythroid cells
TAACGACCAACATACC,Extraembryonic visceral endoderm
TAACGACCACCGTCTT,Forebrain/midbrain
TAACGACCAGCTCTGG,Primitive erythroid cells
TAACGACGTAGACTGG,Lateral plate and intermediate mesoderm
TAACGACTCCGAGGCT,Amniotic ectoderm
TAACGACTCGCGAAGA,Primitive erythroid cells
TAACGACTCGCGATCG,Allantois
TAACGACTCGTTCTGC,Extraembryonic visceral endoderm
TAACGACTCTATCGGA,Forebrain/midbrain
TAACGACTCTCGACGG,Primitive erythroid cells
TAACGACTCTGTCAGA,Primitive erythroid cells
TAACTTCAGCGGGTTA,Surface ectoderm
TAACTTCAGGAACGTC,Surface ectoderm
TAACTTCAGGTTATAG,Extraembryonic visceral endoderm
TAACTTCAGTCACGAG,Lateral plate and intermediate mesoderm
TAACTTCAGTCCCAAT,Paraxial mesoderm
TAACTTCCAAAGCAAT,Cranial neural crest
TAACTTCCAGAATTCC,First heart field
TAACTTCCATTGACCA,Lateral plate and intermediate mesoderm
TAACTTCGTACGATTC,Primitive erythroid cells
TAACTTCGTAGACAAT,Surface ectoderm
TAACTTCGTGCACGCT,Extraembryonic visceral endoderm
TAACTTCGTGGTCCGT,Cranial neural crest
TAACTTCGTTCCGGTG,Primitive erythroid cells
TAACTTCTCACAATGC,Placodal area
TAACTTCTCAGCAGAG,Forebrain/midbrain
TAACTTCTCGTCGATA,Forebrain/midbrain
TAAGCACAGACAGTCG,Extraembryonic visceral endoderm
TAAGCACAGGCCTTGC,Primitive erythroid cells
TAAGCACAGGGTTAAT,Primitive erythroid cells
TAAGCACAGTCAGGGT,Surface ectoderm
TAAGCACAGTTCGCAT,Second heart field
TAAGCACCAATTAGGA,Primitive erythroid cells
TAAGCACCAGACGATG,Primitive erythroid cells
TAAGCACCATCCTTCG,Gut endoderm
TAAGCACGTGATGAAT,Primitive erythroid cells
TAAGCACGTGCATTTG,Forebrain/midbrain
TAAGCACGTGCCGGTT,Surface ectoderm
TAAGCACTCGAGAGCA,Primitive erythroid cells
TAAGCACTCGATTTCT,Primitive erythroid cells
TAAGCACTCTAGACCA,Extraembryonic visceral endoderm
TAAGCACTCTGTCGCT,Primitive erythroid cells
TAAGCCAAGACGGTCA,Endothelium
TAAGCCAAGAGTTCGG,Lateral plate and intermediate mesoderm
TAAGCCAAGATGGTAT,First heart field
TAAGCCAAGCACTCTA,Extraembryonic visceral endoderm
TAAGCCAAGCTCGACC,Allantois
TAAGCCACACAAATCC,Surface ectoderm
TAAGCCACACGGGTAA,Hindbrain
TAAGCCACAGACCAAG,Cranial neural crest
TAAGCCACAGGTTACT,Hindbrain
TAAGCCACAGTAGTGG,Extraembryonic visceral endoderm
TAAGCCAGTATACGGG,Extraembryonic visceral endoderm
TAAGCCAGTATTCCGA,Endothelium
TAAGCCAGTGAGACGT,Primitive erythroid cells
TAAGCCATCAAAGCCT,Extraembryonic visceral endoderm
TAAGCCATCAGACAAA,NMP
TAAGCCATCCTACACC,NMP
TAAGCGTAGCCTGTCG,Cranial neural crest
TAAGCGTAGCGTTAGG,Primitive erythroid cells
TAAGCGTAGTTTGAGA,Primitive erythroid cells
TAAGCGTCAAGTGATA,Gut endoderm
TAAGCGTCAATGTTGC,NMP
TAAGCGTCACATATGC,Primitive erythroid cells
TAAGCGTCATCGGCCA,Extraembryonic visceral endoderm
TAAGCGTCATTGCTTT,Primitive erythroid cells
TAAGCGTGTCTCCCTA,Hindbrain
TAAGCGTGTCTTGCGG,Primitive erythroid cells
TAAGCGTTCTCTAGGA,Hematoendothelial progenitors
TAAGTCGAGAGGGTGG,Forebrain/midbrain
TAAGTCGAGCTCAGAG,Amniotic ectoderm
TAAGTCGAGGTGGCTA,Primitive erythroid cells
TAAGTCGCAATTGCGT,Extraembryonic visceral endoderm
TAAGTCGCAGCGTGCT,Cranial neural crest
TAAGTCGCAGTCGCTG,Amniotic ectoderm
TAAGTCGCATTCTTCA,Primitive erythroid cells
TAAGTCGGTACAAACA,Gut endoderm
TAAGTCGGTCGTACAT,Spinal cord
TAAGTCGTCACCTGGG,Cranial neural crest
TAAGTCGTCCTACAAG,Extraembryonic visceral endoderm
TAAGTCGTCGCGTGCA,Primitive erythroid cells
TAATCTCAGCATCCTA,Surface ectoderm
TAATCTCCAATGAGCG,Gut endoderm
TAATCTCCACACAGAG,Gut endoderm
TAATCTCCAGTCAGCC,Primitive erythroid cells
TAATCTCCATGTTCGA,Primitive erythroid cells
TAATCTCGTACGTACT,Extraembryonic visceral endoderm
TAATCTCGTAGTGATA,Lateral plate and intermediate mesoderm
TAATCTCGTGGACTAG,Cranial neural crest
TAATCTCGTTAAGCAA,NMP
TAATCTCTCCACGGGT,Gut endoderm
TAATCTCTCCCGTGTT,Forebrain/midbrain
TAATCTCTCTTCCACG,Primitive erythroid cells
TAATTCCAGAAGCTGC,First heart field
TAATTCCAGAAGGATG,Hindbrain
TAATTCCAGCTAGTTC,NMP
TAATTCCAGCTATCCA,Allantois
TAATTCCAGGGAGGCA,Extraembryonic visceral endoderm
TAATTCCAGGTCCCGT,Primitive erythroid cells
TAATTCCAGTCAGGGT,Extraembryonic visceral endoderm
TAATTCCAGTCATCCA,Paraxial mesoderm
TAATTCCAGTGGTGAC,Primitive erythroid cells
TAATTCCGTCGTTCAA,Extraembryonic visceral endoderm
TAATTCCGTGCAATGG,Primitive erythroid cells
TAATTCCGTTTCAGAC,Cranial neural crest
TAATTCCTCAAGAGGC,Surface ectoderm
TAATTCCTCCTGTAAG,Placodal area
TAATTCCTCTACGGGC,Hindbrain
TAATTCCTCTATACTC,Primitive erythroid cells
TAATTCCTCTTAGTTC,Primitive erythroid cells
TACAACGAGCAATAGT,Primitive erythroid cells
TACAACGAGCACCTGC,Forebrain/midbrain
TACAACGAGCCTATTG,Hindbrain
TACAACGAGCTGGCTC,Placodal area
TACAACGAGGTAGATT,Amniotic ectoderm
TACAACGAGTAGATCA,Primitive erythroid cells
TACAACGCAAAGGCTG,Amniotic ectoderm
TACAACGCACGGGTAA,Lateral plate and intermediate mesoderm
TACAACGCATGACTGT,Primitive erythroid cells
TACAACGGTAAGGCCA,Surface ectoderm
TACAACGGTACAGGTG,NMP
TACAACGGTCACTTCC,Lateral plate and intermediate mesoderm
TACAACGGTCCTGGTG,Extraembryonic visceral endoderm
TACAACGGTGGAACCA,Amniotic ectoderm
TACAACGGTTGGGACA,Endothelium
TACAACGTCAACCTCC,Surface ectoderm
TACACCCAGGCACTAG,Lateral plate and intermediate mesoderm
TACACCCAGGGAGATA,Surface ectoderm
TACACCCAGGGATCTG,Surface ectoderm
TACACCCCAAAGGGCT,Extraembryonic visceral endoderm
TACACCCCAAATGAGT,Cranial neural crest
TACACCCCAATGCAGG,Surface ectoderm
TACACCCCACCCTATC,Primitive erythroid cells
TACACCCCACTCGATA,Primitive erythroid cells
TACACCCCAGAGAAAG,Extraembryonic visceral endoderm
TACACCCGTACTGCGC,First heart field
TACACCCGTCCATCTC,Forebrain/midbrain
TACACCCGTCTTGAAC,Lateral plate and intermediate mesoderm
TACACCCGTGAGACGT,Primitive erythroid cells
TACACCCGTTGTCAGT,Forebrain/midbrain
TACACCCGTTTCCATT,Lateral plate and intermediate mesoderm
TACACCCTCAGCGCAC,Paraxial mesoderm
TACACCCTCCAAAGGG,Primitive erythroid cells
TACACCCTCCCATTCG,Primitive erythroid cells
TACACCCTCCGCCTAT,Primitive erythroid cells
TACACCCTCCTAGCTC,Extraembryonic visceral endoderm
TACACCCTCTACTGAG,Lateral plate and intermediate mesoderm
TACACCCTCTGGGAGA,Extraembryonic visceral endoderm
TACAGGTAGAGTTGAT,Surface ectoderm
TACAGGTAGCATTTCG,Primitive erythroid cells
TACAGGTAGCTGACAG,NMP
TACAGGTAGGGCTTCC,NMP
TACAGGTAGTAGCTCT,Extraembryonic visceral endoderm
TACAGGTAGTATAGAC,Primitive erythroid cells
TACAGGTAGTTCACTG,Forebrain/midbrain
TACAGGTCAACACGTT,Primitive erythroid cells
TACAGGTCAACGCCCA,Extraembryonic visceral endoderm
TACAGGTCAGCGTAGA,Hindbrain
TACAGGTCATAGTCAC,Extraembryonic visceral endoderm
TACAGGTCATCTTAGG,Surface ectoderm
TACAGGTGTATACAGA,Notochord
TACAGGTGTGGGATTG,Spinal cord
TACAGGTGTTGACTAC,Extraembryonic visceral endoderm
TACAGGTTCACCGACG,Extraembryonic visceral endoderm
TACAGGTTCACCTCTG,Surface ectoderm
TACAGGTTCCCATGGG,Forebrain/midbrain
TACATTCAGCCGTCGT,Forebrain/midbrain
TACATTCAGGACATCG,Primitive erythroid cells
TACATTCAGGACGCAT,Primitive erythroid cells
TACATTCCAAGGCAAC,Primitive erythroid cells
TACATTCCACTTCCTG,Primitive erythroid cells
TACATTCCATGGAATA,Primitive erythroid cells
TACATTCCATTGAAAG,Primitive erythroid cells
TACATTCGTAACGCGA,Paraxial mesoderm
TACATTCGTACAAGCG,Primitive erythroid cells
TACATTCGTACAGTCT,Primitive erythroid cells
TACATTCGTATCGCAT,Second heart field
TACATTCGTCCTACAA,Extraembryonic visceral endoderm
TACATTCGTCCTCATC,Lateral plate and intermediate mesoderm
TACATTCGTGATCGTT,Primitive erythroid cells
TACATTCGTTCTGAGT,Cranial neural crest
TACATTCTCATCCTGC,Extraembryonic visceral endoderm
TACATTCTCCGAACGC,Paraxial mesoderm
TACATTCTCCGACATA,Primitive erythroid cells
TACATTCTCTTACCGC,Primitive erythroid cells
TACCCACAGCGTGTCC,Hematoendothelial progenitors
TACCCACAGGCGAAGG,Amniotic ectoderm
TACCCACAGGGCCAAT,Primitive erythroid cells
TACCCACAGTTGGGAC,Primitive erythroid cells
TACCCACGTAAGATAC,Hindbrain
TACCCACGTGATACCT,Extraembryonic visceral endoderm
TACCCACGTGCAGATG,Lateral plate and intermediate mesoderm
TACCCACGTGGAAGTC,Forebrain/midbrain
TACCCACTCAGTCATG,Primitive erythroid cells
TACCCACTCCCGAAAT,Surface ectoderm
TACCCACTCCGTATGA,Hindbrain
TACCCACTCCTAGCGG,Endothelium
TACCCACTCCTGGTCT,Gut endoderm
TACCCACTCGATTTCT,Amniotic ectoderm
TACCCACTCTACTATC,NMP
TACCCACTCTCCTGCA,Extraembryonic visceral endoderm
TACCCACTCTGTAAGC,Allantois
TACCCGTAGAAATTCG,NMP
TACCCGTAGGCATGCA,Extraembryonic visceral endoderm
TACCCGTAGGGCCTCT,Hindbrain
TACCCGTCACAACGAG,Primitive erythroid cells
TACCCGTCACACAGAG,Primitive erythroid cells
TACCCGTCACACCGCA,Primitive erythroid cells
TACCCGTCAGCGTTTA,Amniotic ectoderm
TACCCGTCATCGGAGA,Primitive erythroid cells
TACCCGTGTGTTATCG,Gut endoderm
TACCCGTGTTAAGGGC,Extraembryonic visceral endoderm
TACCCGTGTTACCTGA,Lateral plate and intermediate mesoderm
TACCCGTGTTCGAGCC,Primitive erythroid cells
TACCCGTGTTCTCTAT,Primitive erythroid cells
TACCCGTTCAAAGCCT,Surface ectoderm
TACCCGTTCAGAGCAG,Hindbrain
TACCCGTTCTCGGGAC,Primitive erythroid cells
TACCGAAAGACCTGGA,Forebrain/midbrain
TACCGAAAGAGTGAAG,Forebrain/midbrain
TACCGAAAGCGCCCAT,Placodal area
TACCGAACAATCCAGT,Hindbrain
TACCGAACACTCACTC,Primitive erythroid cells
TACCGAACATAGATGA,Primitive erythroid cells
TACCGAACATAGCACT,Primitive erythroid cells
TACCGAACATCAGCGC,Placodal area
TACCGAACATCGAAGG,Primitive erythroid cells
TACCGAACATCGAGCC,Extraembryonic visceral endoderm
TACCGAAGTCAGGAGT,Hindbrain
TACCGAAGTCCAAAGG,NMP
TACCGAAGTGTCTCCT,Cranial neural crest
TACCGAATCAAAGAAC,Extraembryonic visceral endoderm
TACCGAATCACTTTGT,Extraembryonic visceral endoderm
TACCGAATCATTACGG,Hindbrain
TACCGAATCCAAGCTA,Amniotic ectoderm
TACCGAATCGCCTAGG,Extraembryonic visceral endoderm
TACCGAATCGTAACAC,Amniotic ectoderm
TACCGAATCTCATTTG,NMP
TACCGGGAGGGTCTTT,Extraembryonic visceral endoderm
TACCGGGAGTCTTCGA,Extraembryonic visceral endoderm
TACCGGGCAAGGTTGG,Primitive erythroid cells
TACCGGGCACGATTCA,Forebrain/midbrain
TACCGGGTCATATGGC,Amniotic ectoderm
TACCTCGAGAGCGACT,Primitive erythroid cells
TACCTCGAGCAGCCTC,Forebrain/midbrain
TACCTCGAGCAGCGAT,Paraxial mesoderm
TACCTCGAGGATCACG,Cranial neural crest
TACCTCGAGGCGAACT,Endothelium
TACCTCGAGGTACTGG,Allantois
TACCTCGCACCTATCC,Paraxial mesoderm
TACCTCGCAGGCTCTG,Primitive erythroid cells
TACCTCGGTGGAACCA,Primitive erythroid cells
TACCTCGGTGGTTTAC,Primitive erythroid cells
TACCTCGGTGTGTCCG,Hindbrain
TACCTCGGTTTGGGAG,Primitive erythroid cells
TACCTCGTCTAAACGC,Surface ectoderm
TACCTCGTCTACCAGA,Primitive erythroid cells
TACCTCGTCTTGGATG,Surface ectoderm
TACCTCGTCTTGGGCG,Primitive erythroid cells
TACCTGCAGCACGATG,Primitive erythroid cells
TACCTGCAGCTGCCAC,Primitive erythroid cells
TACCTGCAGGTCCCGT,Lateral plate and intermediate mesoderm
TACCTGCAGTAAACAC,Paraxial mesoderm
TACCTGCAGTAGCTCT,Forebrain/midbrain
TACCTGCAGTTCATGC,Primitive erythroid cells
TACCTGCCAAGAAATC,NMP
TACCTGCCATACAGAA,Endothelium
TACCTGCCATCCGTGG,Extraembryonic visceral endoderm
TACCTGCGTTACCCAA,Placodal area
TACCTGCTCCTGGTCT,Endothelium
TACCTGCTCTTGGCTC,Extraembryonic visceral endoderm
TACGCTCAGCTCAGAG,Primitive erythroid cells
TACGCTCAGGATTCAA,Surface ectoderm
TACGCTCAGTTGAAGT,NMP
TACGCTCCACATAGCT,Lateral plate and intermediate mesoderm
TACGCTCCATGAAGCG,Lateral plate and intermediate mesoderm
TACGCTCGTTATCCAG,Primitive erythroid cells
TACGCTCGTTCCGGTG,Extraembryonic visceral endoderm
TACGCTCTCCCTCGTA,Gut endoderm
TACGCTCTCCGTATGA,Forebrain/midbrain
TACGCTCTCCTTCACG,Lateral plate and intermediate mesoderm
TACGCTCTCGGCCTTT,Primitive erythroid cells
TACGGGCAGGACTATA,Primitive erythroid cells
TACGGGCAGGTACAGC,Primitive erythroid cells
TACGGGCAGTCTAGCT,Extraembryonic visceral endoderm
TACGGGCCACGACAGA,Gut endoderm
TACGGGCCATTGCCGG,Extraembryonic visceral endoderm
TACGGGCGTACACGTT,Primitive erythroid cells
TACGGGCGTACGCTAT,Hindbrain
TACGGGCGTAGCGATG,Extraembryonic visceral endoderm
TACGGGCGTAGGTACG,Primitive erythroid cells
TACGGGCGTCGGTGAA,Primitive erythroid cells
TACGGGCGTGTTCATG,Spinal cord
TACGGGCGTTTGAACC,Primitive erythroid cells
TACGGGCTCCGGGACT,Primitive erythroid cells
TACGGGCTCGTAGCTA,Hindbrain
TACGGGCTCGTTCTGC,Lateral plate and intermediate mesoderm
TACGGGCTCTTGGCTC,Forebrain/midbrain
TACGGTACAAATACAG,Primitive erythroid cells
TACGGTACAACACAGG,Primitive erythroid cells
TACGGTACAACGCCCA,Primitive erythroid cells
TACGGTACACTGTCCT,Extraembryonic visceral endoderm
TACGGTACATACCACA,Paraxial mesoderm
TACGGTACATGACTGT,Forebrain/midbrain
TACGGTAGTAACAGTA,Hindbrain
TACGGTAGTAGAGATT,Lateral plate and intermediate mesoderm
TACGGTAGTATGGTTC,Amniotic ectoderm
TACGGTAGTCGCTTGG,Paraxial mesoderm
TACGGTAGTTGTCATG,Extraembryonic visceral endoderm
TACGGTATCGCTTACC,Extraembryonic visceral endoderm
TACGGTATCGTCGACG,Surface ectoderm
TACGGTATCGTTCATT,Forebrain/midbrain
TACGGTATCTCCAAGA,Forebrain/midbrain
TACGTCCAGATGACAT,Hindbrain
TACGTCCAGCGACTTT,Forebrain/midbrain
TACGTCCAGGGTGAAA,Amniotic ectoderm
TACGTCCCACGCACCA,Primitive erythroid cells
TACGTCCCAGGCCCTA,Primitive erythroid cells
TACGTCCGTGACTGAG,Primitive erythroid cells
TACGTCCGTTCCGCAG,Extraembryonic visceral endoderm
TACGTCCTCCAACCGG,Primitive erythroid cells
TACGTCCTCGAGATGG,Primitive erythroid cells
TACTGCCAGCTGGAGT,Allantois
TACTGCCAGTCACGAG,Lateral plate and intermediate mesoderm
TACTGCCAGTCCTGTA,Extraembryonic visceral endoderm
TACTGCCAGTTCTCTT,Primitive erythroid cells
TACTGCCCAGAGTCAG,Surface ectoderm
TACTGCCCAGATTTCG,Primitive erythroid cells
TACTGCCCAGCTGAGA,Hindbrain
TACTGCCCATTCAGGT,Primitive erythroid cells
TACTGCCGTCCACGCA,Primitive erythroid cells
TACTGCCGTGTTCAGT,Primitive erythroid cells
TACTGCCGTTGCCTAA,Second heart field
TACTGCCTCAGCTGAT,Forebrain/midbrain
TACTGCCTCCAGGACC,Primitive erythroid cells
TACTGCCTCCTGCTAC,NMP
TACTGCCTCCTTGGAA,Extraembryonic visceral endoderm
TACTGCCTCGAGAACG,Primitive erythroid cells
TACTGCCTCGTAGGGA,Primitive erythroid cells
TACTGCCTCTCTCGAC,Amniotic ectoderm
TACTTACAGGAAAGAC,Gut endoderm
TACTTACAGTGGAAGA,Primitive erythroid cells
TACTTACCAATCTAGC,Endothelium
TACTTACCACTCCTGT,Forebrain/midbrain
TACTTACGTCTGTCCT,Extraembryonic visceral endoderm
TACTTACGTGTATCCA,Extraembryonic visceral endoderm
TACTTACGTTAATCGC,Placodal area
TACTTACGTTACACTG,Extraembryonic visceral endoderm
TACTTACTCCCGATCT,Primitive erythroid cells
TACTTACTCGTTGTTT,Primitive erythroid cells
TACTTCAAGAGCAGAA,Extraembryonic visceral endoderm
TACTTCAAGCCATTGT,Hematoendothelial progenitors
TACTTCAAGTCACTAC,Extraembryonic visceral endoderm
TACTTCACAAAGAGTT,Hindbrain
TACTTCACAAATACAG,Primitive erythroid cells
TACTTCACAGCTGAAG,Lateral plate and intermediate mesoderm
TACTTCACAGGAATAT,Primitive erythroid cells
TACTTCAGTCACTCAA,Endothelium
TACTTCAGTCTAATCG,Hindbrain
TACTTCATCTGGTCAA,Lateral plate and intermediate mesoderm
TACTTGTAGCGCCTCA,Primitive erythroid cells
TACTTGTAGGAATTAC,Gut endoderm
TACTTGTAGGATTTAG,Lateral plate and intermediate mesoderm
TACTTGTAGGTAGCCA,Primitive erythroid cells
TACTTGTAGTGAGGCT,Forebrain/midbrain
TACTTGTAGTGGCAGT,Forebrain/midbrain
TACTTGTAGTTGCGAG,Primitive erythroid cells
TACTTGTCAAGGAGTC,Paraxial mesoderm
TACTTGTCACCGGAAA,Primitive erythroid cells
TACTTGTGTAACATGA,Primitive erythroid cells
TACTTGTGTAAGTTAG,Paraxial mesoderm
TACTTGTGTTGCCGCA,Lateral plate and intermediate mesoderm
TACTTGTTCAAGGAGC,Forebrain/midbrain
TACTTGTTCACTTCTA,Primitive erythroid cells
TACTTGTTCCACTAGA,Extraembryonic visceral endoderm
TACTTGTTCGCAAGAG,Amniotic ectoderm
TACTTGTTCGTAGTCA,Extraembryonic visceral endoderm
TACTTGTTCGTTACCC,Paraxial mesoderm
TAGACCAAGAAGGTAG,Lateral plate and intermediate mesoderm
TAGACCAAGACTCAAA,Extraembryonic visceral endoderm
TAGACCAAGCACACCC,Primitive erythroid cells
TAGACCAAGGCTTTCA,Surface ectoderm
TAGACCACAAGCCATT,Primitive erythroid cells
TAGACCACACCTGCTT,Primitive erythroid cells
TAGACCACACGACGTC,Hematoendothelial progenitors
TAGACCACAGCTGTAT,Primitive erythroid cells
TAGACCACATAGGCGA,Surface ectoderm
TAGACCAGTTTGGGTT,Hematoendothelial progenitors
TAGACCATCCTATGGA,Primitive erythroid cells
TAGACCATCCTGTACC,NMP
TAGACCATCGGTGTAT,Primitive erythroid cells
TAGACTGAGCCGCACT,Extraembryonic visceral endoderm
TAGACTGAGGCTAACG,Surface ectoderm
TAGACTGAGTAAGACT,Cranial neural crest
TAGACTGAGTCTAACC,Allantois
TAGACTGCAAACTGCT,Extraembryonic visceral endoderm
TAGACTGCACTCCCTA,Lateral plate and intermediate mesoderm
TAGACTGCAGATTTCG,Paraxial mesoderm
TAGACTGCAGGGCTTC,Cranial neural crest
TAGACTGGTCCTTGTC,Paraxial mesoderm
TAGACTGGTTCGAGCC,Primitive erythroid cells
TAGACTGTCCAATCCC,Forebrain/midbrain
TAGACTGTCCTAAACG,Lateral plate and intermediate mesoderm
TAGACTGTCCTACTGC,Extraembryonic visceral endoderm
TAGAGTCAGACTCTAC,Primitive erythroid cells
TAGAGTCAGCGGTATG,First heart field
TAGAGTCAGTGATGGC,Surface ectoderm
TAGAGTCCAACACGAG,Primitive erythroid cells
TAGAGTCCACTTGAGT,Primitive erythroid cells
TAGAGTCCATAGAAAC,Forebrain/midbrain
TAGAGTCCATCGCTCT,Extraembryonic visceral endoderm
TAGAGTCCATGAGTAA,Primitive erythroid cells
TAGAGTCGTCCCTAAA,Hindbrain
TAGAGTCGTGACACAG,Second heart field
TAGAGTCTCGGTCAGC,NMP
TAGAGTCTCTCCGAGG,Forebrain/midbrain
TAGATCGAGATGCGAC,Gut endoderm
TAGATCGAGCTTCGTA,Lateral plate and intermediate mesoderm
TAGATCGAGGGAGTGG,Allantois
TAGATCGAGTCATACC,Hindbrain
TAGATCGAGTGTACCT,Hindbrain
TAGATCGCAAATCAAG,Primitive erythroid cells
TAGATCGCAGCTAACT,Hindbrain
TAGATCGGTATGGAAT,Extraembryonic visceral endoderm
TAGATCGGTCTGTGAT,Endothelium
TAGATCGGTTGCAAGG,Endothelium
TAGATCGGTTGTGCAT,Lateral plate and intermediate mesoderm
TAGATCGTCGAACACT,Hematoendothelial progenitors
TAGATCGTCTTCGACC,Primitive erythroid cells
TAGCACAAGAGCCTGA,Surface ectoderm
TAGCACAAGCTGCCTG,Primitive erythroid cells
TAGCACAAGGAATGTT,Lateral plate and intermediate mesoderm
TAGCACAAGGCGTCCT,Extraembryonic visceral endoderm
TAGCACAAGGTTCCGC,Lateral plate and intermediate mesoderm
TAGCACAAGGTTGCCC,Primitive erythroid cells
TAGCACAAGTCTCCTC,Forebrain/midbrain
TAGCACACAACGACAG,NMP
TAGCACACACCGGAAA,Lateral plate and intermediate mesoderm
TAGCACACAGGAATCG,Extraembryonic visceral endoderm
TAGCACACATGGATCT,Primitive erythroid cells
TAGCACAGTACAAGCG,Surface ectoderm
TAGCACAGTCAAGGCA,Hindbrain
TAGCACAGTGATGTAA,Hindbrain
TAGCACATCATGCATG,Extraembryonic visceral endoderm
TAGCACATCCACGGGT,Primitive erythroid cells
TAGCACATCGATTTCT,Gut endoderm
TAGCACATCGCTCTCA,Primitive erythroid cells
TAGCACATCTCTCTAA,Surface ectoderm
TAGGAGGAGCGCATCC,NMP
TAGGAGGAGCTGTGCC,Primitive erythroid cells
TAGGAGGCACGAAGAC,Lateral plate and intermediate mesoderm
TAGGAGGCAGTAACAA,Primitive erythroid cells
TAGGAGGCATGCCGAC,Extraembryonic visceral endoderm
TAGGAGGGTATCACGT,Cranial neural crest
TAGGAGGGTGACCTGC,Hindbrain
TAGGAGGTCAGCTTCC,Extraembryonic visceral endoderm
TAGGAGGTCGGACAAG,Primitive erythroid cells
TAGGAGGTCTCGACGG,Primitive erythroid cells
TAGGGTTAGAAACTGT,Extraembryonic visceral endoderm
TAGGGTTAGAAGGCTC,Primitive erythroid cells
TAGGGTTAGAATGTTG,Primitive erythroid cells
TAGGGTTAGGGCTGAT,Lateral plate and intermediate mesoderm
TAGGGTTAGTCACTGT,Lateral plate and intermediate mesoderm
TAGGGTTCAAGTGTCT,Primitive erythroid cells
TAGGGTTCACACACTA,Lateral plate and intermediate mesoderm
TAGGGTTCACGCGTCA,Extraembryonic visceral endoderm
TAGGGTTCAGACACAG,Primitive erythroid cells
TAGGGTTCATCATCTT,Paraxial mesoderm
TAGGGTTGTAATTGGA,Endothelium
TAGGGTTGTTCTTGCC,Forebrain/midbrain
TAGGGTTTCCGTGCGA,Hindbrain
TAGGGTTTCCTGGCTT,Forebrain/midbrain
TAGGGTTTCGGCAGTC,Primitive erythroid cells
TAGGGTTTCTATCACT,Surface ectoderm
TAGGTACAGACATGCG,Amniotic ectoderm
TAGGTACAGAGCAACC,Lateral plate and intermediate mesoderm
TAGGTACAGCGACAGT,Extraembryonic visceral endoderm
TAGGTACAGCGAGAAA,Primitive erythroid cells
TAGGTACAGGCCCACT,Hindbrain
TAGGTACCAACTTCTT,Primitive erythroid cells
TAGGTACCAATCTCGA,Placodal area
TAGGTACCACCTCAGG,Hindbrain
TAGGTACCACTCCACT,Endothelium
TAGGTACCAGTATACC,Primitive erythroid cells
TAGGTACGTACATACC,Extraembryonic visceral endoderm
TAGGTACGTATAGGAT,NMP
TAGGTACGTCCACTCT,Surface ectoderm
TAGGTACGTCTACACA,Paraxial mesoderm
TAGGTACGTGACACGA,Forebrain/midbrain
TAGGTACGTGTGCTTA,Notochord
TAGGTACTCCAATCCC,Lateral plate and intermediate mesoderm
TAGGTACTCTTTCTAG,Cranial neural crest
TAGGTTGAGACCTGGA,Extraembryonic visceral endoderm
TAGGTTGCACAAATGA,Gut endoderm
TAGGTTGCACTACAGT,Second heart field
TAGGTTGCAGACGGAT,Surface ectoderm
TAGGTTGCAGCTATTG,Surface ectoderm
TAGGTTGGTACTTCCC,Endothelium
TAGGTTGGTGCCCAGT,Primitive erythroid cells
TAGGTTGGTTGAGAGC,Extraembryonic visceral endoderm
TAGGTTGTCATCCCGT,Gut endoderm
TAGGTTGTCCGCAACG,NMP
TAGTGCAAGCGATGAC,Hindbrain
TAGTGCAAGGAAAGGT,Primitive erythroid cells
TAGTGCAAGGATAATC,Forebrain/midbrain
TAGTGCAAGGGCGAGA,Lateral plate and intermediate mesoderm
TAGTGCAAGTATTCCG,Lateral plate and intermediate mesoderm
TAGTGCAAGTTCATCG,Surface ectoderm
TAGTGCACATGGTGGA,Hindbrain
TAGTGCACATGTAACC,NMP
TAGTGCATCCCTAGGG,Extraembryonic visceral endoderm
TAGTGCATCCGCGGAT,Surface ectoderm
TAGTGCATCTACCTTA,Primitive erythroid cells
TATACCTAGACATATG,Paraxial mesoderm
TATACCTCAAGACAAT,Amniotic ectoderm
TATACCTCAAGCCTGC,Lateral plate and intermediate mesoderm
TATACCTCAATAGTAG,Primitive erythroid cells
TATACCTCACTCCACT,Forebrain/midbrain
TATACCTCAGGACGAT,Lateral plate and intermediate mesoderm
TATACCTCATACTGAC,First heart field
TATACCTGTCCAAATC,Extraembryonic visceral endoderm
TATACCTGTTAATGAG,Forebrain/midbrain
TATACCTTCGGAACTT,Primitive erythroid cells
TATACCTTCTAGTACG,Lateral plate and intermediate mesoderm
TATACCTTCTCGGGAC,Amniotic ectoderm
TATACCTTCTTGCAAG,Forebrain/midbrain
TATATCCAGCACTAGG,Amniotic ectoderm
TATATCCAGCCATGCC,Primitive erythroid cells
TATATCCAGCCTCCAG,Primitive erythroid cells
TATATCCAGTAAGAGG,Forebrain/midbrain
TATATCCCAACTTCTT,Lateral plate and intermediate mesoderm
TATATCCCAAGAATAC,NMP
TATATCCCAATTTCTC,Primitive erythroid cells
TATATCCCACATGGTT,Primitive erythroid cells
TATATCCCACGACGAA,Lateral plate and intermediate mesoderm
TATATCCGTTGTACGT,NMP
TATATCCTCCGATGTA,Extraembryonic visceral endoderm
TATATCCTCGACTCCT,Primitive erythroid cells
TATATCCTCTATTCGT,Forebrain/midbrain
TATCAGGAGAACTCCT,Primitive erythroid cells
TATCAGGAGAAGTCTA,Primitive erythroid cells
TATCAGGAGCTAAACA,Extraembryonic visceral endoderm
TATCAGGAGTCAACAA,Extraembryonic visceral endoderm
TATCAGGCAGTCGCAC,Hematoendothelial progenitors
TATCAGGCATGCAGGA,Primitive erythroid cells
TATCAGGCATTGTGCA,Primitive erythroid cells
TATCAGGGTAACTGCT,Forebrain/midbrain
TATCAGGGTAATGCTC,Hindbrain
TATCAGGGTGAGGCAT,Lateral plate and intermediate mesoderm
TATCAGGTCACATCAG,Primitive erythroid cells
TATCAGGTCGACATCA,Hindbrain
TATCCTAAGAGCAGAA,Primitive erythroid cells
TATCCTAAGGATGTTA,Extraembryonic visceral endoderm
TATCCTAAGGGCTGAT,Extraembryonic visceral endoderm
TATCCTAAGTGTGTTC,Lateral plate and intermediate mesoderm
TATCCTACAGACCAGA,Endothelium
TATCCTACATTGTAGC,Hematoendothelial progenitors
TATCCTAGTCAAGCGA,Extraembryonic visceral endoderm
TATCCTAGTCGAATGG,Primitive erythroid cells
TATCCTAGTGTAGCAG,Extraembryonic visceral endoderm
TATCCTAGTTACAGCT,Gut endoderm
TATCCTAGTTTGGGTT,Primitive erythroid cells
TATCCTATCGCTCCTA,Primitive erythroid cells
TATCCTATCGTACCTC,First heart field
TATCGCCAGAACTTCC,Lateral plate and intermediate mesoderm
TATCGCCAGAGTCAAT,Extraembryonic visceral endoderm
TATCGCCAGCACTCGC,Primitive erythroid cells
TATCGCCAGGTGCAGT,Allantois
TATCGCCAGTTCCAGT,Hindbrain
TATCGCCCATACCAGT,Amniotic ectoderm
TATCGCCGTGACCTGC,Allantois
TATCGCCGTGAGTAGC,Extraembryonic visceral endoderm
TATCGCCGTTCTCGTC,Hindbrain
TATCGCCTCAATCCAG,Forebrain/midbrain
TATCGCCTCCGCGATG,Extraembryonic visceral endoderm
TATCGCCTCGCTGACG,Endothelium
TATCGCCTCTACGGTA,Surface ectoderm
TATCTGTAGTTACGAA,Extraembryonic visceral endoderm
TATCTGTCACAGAGAC,Primitive erythroid cells
TATCTGTCACAGCTGC,Primitive erythroid cells
TATCTGTCAGTGTGGA,Primitive erythroid cells
TATCTGTGTACAAGCG,Forebrain/midbrain
TATCTGTGTGGTCTAT,Primitive erythroid cells
TATCTGTGTGTTCAGT,Lateral plate and intermediate mesoderm
TATCTGTTCTAGCAAC,Gut endoderm
TATCTTGAGCGAGTAC,Extraembryonic visceral endoderm
TATCTTGAGGTGATAT,Forebrain/midbrain
TATCTTGCAAATACAG,Hindbrain
TATCTTGCATCATTTC,Surface ectoderm
TATCTTGCATGCTGCG,Extraembryonic visceral endoderm
TATCTTGGTAGGTGCA,Primitive erythroid cells
TATCTTGGTCGCATCG,Forebrain/midbrain
TATCTTGGTGACTCGC,Primitive erythroid cells
TATCTTGGTGCAGATG,Extraembryonic visceral endoderm
TATCTTGGTGCTCTCT,Amniotic ectoderm
TATCTTGGTGTGAGCA,Primitive erythroid cells
TATCTTGGTTCTCACC,Primitive erythroid cells
TATCTTGGTTTCGATG,Extraembryonic visceral endoderm
TATCTTGTCACTGGTA,Extraembryonic visceral endoderm
TATCTTGTCATGAGTC,Paraxial mesoderm
TATCTTGTCATTCGGA,Primitive erythroid cells
TATCTTGTCCACAAGT,Primitive erythroid cells
TATCTTGTCCATTGCC,Surface ectoderm
TATCTTGTCTCCGTGT,NMP
TATCTTGTCTTAGCTT,Primitive erythroid cells
TATGTTCAGAGTCTGG,Amniotic ectoderm
TATGTTCAGTAGCTCT,Hindbrain
TATGTTCAGTTCCGTA,Primitive erythroid cells
TATGTTCCAAACACGG,Extraembryonic visceral endoderm
TATGTTCCAACGATCT,Placodal area
TATGTTCCACTCGATA,Spinal cord
TATGTTCCAGACTCTA,Primitive erythroid cells
TATGTTCCAGTTGGTT,Amniotic ectoderm
TATGTTCCATTGGCAT,Forebrain/midbrain
TATGTTCCATTGGGAG,Cranial neural crest
TATGTTCGTCGTCAGC,Hindbrain
TATGTTCGTGCGACAA,Primitive erythroid cells
TATGTTCTCACTGTCC,Forebrain/midbrain
TATGTTCTCCGTATAG,Hindbrain
TATGTTCTCGTTCCTG,Endothelium
TATGTTCTCTACACTT,Hindbrain
TATTCCAAGCACTCCG,Forebrain/midbrain
TATTCCAAGTGATGGC,Surface ectoderm
TATTCCAGTACGATTC,Primitive erythroid cells
TATTCCAGTGGCAACA,Gut endoderm
TATTCCATCAGCCCAG,Extraembryonic visceral endoderm
TATTCCATCCTAGCTC,Extraembryonic visceral endoderm
TATTCCATCGATACGT,Primitive erythroid cells
TATTCCATCGATGGAG,Surface ectoderm
TATTCCATCGCAATTG,Primitive erythroid cells
TATTCCATCGTAACAC,Extraembryonic visceral endoderm
TATTGCTAGCACTCGC,Paraxial mesoderm
TATTGCTAGCATTGAA,Extraembryonic visceral endoderm
TATTGCTAGCGCTTCG,Primitive erythroid cells
TATTGCTAGGCTCACC,Primitive erythroid cells
TATTGCTCACAAACGG,Lateral plate and intermediate mesoderm
TATTGCTCACCCATAA,Hindbrain
TATTGCTCACCGCTGA,Cranial neural crest
TATTGCTCATATCGGT,Paraxial mesoderm
TATTGCTGTCACTAGT,Extraembryonic visceral endoderm
TATTGCTTCCGATCTC,Amniotic ectoderm
TATTGCTTCTCTCTTC,Primitive erythroid cells
TATTGGGAGTCTGTAC,Forebrain/midbrain
TATTGGGCAACACAGG,Gut endoderm
TATTGGGCAATAGGGC,Extraembryonic visceral endoderm
TATTGGGCACAAACGG,Extraembryonic visceral endoderm
TATTGGGCAGCACACC,Placodal area
TATTGGGCAGTATGAA,Hindbrain
TATTGGGCATACTGAC,Primitive erythroid cells
TATTGGGCATAGTCGT,Extraembryonic visceral endoderm
TATTGGGCATGACTAC,Primitive erythroid cells
TATTGGGGTCCGGTGT,Extraembryonic visceral endoderm
TATTGGGTCGACCATA,Primitive erythroid cells
TATTGGGTCGAGTTGT,Endothelium
TATTGGGTCTATCGTT,Primitive erythroid cells
TATTGGGTCTCAATCT,Primitive erythroid cells
TATTGGGTCTCCAATT,Primitive erythroid cells
TATTTCGCAAATGGTA,Primitive erythroid cells
TATTTCGCAGTGTACT,Extraembryonic visceral endoderm
TATTTCGCATCCGAGC,Primitive erythroid cells
TATTTCGCATCCTTGC,Paraxial mesoderm
TATTTCGGTCATCTAG,Primitive erythroid cells
TATTTCGGTGAATTGA,Extraembryonic visceral endoderm
TATTTCGTCGACATCA,Lateral plate and intermediate mesoderm
TATTTCGTCGCGGACT,NMP
TATTTCGTCTGTTCAT,Allantois
TCAAGACAGACCATTC,Endothelium
TCAAGACAGATGAATC,Allantois
TCAAGACAGCAATTAG,Hindbrain
TCAAGACAGCAGGTCA,NMP
TCAAGACAGGGCTAAC,Extraembryonic visceral endoderm
TCAAGACCAAAGGCTG,Surface ectoderm
TCAAGACCACAAATGA,Primitive erythroid cells
TCAAGACGTACTGGGA,Forebrain/midbrain
TCAAGACGTAGACAAT,Surface ectoderm
TCAAGACGTTGGAGGT,Endothelium
TCAAGCAAGAGGGTCT,Hindbrain
TCAAGCAAGAGTTGAT,Extraembryonic visceral endoderm
TCAAGCAAGCCAGAGT,Extraembryonic visceral endoderm
TCAAGCACAAAGCTAA,Lateral plate and intermediate mesoderm
TCAAGCACAACCAATC,Primitive erythroid cells
TCAAGCACAAGTCCCG,Extraembryonic visceral endoderm
TCAAGCACAGGACATG,Primitive erythroid cells
TCAAGCACAGTATACC,Primitive erythroid cells
TCAAGCAGTGAGCTCC,Second heart field
TCAAGCATCAAAGCCT,Endothelium
TCAAGCATCAGGTGTT,Cranial neural crest
TCAAGCATCATTGTGG,Lateral plate and intermediate mesoderm
TCAAGCATCGCTTGAA,Cranial neural crest
TCAAGCATCGGCATAT,Paraxial mesoderm
TCAAGCATCTCGGGAC,Extraembryonic visceral endoderm
TCAAGTGAGACTAGAT,Paraxial mesoderm
TCAAGTGAGCAAATCA,NMP
TCAAGTGCAACCACAT,Paraxial mesoderm
TCAAGTGCAAGAAACT,Extraembryonic visceral endoderm
TCAAGTGCATCTCATT,Primitive erythroid cells
TCAAGTGGTGGCTCTG,Primitive erythroid cells
TCAAGTGTCACTTCTA,Forebrain/midbrain
TCAAGTGTCCCAACTC,Paraxial mesoderm
TCAAGTGTCGCTCTAC,Hindbrain
TCAAGTGTCGCTTACC,Gut endoderm
TCAATCTAGAGTTGTA,Primitive erythroid cells
TCAATCTAGGATGTTA,Forebrain/midbrain
TCAATCTAGGGACCAT,Forebrain/midbrain
TCAATCTAGTAGTCCT,Lateral plate and intermediate mesoderm
TCAATCTCAAAGCTCT,Primitive erythroid cells
TCAATCTCAAATGCTC,Lateral plate and intermediate mesoderm
TCAATCTCAGATTCGT,Gut endoderm
TCAATCTCAGCTGTGC,Surface ectoderm
TCAATCTCATGCACTA,Extraembryonic visceral endoderm
TCAATCTGTCGACGCT,Primordial germ cells
TCAATCTGTGTTGACT,Lateral plate and intermediate mesoderm
TCAATCTTCATCACAG,Lateral plate and intermediate mesoderm
TCAATCTTCGTGTGAT,Lateral plate and intermediate mesoderm
TCAATCTTCTTAGGAC,Forebrain/midbrain
TCAATTCAGACAACTA,Primitive erythroid cells
TCAATTCAGAGATGCC,Primitive erythroid cells
TCAATTCAGATGAACT,Surface ectoderm
TCAATTCAGCCGATTT,Lateral plate and intermediate mesoderm
TCAATTCAGCTTTCCC,Primitive erythroid cells
TCAATTCAGGAAGTAG,Amniotic ectoderm
TCAATTCAGTATGATG,Primitive erythroid cells
TCAATTCCAGCCATTA,Hindbrain
TCAATTCCATAACTCG,Extraembryonic visceral endoderm
TCAATTCCATTACTCT,Endothelium
TCAATTCGTGTATTGC,Endothelium
TCAATTCGTTCCGCGA,Extraembryonic visceral endoderm
TCAATTCGTTGCTGAT,Primitive erythroid cells
TCAATTCTCACAGAGG,Primitive erythroid cells
TCAATTCTCCTGTAGA,Hematoendothelial progenitors
TCAATTCTCTACACTT,Extraembryonic visceral endoderm
TCACAAGAGACGGATC,Lateral plate and intermediate mesoderm
TCACAAGAGGAGGTTC,Amniotic ectoderm
TCACAAGAGTAAACTG,Allantois
TCACAAGCAATTTCGG,Gut endoderm
TCACAAGCACATATGC,Primitive erythroid cells
TCACAAGCACGAGGAT,Primitive erythroid cells
TCACAAGCACGGCCAT,Extraembryonic visceral endoderm
TCACAAGCAGCTGTCG,Primitive erythroid cells
TCACAAGCATGATCTG,Gut endoderm
TCACAAGGTCCTGGTG,Surface ectoderm
TCACAAGGTGGAACAC,Allantois
TCACAAGGTGTTTACG,First heart field
TCACAAGTCATTGGTG,Primitive erythroid cells
TCACAAGTCGAGTGAG,Forebrain/midbrain
TCACAAGTCGATCCCT,Paraxial mesoderm
TCACAAGTCTAAGGAA,Primitive erythroid cells
TCACAAGTCTGGGATT,Allantois
TCACAAGTCTTCTGTA,Primitive erythroid cells
TCACACCAGACAGCTG,Forebrain/midbrain
TCACACCAGCATCTTG,Extraembryonic visceral endoderm
TCACACCAGCCTCTTC,Primitive erythroid cells
TCACACCAGTCACTGT,NMP
TCACACCCAACCGCCA,Gut endoderm
TCACACCCAATGGCAG,Lateral plate and intermediate mesoderm
TCACACCCACATACGT,Primitive erythroid cells
TCACACCCACTTCCTG,Hindbrain
TCACACCCATTGAGGG,Primitive erythroid cells
TCACACCGTACTGTTG,Hindbrain
TCACACCGTCGATGCC,Extraembryonic visceral endoderm
TCACACCGTGCCTGCA,Primitive erythroid cells
TCACACCGTTGTAGCT,Surface ectoderm
TCACACCGTTTCACAG,NMP
TCACACCTCAAGGTGG,Extraembryonic visceral endoderm
TCACACCTCCAGCTCT,Extraembryonic visceral endoderm
TCACACCTCCCGAATA,Extraembryonic visceral endoderm
TCACACCTCCTACACC,Forebrain/midbrain
TCACACCTCCTCTTTC,Extraembryonic visceral endoderm
TCACACCTCGCGCCAA,Primitive erythroid cells
TCACACCTCTGCGGCA,Amniotic ectoderm
TCACACCTCTTAAGGC,Lateral plate and intermediate mesoderm
TCACATTAGAATAGTC,Extraembryonic visceral endoderm
TCACATTAGCAACTTC,Primitive erythroid cells
TCACATTAGCACGTCC,Forebrain/midbrain
TCACATTAGCAGCACA,Surface ectoderm
TCACATTAGCTAGCCC,Amniotic ectoderm
TCACATTAGTGGGAAA,Extraembryonic visceral endoderm
TCACATTCAAATAGCA,Primitive erythroid cells
TCACATTCAACAAAGT,Endothelium
TCACATTCAATTGAGA,First heart field
TCACATTCACGATTCA,Gut endoderm
TCACATTCAGACATCT,Primitive erythroid cells
TCACATTGTCTAGTGT,Endothelium
TCACATTGTTGAAGTA,Hindbrain
TCACATTTCCCATAAG,Primitive erythroid cells
TCACATTTCGTGCGAC,Extraembryonic visceral endoderm
TCACATTTCTTCACAT,Extraembryonic visceral endoderm
TCACGCTAGATTGTGA,Extraembryonic visceral endoderm
TCACGCTAGCAGCAGT,Extraembryonic visceral endoderm
TCACGCTAGCATTTGC,Primitive erythroid cells
TCACGCTAGCCTCCAG,Primitive erythroid cells
TCACGCTAGGAACATT,Primitive erythroid cells
TCACGCTCAATTCTTC,Extraembryonic visceral endoderm
TCACGCTCAGGTCTCG,Primitive erythroid cells
TCACGCTCAGGTTCAT,Primitive erythroid cells
TCACGCTGTGGTCTAT,Surface ectoderm
TCACGCTTCAGTGGGA,Forebrain/midbrain
TCACGCTTCATCTCTA,Surface ectoderm
TCACGCTTCCTGGGAC,Extraembryonic visceral endoderm
TCACGCTTCTAGGCAT,Primitive erythroid cells
TCACGCTTCTTCACGC,Primitive erythroid cells
TCACGGGAGACATGCG,Extraembryonic visceral endoderm
TCACGGGAGCTGCCAC,Primitive erythroid cells
TCACGGGAGGCCACCT,Primitive erythroid cells
TCACGGGAGGGAGGCA,Primitive erythroid cells
TCACGGGCACGCTATA,Gut endoderm
TCACGGGGTAACAGGC,Forebrain/midbrain
TCACGGGGTCCTTAAG,Hindbrain
TCACGGGGTTGATCGT,Gut endoderm
TCACGGGTCCCTTTGG,Hindbrain
TCACGGGTCCTCAGAA,Lateral plate and intermediate mesoderm
TCACGGGTCGCAATTG,Extraembryonic visceral endoderm
TCACGGGTCGGTTCAA,Gut endoderm
TCACGGGTCTCTCTTC,Second heart field
TCACTATAGAGCAGAA,Extraembryonic visceral endoderm
TCACTATAGTCCCGGT,Surface ectoderm
TCACTATCAACCCGCA,Surface ectoderm
TCACTATCAATTGAGA,Primitive erythroid cells
TCACTATCACCTGCAG,NMP
TCACTATGTAGTTACC,Placodal area
TCACTATGTATCGGTT,Extraembryonic visceral endoderm
TCACTATGTGAGACCA,Extraembryonic visceral endoderm
TCACTATGTGCAACGA,Gut endoderm
TCACTATGTGCCCGTA,Placodal area
TCACTATGTTATGTCG,Primitive erythroid cells
TCACTATTCCGAGAAG,Second heart field
TCACTATTCCGCAGTG,Amniotic ectoderm
TCACTATTCTACGGGC,Hindbrain
TCACTCGAGCATTTCG,Extraembryonic visceral endoderm
TCACTCGCAAAGGGTC,Extraembryonic visceral endoderm
TCACTCGCACTCATAG,Second heart field
TCACTCGGTAGGAGGG,Paraxial mesoderm
TCACTCGGTTCTAAGC,Hindbrain
TCAGCAACAAATAAGC,Primitive erythroid cells
TCAGCAACAACTCCAA,NMP
TCAGCAACAGATCCAT,Forebrain/midbrain
TCAGCAACAGCAAGAC,Primitive erythroid cells
TCAGCAACAGGATTCT,Paraxial mesoderm
TCAGCAATCCAATGCA,Primitive erythroid cells
TCAGCAATCCTGTTGC,Gut endoderm
TCAGCAATCGGCCTTT,Primitive erythroid cells
TCAGCAATCGGTGAAG,NMP
TCAGCAATCTACTTCA,Extraembryonic visceral endoderm
TCAGCCTAGACTCCGC,Paraxial mesoderm
TCAGCCTAGAGTCTGG,Primitive erythroid cells
TCAGCCTAGTATCTGC,Primitive erythroid cells
TCAGCCTAGTGCGCTC,Extraembryonic visceral endoderm
TCAGCCTCAAACGAGC,Extraembryonic visceral endoderm
TCAGCCTCAAGTGATA,Surface ectoderm
TCAGCCTCAGCGACAA,Primitive erythroid cells
TCAGCCTCAGGACAGT,Hindbrain
TCAGCCTCATTGAGCT,Primitive erythroid cells
TCAGCCTGTACGATTC,Extraembryonic visceral endoderm
TCAGCCTGTAGGGAGG,Extraembryonic visceral endoderm
TCAGCCTGTATGAGCG,Hindbrain
TCAGCCTGTCACTAGT,Primitive erythroid cells
TCAGCCTGTCTGTCCT,Paraxial mesoderm
TCAGCCTGTGAGCTCC,Gut endoderm
TCAGCCTGTGTTAACC,Forebrain/midbrain
TCAGCCTGTTAATCGC,Primitive erythroid cells
TCAGCCTTCAAGCTGT,Primitive erythroid cells
TCAGCCTTCCGCACGA,Extraembryonic visceral endoderm
TCAGCCTTCGCCTTTG,Primitive erythroid cells
TCAGCCTTCTCTGGTC,Primitive erythroid cells
TCAGCCTTCTTGGAAC,Primitive erythroid cells
TCAGGGCAGAAGGATG,Primitive erythroid cells
TCAGGGCAGATTCGAA,Spinal cord
TCAGGGCAGGGCAATC,Primitive erythroid cells
TCAGGGCCAACCGACC,NMP
TCAGGGCCAATCGAAA,Hindbrain
TCAGGGCGTCCATCTC,Forebrain/midbrain
TCAGGGCGTCCGGCAT,Lateral plate and intermediate mesoderm
TCAGGGCGTCGAGATG,NMP
TCAGGGCGTGAGTGAC,Allantois
TCAGGGCGTGGAACAC,Extraembryonic visceral endoderm
TCAGGGCGTGGCTGCT,Primitive erythroid cells
TCAGGGCGTTATCTTC,Extraembryonic visceral endoderm
TCAGGGCGTTTCAGAC,Primitive erythroid cells
TCAGGGCTCATATGGC,Primitive erythroid cells
TCAGGGCTCCATAAGC,Extraembryonic visceral endoderm
TCAGGGCTCTACACTT,Primitive erythroid cells
TCAGGGCTCTATTGTC,Paraxial mesoderm
TCAGGTAAGAAATTCG,Spinal cord
TCAGGTAAGAGTCAGC,Primitive erythroid cells
TCAGGTAAGGCTTAGG,Primitive erythroid cells
TCAGGTAAGTATGGAT,Hindbrain
TCAGGTAAGTTGCTCA,Gut endoderm
TCAGGTACAACGACTT,Gut endoderm
TCAGGTACAAGCGATG,Extraembryonic visceral endoderm
TCAGGTACACTGTCGG,Hematoendothelial progenitors
TCAGGTACAGTCGCTG,Forebrain/midbrain
TCAGGTACATGACCCG,Endothelium
TCAGGTAGTAGCCCTG,Primitive erythroid cells
TCAGGTAGTCCTTGTC,Primitive erythroid cells
TCAGGTAGTTTACGTG,Primitive erythroid cells
TCAGGTATCAGCCTTC,Amniotic ectoderm
TCAGGTATCTGCGTCT,Paraxial mesoderm
TCAGTCCAGGCTGGAT,Extraembryonic visceral endoderm
TCAGTCCAGGTAGCCA,Surface ectoderm
TCAGTCCAGGTCCGAA,Surface ectoderm
TCAGTCCCAAAGTATG,NMP
TCAGTCCCAACAAGTA,Extraembryonic visceral endoderm
TCAGTCCCAACGACTT,Amniotic ectoderm
TCAGTCCCACGGCGTT,Extraembryonic visceral endoderm
TCAGTCCCAGGAACCA,Paraxial mesoderm
TCAGTCCCATTGCTGA,Paraxial mesoderm
TCAGTCCGTAACAAGT,Forebrain/midbrain
TCAGTCCGTCACAGTT,Primitive erythroid cells
TCAGTCCGTCCAAGAG,Extraembryonic visceral endoderm
TCAGTCCGTCTCCCTA,Allantois
TCAGTCCTCACAATGC,Primitive erythroid cells
TCAGTCCTCACTACTT,Amniotic ectoderm
TCAGTCCTCGTTCAGA,Primitive erythroid cells
TCAGTGAAGAGTCCGA,Surface ectoderm
TCAGTGAAGATTGGGC,Hindbrain
TCAGTGAAGGCACGAT,Paraxial mesoderm
TCAGTGAAGGTTCCGC,Extraembryonic visceral endoderm
TCAGTGAAGTATGACA,Paraxial mesoderm
TCAGTGACAAGTCCAT,Primitive erythroid cells
TCAGTGACACGTAGAG,Extraembryonic visceral endoderm
TCAGTGACAGTAGGAC,Lateral plate and intermediate mesoderm
TCAGTGACATGAGGGT,Paraxial mesoderm
TCAGTGAGTAAGGAGA,Primitive erythroid cells
TCAGTGAGTGATTAGA,Second heart field
TCAGTGAGTTCCGGTG,Surface ectoderm
TCAGTGAGTTGGACTT,Amniotic ectoderm
TCAGTGATCACCCTCA,Lateral plate and intermediate mesoderm
TCAGTGATCAGTGTGT,Forebrain/midbrain
TCAGTGATCATTCATC,Lateral plate and intermediate mesoderm
TCAGTGATCCTCACCA,Primitive erythroid cells
TCAGTGATCGACCCAG,Forebrain/midbrain
TCAGTGATCTACCTTA,Primitive erythroid cells
TCAGTGATCTACGCAA,Endothelium
TCAGTTTAGGGAGAAT,Primitive erythroid cells
TCAGTTTAGGGCTGAT,Cranial neural crest
TCAGTTTAGTCCGTCG,Lateral plate and intermediate mesoderm
TCAGTTTCAAACGAGC,Primitive erythroid cells
TCAGTTTCACCCTGAG,Lateral plate and intermediate mesoderm
TCAGTTTCACGAAAGC,Primitive erythroid cells
TCAGTTTGTACGTACT,Lateral plate and intermediate mesoderm
TCAGTTTGTGAATTGA,Hindbrain
TCAGTTTGTTGCCATA,Lateral plate and intermediate mesoderm
TCAGTTTGTTGCGGCT,Primitive erythroid cells
TCAGTTTTCTACGCAA,Extraembryonic visceral endoderm
TCATACTAGAAGGATG,Primitive erythroid cells
TCATACTAGAATCGAT,Hindbrain
TCATACTAGATGCTTC,Lateral plate and intermediate mesoderm
TCATACTAGTCGAATA,Lateral plate and intermediate mesoderm
TCATACTCAAGCACAG,Lateral plate and intermediate mesoderm
TCATACTCACACCGCA,Primitive erythroid cells
TCATACTCAGCCATTA,Forebrain/midbrain
TCATACTCAGCTTCCT,Primitive erythroid cells
TCATACTCAGTGTGCC,Extraembryonic visceral endoderm
TCATACTGTAAGATTG,Second heart field
TCATACTGTAGACACG,Primitive erythroid cells
TCATACTGTAGCTAAA,Lateral plate and intermediate mesoderm
TCATACTGTAGTCCTA,Forebrain/midbrain
TCATACTGTAGTCTTG,Primitive erythroid cells
TCATACTGTCCACTTC,Lateral plate and intermediate mesoderm
TCATACTGTGCGCTCA,Forebrain/midbrain
TCATACTGTTACCTTT,Primitive erythroid cells
TCATACTGTTCTCTAT,Primitive erythroid cells
TCATACTTCATTTGGG,Primitive erythroid cells
TCATACTTCCACATAG,Surface ectoderm
TCATATCAGACCCGCT,Lateral plate and intermediate mesoderm
TCATATCAGAGTGAAG,Forebrain/midbrain
TCATATCAGGAACGAA,Amniotic ectoderm
TCATATCCAAGGCGTA,Primitive erythroid cells
TCATATCCACCGTCTT,Primitive erythroid cells
TCATATCCACGAAAGC,Lateral plate and intermediate mesoderm
TCATATCCATTATGCG,Primitive erythroid cells
TCATATCGTCGCGTCA,Extraembryonic visceral endoderm
TCATATCGTCTCAGGC,Primitive erythroid cells
TCATATCTCCTACGAA,Extraembryonic visceral endoderm
TCATATCTCTCAGTCC,Lateral plate and intermediate mesoderm
TCATATCTCTGCATAG,Extraembryonic visceral endoderm
TCATATCTCTGGACTA,Primitive erythroid cells
TCATATCTCTGTCAGA,Forebrain/midbrain
TCATCATAGAGCAACC,Surface ectoderm
TCATCATAGTTGGCTT,Extraembryonic visceral endoderm
TCATCATCAAATGGTA,Hindbrain
TCATCATCAACTCCCT,Endothelium
TCATCATGTGACGCCT,Primitive erythroid cells
TCATCATGTGGAACCA,Lateral plate and intermediate mesoderm
TCATCATTCATTGTTC,Surface ectoderm
TCATCATTCGGTGCAC,Amniotic ectoderm
TCATCATTCTCACTCG,Endothelium
TCATCCGAGAGGGTCT,Primitive erythroid cells
TCATCCGAGCCTTGAT,Extraembryonic visceral endoderm
TCATCCGAGCTGAGCA,Extraembryonic visceral endoderm
TCATCCGAGGAGGTTC,Lateral plate and intermediate mesoderm
TCATCCGAGTATGGCG,Allantois
TCATCCGCAATACCTG,Cranial neural crest
TCATCCGCAATCGAAA,Lateral plate and intermediate mesoderm
TCATCCGCAATGGGTG,Extraembryonic visceral endoderm
TCATCCGCACACCGCA,Primitive erythroid cells
TCATCCGCACTCCGGA,Hindbrain
TCATCCGCAGCTATTG,NMP
TCATCCGCATCATCCC,Primitive erythroid cells
TCATCCGGTACTTGTG,Extraembryonic visceral endoderm
TCATCCGGTCTTCCGT,Extraembryonic visceral endoderm
TCATCCGGTGACAACG,Extraembryonic visceral endoderm
TCATCCGGTGAGCCAA,Primitive erythroid cells
TCATCCGTCACCCTGT,Extraembryonic visceral endoderm
TCATCCGTCATCACAG,Primitive erythroid cells
TCATCCGTCCAGGACC,Hindbrain
TCATCCGTCCGTATGA,Endothelium
TCATCCGTCTTAATCC,Extraembryonic visceral endoderm
TCATGAGAGAGAGCAA,Gut endoderm
TCATGAGAGGAGATAG,Hindbrain
TCATGAGCACGTCTCT,Primitive erythroid cells
TCATGAGCAGGCAATG,Primitive erythroid cells
TCATGAGGTAAGTTAG,Lateral plate and intermediate mesoderm
TCATGAGGTAGAGCTG,Surface ectoderm
TCATGAGGTTGTTGAC,Surface ectoderm
TCATGAGTCAACACGT,Forebrain/midbrain
TCATGAGTCAGGACGA,Cranial neural crest
TCATGAGTCCATGAGT,Hindbrain
TCATGAGTCCCGAGTG,NMP
TCATGAGTCCGAGGCT,Gut endoderm
TCATGAGTCCGCACTT,Forebrain/midbrain
TCATGAGTCCTCTCGA,Hindbrain
TCATGAGTCGCTGACG,Extraembryonic visceral endoderm
TCATGCCAGACGGTTG,Forebrain/midbrain
TCATGCCAGAGAGGTA,Extraembryonic visceral endoderm
TCATGCCAGGGATCGT,Primitive erythroid cells
TCATGCCAGTTGAAAC,Paraxial mesoderm
TCATGCCCAAGAAACT,Spinal cord
TCATGCCCACCTGATA,Primitive erythroid cells
TCATGCCCATATACCG,Lateral plate and intermediate mesoderm
TCATGCCGTACCCGCA,Primitive erythroid cells
TCATGCCGTAGTAAGT,Forebrain/midbrain
TCATGCCGTCTTGCTC,Primitive erythroid cells
TCATGCCGTTCTCCTG,Endothelium
TCATGCCTCAAGTTGC,Lateral plate and intermediate mesoderm
TCATGCCTCATGTCAG,Primitive erythroid cells
TCATGCCTCGCTTAAG,Lateral plate and intermediate mesoderm
TCATGCCTCTATCACT,Hindbrain
TCATGCCTCTGAACGT,Lateral plate and intermediate mesoderm
TCATGGAAGACAAGCC,Forebrain/midbrain
TCATGGAAGAGGGCGA,Primitive erythroid cells
TCATGGAAGATAACGT,Extraembryonic visceral endoderm
TCATGGAAGGTCATTC,Surface ectoderm
TCATGGAAGTACTCGT,Placodal area
TCATGGAAGTATGTAG,Hematoendothelial progenitors
TCATGGAAGTCTGCAT,Allantois
TCATGGAAGTGTACCT,Spinal cord
TCATGGACACCTCAGG,Extraembryonic visceral endoderm
TCATGGACACTATGTG,Forebrain/midbrain
TCATGGACATGGAACG,Hindbrain
TCATGGACATGGTACT,Forebrain/midbrain
TCATGGAGTACCCAGC,NMP
TCATGGAGTACTGAGG,Hindbrain
TCATGGAGTATGGAGC,Surface ectoderm
TCATGGAGTGCATTTG,Primitive erythroid cells
TCATGGAGTTAGGAGC,NMP
TCATGGATCAACCTCC,Lateral plate and intermediate mesoderm
TCATGGATCAGGAAGC,Forebrain/midbrain
TCATGGATCGAGTTGT,First heart field
TCATGGATCTGGAGAG,Primitive erythroid cells
TCATGTTAGATCGACG,Lateral plate and intermediate mesoderm
TCATGTTAGTGTAGTA,Primitive erythroid cells
TCATGTTCAGATCATC,Cranial neural crest
TCATGTTCATAGTCAC,Extraembryonic visceral endoderm
TCATGTTGTACGTTCA,Amniotic ectoderm
TCATGTTGTAGGGAGG,Primitive erythroid cells
TCATGTTGTGTTGACT,Second heart field
TCATGTTTCGACATCA,Lateral plate and intermediate mesoderm
TCATGTTTCTCTCAAT,Endothelium
TCATTACAGCAAACAT,Primitive erythroid cells
TCATTACAGTAGTCTC,NMP
TCATTACAGTCTGCGC,NMP
TCATTACCACATGGTT,NMP
TCATTACCAGGATCTT,Primitive erythroid cells
TCATTACCAGTTGTTG,Placodal area
TCATTACCATCCAATG,Extraembryonic visceral endoderm
TCATTACGTCTTCTAT,NMP
TCATTACGTGAATTAG,Primitive erythroid cells
TCATTACTCAACCTTT,Cranial neural crest
TCATTACTCGGAGTGA,Cranial neural crest
TCATTACTCGTGGCGT,Gut endoderm
TCATTACTCTGTTGGA,Extraembryonic visceral endoderm
TCATTCAAGAGGACTC,Amniotic ectoderm
TCATTCAAGCAACAAT,Extraembryonic visceral endoderm
TCATTCAAGGACGCAT,Forebrain/midbrain
TCATTCAAGGTAAAGG,Extraembryonic visceral endoderm
TCATTCACACTTGACA,Hindbrain
TCATTCACAGCGCGTT,Primitive erythroid cells
TCATTCACATGACCCG,Forebrain/midbrain
TCATTCACATTCTTCA,Paraxial mesoderm
TCATTCAGTCTTCGAA,Cranial neural crest
TCATTCATCATTCATC,Cranial neural crest
TCATTCATCGTGAGAG,Extraembryonic visceral endoderm
TCATTCATCTGTCCCA,Primitive erythroid cells
TCATTGTAGAATACAC,Primitive erythroid cells
TCATTGTAGCACACCC,Forebrain/midbrain
TCATTGTCACTGTCGG,Forebrain/midbrain
TCATTGTCAGAACATA,Forebrain/midbrain
TCATTGTCATCTGGGC,Paraxial mesoderm
TCATTGTGTACGAGTG,Paraxial mesoderm
TCATTGTGTCGGAACA,Primitive erythroid cells
TCATTGTGTTTATGCG,Lateral plate and intermediate mesoderm
TCATTGTGTTTGTTGG,Extraembryonic visceral endoderm
TCATTGTTCCGTGACG,Extraembryonic visceral endoderm
TCATTGTTCCTGGCTT,Hindbrain
TCATTGTTCCTGGTCT,Forebrain/midbrain
TCATTTGAGCATAGGC,Lateral plate and intermediate mesoderm
TCATTTGAGCATGAAT,Primitive erythroid cells
TCATTTGAGCCAGACA,Primitive erythroid cells
TCATTTGAGGTAGATT,Primitive erythroid cells
TCATTTGAGGTAGTCG,NMP
TCATTTGAGTGGACGT,Forebrain/midbrain
TCATTTGAGTTGGCGA,Extraembryonic visceral endoderm
TCATTTGCACAGCCAC,Primitive erythroid cells
TCATTTGCACGAGGTA,Primitive erythroid cells
TCATTTGCAGTTCACA,Extraembryonic visceral endoderm
TCATTTGCAGTTGCGC,Surface ectoderm
TCATTTGCATGTTACG,Paraxial mesoderm
TCATTTGGTAGCGTAG,Primitive erythroid cells
TCATTTGGTAGTCGTT,Extraembryonic visceral endoderm
TCATTTGGTATTTCCT,NMP
TCATTTGGTCTGCATA,Endothelium
TCATTTGTCAGCGGAA,Primitive erythroid cells
TCATTTGTCATTATCC,Primitive erythroid cells
TCATTTGTCGGTGTAT,Gut endoderm
TCATTTGTCGTCTAAG,Primitive erythroid cells
TCCACCAAGTGTACCT,NMP
TCCACCACAAATTGGA,Primitive erythroid cells
TCCACCACAGCTATAC,Surface ectoderm
TCCACCAGTGGACAGT,Primitive erythroid cells
TCCACCATCACCATGA,Primitive erythroid cells
TCCACCATCATCCCGT,Forebrain/midbrain
TCCACCATCCCAGTGG,Surface ectoderm
TCCACCATCCCATAAG,Surface ectoderm
TCCACCATCCCTTGGT,Primitive erythroid cells
TCCACCATCGCTACAA,Surface ectoderm
TCCACCATCGGAATTC,NMP
TCCACCATCGTCACCT,Hindbrain
TCCACGTAGCATACTC,Extraembryonic visceral endoderm
TCCACGTAGCCGATAG,NMP
TCCACGTAGGAACGCT,Extraembryonic visceral endoderm
TCCACGTAGGACTTCT,Primitive erythroid cells
TCCACGTAGGTCACAG,Primitive erythroid cells
TCCACGTAGTAATACG,Surface ectoderm
TCCACGTCAAATTGCC,Second heart field
TCCACGTCAACGACAG,Surface ectoderm
TCCACGTCAAGTTCCA,Paraxial mesoderm
TCCACGTCAGAAACCG,Primitive erythroid cells
TCCACGTCAGCACAGA,Placodal area
TCCACGTCAGCTCCTT,Lateral plate and intermediate mesoderm
TCCACGTCATAAGATG,Lateral plate and intermediate mesoderm
TCCACGTCATGTGGTT,Primitive erythroid cells
TCCACGTGTCTTCCGT,Extraembryonic visceral endoderm
TCCACGTGTTAGGACG,Extraembryonic visceral endoderm
TCCACGTTCACTTGTT,Primitive erythroid cells
TCCACGTTCATTGTTC,Hindbrain
TCCACGTTCTCGGGAC,Primitive erythroid cells
TCCAGAAAGATTGCGG,Allantois
TCCAGAAAGCGTGAGT,Surface ectoderm
TCCAGAAAGCTCTATG,Forebrain/midbrain
TCCAGAAAGGACGCAT,Primitive erythroid cells
TCCAGAAAGGGACCAT,Forebrain/midbrain
TCCAGAAAGTTATGGA,Hindbrain
TCCAGAACAACGGCCT,Hindbrain
TCCAGAACAGTGTACT,Lateral plate and intermediate mesoderm
TCCAGAAGTAAGACCG,Primitive erythroid cells
TCCAGAAGTACGAGTG,Primitive erythroid cells
TCCAGAAGTCAAGGCA,First heart field
TCCAGAAGTGTTAGCT,Primitive erythroid cells
TCCAGAAGTTACACAC,Primitive erythroid cells
TCCAGAATCCTCTCTT,First heart field
TCCAGAATCGTAATGC,Extraembryonic visceral endoderm
TCCAGAATCGTGCTCT,Surface ectoderm
TCCAGAATCTTACTGT,Forebrain/midbrain
TCCATCGAGAAGGGAT,Extraembryonic visceral endoderm
TCCATCGAGACTGTTC,Extraembryonic visceral endoderm
TCCATCGAGATGGGCT,Gut endoderm
TCCATCGAGCCGAACA,Paraxial mesoderm
TCCATCGAGGCCCAAA,Hindbrain
TCCATCGAGTGCAAAT,Primitive erythroid cells
TCCATCGAGTGCACCC,Surface ectoderm
TCCATCGCAAGGTACG,Hindbrain
TCCATCGGTACTCAAC,Hindbrain
TCCATCGGTATACGGG,Endothelium
TCCATCGGTATAGGAT,Primitive erythroid cells
TCCATCGGTTAGAGAT,First heart field
TCCATCGGTTCTCGCT,Endothelium
TCCATCGGTTGACGGA,Extraembryonic visceral endoderm
TCCATCGGTTGGCCGT,Extraembryonic visceral endoderm
TCCATCGTCCTGCTAC,Primitive erythroid cells
TCCATCGTCGGAATTC,Extraembryonic visceral endoderm
TCCATCGTCTAAGCCA,Cranial neural crest
TCCATGCAGAGGCGTT,Amniotic ectoderm
TCCATGCAGCACCTGC,Extraembryonic visceral endoderm
TCCATGCAGCGTCAAG,Primitive erythroid cells
TCCATGCAGCTACTGT,Extraembryonic visceral endoderm
TCCATGCAGTGCGTCC,Gut endoderm
TCCATGCAGTTGCTGT,Primitive erythroid cells
TCCATGCCAATTTCTC,Primitive erythroid cells
TCCATGCCACCCTCTA,Lateral plate and intermediate mesoderm
TCCATGCCACCTATCC,Primitive erythroid cells
TCCATGCCACTGCATA,Primitive erythroid cells
TCCATGCCAGGACGAT,Primitive erythroid cells
TCCATGCCATGAGAAT,Extraembryonic visceral endoderm
TCCATGCGTAATACCC,Primitive erythroid cells
TCCATGCGTCTTTATC,Extraembryonic visceral endoderm
TCCATGCGTTGAGAGC,Surface ectoderm
TCCATGCTCTCCAATT,Gut endoderm
TCCCACAAGACATGCG,Lateral plate and intermediate mesoderm
TCCCACAAGCGTTAGG,Placodal area
TCCCACAAGGATTACA,Lateral plate and intermediate mesoderm
TCCCACAAGTCGCCCA,First heart field
TCCCACACAAAGTATG,Extraembryonic visceral endoderm
TCCCACACAACTCCCT,Primitive erythroid cells
TCCCACACACAAGCTT,Primitive erythroid cells
TCCCACACACACACTA,Surface ectoderm
TCCCACACACTCCACT,Gut endoderm
TCCCACACACTCTGCT,Forebrain/midbrain
TCCCACACACTGGAAG,Extraembryonic visceral endoderm
TCCCACACATTGAGCT,Allantois
TCCCACAGTAGAATAC,First heart field
TCCCACATCACCTTAT,Extraembryonic visceral endoderm
TCCCAGTAGAAAGTCT,Forebrain/midbrain
TCCCAGTAGTCTTCCC,Spinal cord
TCCCAGTCAACCAATC,Paraxial mesoderm
TCCCAGTCAATCGAAA,Surface ectoderm
TCCCAGTCACACTTAG,Primitive erythroid cells
TCCCAGTCACTTCATT,Endothelium
TCCCAGTCAGTATTCG,Extraembryonic visceral endoderm
TCCCAGTGTCCCTAAA,Extraembryonic visceral endoderm
TCCCAGTGTTACCGTA,Lateral plate and intermediate mesoderm
TCCCAGTTCCACGTAA,NMP
TCCCAGTTCCTCACTG,Primitive erythroid cells
TCCCAGTTCGAGGCAA,Surface ectoderm
TCCCAGTTCGCAGTGC,Allantois
TCCCAGTTCGTCAAAC,Endothelium
TCCCAGTTCTCGGTCT,Forebrain/midbrain
TCCCATGAGAAGTCCG,Forebrain/midbrain
TCCCATGAGGATCACG,Hindbrain
TCCCATGAGGGTAGCT,Extraembryonic visceral endoderm
TCCCATGAGTGTTCAC,Lateral plate and intermediate mesoderm
TCCCATGCAATGCAAA,NMP
TCCCATGCAGTTTCAG,Forebrain/midbrain
TCCCATGGTCTCTCCA,Primitive erythroid cells
TCCCATGGTGTGCTTA,Forebrain/midbrain
TCCCATGGTTGTGGCC,NMP
TCCCATGTCCCTAGGG,Extraembryonic visceral endoderm
TCCCATGTCGGTAAGG,Extraembryonic visceral endoderm
TCCGAAAAGACATAAC,Gut endoderm
TCCGAAAAGCGTCTCG,Hindbrain
TCCGAAAAGCTTCTAG,Forebrain/midbrain
TCCGAAAAGTAGACAT,Surface ectoderm
TCCGAAAAGTCGCTAT,Paraxial mesoderm
TCCGAAAAGTTAGTAG,Amniotic ectoderm
TCCGAAACAAGATCCT,Extraembryonic visceral endoderm
TCCGAAACACTGCTTC,Forebrain/midbrain
TCCGAAACATTCATCT,Surface ectoderm
TCCGAAAGTAAGCGGT,Surface ectoderm
TCCGAAAGTACAGCGA,Primitive erythroid cells
TCCGAAAGTCAAGTTC,Forebrain/midbrain
TCCGAAAGTCGAGCAA,Paraxial mesoderm
TCCGAAATCACACGAT,Extraembryonic visceral endoderm
TCCGAAATCCTTCTTC,Lateral plate and intermediate mesoderm
TCCGAAATCGCAGTTA,Surface ectoderm
TCCGATCAGAATCCCT,Hindbrain
TCCGATCAGACCATTC,Hindbrain
TCCGATCAGGCCACCT,Surface ectoderm
TCCGATCAGTCGGCAA,Primitive erythroid cells
TCCGATCCAAGGACAC,Hematoendothelial progenitors
TCCGATCCAGTGGTGA,Extraembryonic visceral endoderm
TCCGATCCATCCCGTT,Extraembryonic visceral endoderm
TCCGATCCATGTTTGG,Primitive erythroid cells
TCCGATCGTACGAGTG,Paraxial mesoderm
TCCGATCGTATTGAGA,Primitive erythroid cells
TCCGATCGTCACCCTT,Hematoendothelial progenitors
TCCGATCGTCACTCAA,Primitive erythroid cells
TCCGATCGTCTCCCTA,Surface ectoderm
TCCGATCTCAACACCA,Forebrain/midbrain
TCCGATCTCAACTGGT,Forebrain/midbrain
TCCGATCTCCTCAGAA,Endothelium
TCCGATCTCTACTGAG,Extraembryonic visceral endoderm
TCCGATCTCTTGTTAC,Primitive erythroid cells
TCCGATCTCTTTGCAT,Hindbrain
TCCGGGAAGAGCACTG,NMP
TCCGGGAAGCACTTTG,Forebrain/midbrain
TCCGGGAAGTAGACCG,Primitive erythroid cells
TCCGGGAAGTCTTGGT,Paraxial mesoderm
TCCGGGACACCCTATC,Hindbrain
TCCGGGACACTCAGAT,Forebrain/midbrain
TCCGGGAGTCTGGTTA,NMP
TCCGGGAGTGGAGGTT,Extraembryonic visceral endoderm
TCCGGGATCAGTCCGG,Gut endoderm
TCCGGGATCCACGGAC,Primitive erythroid cells
TCCGGGATCCCTGTTG,Second heart field
TCCGGGATCCGTGGCA,Hindbrain
TCCGGGATCGTTGTTT,Hindbrain
TCCGGGATCTATCGTT,NMP
TCCGTGTCAATACCCA,Endothelium
TCCGTGTCACAGTCAT,First heart field
TCCGTGTCATCCGAAT,Extraembryonic visceral endoderm
TCCGTGTCATCCTAAG,Extraembryonic visceral endoderm
TCCGTGTGTGTTTCTT,Hematoendothelial progenitors
TCCGTGTTCCAAATGC,Lateral plate and intermediate mesoderm
TCCGTGTTCGGCTTCT,Hindbrain
TCCTAATAGACTCAAA,Endothelium
TCCTAATAGCAATAAC,Primitive erythroid cells
TCCTAATAGGAATGTT,Extraembryonic visceral endoderm
TCCTAATCACGACAAG,Amniotic ectoderm
TCCTAATCACGGTAGA,Placodal area
TCCTAATCAGACACCC,Forebrain/midbrain
TCCTAATCAGCATGCC,Primitive erythroid cells
TCCTAATCATCAGTCA,Forebrain/midbrain
TCCTAATCATGGAACG,Surface ectoderm
TCCTAATGTAGTGTGG,Primitive erythroid cells
TCCTAATGTCGTGCCA,Extraembryonic visceral endoderm
TCCTAATGTTCCGGTG,Primitive erythroid cells
TCCTAATTCGGTCGGT,Extraembryonic visceral endoderm
TCCTAATTCGTGGCGT,Forebrain/midbrain
TCCTAATTCGTTGTGA,Extraembryonic visceral endoderm
TCCTCCCAGAGTGAAG,Gut endoderm
TCCTCCCAGCACTTTG,Amniotic ectoderm
TCCTCCCAGCGCCATC,Amniotic ectoderm
TCCTCCCAGCGGGTAT,Primitive erythroid cells
TCCTCCCAGGGCATGT,Lateral plate and intermediate mesoderm
TCCTCCCCAATGCAGG,Forebrain/midbrain
TCCTCCCCACAACCGC,Amniotic ectoderm
TCCTCCCCACGTACTA,Hematoendothelial progenitors
TCCTCCCCACTACAGT,Placodal area
TCCTCCCCAGACACCC,Primitive erythroid cells
TCCTCCCCAGGTCAAG,Extraembryonic visceral endoderm
TCCTCCCCATCCGTGG,Primitive erythroid cells
TCCTCCCGTGTTAAAG,Forebrain/midbrain
TCCTCCCGTTAAGACA,Primitive erythroid cells
TCCTCCCGTTAGGCTT,Surface ectoderm
TCCTCCCGTTATCTTC,Primitive erythroid cells
TCCTCCCGTTTAGACC,Extraembryonic visceral endoderm
TCCTCCCTCATCTCTA,Primitive erythroid cells
TCCTCCCTCCATTTGT,Primitive erythroid cells
TCCTCCCTCCCGTGAG,Primitive erythroid cells
TCCTCCCTCCCGTTCA,Hematoendothelial progenitors
TCCTCCCTCGTGCTCT,Surface ectoderm
TCCTCCCTCTGTGCAA,Paraxial mesoderm
TCCTCCCTCTTCTTCC,Primitive erythroid cells
TCCTCGAAGCCGATTT,Extraembryonic visceral endoderm
TCCTCGAAGCTTGTGT,Lateral plate and intermediate mesoderm
TCCTCGAAGTCCGCCA,Extraembryonic visceral endoderm
TCCTCGAAGTCGTTAC,NMP
TCCTCGAAGTTATGGA,Primitive erythroid cells
TCCTCGACAATGTGGG,Extraembryonic visceral endoderm
TCCTCGAGTAATCAAG,Extraembryonic visceral endoderm
TCCTCGAGTGGATTTC,Lateral plate and intermediate mesoderm
TCCTCGAGTTGCTCAA,Surface ectoderm
TCCTCGAGTTTGAACC,Notochord
TCCTCGATCCTACGAA,Surface ectoderm
TCCTCGATCGGCAGTC,Lateral plate and intermediate mesoderm
TCCTCGATCTTTCTAG,Forebrain/midbrain
TCCTCTTAGAGATGCC,Primitive erythroid cells
TCCTCTTAGGAGCTGT,Endothelium
TCCTCTTAGGGTACAC,Amniotic ectoderm
TCCTCTTAGGTCACAG,Endothelium
TCCTCTTAGTCAAGCG,Primitive erythroid cells
TCCTCTTAGTGAGGCT,Cranial neural crest
TCCTCTTAGTTGGACG,Hindbrain
TCCTCTTCACAGCTGC,Extraembryonic visceral endoderm
TCCTCTTCACCGGTCA,Surface ectoderm
TCCTCTTCATCAACCA,NMP
TCCTCTTCATCGAACT,Amniotic ectoderm
TCCTCTTCATTCTCCG,Hindbrain
TCCTCTTGTATCATGC,Gut endoderm
TCCTCTTGTCGCAACC,Primitive erythroid cells
TCCTCTTGTCTGTAAC,Cranial neural crest
TCCTCTTGTGAGAACC,Primitive erythroid cells
TCCTCTTGTTATTCCT,Primitive erythroid cells
TCCTCTTGTTCTCCCA,Spinal cord
TCCTCTTGTTTGTGGT,Paraxial mesoderm
TCCTCTTTCACCTGGG,Lateral plate and intermediate mesoderm
TCCTCTTTCACTGGTA,Hindbrain
TCCTCTTTCATCGCAA,Paraxial mesoderm
TCCTCTTTCCTCGCAT,Extraembryonic visceral endoderm
TCCTCTTTCCTTATAC,Primitive erythroid cells
TCCTCTTTCGTGGACC,Extraembryonic visceral endoderm
TCCTGCAAGATGCAGC,Forebrain/midbrain
TCCTGCAAGCAAATGT,Hindbrain
TCCTGCAAGCTCACTA,Primitive erythroid cells
TCCTGCAAGTCCCAAT,Hindbrain
TCCTGCACACATTACG,Primitive erythroid cells
TCCTGCACACCCGTAG,Primitive erythroid cells
TCCTGCATCACCTTAT,Primitive erythroid cells
TCCTGCATCATGCATG,Primitive erythroid cells
TCCTGCATCCTTTGAT,Lateral plate and intermediate mesoderm
TCCTGCATCTTACGGA,Extraembryonic visceral endoderm
TCCTTCTAGAGGTGCT,NMP
TCCTTCTAGCAATAAC,Extraembryonic visceral endoderm
TCCTTCTAGCTGTACT,Lateral plate and intermediate mesoderm
TCCTTCTAGTCTGGAG,Extraembryonic visceral endoderm
TCCTTCTAGTTACGTC,Paraxial mesoderm
TCCTTCTCAACTCATG,Extraembryonic visceral endoderm
TCCTTCTCAATTGCGT,Endothelium
TCCTTCTCAGCAGAAC,Primitive erythroid cells
TCCTTCTCAGTAACGG,Hematoendothelial progenitors
TCCTTCTCATAGCACT,Primitive erythroid cells
TCCTTCTGTACAACGG,Surface ectoderm
TCCTTCTTCAAACCCA,Placodal area
TCCTTCTTCACAGTGT,Extraembryonic visceral endoderm
TCCTTCTTCACTTATC,Cranial neural crest
TCCTTCTTCCGGCAAC,Hindbrain
TCCTTCTTCGGAAACG,Forebrain/midbrain
TCCTTTCAGAGCAACC,Lateral plate and intermediate mesoderm
TCCTTTCAGCAACAAT,Allantois
TCCTTTCAGCCGATCC,Amniotic ectoderm
TCCTTTCAGGAATTAC,Hindbrain
TCCTTTCAGTAATCCC,Primitive erythroid cells
TCCTTTCAGTGCCGAA,Allantois
TCCTTTCAGTGTGTTC,Hindbrain
TCCTTTCAGTTGTAGA,Extraembryonic visceral endoderm
TCCTTTCCAATAGTGA,Amniotic ectoderm
TCCTTTCCACCCTTGT,Surface ectoderm
TCCTTTCGTATCGATC,Surface ectoderm
TCCTTTCGTCCTTTGC,Paraxial mesoderm
TCCTTTCGTCGACTGC,Gut endoderm
TCCTTTCTCAAGCTTG,NMP
TCCTTTCTCACTACGA,NMP
TCCTTTCTCACTTTGT,Amniotic ectoderm
TCCTTTCTCATGCCCT,Placodal area
TCCTTTCTCCACGGAC,Primitive erythroid cells
TCCTTTCTCCTCGCAT,Extraembryonic visceral endoderm
TCCTTTCTCGTTGCCT,Lateral plate and intermediate mesoderm
TCGAACAAGAAGAACG,Lateral plate and intermediate mesoderm
TCGAACAAGCAGATAT,Primitive erythroid cells
TCGAACAAGCTCACTA,NMP
TCGAACAAGGACTTCT,First heart field
TCGAACAAGTGACCTT,Primitive erythroid cells
TCGAACACAACCAGAG,Primitive erythroid cells
TCGAACACACAAATCC,Primitive erythroid cells
TCGAACACACGTACTA,Forebrain/midbrain
TCGAACACAGAAATTG,Primitive erythroid cells
TCGAACACAGGACGAT,Extraembryonic visceral endoderm
TCGAACAGTCTAGATC,Surface ectoderm
TCGAACATCAATCCGA,Endothelium
TCGAACATCATCGCTC,Extraembryonic visceral endoderm
TCGAACATCTAGCAAC,First heart field
TCGAAGTAGAAACCAT,Hindbrain
TCGAAGTAGATGGCGT,Gut endoderm
TCGAAGTAGGGATCTG,First heart field
TCGAAGTAGTGCAACG,Primitive erythroid cells
TCGAAGTCAGCTGTTA,Extraembryonic visceral endoderm
TCGAAGTTCATGAGTC,Extraembryonic visceral endoderm
TCGAAGTTCGATCCCT,Paraxial mesoderm
TCGACCTAGAACTTCC,Primitive erythroid cells
TCGACCTAGACGCAGT,Extraembryonic visceral endoderm
TCGACCTAGATTAGCA,Gut endoderm
TCGACCTAGCGTCAAG,Surface ectoderm
TCGACCTAGTCGGGAT,NMP
TCGACCTAGTTCCGGC,Endothelium
TCGACCTAGTTGAATG,Forebrain/midbrain
TCGACCTCAGCTGTCG,Primitive erythroid cells
TCGACCTCATCGTTCC,Primitive erythroid cells
TCGACCTGTCACTCAA,Lateral plate and intermediate mesoderm
TCGACCTGTCGATTCA,Placodal area
TCGACCTGTCTTGCGG,Hematoendothelial progenitors
TCGACCTGTGTCCCTT,Hindbrain
TCGACCTGTGTGAGCA,Extraembryonic visceral endoderm
TCGACCTGTTTGAACC,Surface ectoderm
TCGACCTTCATCGACA,Extraembryonic visceral endoderm
TCGACCTTCTATCCAT,Lateral plate and intermediate mesoderm
TCGACCTTCTCACCCA,NMP
TCGACCTTCTCCGAGG,Lateral plate and intermediate mesoderm
TCGACGGAGCCTAGGA,Amniotic ectoderm
TCGACGGAGTAAACGT,Primitive erythroid cells
TCGACGGCACCAAATC,Forebrain/midbrain
TCGACGGCACCCTCTA,Hindbrain
TCGACGGCAGCGTATT,Lateral plate and intermediate mesoderm
TCGACGGCAGCTGGTC,Hindbrain
TCGACGGCAGGTTCAT,Paraxial mesoderm
TCGACGGCAGTCTCTC,Lateral plate and intermediate mesoderm
TCGACGGGTAAGGTCG,Primitive erythroid cells
TCGACGGGTCGCATCG,Surface ectoderm
TCGACGGGTGTTGATC,Extraembryonic visceral endoderm
TCGACGGGTTATGTGC,Gut endoderm
TCGACGGGTTCGGTTA,Primitive erythroid cells
TCGACGGTCAAAGCCT,Extraembryonic visceral endoderm
TCGACGGTCGGTCACG,Primitive erythroid cells
TCGACGGTCGTCTCAC,Primitive erythroid cells
TCGACGGTCGTGTGAT,Spinal cord
TCGACGGTCTAGAGCT,Gut endoderm
TCGATTTAGACAGCTG,Hindbrain
TCGATTTAGCGTTAGG,Primitive erythroid cells
TCGATTTAGGCATCAG,Forebrain/midbrain
TCGATTTAGGGCTTCC,Extraembryonic visceral endoderm
TCGATTTCAAACTAAG,Extraembryonic visceral endoderm
TCGATTTCAATCCTTT,Extraembryonic visceral endoderm
TCGATTTGTAATGATG,Extraembryonic visceral endoderm
TCGATTTGTACTGGGA,Forebrain/midbrain
TCGATTTGTCTGCCTT,Amniotic ectoderm
TCGATTTGTCTTCCGT,Hindbrain
TCGATTTGTGTACATC,Primitive erythroid cells
TCGATTTTCCGGACTG,Primitive erythroid cells
TCGATTTTCGTCTCAC,Cranial neural crest
TCGCACTAGACATAGT,Extraembryonic visceral endoderm
TCGCACTAGCAATAGT,Forebrain/midbrain
TCGCACTAGGAAACGA,Primitive erythroid cells
TCGCACTAGGTCTACT,NMP
TCGCACTCACAACATC,Surface ectoderm
TCGCACTCACAACGAG,Endothelium
TCGCACTCAGACCATT,Surface ectoderm
TCGCACTCAGCGTAGA,Primitive erythroid cells
TCGCACTCATCCTATT,Extraembryonic visceral endoderm
TCGCACTGTACCCAGC,Lateral plate and intermediate mesoderm
TCGCACTGTAGCGTCC,Primitive erythroid cells
TCGCACTGTATTGACC,Extraembryonic visceral endoderm
TCGCACTGTCCTCCAT,Extraembryonic visceral endoderm
TCGCACTGTGACACGA,Paraxial mesoderm
TCGCACTGTGATACAA,Extraembryonic visceral endoderm
TCGCACTGTGGCAGAT,Extraembryonic visceral endoderm
TCGCACTGTTGCTTGA,Primitive erythroid cells
TCGCACTTCACGATCA,Primitive erythroid cells
TCGCACTTCATGCGGC,Primitive erythroid cells
TCGCACTTCGTGCTCT,NMP
TCGCAGGAGAACAAGG,Second heart field
TCGCAGGAGACATAAC,Surface ectoderm
TCGCAGGAGATGCTAA,Primitive erythroid cells
TCGCAGGAGGCCTAAG,Paraxial mesoderm
TCGCAGGAGTAAACGT,Surface ectoderm
TCGCAGGAGTGATAGT,Hindbrain
TCGCAGGCACAAGCCC,Lateral plate and intermediate mesoderm
TCGCAGGCACGAAAGC,Surface ectoderm
TCGCAGGCAGTCGGTC,Extraembryonic visceral endoderm
TCGCAGGCATCGTGCG,Primitive erythroid cells
TCGCAGGCATCTTAGG,Lateral plate and intermediate mesoderm
TCGCAGGGTAATGCTC,Primitive erythroid cells
TCGCAGGGTCTGTAGT,Forebrain/midbrain
TCGCAGGGTGACGTCC,Forebrain/midbrain
TCGCAGGGTGTCATTG,Primitive erythroid cells
TCGCAGGGTTTGTGGT,Extraembryonic visceral endoderm
TCGCAGGTCACGGAGA,Primitive erythroid cells
TCGCAGGTCTTCCCGA,Hindbrain
TCGCTCAAGCGAGTCA,Primitive erythroid cells
TCGCTCACAACGACTT,Forebrain/midbrain
TCGCTCACACACACTA,Paraxial mesoderm
TCGCTCACACACCGAC,Gut endoderm
TCGCTCACACACCTAA,Primitive erythroid cells
TCGCTCACAGCAGGAT,Lateral plate and intermediate mesoderm
TCGCTCACAGCCGGTT,Extraembryonic visceral endoderm
TCGCTCACATGAAGGC,Primitive erythroid cells
TCGCTCAGTAGGAAAG,Second heart field
TCGCTCAGTATGAGGC,Primitive erythroid cells
TCGCTCAGTCGCTTGG,Extraembryonic visceral endoderm
TCGCTCAGTGCCCTTT,Hematoendothelial progenitors
TCGCTCATCCATCTCG,Lateral plate and intermediate mesoderm
TCGCTCATCGGTTCAA,Forebrain/midbrain
TCGCTCATCTAGAGCT,Gut endoderm
TCGCTCATCTTAGCCC,Allantois
TCGCTTGAGCCAACCC,Surface ectoderm
TCGCTTGAGCCATTTG,Extraembryonic visceral endoderm
TCGCTTGAGGAATTAC,Amniotic ectoderm
TCGCTTGAGTGCAACG,Primitive erythroid cells
TCGCTTGCAAAGCTAA,Extraembryonic visceral endoderm
TCGCTTGGTCAGACGA,Amniotic ectoderm
TCGCTTGGTTCTATCT,Endothelium
TCGCTTGTCAATCTTC,Hindbrain
TCGCTTGTCCATCGTC,Hindbrain
TCGCTTGTCGCAATTG,Surface ectoderm
TCGCTTGTCGCTAAAC,Primitive erythroid cells
TCGCTTGTCGTACACA,Primitive erythroid cells
TCGCTTGTCGTGTGAT,Cranial neural crest
TCGGATAAGAACAAGG,Hindbrain
TCGGATAAGACAAGCC,Lateral plate and intermediate mesoderm
TCGGATAAGACGATAT,Surface ectoderm
TCGGATAAGAGAGTGA,Lateral plate and intermediate mesoderm
TCGGATAAGCACTAAA,NMP
TCGGATAAGCAGTCTT,Extraembryonic visceral endoderm
TCGGATACAGTATACC,NMP
TCGGATACATGTGTCA,Gut endoderm
TCGGATAGTCAACGCC,Hematoendothelial progenitors
TCGGATAGTGTCATTG,Primordial germ cells
TCGGATATCATCACTT,Forebrain/midbrain
TCGGATATCCCGTGAG,Lateral plate and intermediate mesoderm
TCGGATATCGGCATCG,Primitive erythroid cells
TCGGATATCTGAATCG,Lateral plate and intermediate mesoderm
TCGGGACCAAACGTGG,NMP
TCGGGACCAACCACAT,Allantois
TCGGGACCAATCAAGA,Allantois
TCGGGACCATCCTTGC,Primitive erythroid cells
TCGGGACGTAACAGTA,Hindbrain
TCGGGACGTACAGAAT,First heart field
TCGGGACGTACCACGC,Amniotic ectoderm
TCGGGACGTCTGCGCA,Cranial neural crest
TCGGGACGTGACACGA,Paraxial mesoderm
TCGGGACGTTAGAGAT,Allantois
TCGGGACGTTGAGGAC,Surface ectoderm
TCGGGACTCAAGCCTA,NMP
TCGGGACTCACTTTGT,NMP
TCGGGACTCCATCTGC,Surface ectoderm
TCGGGACTCCGACAGC,Primitive erythroid cells
TCGGGACTCGAGTGAG,Lateral plate and intermediate mesoderm
TCGGGACTCTCTATAC,Hematoendothelial progenitors
TCGGGACTCTTGAGCA,Primitive erythroid cells
TCGGGCAAGCCTGACC,NMP
TCGGGCAAGGCTGTAG,Hematoendothelial progenitors
TCGGGCAAGTCTAGCT,Notochord
TCGGGCACAGCGGTTC,Allantois
TCGGGCACATGGAAGC,Primitive erythroid cells
TCGGGCACATGTTCAG,Primitive erythroid cells
TCGGGCAGTAAGCTCT,Primitive erythroid cells
TCGGGCAGTATGGAGC,First heart field
TCGGGCAGTGCATTAC,Hematoendothelial progenitors
TCGGGCATCATCGCAA,Primitive erythroid cells
TCGGGCATCCCGTAAA,Primitive erythroid cells
TCGGGTGAGAGGTATT,Extraembryonic visceral endoderm
TCGGGTGAGCTGAGTG,Allantois
TCGGGTGAGGTGCTAG,Paraxial mesoderm
TCGGGTGAGTCACGAG,Primitive erythroid cells
TCGGGTGAGTTGAAAC,Lateral plate and intermediate mesoderm
TCGGGTGCAACACAAA,Primitive erythroid cells
TCGGGTGCAAGAAATC,Paraxial mesoderm
TCGGGTGCAGCTGTTA,NMP
TCGGGTGCAGTTGGTT,Cranial neural crest
TCGGGTGCATCAGTGT,Forebrain/midbrain
TCGGGTGCATGCCGCA,Spinal cord
TCGGGTGGTCAGTCCG,Endothelium
TCGGGTGGTCCAGAAG,Primitive erythroid cells
TCGGGTGGTCCGGTGT,Amniotic ectoderm
TCGGTCTAGACAACTA,Paraxial mesoderm
TCGGTCTAGACTCCGC,Primitive erythroid cells
TCGGTCTAGGATGCGT,Extraembryonic visceral endoderm
TCGGTCTCACGCAAAG,Lateral plate and intermediate mesoderm
TCGGTCTCAGGGCTTC,Forebrain/midbrain
TCGGTCTGTCAGTCCG,Gut endoderm
TCGGTCTGTCGGCACT,Extraembryonic visceral endoderm
TCGGTCTGTGCTAGCC,Hematoendothelial progenitors
TCGGTCTGTTAAGCAA,Paraxial mesoderm
TCGGTCTGTTATAGAG,Primitive erythroid cells
TCGTAGAAGATCGGTG,Primitive erythroid cells
TCGTAGAAGCCTCAGC,Extraembryonic visceral endoderm
TCGTAGAAGGACGGAG,Extraembryonic visceral endoderm
TCGTAGACACCATATG,Lateral plate and intermediate mesoderm
TCGTAGACAGACGGAT,Primitive erythroid cells
TCGTAGACAGTTAAAG,Surface ectoderm
TCGTAGAGTCGCGGTT,Placodal area
TCGTAGAGTGCAATGG,Allantois
TCGTAGAGTTTATGCG,Extraembryonic visceral endoderm
TCGTAGATCCCGTTGT,Forebrain/midbrain
TCGTAGATCGTCCATC,Cranial neural crest
TCGTAGATCGTTTACT,Primitive erythroid cells
TCGTAGATCTCCAAGA,Primitive erythroid cells
TCGTAGATCTCTGCCA,NMP
TCGTCCAAGAGTCAAT,Extraembryonic visceral endoderm
TCGTCCAAGATTAGCA,Hindbrain
TCGTCCAAGCAAATGT,Primitive erythroid cells
TCGTCCAAGCATAGGC,Primitive erythroid cells
TCGTCCAAGCTGTACT,Extraembryonic visceral endoderm
TCGTCCAGTCGTCGGT,Hindbrain
TCGTCCATCAAGTGGG,Extraembryonic visceral endoderm
TCGTCCATCGACGCGT,Primitive erythroid cells
TCGTGCTCACGGTAGA,Primitive erythroid cells
TCGTGCTCAGTCGCTG,NMP
TCGTGCTGTACCCGCA,Lateral plate and intermediate mesoderm
TCGTGCTGTGCACATT,Primitive erythroid cells
TCGTGCTTCTGGGTCG,Extraembryonic visceral endoderm
TCGTGGGAGAACAAGG,Paraxial mesoderm
TCGTGGGAGACAACTA,Extraembryonic visceral endoderm
TCGTGGGAGGGAGGGT,NMP
TCGTGGGCAATGTGGG,Primitive erythroid cells
TCGTGGGCACACGTGC,Forebrain/midbrain
TCGTGGGCACTTACAG,Surface ectoderm
TCGTGGGGTAAGATCA,Lateral plate and intermediate mesoderm
TCGTGGGGTCCGATCG,Paraxial mesoderm
TCGTGGGGTCCGGACT,Endothelium
TCGTGGGTCCCACAGG,Lateral plate and intermediate mesoderm
TCGTGGGTCGGCTGAC,Lateral plate and intermediate mesoderm
TCGTGGGTCTCTCTTC,Notochord
TCTAACTAGAATCGAT,Forebrain/midbrain
TCTAACTAGCCGCTTG,NMP
TCTAACTAGCGCATCC,Primitive erythroid cells
TCTAACTAGGAGAATG,Paraxial mesoderm
TCTAACTAGTGCTAGG,Hematoendothelial progenitors
TCTAACTCAAGACTGG,NMP
TCTAACTCATGACAAA,Primitive erythroid cells
TCTAACTCATGGCCCA,First heart field
TCTAACTGTACAGAGC,Amniotic ectoderm
TCTAACTGTAGCCAGA,Paraxial mesoderm
TCTAACTGTAGCGTTT,Primitive erythroid cells
TCTAACTGTCTACACA,NMP
TCTAACTTCCATAGAC,Forebrain/midbrain
TCTAACTTCCATCCGT,Paraxial mesoderm
TCTAACTTCCCGTGTT,Primitive erythroid cells
TCTACATAGAGAGTGA,Placodal area
TCTACATAGCTTAGTC,Surface ectoderm
TCTACATAGGAAGAAC,Surface ectoderm
TCTACATCAAGATGGC,Extraembryonic visceral endoderm
TCTACATCACAGTACT,Primitive erythroid cells
TCTACATCAGCATACT,Extraembryonic visceral endoderm
TCTACATCAGGTTACT,Hematoendothelial progenitors
TCTACATCATACTGTG,Primitive erythroid cells
TCTACATGTAAGTAGT,Forebrain/midbrain
TCTACATGTACGACAG,Primitive erythroid cells
TCTACATGTCTCTCTG,Primitive erythroid cells
TCTACATTCCATCAGA,Lateral plate and intermediate mesoderm
TCTACATTCCTGGCTT,NMP
TCTACATTCGGAATGG,Cranial neural crest
TCTACATTCGTTAGAC,Extraembryonic visceral endoderm
TCTACATTCTACACTT,Amniotic ectoderm
TCTACCGAGACCATAA,Primitive erythroid cells
TCTACCGAGACTTCCA,Primitive erythroid cells
TCTACCGAGGACAGTC,Gut endoderm
TCTACCGCAGTCAGAG,Surface ectoderm
TCTACCGGTAGTCGTT,Forebrain/midbrain
TCTACCGGTCATTCCC,Surface ectoderm
TCTACCGGTCCTCCAT,Extraembryonic visceral endoderm
TCTACCGGTCTTTATC,Surface ectoderm
TCTACCGGTGAGGATC,Gut endoderm
TCTACCGGTGGCTTGC,Forebrain/midbrain
TCTACCGGTTCTAAGC,Primitive erythroid cells
TCTACCGGTTGTATGC,Hematoendothelial progenitors
TCTACCGTCATCAGTG,Primitive erythroid cells
TCTACCGTCCATGCAA,Paraxial mesoderm
TCTACCGTCCGAAATC,Gut endoderm
TCTACCGTCCTGTTGC,NMP
TCTACCGTCGAATGCT,Forebrain/midbrain
TCTACCGTCGCGGTAC,Extraembryonic visceral endoderm
TCTACCGTCGCTACAA,Paraxial mesoderm
TCTACCGTCGTCAACA,Forebrain/midbrain
TCTACCGTCTCACCCA,Amniotic ectoderm
TCTACCGTCTTCGACC,Extraembryonic visceral endoderm
TCTATACAGCATGATA,Primitive erythroid cells
TCTATACAGTGAGTTA,Primitive erythroid cells
TCTATACAGTTAACGA,Surface ectoderm
TCTATACCACAGTATC,Primitive erythroid cells
TCTATACCACGATTCA,Extraembryonic visceral endoderm
TCTATACCAGCTTCCT,Surface ectoderm
TCTATACCAGTATGAA,Primitive erythroid cells
TCTATACGTCCTTGTC,Hindbrain
TCTATACGTGCATCTA,Forebrain/midbrain
TCTATACGTTCAACGT,Surface ectoderm
TCTATACGTTCCTTGC,Gut endoderm
TCTATACTCAACACCA,Gut endoderm
TCTATACTCGGAGCAA,Spinal cord
TCTATCAAGCTATCTG,Hindbrain
TCTATCAAGGATTACA,Cranial neural crest
TCTATCAAGGTAATCA,Primitive erythroid cells
TCTATCACAAGTTCGT,Lateral plate and intermediate mesoderm
TCTATCACACACCTGG,Lateral plate and intermediate mesoderm
TCTATCACACATGTTG,Lateral plate and intermediate mesoderm
TCTATCACAGAAGTTA,Hindbrain
TCTATCACAGTAGGAC,Surface ectoderm
TCTATCACAGTGGGTA,Surface ectoderm
TCTATCAGTAGAGACC,Primitive erythroid cells
TCTATCAGTATGCAAA,Primitive erythroid cells
TCTATCAGTATTGGCT,Endothelium
TCTATCAGTTATCTTC,Extraembryonic visceral endoderm
TCTATCATCATGCCAA,Primitive erythroid cells
TCTATCATCCCTTGGT,Primitive erythroid cells
TCTCACGAGCACACAG,Primitive erythroid cells
TCTCACGAGCACTCTA,Amniotic ectoderm
TCTCACGAGCATGATA,Primitive erythroid cells
TCTCACGAGCTCTATG,Primitive erythroid cells
TCTCACGAGCTGTCCG,Forebrain/midbrain
TCTCACGAGGCATCAG,Primitive erythroid cells
TCTCACGCAAACCGGA,Extraembryonic visceral endoderm
TCTCACGCACTAGGTT,Primitive erythroid cells
TCTCACGCAGTATACC,Primitive erythroid cells
TCTCACGCAGTTTGGT,Primitive erythroid cells
TCTCACGCATCTCATT,Primitive erythroid cells
TCTCACGCATTCGGGC,Lateral plate and intermediate mesoderm
TCTCACGGTATACAGA,Paraxial mesoderm
TCTCACGGTCATACCA,Primitive erythroid cells
TCTCACGGTCGTTGGC,Primitive erythroid cells
TCTCACGGTGGGACAT,Extraembryonic visceral endoderm
TCTCACGGTTAGGCTT,Primitive erythroid cells
TCTCACGGTTTAGTCG,Lateral plate and intermediate mesoderm
TCTCACGTCAACTGGT,Primitive erythroid cells
TCTCACGTCCACTGGG,Hematoendothelial progenitors
TCTCACGTCGGCATCG,Lateral plate and intermediate mesoderm
TCTCACGTCTACGGTA,Lateral plate and intermediate mesoderm
TCTCACGTCTATGCCC,Primitive erythroid cells
TCTCAGCAGAACTCCT,Primitive erythroid cells
TCTCAGCAGAGCTGCA,Primitive erythroid cells
TCTCAGCAGATACCAA,Primitive erythroid cells
TCTCAGCAGGATCACG,Lateral plate and intermediate mesoderm
TCTCAGCAGTCACACT,Lateral plate and intermediate mesoderm
TCTCAGCAGTCATGAA,Extraembryonic visceral endoderm
TCTCAGCAGTGGTGGT,Forebrain/midbrain
TCTCAGCCAAACGGCA,Primitive erythroid cells
TCTCAGCCACACACTA,Extraembryonic visceral endoderm
TCTCAGCCAGAGTGTG,Forebrain/midbrain
TCTCAGCCAGGTCTCG,Extraembryonic visceral endoderm
TCTCAGCCATTAAAGG,Surface ectoderm
TCTCAGCGTACCTTCC,Lateral plate and intermediate mesoderm
TCTCAGCGTCATGGCC,Primitive erythroid cells
TCTCAGCGTCCGTTTC,Extraembryonic visceral endoderm
TCTCAGCGTCTATGAC,Primitive erythroid cells
TCTCAGCGTGGAATGC,Primitive erythroid cells
TCTCAGCGTGGATCAG,Primitive erythroid cells
TCTCAGCGTTCCTAAG,Primitive erythroid cells
TCTCAGCTCCACAAGT,Primitive erythroid cells
TCTCAGCTCGCAGTTA,NMP
TCTCAGCTCGCGTGAC,Extraembryonic visceral endoderm
TCTCAGCTCGCTCTCA,Primitive erythroid cells
TCTCAGCTCTATGCCC,Primitive erythroid cells
TCTCAGCTCTGGTGCG,Paraxial mesoderm
TCTCCGAAGACAAGCC,Allantois
TCTCCGAAGCAATTAG,Extraembryonic visceral endoderm
TCTCCGACACACTGGC,Forebrain/midbrain
TCTCCGACACGGCACT,Endothelium
TCTCCGACAGCGAGTA,Primordial germ cells
TCTCCGACAGGTTTAC,Paraxial mesoderm
TCTCCGAGTACATACC,Primitive erythroid cells
TCTCCGAGTGGCTGAA,Forebrain/midbrain
TCTCCGAGTTTGAACC,Primitive erythroid cells
TCTCCGAGTTTGACAC,Primitive erythroid cells
TCTCCGATCACTAGCA,Primitive erythroid cells
TCTCCGATCGGCGATC,Primitive erythroid cells
TCTCCGATCTGCGGGT,Cranial neural crest
TCTCCGATCTGGTTGA,Paraxial mesoderm
TCTCTGGAGAAACTCA,Gut endoderm
TCTCTGGAGGCCATAG,Primitive erythroid cells
TCTCTGGAGGCGTCCT,Primitive erythroid cells
TCTCTGGAGGCTAGCA,Surface ectoderm
TCTCTGGCAAACTCTG,Primitive erythroid cells
TCTCTGGCAAGCTCTA,Hematoendothelial progenitors
TCTCTGGCAAGGCCTC,Forebrain/midbrain
TCTCTGGTCAACGAGG,Spinal cord
TCTCTGGTCGTGTGAT,Hindbrain
TCTGCCAAGAATTTGG,Surface ectoderm
TCTGCCAAGAGAAGGT,Primitive erythroid cells
TCTGCCAAGAGAGCGG,Primitive erythroid cells
TCTGCCAAGGTATCTC,Primitive erythroid cells
TCTGCCAAGTACAACA,Extraembryonic visceral endoderm
TCTGCCAAGTCAACAA,Paraxial mesoderm
TCTGCCAAGTGCTCGC,Paraxial mesoderm
TCTGCCACACAAAGTA,Extraembryonic visceral endoderm
TCTGCCACACGAAGAC,Endothelium
TCTGCCAGTAGCGTAG,Forebrain/midbrain
TCTGCCAGTAGGAGGG,Lateral plate and intermediate mesoderm
TCTGCCAGTATTTCTC,Forebrain/midbrain
TCTGCCAGTTGCTCCT,Hindbrain
TCTGCCATCAAAGACA,Primitive erythroid cells
TCTGCCATCACCATGA,Primitive erythroid cells
TCTGCCATCACTGGTA,Primitive erythroid cells
TCTGCCATCCATCACC,Allantois
TCTGCCATCCTCTCTT,Allantois
TCTGCCATCGAGATGG,Extraembryonic visceral endoderm
TCTGGCTAGAGTGTGC,Extraembryonic visceral endoderm
TCTGGCTAGATTAGCA,Forebrain/midbrain
TCTGGCTAGCACACAG,Endothelium
TCTGGCTAGGGCTGAT,Lateral plate and intermediate mesoderm
TCTGGCTAGTCGGGAT,Paraxial mesoderm
TCTGGCTAGTGGACTG,Primitive erythroid cells
TCTGGCTAGTTGCGAG,Primitive erythroid cells
TCTGGCTAGTTGTCGT,NMP
TCTGGCTCAAACGAGC,Lateral plate and intermediate mesoderm
TCTGGCTCACATGAAA,Primitive erythroid cells
TCTGGCTCATACTGAC,Extraembryonic visceral endoderm
TCTGGCTCATCCCGTT,Amniotic ectoderm
TCTGGCTGTACAAAGT,NMP
TCTGGCTGTAGCGCTC,Surface ectoderm
TCTGGCTGTATAATGG,Surface ectoderm
TCTGGCTGTATAGCTC,Paraxial mesoderm
TCTGGCTGTATCGCTA,Endothelium
TCTGGCTGTTACCCTC,Gut endoderm
TCTGGCTGTTACGTAC,Gut endoderm
TCTGGCTGTTAGAAGT,Surface ectoderm
TCTGGCTTCGGTTCAA,Extraembryonic visceral endoderm
TCTGGCTTCTTCTTCC,Primitive erythroid cells
TCTGTCGAGACTCAAA,Lateral plate and intermediate mesoderm
TCTGTCGAGGCATCAG,NMP
TCTGTCGAGTAGCTCT,Forebrain/midbrain
TCTGTCGCAGGCCCTA,Lateral plate and intermediate mesoderm
TCTGTCGCATCAGTCA,Surface ectoderm
TCTGTCGGTAATGATG,Lateral plate and intermediate mesoderm
TCTGTCGGTATGTGTC,Primitive erythroid cells
TCTGTCGGTCAAAGAT,Hindbrain
TCTGTCGGTGTGATGG,Extraembryonic visceral endoderm
TCTGTCGTCAAGATAG,NMP
TCTGTCGTCCTACACC,Surface ectoderm
TCTGTCGTCTCTAGGA,Forebrain/midbrain
TCTTAGTAGAAACTCA,Hindbrain
TCTTAGTAGCAACTCT,Forebrain/midbrain
TCTTAGTAGCACCGAA,Surface ectoderm
TCTTAGTAGTAACGTA,Primitive erythroid cells
TCTTAGTAGTTTGAGA,Extraembryonic visceral endoderm
TCTTAGTCAAACAGGC,NMP
TCTTAGTCACGTCGGT,Primitive erythroid cells
TCTTAGTCAGACTGCC,Primitive erythroid cells
TCTTAGTCATGACTCA,Primitive erythroid cells
TCTTAGTGTAGCGAGT,Extraembryonic visceral endoderm
TCTTAGTTCCAAATGC,Hindbrain
TCTTAGTTCTGGGAGA,Surface ectoderm
TCTTAGTTCTTAATCC,Primitive erythroid cells
TCTTCCTAGCGAAACC,Primitive erythroid cells
TCTTCCTAGCGCACAA,Surface ectoderm
TCTTCCTAGTAGACCG,Lateral plate and intermediate mesoderm
TCTTCCTAGTCAGAGC,Primitive erythroid cells
TCTTCCTAGTGAGGCT,Primitive erythroid cells
TCTTCCTCAAGCAGGT,Extraembryonic visceral endoderm
TCTTCCTCACATACTG,Surface ectoderm
TCTTCCTCAGGATTCT,Primitive erythroid cells
TCTTCCTGTACATTGC,Extraembryonic visceral endoderm
TCTTCCTGTCAGTCTA,Placodal area
TCTTCCTGTCATACCA,Primitive erythroid cells
TCTTCCTGTCCGTTTC,Extraembryonic visceral endoderm
TCTTCCTTCGTGGGAA,Placodal area
TCTTCCTTCTTCTTCC,Primitive erythroid cells
TCTTGCGAGCATCGAG,Surface ectoderm
TCTTGCGAGCTCGGCT,Primitive erythroid cells
TCTTGCGAGGTTGGAC,Extraembryonic visceral endoderm
TCTTGCGAGTCAATCC,Surface ectoderm
TCTTGCGCAGACACAG,NMP
TCTTGCGCAGCCCACA,Primitive erythroid cells
TCTTGCGCAGCTGGTC,Primitive erythroid cells
TCTTGCGCAGCTGTTA,Paraxial mesoderm
TCTTGCGCAGTAACAA,Primitive erythroid cells
TCTTGCGGTACACTCA,Extraembryonic visceral endoderm
TCTTGCGGTAGGTCAG,Lateral plate and intermediate mesoderm
TCTTGCGGTCGCGGTT,Primitive erythroid cells
TCTTGCGGTTCGATTG,Primitive erythroid cells
TCTTGCGTCACCATGA,Amniotic ectoderm
TCTTGCGTCGAACGCC,Extraembryonic visceral endoderm
TCTTGCGTCTTAGCCC,Primitive erythroid cells
TCTTTGAAGCGAGGAG,Extraembryonic visceral endoderm
TCTTTGAAGTATTCCG,Primitive erythroid cells
TCTTTGACAAACAGGC,Amniotic ectoderm
TCTTTGACAACGCATT,Primitive erythroid cells
TCTTTGACAAGCCCAC,Endothelium
TCTTTGACAAGCGAAC,Lateral plate and intermediate mesoderm
TCTTTGACAAGGTCTT,Extraembryonic visceral endoderm
TCTTTGACAAGTAGTA,Surface ectoderm
TCTTTGACACGACAGA,Cranial neural crest
TCTTTGAGTCCCACGA,Lateral plate and intermediate mesoderm
TCTTTGAGTTCGGCCA,Primitive erythroid cells
TCTTTGATCCTTATCA,Surface ectoderm
TCTTTGATCGTAGAGG,Endothelium
TGAACGTAGGCATCTT,Primitive erythroid cells
TGAACGTCAAATCAGA,Primitive erythroid cells
TGAACGTCACCTGCAG,Gut endoderm
TGAACGTGTCGAGCTC,Extraembryonic visceral endoderm
TGAACGTTCCCTATTA,Primitive erythroid cells
TGAACGTTCGCTGTTC,Primitive erythroid cells
TGAACGTTCTAGGCAT,Hindbrain
TGAATCGAGATGGCGT,First heart field
TGAATCGAGCTGGCCT,NMP
TGAATCGAGGTCATTC,Lateral plate and intermediate mesoderm
TGAATCGAGTTCCAGT,Extraembryonic visceral endoderm
TGAATCGCAACCGACC,Primitive erythroid cells
TGAATCGCACAGAAGC,Primitive erythroid cells
TGAATCGCACTCAAGT,Primitive erythroid cells
TGAATCGGTACCTTCC,Primitive erythroid cells
TGAATCGGTCACTCAA,Forebrain/midbrain
TGAATCGGTCAGACTT,Endothelium
TGAATCGTCGTTGTAG,Extraembryonic visceral endoderm
TGAATCGTCTCTGCCA,Primitive erythroid cells
TGAATGCAGGCAGGGA,Surface ectoderm
TGAATGCCATTGCCTC,Placodal area
TGAATGCGTGGACAGT,Surface ectoderm
TGAATGCGTGTGTTTG,Extraembryonic visceral endoderm
TGAATGCGTTTCCAAG,Extraembryonic visceral endoderm
TGAATGCTCAAGTGGG,Extraembryonic visceral endoderm
TGAATGCTCCATCTGC,Spinal cord
TGAATGCTCTGTCGCT,First heart field
TGACAGTAGACGATAT,Primitive erythroid cells
TGACAGTAGCAGCAGT,Primitive erythroid cells
TGACAGTAGGACTATA,Paraxial mesoderm
TGACAGTAGGTTAAAC,Primitive erythroid cells
TGACAGTAGTCAGCGA,Notochord
TGACAGTCAAGATGGC,Hindbrain
TGACAGTCAATAACCC,Placodal area
TGACAGTCACAATGCT,Extraembryonic visceral endoderm
TGACAGTCACAGCTTA,Primitive erythroid cells
TGACAGTCAGCTCCTT,Hindbrain
TGACAGTGTGTACGCC,Hindbrain
TGACAGTGTTAGGGTG,Lateral plate and intermediate mesoderm
TGACAGTTCCATCAGA,Lateral plate and intermediate mesoderm
TGACAGTTCCTGCTAC,Extraembryonic visceral endoderm
TGACAGTTCGATGCTA,Gut endoderm
TGACCCTAGAGCCGTA,Primitive erythroid cells
TGACCCTAGGAAAGAC,Extraembryonic visceral endoderm
TGACCCTAGGACACTG,Forebrain/midbrain
TGACCCTAGGATACAT,Primitive erythroid cells
TGACCCTAGGCTAACG,Primitive erythroid cells
TGACCCTAGGCTTAGG,Primitive erythroid cells
TGACCCTAGTAAGCAT,Primitive erythroid cells
TGACCCTCAATTCACG,NMP
TGACCCTCACGGTAGA,Lateral plate and intermediate mesoderm
TGACCCTCAGAAGTGC,Extraembryonic visceral endoderm
TGACCCTCAGAGAATT,Primitive erythroid cells
TGACCCTCAGCGACAA,Hindbrain
TGACCCTGTAGCTTAC,Forebrain/midbrain
TGACCCTGTCCGGATC,Forebrain/midbrain
TGACCCTGTGGACTGA,Surface ectoderm
TGACCCTGTTAGGCTT,Lateral plate and intermediate mesoderm
TGACCCTTCATGGTAC,Primitive erythroid cells
TGACCCTTCCTCAGAA,Extraembryonic visceral endoderm
TGACGCGAGAGGTTAT,Primitive erythroid cells
TGACGCGAGATGGCAC,Primitive erythroid cells
TGACGCGAGTACTGGG,Extraembryonic visceral endoderm
TGACGCGCAACAAGTA,Extraembryonic visceral endoderm
TGACGCGCACTGCGTG,Hindbrain
TGACGCGCAGGGATAC,Extraembryonic visceral endoderm
TGACGCGGTCCCGGTA,Allantois
TGACGCGGTCTCTCAC,Primitive erythroid cells
TGACGCGTCATCTACT,Primitive erythroid cells
TGACGCGTCGAACCTA,Hematoendothelial progenitors
TGACGCGTCTATACGG,Primitive erythroid cells
TGACTCCAGATCGGTG,Primitive erythroid cells
TGACTCCAGGCAATGC,Primitive erythroid cells
TGACTCCAGGGAACAA,Primitive erythroid cells
TGACTCCAGTAGTGCG,Gut endoderm
TGACTCCGTACGTGTT,Primitive erythroid cells
TGACTCCGTCAAAGTA,Forebrain/midbrain
TGACTCCGTTCCGGTG,Primitive erythroid cells
TGACTCCTCCTGTTAT,NMP
TGACTCCTCGTGGAAG,Primitive erythroid cells
TGACTCCTCTGTGTGA,Paraxial mesoderm
TGACTCCTCTTACGTT,Primitive erythroid cells
TGAGACTAGACAACAT,Extraembryonic visceral endoderm
TGAGACTCAAATAGCA,Forebrain/midbrain
TGAGACTCACAGTACT,Paraxial mesoderm
TGAGACTCACCATTCC,Gut endoderm
TGAGACTCAGTAGTGG,Extraembryonic visceral endoderm
TGAGACTGTAGACTGG,Hematoendothelial progenitors
TGAGACTGTCACTAGT,Primitive erythroid cells
TGAGACTGTGAATATG,Forebrain/midbrain
TGAGACTGTTCGGCTG,Hindbrain
TGAGACTTCCACGTGG,Surface ectoderm
TGAGACTTCGACATTG,First heart field
TGAGACTTCTACACAG,NMP
TGAGACTTCTTTCCAA,Forebrain/midbrain
TGAGCATAGATAACGT,Primitive erythroid cells
TGAGCATAGCAATAGT,Extraembryonic visceral endoderm
TGAGCATAGTAACCTC,Paraxial mesoderm
TGAGCATGTAGTCTGT,Extraembryonic visceral endoderm
TGAGCATGTATCCCAA,First heart field
TGAGCATGTTCAAAGA,NMP
TGAGCATTCAGCGCAC,Extraembryonic visceral endoderm
TGAGCATTCCTTTGAT,Primitive erythroid cells
TGAGCATTCGAAGCCC,Primitive erythroid cells
TGAGCATTCGGAAACG,Lateral plate and intermediate mesoderm
TGAGCATTCGTGTGGC,Gut endoderm
TGAGCATTCTCTGGTC,Hindbrain
TGAGCATTCTGGGCGT,Lateral plate and intermediate mesoderm
TGAGCGCAGGAACATT,Primitive erythroid cells
TGAGCGCCAAGTCCCG,Surface ectoderm
TGAGCGCCAAGTGCAG,Extraembryonic visceral endoderm
TGAGCGCGTACAAAGT,Amniotic ectoderm
TGAGCGCGTCCCAAAT,Cranial neural crest
TGAGCGCGTCTTACAG,Primordial germ cells
TGAGCGCGTGCAAGAC,Hindbrain
TGAGCGCGTTGATCGT,Primitive erythroid cells
TGAGCGCGTTTGGGAG,Primitive erythroid cells
TGAGCGCTCGTAGGGA,Extraembryonic visceral endoderm
TGAGCGCTCTAAGAAG,Amniotic ectoderm
TGAGGAGAGACATCAA,Gut endoderm
TGAGGAGAGAGCCTGA,Primitive erythroid cells
TGAGGAGAGCACCAGA,Primitive erythroid cells
TGAGGAGAGGAACTCG,Hindbrain
TGAGGAGAGGATACAT,NMP
TGAGGAGAGGGAGGTG,Extraembryonic visceral endoderm
TGAGGAGAGGGCGAAG,Paraxial mesoderm
TGAGGAGAGGTCTGGA,Lateral plate and intermediate mesoderm
TGAGGAGAGTCGAATA,Primitive erythroid cells
TGAGGAGAGTGTTCAC,Forebrain/midbrain
TGAGGAGCAACGATCT,Extraembryonic visceral endoderm
TGAGGAGCAAGCGCAA,Hindbrain
TGAGGAGCAATCGAAA,Cranial neural crest
TGAGGAGCAGACTGCC,Primitive erythroid cells
TGAGGAGCAGTGTACT,Primitive erythroid cells
TGAGGAGGTGGCCTCA,Extraembryonic visceral endoderm
TGAGGAGTCAGGACAG,Lateral plate and intermediate mesoderm
TGAGGAGTCTCGCCTA,Primitive erythroid cells
TGAGGGAAGACCAGAC,Primitive erythroid cells
TGAGGGAAGACTCCGC,Hindbrain
TGAGGGAAGCACCCAC,Extraembryonic visceral endoderm
TGAGGGAAGCCTATTG,Primordial germ cells
TGAGGGAAGTGCGTCC,Primitive erythroid cells
TGAGGGAAGTTCGGTT,Hematoendothelial progenitors
TGAGGGACAAGAGATT,Primitive erythroid cells
TGAGGGACAATTAGGA,Extraembryonic visceral endoderm
TGAGGGACAGGCTTGC,Lateral plate and intermediate mesoderm
TGAGGGACATACTGAC,Hindbrain
TGAGGGACATGGCCAC,Primitive erythroid cells
TGAGGGAGTGACAACG,Primitive erythroid cells
TGAGGGAGTTAATGAG,NMP
TGAGGGAGTTGGACTT,Extraembryonic visceral endoderm
TGAGGGATCACCTGTC,Gut endoderm
TGAGGGATCCACGTCT,Forebrain/midbrain
TGAGGGATCTTTCCGG,Primitive erythroid cells
TGAGGTTAGAAGTATC,Extraembryonic visceral endoderm
TGAGGTTAGAGTCAAT,Endothelium
TGAGGTTAGTCAGCGA,Primitive erythroid cells
TGAGGTTCAAGAGTTA,Primitive erythroid cells
TGAGGTTCAATGACCT,Primitive erythroid cells
TGAGGTTGTAACGCGA,Forebrain/midbrain
TGAGGTTGTCCCACGA,Primitive erythroid cells
TGAGGTTGTGCTCCGA,Primitive erythroid cells
TGAGGTTGTTATCTGG,Extraembryonic visceral endoderm
TGAGGTTGTTGAATCC,NMP
TGAGGTTTCTACACTT,Extraembryonic visceral endoderm
TGAGGTTTCTCTGAGA,Allantois
TGAGTCAAGTTAACGA,Forebrain/midbrain
TGAGTCACAAGCGATG,Placodal area
TGAGTCAGTACACTCA,NMP
TGAGTCATCCATCACC,Amniotic ectoderm
TGAGTCATCGTGCAGC,Primitive erythroid cells
TGATCAGAGCTATCCA,Placodal area
TGATCAGAGCTCGCAC,Lateral plate and intermediate mesoderm
TGATCAGAGTTGCGAG,Endothelium
TGATCAGCAAAGTGTA,Cranial neural crest
TGATCAGCAACAAGTA,Lateral plate and intermediate mesoderm
TGATCAGCAGCCGTTG,Lateral plate and intermediate mesoderm
TGATCAGGTAGCTTAC,Gut endoderm
TGATCAGGTCTAATCG,Cranial neural crest
TGATCAGGTTGCCTAA,Hindbrain
TGATCAGGTTTACGAC,Primitive erythroid cells
TGATCAGTCATACAGC,Hindbrain
TGATCAGTCATTCGTT,NMP
TGATCTTAGAGGCGGA,Primitive erythroid cells
TGATCTTAGATAGTCA,Forebrain/midbrain
TGATCTTAGCTCAGAG,Extraembryonic visceral endoderm
TGATCTTAGTGGATTA,Hindbrain
TGATCTTCAAACCACT,Extraembryonic visceral endoderm
TGATCTTCAAGGTCAG,Gut endoderm
TGATCTTCACACTGGC,Forebrain/midbrain
TGATCTTCAGCCTATA,Primitive erythroid cells
TGATCTTCAGGGAATC,Extraembryonic visceral endoderm
TGATCTTCATGGAAGC,Primitive erythroid cells
TGATCTTCATTCACCC,NMP
TGATCTTGTATCCTTT,Endothelium
TGATCTTGTCTGCCTT,Paraxial mesoderm
TGATCTTGTGCCTGAC,Primitive erythroid cells
TGATCTTGTGGACTGA,Extraembryonic visceral endoderm
TGATCTTGTGTCTAAC,Endothelium
TGATCTTGTTGCTCAA,Cranial neural crest
TGATCTTTCACTCCGT,Paraxial mesoderm
TGATCTTTCATGAGGG,Lateral plate and intermediate mesoderm
TGATCTTTCCTAAGTG,Primitive erythroid cells
TGATCTTTCCTGGGAC,Endothelium
TGATCTTTCCTTATCA,Endothelium
TGATCTTTCTGGACCG,Paraxial mesoderm
TGATGCAAGAGGCTGT,Gut endoderm
TGATGCAAGCATCAAA,Surface ectoderm
TGATGCAAGCGACCCT,Forebrain/midbrain
TGATGCAAGGTACAAT,NMP
TGATGCACACACTGGC,Surface ectoderm
TGATGCACACAGCTGC,NMP
TGATGCACATGAGTAA,Surface ectoderm
TGATGCAGTTGATCGT,Gut endoderm
TGATGCATCATGCCCT,Primitive erythroid cells
TGATGCATCATTTGCT,First heart field
TGATGCATCCCAGCGA,Forebrain/midbrain
TGATGCATCCCATAGA,Forebrain/midbrain
TGATGCATCCGTATGA,Primitive erythroid cells
TGATGCATCGACCAAT,Paraxial mesoderm
TGATGCATCTGGGATT,Amniotic ectoderm
TGATGGTAGCATGAAT,Primitive erythroid cells
TGATGGTAGGCTGTAG,Extraembryonic visceral endoderm
TGATGGTAGGTCTTTG,Lateral plate and intermediate mesoderm
TGATGGTCAAGGTTGG,Gut endoderm
TGATGGTCAAGTGTCT,Lateral plate and intermediate mesoderm
TGATGGTCAGTCAGAG,NMP
TGATGGTCAGTGTGCC,Allantois
TGATGGTCATAAGCGG,Primitive erythroid cells
TGATGGTCATTGCAAC,Surface ectoderm
TGATGGTCATTGGGAG,Primitive erythroid cells
TGATGGTGTCAGTCCG,Forebrain/midbrain
TGATGGTGTGTTCGTA,Extraembryonic visceral endoderm
TGATGGTGTTATCCAG,Primitive erythroid cells
TGATGGTGTTGCCAAT,Hindbrain
TGATGGTTCACTACGA,Endothelium
TGATGGTTCACTACTT,NMP
TGATTCTAGAGGGTAA,Primitive erythroid cells
TGATTCTAGCCGTTGC,Primitive erythroid cells
TGATTCTAGCCTCTTC,Gut endoderm
TGATTCTAGGGAGGGT,Surface ectoderm
TGATTCTAGTCTGGTT,Primitive erythroid cells
TGATTCTCAGCTGCCA,Primitive erythroid cells
TGATTCTCAGGTCAGA,Amniotic ectoderm
TGATTCTCATCTGCGG,Primitive erythroid cells
TGATTCTGTCAGGTGA,Extraembryonic visceral endoderm
TGATTCTGTGAGAACC,Hindbrain
TGATTCTTCCAACCGG,Endothelium
TGATTCTTCGAGCCTG,Primitive erythroid cells
TGATTTCAGAGAGTTT,Hindbrain
TGATTTCAGAGTTCGG,Forebrain/midbrain
TGATTTCAGGCACCAA,Paraxial mesoderm
TGATTTCAGGCCCACT,Primitive erythroid cells
TGATTTCCAAATGGAT,Primitive erythroid cells
TGATTTCCAACAGAGC,Extraembryonic visceral endoderm
TGATTTCCAAGCTGCC,Allantois
TGATTTCCACAAGGTG,Primitive erythroid cells
TGATTTCCACCTCTGT,Surface ectoderm
TGATTTCCACGAGGTA,Surface ectoderm
TGATTTCCACTAGGTT,Paraxial mesoderm
TGATTTCCAGAGTAAT,NMP
TGATTTCCATCTGTTT,Primitive erythroid cells
TGATTTCCATGGAACG,Primitive erythroid cells
TGATTTCGTATCAGCT,Paraxial mesoderm
TGATTTCGTGAACGGT,Amniotic ectoderm
TGATTTCGTGTATACC,Lateral plate and intermediate mesoderm
TGATTTCTCACAAGAA,Hindbrain
TGATTTCTCATGCCGG,Primitive erythroid cells
TGATTTCTCCACGGGT,Lateral plate and intermediate mesoderm
TGATTTCTCCCAAGCG,NMP
TGATTTCTCGATTCCC,Primitive erythroid cells
TGATTTCTCGCACTCT,Primitive erythroid cells
TGATTTCTCGTTTACT,Forebrain/midbrain
TGATTTCTCTCTAGGA,Primitive erythroid cells
TGCACGGAGAGTCACG,Forebrain/midbrain
TGCACGGAGCATGCGA,NMP
TGCACGGAGTTGTAGA,NMP
TGCACGGCAGCATGCC,Primitive erythroid cells
TGCACGGGTACCTTCC,Gut endoderm
TGCACGGGTCGCATGC,Extraembryonic visceral endoderm
TGCACGGGTCTTCTAT,Extraembryonic visceral endoderm
TGCACGGGTGAAGCTG,Endothelium
TGCACGGGTGGGTTGA,Primitive erythroid cells
TGCACGGGTTAAGGAT,Lateral plate and intermediate mesoderm
TGCACGGGTTCCGTTC,Primitive erythroid cells
TGCACGGGTTGTAGCT,Primitive erythroid cells
TGCACGGTCCGGTAGC,Amniotic ectoderm
TGCACGGTCGACGACC,NMP
TGCACGGTCGTCCTTG,Lateral plate and intermediate mesoderm
TGCAGATAGACCCTTA,Forebrain/midbrain
TGCAGATAGACCTCCG,Surface ectoderm
TGCAGATAGATGATTG,Gut endoderm
TGCAGATAGCGGCTCT,Extraembryonic visceral endoderm
TGCAGATAGGGCAGGA,NMP
TGCAGATCAAAGCGTG,Primitive erythroid cells
TGCAGATCATCAGCGC,Primitive erythroid cells
TGCAGATCATGACTTG,Lateral plate and intermediate mesoderm
TGCAGATGTAGAATAC,Hindbrain
TGCAGATGTCAAGCGA,Allantois
TGCAGATGTTTAGACC,Forebrain/midbrain
TGCAGATTCACCATCC,NMP
TGCAGATTCATTGTTC,Primitive erythroid cells
TGCAGATTCCCATACC,Lateral plate and intermediate mesoderm
TGCAGATTCTTGTTAC,Primitive erythroid cells
TGCAGGCAGATGATTG,Lateral plate and intermediate mesoderm
TGCAGGCAGCCTGACC,Extraembryonic visceral endoderm
TGCAGGCAGGACTTCT,Hindbrain
TGCAGGCAGTAGAATC,Gut endoderm
TGCAGGCAGTCAGGGT,Extraembryonic visceral endoderm
TGCAGGCAGTCTCCTC,Forebrain/midbrain
TGCAGGCCAAGGTTGG,Hindbrain
TGCAGGCCATCTCAAG,Surface ectoderm
TGCAGGCGTAGCACAG,Extraembryonic visceral endoderm
TGCAGGCGTCGCGTCA,Extraembryonic visceral endoderm
TGCAGGCGTCTACGAT,Extraembryonic visceral endoderm
TGCAGGCGTGCCTTTC,Spinal cord
TGCAGGCGTGGATTTC,Forebrain/midbrain
TGCAGGCGTGTAAACA,NMP
TGCAGGCTCACAAGGG,Extraembryonic visceral endoderm
TGCAGGCTCTATACGG,Second heart field
TGCAGGCTCTCGGTCT,Forebrain/midbrain
TGCAGTAAGAGGATCC,Primitive erythroid cells
TGCAGTAAGATGGTCG,Gut endoderm
TGCAGTAAGCAAATGT,Allantois
TGCAGTAAGTAAACAC,Primitive erythroid cells
TGCAGTAAGTCGAGGT,Primitive erythroid cells
TGCAGTACAGCGGTTC,Paraxial mesoderm
TGCAGTACATACAGAA,Endothelium
TGCAGTACATCAACCA,Lateral plate and intermediate mesoderm
TGCAGTAGTCACAATC,Forebrain/midbrain
TGCAGTAGTCAGTCGC,Extraembryonic visceral endoderm
TGCAGTAGTGACTGAG,Extraembryonic visceral endoderm
TGCAGTAGTGCCTGAC,Amniotic ectoderm
TGCAGTATCATGCAGT,Extraembryonic visceral endoderm
TGCAGTATCGAGAACG,NMP
TGCAGTATCGCGTCGA,Spinal cord
TGCAGTATCTCGCGTT,Forebrain/midbrain
TGCATCCAGCCAGTAG,Endothelium
TGCATCCAGGAGAGTA,Extraembryonic visceral endoderm
TGCATCCAGTACTCGT,Extraembryonic visceral endoderm
TGCATCCAGTGTACCT,Surface ectoderm
TGCATCCCAACGCCCA,Placodal area
TGCATCCCAACTCGTA,Lateral plate and intermediate mesoderm
TGCATCCCACCAATTG,Primitive erythroid cells
TGCATCCCACTGAGTT,Endothelium
TGCATCCGTACCAGAG,NMP
TGCATCCGTGATAGAT,Surface ectoderm
TGCATCCGTTCGAGCC,Primitive erythroid cells
TGCATCCTCACCTCGT,Primitive erythroid cells
TGCATCCTCACCTTGC,NMP
TGCATCCTCGTTAGTG,Primitive erythroid cells
TGCATCCTCTTGGTGA,Forebrain/midbrain
TGCATGAAGAGTGGCT,Primitive erythroid cells
TGCATGAAGGACAACC,Extraembryonic visceral endoderm
TGCATGAAGGTCTGGA,Forebrain/midbrain
TGCATGAAGTAGAATC,Lateral plate and intermediate mesoderm
TGCATGACAACACAGG,Hindbrain
TGCATGACACTGGACC,Primitive erythroid cells
TGCATGACAGATCACT,Lateral plate and intermediate mesoderm
TGCATGACAGGTGGAT,Primitive erythroid cells
TGCATGACAGGTTCAT,Forebrain/midbrain
TGCATGAGTCGAGCTC,Extraembryonic visceral endoderm
TGCATGAGTTCGTACA,Forebrain/midbrain
TGCATGATCACTGTTT,Extraembryonic visceral endoderm
TGCATGATCCGTGACG,Primitive erythroid cells
TGCATGATCTGCAGCG,Primitive erythroid cells
TGCATGATCTTGCAGA,Lateral plate and intermediate mesoderm
TGCCGAGAGAGGCGTT,Hindbrain
TGCCGAGAGTACAACA,Primitive erythroid cells
TGCCGAGAGTATTAGG,Primitive erythroid cells
TGCCGAGCACCACATA,Primitive erythroid cells
TGCCGAGGTAAGGCCA,Forebrain/midbrain
TGCCGAGGTATGGTAA,Surface ectoderm
TGCCGAGGTCGTGTTA,Second heart field
TGCCGAGGTTTGGCTA,Cranial neural crest
TGCCGAGTCAAGCTTG,Extraembryonic visceral endoderm
TGCCGAGTCAGCTTGA,Extraembryonic visceral endoderm
TGCCGAGTCATCGGGC,NMP
TGCGACGAGAAGTCTA,Forebrain/midbrain
TGCGACGAGACCTCAT,Lateral plate and intermediate mesoderm
TGCGACGAGGAGACCT,Paraxial mesoderm
TGCGACGAGGAGTATT,Surface ectoderm
TGCGACGAGGGACAGG,Primitive erythroid cells
TGCGACGAGGTCGTAG,Forebrain/midbrain
TGCGACGAGTGTAGAT,Second heart field
TGCGACGCAAACCATC,Notochord
TGCGACGCAATGAACA,Forebrain/midbrain
TGCGACGCACTGGATT,Primitive erythroid cells
TGCGACGCATAACAGA,Extraembryonic visceral endoderm
TGCGACGCATGCCGAC,Extraembryonic visceral endoderm
TGCGACGCATGGCACC,Paraxial mesoderm
TGCGACGGTAAGTTGA,Primitive erythroid cells
TGCGACGGTCTTTCAT,Primitive erythroid cells
TGCGACGGTGTCACAT,Endothelium
TGCGACGGTTTCACAG,Lateral plate and intermediate mesoderm
TGCGACGTCCGTGGCA,Endothelium
TGCGATAAGACTACGG,Primitive erythroid cells
TGCGATAAGATTGACA,Hindbrain
TGCGATAAGCAAGTCG,Endothelium
TGCGATAAGCAATTCC,Paraxial mesoderm
TGCGATAAGGGCAGTT,Primitive erythroid cells
TGCGATAAGGTCTGGA,Hindbrain
TGCGATAAGTAAGGGA,Forebrain/midbrain
TGCGATAAGTTGTCGT,Primitive erythroid cells
TGCGATACAGATCACT,Extraembryonic visceral endoderm
TGCGATACAGTGGGTA,NMP
TGCGATAGTCAGATTC,Primitive erythroid cells
TGCGATAGTCCGACGT,Hindbrain
TGCGATAGTCTGTCAA,Hindbrain
TGCGATAGTGACACAG,Hindbrain
TGCGATAGTGAGATAT,Amniotic ectoderm
TGCGATAGTGGTCTGC,Lateral plate and intermediate mesoderm
TGCGATATCATTCCTA,Primitive erythroid cells
TGCGATATCTGGACTA,Allantois
TGCGGCAAGGACGCTA,Primitive erythroid cells
TGCGGCAAGGTCGTAG,Primitive erythroid cells
TGCGGCAAGTAAATGC,Extraembryonic visceral endoderm
TGCGGCAAGTTTAGGA,Hindbrain
TGCGGCACAAGTGGGT,Primitive erythroid cells
TGCGGCACACCTTCCA,Extraembryonic visceral endoderm
TGCGGCAGTACGGATG,NMP
TGCGGCAGTAGCTGCC,Hindbrain
TGCGGCAGTAGTAAGT,Primitive erythroid cells
TGCGGCAGTATGGGAC,Primitive erythroid cells
TGCGGCAGTCTTGTCC,Primitive erythroid cells
TGCGGCAGTGTACGCC,Lateral plate and intermediate mesoderm
TGCGGCAGTTGTGTTG,Hematoendothelial progenitors
TGCGGCATCAGCTCTC,Forebrain/midbrain
TGCGGCATCCGATAAC,Amniotic ectoderm
TGCGGCATCTCCCAAC,Lateral plate and intermediate mesoderm
TGCGGCATCTTGAGCA,Gut endoderm
TGCGGGTAGAAATTCG,Hindbrain
TGCGGGTAGCCATCCG,Primitive erythroid cells
TGCGGGTAGGCAGCTA,Primitive erythroid cells
TGCGGGTAGTGATAGT,Lateral plate and intermediate mesoderm
TGCGGGTCAGGATCTT,Hindbrain
TGCGGGTCAGGTCCGT,Primitive erythroid cells
TGCGGGTCAGTGCGCT,Lateral plate and intermediate mesoderm
TGCGGGTGTACGATTC,Allantois
TGCGGGTGTAGGGTAC,Lateral plate and intermediate mesoderm
TGCGGGTGTAGTCTTG,Extraembryonic visceral endoderm
TGCGGGTGTCCTGTCT,Endothelium
TGCGGGTGTGGCCTCA,Spinal cord
TGCGGGTGTTCAGGTT,Primitive erythroid cells
TGCGGGTTCACCTCGT,Placodal area
TGCGGGTTCGCAGTTA,Surface ectoderm
TGCGGGTTCTCTCTAA,Primitive erythroid cells
TGCGGGTTCTTGGTGA,Primitive erythroid cells
TGCTCCAAGAGTCGAC,Primitive erythroid cells
TGCTCCAAGGAAAGGT,Gut endoderm
TGCTCCAAGTGGAAAG,Gut endoderm
TGCTCCACAGGAGGTT,Endothelium
TGCTCCACATGGAAGC,Primitive erythroid cells
TGCTCCAGTACCCGAC,Extraembryonic visceral endoderm
TGCTCCAGTAGCCAGA,Forebrain/midbrain
TGCTCCAGTAGGGTAC,Hindbrain
TGCTCCAGTCCGAAGA,Placodal area
TGCTCCAGTCTTGTCC,Primitive erythroid cells
TGCTCCAGTGGCTTAT,Extraembryonic visceral endoderm
TGCTCCAGTGTTGAGG,NMP
TGCTCCAGTGTTGATC,Forebrain/midbrain
TGCTCCAGTTGCCAAT,Allantois
TGCTCCATCACGGTCG,Paraxial mesoderm
TGCTCCATCATCACCC,Primitive erythroid cells
TGCTCCATCGGTTGTA,Lateral plate and intermediate mesoderm
TGCTCGTAGCGGATCA,Primitive erythroid cells
TGCTCGTAGGCTAGCA,NMP
TGCTCGTCAACCCTAA,Gut endoderm
TGCTCGTCACAGCATT,Primitive erythroid cells
TGCTCGTCACCTATCC,Endothelium
TGCTCGTCAGACCCGT,Primitive erythroid cells
TGCTCGTCAGTATACC,Extraembryonic visceral endoderm
TGCTCGTGTACAAGTA,Primitive erythroid cells
TGCTCGTGTATTTCTC,Endothelium
TGCTCGTGTCAACACT,Primitive erythroid cells
TGCTCGTGTCACCCTT,Cranial neural crest
TGCTCGTGTTCTTCAT,Primitive erythroid cells
TGCTCGTTCAAGCCTA,Primitive erythroid cells
TGCTCGTTCAGAGCAG,Primitive erythroid cells
TGCTCGTTCCGGACGT,Primitive erythroid cells
TGCTGAAAGTATGTAG,Primitive erythroid cells
TGCTGAAAGTCCCAGC,Hindbrain
TGCTGAACAAATGAGT,Forebrain/midbrain
TGCTGAACAAGACAAT,Hindbrain
TGCTGAACAGCGTAGA,Primitive erythroid cells
TGCTGAAGTATGTGTC,Allantois
TGCTGAAGTGGTAACG,Primitive erythroid cells
TGCTGAAGTGTCCACG,Gut endoderm
TGCTGAAGTGTTGCCG,Forebrain/midbrain
TGCTGAAGTTAACAGA,Lateral plate and intermediate mesoderm
TGCTGAATCCGATCTC,Extraembryonic visceral endoderm
TGCTGAATCTCTGACC,Primitive erythroid cells
TGCTTCGAGTAAACGT,Extraembryonic visceral endoderm
TGCTTCGCAATCTAGC,Surface ectoderm
TGCTTCGCAATGTGGG,Lateral plate and intermediate mesoderm
TGCTTCGCAGAACTTC,Amniotic ectoderm
TGCTTCGGTACTGCGC,Primitive erythroid cells
TGCTTCGGTCACAGAG,Primitive erythroid cells
TGCTTCGGTCATACCA,Extraembryonic visceral endoderm
TGCTTCGGTGAGATAT,Surface ectoderm
TGCTTCGTCCGGCAGT,Primitive erythroid cells
TGCTTCGTCGACCACG,Extraembryonic visceral endoderm
TGCTTCGTCGCCATAA,Endothelium
TGCTTCGTCGCTCTCA,Endothelium
TGCTTCGTCGGCATCG,Hindbrain
TGCTTCGTCTAAACGC,Extraembryonic visceral endoderm
TGCTTCGTCTGGCCGA,Paraxial mesoderm
TGCTTGCAGCATCCCG,Gut endoderm
TGCTTGCAGCGTGCTC,Lateral plate and intermediate mesoderm
TGCTTGCAGCTAATGA,Hindbrain
TGCTTGCAGGAACTAT,Extraembryonic visceral endoderm
TGCTTGCAGGCGTTGA,Forebrain/midbrain
TGCTTGCAGGTTGTTC,Primitive erythroid cells
TGCTTGCCAAGAATGT,Paraxial mesoderm
TGCTTGCCAGGTGACA,Placodal area
TGCTTGCCAGTAACAA,Lateral plate and intermediate mesoderm
TGCTTGCGTACAGGTG,Endothelium
TGCTTGCGTCTTGAAC,Lateral plate and intermediate mesoderm
TGCTTGCGTGACGCCT,Primitive erythroid cells
TGCTTGCGTGATGAAT,Amniotic ectoderm
TGCTTGCGTGCAATAA,NMP
TGCTTGCGTTGCATTG,Amniotic ectoderm
TGCTTGCGTTGGATCT,Primitive erythroid cells
TGCTTGCTCATCGCCT,Hindbrain
TGGAACTAGACGACTG,Paraxial mesoderm
TGGAACTAGCAGGCAT,Extraembryonic visceral endoderm
TGGAACTAGGTTGTTC,Gut endoderm
TGGAACTAGTGGTTGG,Extraembryonic visceral endoderm
TGGAACTAGTTTCAGC,Extraembryonic visceral endoderm
TGGAACTCAAAGGGTC,Primitive erythroid cells
TGGAACTCAAGTGGGT,NMP
TGGAACTCATGGCTAT,Hindbrain
TGGAACTTCACGGACC,NMP
TGGAACTTCCACTAGA,Gut endoderm
TGGAACTTCCATGATG,Primitive erythroid cells
TGGAACTTCGGACCAC,Surface ectoderm
TGGAGAGAGATTGTGA,Amniotic ectoderm
TGGAGAGAGCCATATC,First heart field
TGGAGAGAGGGCCTCT,Forebrain/midbrain
TGGAGAGAGTTCATGC,Extraembryonic visceral endoderm
TGGAGAGCAAATACAG,Forebrain/midbrain
TGGAGAGCACGCAAAG,Extraembryonic visceral endoderm
TGGAGAGCAGAGTCAG,Gut endoderm
TGGAGAGCAGGAATCG,Forebrain/midbrain
TGGAGAGCAGTAGTGG,Hindbrain
TGGAGAGCAGTTGGTT,Paraxial mesoderm
TGGAGAGGTGAGATTA,Forebrain/midbrain
TGGAGAGGTTACGATC,Gut endoderm
TGGAGAGGTTCTCGTC,Hindbrain
TGGAGAGTCACCTGGG,Primitive erythroid cells
TGGAGAGTCGACCAAT,Amniotic ectoderm
TGGAGAGTCTCGGTAA,Extraembryonic visceral endoderm
TGGAGGAAGAGCCATG,Primitive erythroid cells
TGGAGGAAGGGCAATC,Endothelium
TGGAGGAAGGGTTAAT,Lateral plate and intermediate mesoderm
TGGAGGAAGGTGTGAC,Extraembryonic visceral endoderm
TGGAGGACAAAGGAGA,Surface ectoderm
TGGAGGAGTAGTCGGA,Allantois
TGGAGGAGTCATCTAG,NMP
TGGAGGAGTCGTGGAA,Hindbrain
TGGAGGAGTGTACATC,Extraembryonic visceral endoderm
TGGAGGATCCAACACA,Lateral plate and intermediate mesoderm
TGGAGGATCCATCTAT,Lateral plate and intermediate mesoderm
TGGAGGATCCGTTGGG,Hindbrain
TGGAGGATCCTTCGAC,Primitive erythroid cells
TGGAGGATCTGATGGT,Primitive erythroid cells
TGGATCAAGAGAGTTT,Hematoendothelial progenitors
TGGATCAAGAGGGTAA,NMP
TGGATCAAGCATACTC,Primitive erythroid cells
TGGATCAAGTACTGTC,Hindbrain
TGGATCACACTAGAGG,Primitive erythroid cells
TGGATCACAGCTACAT,Primitive erythroid cells
TGGATCACAGGACATG,Extraembryonic visceral endoderm
TGGATCAGTAGATCGG,Primitive erythroid cells
TGGATCAGTATCAGCT,Paraxial mesoderm
TGGATCAGTGCGCTCA,Surface ectoderm
TGGATCATCAGAGTGG,Extraembryonic visceral endoderm
TGGATCATCGAGAAAT,Hindbrain
TGGATCATCGCCAGTG,Primitive erythroid cells
TGGATCATCGCCTTGT,Extraembryonic visceral endoderm
TGGATCATCGGAAGGT,Forebrain/midbrain
TGGATCATCGTTATCT,Paraxial mesoderm
TGGATGTAGACCATGG,NMP
TGGATGTAGCAACCAG,Primitive erythroid cells
TGGATGTAGCACAAAT,Primitive erythroid cells
TGGATGTCACCGTGAC,Surface ectoderm
TGGATGTCACTTGTCC,Extraembryonic visceral endoderm
TGGATGTCAGAGGCAT,Extraembryonic visceral endoderm
TGGATGTCATGGCTAT,Cranial neural crest
TGGATGTGTAGGTACG,Endothelium
TGGATGTGTAGTTACC,Lateral plate and intermediate mesoderm
TGGATGTGTCCTACAA,Lateral plate and intermediate mesoderm
TGGATGTGTCTACGAT,Primitive erythroid cells
TGGATGTTCACACGAT,Primitive erythroid cells
TGGATGTTCGTGTGGC,Gut endoderm
TGGCGTGAGTTCCTGA,Extraembryonic visceral endoderm
TGGCGTGCAGCACACC,Hindbrain
TGGCGTGGTATTCTCT,Forebrain/midbrain
TGGCGTGGTCGAAGCA,Primitive erythroid cells
TGGCGTGGTCTGTGTA,Primitive erythroid cells
TGGCGTGTCAAGTAAG,Hematoendothelial progenitors
TGGCGTGTCGACCCAG,Primitive erythroid cells
TGGGAAGAGACTTCGT,Lateral plate and intermediate mesoderm
TGGGAAGAGCGGGTTA,Cranial neural crest
TGGGAAGCAAGCACCC,Extraembryonic visceral endoderm
TGGGAAGCAAGGCTTT,Primitive erythroid cells
TGGGAAGCACACAGAG,Second heart field
TGGGAAGCAGATTTCG,Primitive erythroid cells
TGGGAAGCAGGTCTCG,Primitive erythroid cells
TGGGAAGCAGTTTGGT,Hindbrain
TGGGAAGCATAGGCGA,NMP
TGGGAAGCATCATCCC,Cranial neural crest
TGGGAAGCATGGCCAC,Extraembryonic visceral endoderm
TGGGAAGGTAGGCAGT,Forebrain/midbrain
TGGGAAGGTCCGGCAT,Extraembryonic visceral endoderm
TGGGAAGGTCTTAGTG,Primitive erythroid cells
TGGGAAGGTTGTTGAC,Cranial neural crest
TGGGAAGTCCAACCGG,Primitive erythroid cells
TGGGAAGTCCTGGGTG,Primitive erythroid cells
TGGGAGAAGTGGAAGA,NMP
TGGGAGACAAATGATG,Extraembryonic visceral endoderm
TGGGAGACAAGGTCGA,First heart field
TGGGAGACAGCTAACT,Cranial neural crest
TGGGAGACAGGTGTGA,Primitive erythroid cells
TGGGAGACATCGATCA,Primitive erythroid cells
TGGGAGACATCGATGT,Primitive erythroid cells
TGGGAGAGTAGCGTAG,Primitive erythroid cells
TGGGAGAGTGTTCGTA,Hindbrain
TGGGAGATCACCTACC,Primitive erythroid cells
TGGGAGATCCATAGGT,Primitive erythroid cells
TGGGAGATCCTTCAGC,NMP
TGGGAGATCCTTCTAA,Forebrain/midbrain
TGGGATTAGCTGACCC,Primitive erythroid cells
TGGGATTAGTGGTTCT,Primitive erythroid cells
TGGGATTCAGCGGTTC,Second heart field
TGGGATTGTACACGTT,Primitive erythroid cells
TGGGATTGTATGACAA,Forebrain/midbrain
TGGGATTGTGAGTAAT,Primitive erythroid cells
TGGGATTGTGCAATGG,Forebrain/midbrain
TGGGATTGTTAAGGAT,Gut endoderm
TGGGATTGTTGGAGGT,Primitive erythroid cells
TGGGATTTCCCGTAAA,Primitive erythroid cells
TGGGATTTCTAGACAC,Extraembryonic visceral endoderm
TGGGCGTAGAACTGAT,Amniotic ectoderm
TGGGCGTAGCAAGCCA,Hindbrain
TGGGCGTAGCCTGTCG,NMP
TGGGCGTAGGAGAGGC,Extraembryonic visceral endoderm
TGGGCGTCAATGAGCG,Extraembryonic visceral endoderm
TGGGCGTCACTGGAAG,Forebrain/midbrain
TGGGCGTCACTGGACC,Primitive erythroid cells
TGGGCGTCAGCGGTTC,Forebrain/midbrain
TGGGCGTCATGTGCTA,Primitive erythroid cells
TGGGCGTGTATAGGGC,Amniotic ectoderm
TGGGCGTGTCCAGCGT,Paraxial mesoderm
TGGGCGTGTGAGCTCC,Primitive erythroid cells
TGGGCGTGTGGCCCAT,Forebrain/midbrain
TGGGCGTGTTGACTAC,Gut endoderm
TGGGCGTTCGGTATGT,First heart field
TGGGCGTTCTAAGCCA,Surface ectoderm
TGGGCTGAGATGCCGA,Primitive erythroid cells
TGGGCTGAGATGGTCG,Gut endoderm
TGGGCTGAGCCATGCC,Paraxial mesoderm
TGGGCTGAGCCTTCTC,Paraxial mesoderm
TGGGCTGAGTAAACGT,NMP
TGGGCTGAGTGGAAAG,Primitive erythroid cells
TGGGCTGCACTTGGGC,Placodal area
TGGGCTGGTCACCACG,Hindbrain
TGGGCTGGTTCGAAGG,Primitive erythroid cells
TGGGCTGGTTGATCGT,Allantois
TGGGCTGTCAGGTGTT,Extraembryonic visceral endoderm
TGGGCTGTCCGGCAAC,Primitive erythroid cells
TGGGCTGTCGATAACC,Cranial neural crest
TGGGCTGTCGCAGTCG,Hindbrain
TGGGCTGTCGTCTACC,Forebrain/midbrain
TGGGTTAAGCTATCCA,Extraembryonic visceral endoderm
TGGGTTAAGTCAGCCC,Primitive erythroid cells
TGGGTTACAGGTTACT,Forebrain/midbrain
TGGGTTACATGGAACG,Endothelium
TGGGTTAGTCAAAGTA,Gut endoderm
TGGGTTAGTCGAACAG,Paraxial mesoderm
TGGGTTAGTCGTTGCG,Primitive erythroid cells
TGGGTTAGTGGAGGTT,Lateral plate and intermediate mesoderm
TGGGTTATCAGCACCG,Extraembryonic visceral endoderm
TGGGTTATCGGCTTCT,Placodal area
TGGGTTATCTAGACAC,Lateral plate and intermediate mesoderm
TGGGTTATCTCCCAAC,Extraembryonic visceral endoderm
TGGGTTATCTTACACT,Lateral plate and intermediate mesoderm
TGGTACAAGAACCGCA,First heart field
TGGTACAAGACTCCGC,Allantois
TGGTACAAGATGACAT,Gut endoderm
TGGTACAAGCAAATGT,Gut endoderm
TGGTACAAGCATGATA,Primitive erythroid cells
TGGTACAAGGACAACC,Surface ectoderm
TGGTACAAGGCGTCCT,Surface ectoderm
TGGTACAAGGCGTTAG,Forebrain/midbrain
TGGTACAAGTCATCCA,Lateral plate and intermediate mesoderm
TGGTACACATCGCTGG,Primitive erythroid cells
TGGTACATCAGAGCAG,Paraxial mesoderm
TGGTACATCCAACCGG,Primitive erythroid cells
TGGTACATCGAACACT,Extraembryonic visceral endoderm
TGGTACATCGCTGACG,Primitive erythroid cells
TGGTACATCTTCCCAG,Gut endoderm
TGGTAGTAGCACCAGA,Extraembryonic visceral endoderm
TGGTAGTAGTTGGCGA,Extraembryonic visceral endoderm
TGGTAGTCAGCTTCCT,Extraembryonic visceral endoderm
TGGTAGTGTCCATACA,Lateral plate and intermediate mesoderm
TGGTAGTGTCGGCCTA,Extraembryonic visceral endoderm
TGGTAGTGTGGACCAA,Hindbrain
TGGTAGTGTTCTGACA,Extraembryonic visceral endoderm
TGGTAGTTCACTGTTT,Hindbrain
TGGTAGTTCAGATTGC,Hematoendothelial progenitors
TGGTAGTTCCTTTAGT,Endothelium
TGGTAGTTCGCTAGCG,Forebrain/midbrain
TGGTAGTTCGGATTAC,Extraembryonic visceral endoderm
TGGTAGTTCGGTGTAT,Primitive erythroid cells
TGGTAGTTCTAAGAAG,Lateral plate and intermediate mesoderm
TGGTGATAGAACTCCT,Surface ectoderm
TGGTGATAGAGGCGTT,Hindbrain
TGGTGATAGGTACCTT,NMP
TGGTGATAGGTTCCAT,Lateral plate and intermediate mesoderm
TGGTGATAGTTTGGCT,Forebrain/midbrain
TGGTGATCAACAACAA,Primitive erythroid cells
TGGTGATCAACCAATC,Forebrain/midbrain
TGGTGATCAGTCGGTC,Lateral plate and intermediate mesoderm
TGGTGATCATACAGGG,Primitive erythroid cells
TGGTGATCATACCGTA,Endothelium
TGGTGATGTAGACTGG,Allantois
TGGTGATGTTCGGACC,Primitive erythroid cells
TGGTGATTCCGCAACG,Primitive erythroid cells
TGGTGATTCGCATGAT,Primitive erythroid cells
TGGTGATTCGGACCAC,Cranial neural crest
TGGTGATTCGTAATGC,Forebrain/midbrain
TGGTGATTCTTTGATC,Primitive erythroid cells
TGGTTAGAGATCCCGC,Amniotic ectoderm
TGGTTAGAGTTCGGTT,Allantois
TGGTTAGAGTTTGTCG,Paraxial mesoderm
TGGTTAGCAGAGGAAA,Forebrain/midbrain
TGGTTAGGTCGTAATC,Paraxial mesoderm
TGGTTAGGTGGAGGTT,Surface ectoderm
TGGTTAGGTGTGTGTT,Paraxial mesoderm
TGGTTAGGTTAGAAGT,Primitive erythroid cells
TGGTTAGTCCGGCTTT,Primitive erythroid cells
TGGTTAGTCCTTCTAA,Primitive erythroid cells
TGGTTAGTCGAGTGGA,Lateral plate and intermediate mesoderm
TGGTTAGTCGGAAGGT,Primitive erythroid cells
TGGTTAGTCTCGGCTT,Primitive erythroid cells
TGTAACGAGACATAAC,Allantois
TGTAACGAGATGAAGG,Lateral plate and intermediate mesoderm
TGTAACGAGATTGAGT,Forebrain/midbrain
TGTAACGAGTATGCAA,Gut endoderm
TGTAACGAGTCGCCCA,Surface ectoderm
TGTAACGCACCAACAT,Forebrain/midbrain
TGTAACGCAGTCCGTG,Primitive erythroid cells
TGTAACGCATGCCATA,Primitive erythroid cells
TGTAACGGTACCTATG,Primitive erythroid cells
TGTAACGGTCACATTG,Surface ectoderm
TGTAACGGTCCAAATC,Second heart field
TGTAACGGTTCTCTAT,Paraxial mesoderm
TGTAACGTCACTTTGT,NMP
TGTAACGTCCATCGTC,Lateral plate and intermediate mesoderm
TGTAACGTCGTCTAAG,Forebrain/midbrain
TGTAACGTCTCCCATG,Primitive erythroid cells
TGTAAGCCACCTGCTT,Primitive erythroid cells
TGTAAGCCACGAAGAC,Extraembryonic visceral endoderm
TGTAAGCCACGCCACA,Lateral plate and intermediate mesoderm
TGTAAGCGTAACGGTG,Hindbrain
TGTAAGCGTTATAGAG,Forebrain/midbrain
TGTAAGCGTTCCGTTC,Surface ectoderm
TGTAAGCGTTTGGCTA,Hematoendothelial progenitors
TGTAAGCTCACTTCTA,Forebrain/midbrain
TGTAAGCTCAGATGCT,Extraembryonic visceral endoderm
TGTAAGCTCTCCCATG,Primitive erythroid cells
TGTACAGAGAACGTGC,Primitive erythroid cells
TGTACAGAGAAGTCCG,Primitive erythroid cells
TGTACAGAGACAGCGT,Primitive erythroid cells
TGTACAGAGTTTGTCG,Primitive erythroid cells
TGTACAGCAGCGTGCT,Primitive erythroid cells
TGTACAGCATAGGAGC,Lateral plate and intermediate mesoderm
TGTACAGCATTGTAGC,Primitive erythroid cells
TGTACAGGTAACCCTA,Hindbrain
TGTACAGGTAGAGACC,NMP
TGTACAGGTAGTCACT,Endothelium
TGTACAGGTCACAGAG,Hindbrain
TGTACAGTCGTTAGAC,Gut endoderm
TGTAGACAGAGAATCT,Second heart field
TGTAGACAGATGGCAC,Hematoendothelial progenitors
TGTAGACAGCGCGTTC,Primitive erythroid cells
TGTAGACAGGCGCTCT,Gut endoderm
TGTAGACCATCAACCA,Forebrain/midbrain
TGTAGACCATCGGCCA,Extraembryonic visceral endoderm
TGTAGACCATCTATCT,Primitive erythroid cells
TGTAGACGTCAACGCC,Primitive erythroid cells
TGTAGACGTCACAGTT,Lateral plate and intermediate mesoderm
TGTAGACGTGGCTACC,Primitive erythroid cells
TGTAGACTCACCACAA,Endothelium
TGTAGACTCCATACAG,NMP
TGTCAGAAGATCGCCC,NMP
TGTCAGAAGTAGGAAG,Extraembryonic visceral endoderm
TGTCAGACACGGCGTT,Primitive erythroid cells
TGTCAGACAGCTACAT,Gut endoderm
TGTCAGACATTGACTG,Primitive erythroid cells
TGTCAGAGTTAATCGC,Gut endoderm
TGTCAGATCAGATTGC,Extraembryonic visceral endoderm
TGTCAGATCCGAGAAG,Surface ectoderm
TGTCAGATCGACGTCG,Primitive erythroid cells
TGTCAGATCGTAGTGT,Cranial neural crest
TGTCCACAGAAGCCAC,Forebrain/midbrain
TGTCCACAGAGCAAGA,Lateral plate and intermediate mesoderm
TGTCCACAGCATCCTA,Surface ectoderm
TGTCCACAGGTCATAA,Surface ectoderm
TGTCCACAGGTGCTGA,Extraembryonic visceral endoderm
TGTCCACAGTCAAGCG,Primitive erythroid cells
TGTCCACCAGAAATCA,Extraembryonic visceral endoderm
TGTCCACCATGTCGTA,Gut endoderm
TGTCCACCATTAGGAA,NMP
TGTCCACGTGACAGGT,Lateral plate and intermediate mesoderm
TGTCCACGTGATGAAT,Surface ectoderm
TGTCCACTCAGAGTTC,Primitive erythroid cells
TGTCCACTCGAGTACT,Hindbrain
TGTCCACTCGTAACCA,Amniotic ectoderm
TGTCCACTCTCAACGA,Extraembryonic visceral endoderm
TGTCCACTCTCGCGTT,NMP
TGTCCCAAGCAGCCTC,Primitive erythroid cells
TGTCCCAAGCCTCTTC,Primitive erythroid cells
TGTCCCAAGTGAGTTA,Surface ectoderm
TGTCCCACAGAACTAA,NMP
TGTCCCACAGTTCTAG,Extraembryonic visceral endoderm
TGTCCCACATACCGTA,Primitive erythroid cells
TGTCCCAGTAGATTGA,Extraembryonic visceral endoderm
TGTCCCAGTCATATGC,Amniotic ectoderm
TGTCCCAGTGGGAGAG,Amniotic ectoderm
TGTCCCAGTTAATCGC,Extraembryonic visceral endoderm
TGTCCCAGTTCAAGTC,Hindbrain
TGTCCCAGTTGCAAGG,Hindbrain
TGTCCCATCCGTCCTA,Surface ectoderm
TGTCCCATCGTAACAC,Surface ectoderm
TGTCCCATCTGCGTCT,Primitive erythroid cells
TGTCCTGCAAGCAGGT,Hindbrain
TGTCCTGCAATGGGTG,Lateral plate and intermediate mesoderm
TGTCCTGCACGATAGG,Endothelium
TGTCCTGCACGTGAGA,Primitive erythroid cells
TGTCCTGCATAAGATG,Extraembryonic visceral endoderm
TGTCCTGCATGCCGAC,Forebrain/midbrain
TGTCCTGGTCCAGAAG,Extraembryonic visceral endoderm
TGTCCTGGTTACCCTC,Placodal area
TGTCCTGGTTCCCACT,Extraembryonic visceral endoderm
TGTCCTGTCCATACAG,Gut endoderm
TGTCCTGTCGCCAGAC,Surface ectoderm
TGTGAGTAGACAACAT,Primitive erythroid cells
TGTGAGTAGATCCAAA,Surface ectoderm
TGTGAGTAGGACGCAT,Allantois
TGTGAGTAGGGTACAC,Extraembryonic visceral endoderm
TGTGAGTAGTTCATGC,Extraembryonic visceral endoderm
TGTGAGTCAAGGTACG,Gut endoderm
TGTGAGTCACTAGGCC,Paraxial mesoderm
TGTGAGTCACTGCATA,Surface ectoderm
TGTGAGTCATCTAACG,Paraxial mesoderm
TGTGAGTCATTGCCTC,Lateral plate and intermediate mesoderm
TGTGAGTGTCAAAGCG,Primitive erythroid cells
TGTGAGTGTCGATTTG,Hindbrain
TGTGAGTGTGCCAAGA,Primitive erythroid cells
TGTGAGTGTGGCTGCT,Forebrain/midbrain
TGTGAGTGTGTATTCG,Extraembryonic visceral endoderm
TGTGAGTTCAGCACCG,Paraxial mesoderm
TGTGAGTTCGTACACA,Extraembryonic visceral endoderm
TGTGAGTTCTCTTCAA,Gut endoderm
TGTGATGAGAACTCCT,Primitive erythroid cells
TGTGATGAGCAACAAT,First heart field
TGTGATGAGCGACTAG,Primitive erythroid cells
TGTGATGAGCTACAAA,Extraembryonic visceral endoderm
TGTGATGAGCTCCCTT,Primitive erythroid cells
TGTGATGAGGTAGCAC,Extraembryonic visceral endoderm
TGTGATGCAAGAATAC,Surface ectoderm
TGTGATGCAGAGGTTG,Primitive erythroid cells
TGTGATGCAGCCTACG,NMP
TGTGATGCATCGGATT,Primitive erythroid cells
TGTGATGGTACAGTTC,Lateral plate and intermediate mesoderm
TGTGATGGTAGGAGGG,Forebrain/midbrain
TGTGATGGTGAGGAAA,Extraembryonic visceral endoderm
TGTGATGGTGCTAGCC,Placodal area
TGTGATGGTGTATACC,Gut endoderm
TGTGATGGTGTCTCCT,Primitive erythroid cells
TGTGATGTCATCGCCT,Spinal cord
TGTGATGTCCAGCCTT,NMP
TGTGATGTCCGGCTTT,Extraembryonic visceral endoderm
TGTGATGTCGTAATGC,Primitive erythroid cells
TGTGATGTCTATACTC,Hindbrain
TGTGATGTCTCCACTG,Forebrain/midbrain
TGTGCGGAGTTGGCGA,Extraembryonic visceral endoderm
TGTGCGGCAAGTCATC,Forebrain/midbrain
TGTGCGGCACACCTTC,Primitive erythroid cells
TGTGCGGCACACGCCA,Primitive erythroid cells
TGTGCGGCAGTCTCTC,Hindbrain
TGTGCGGCATCGCTGG,Endothelium
TGTGCGGCATTGGATC,Forebrain/midbrain
TGTGCGGGTAGAATAC,Surface ectoderm
TGTGCGGGTAGTATAG,Amniotic ectoderm
TGTGCGGGTGCCGAAA,Paraxial mesoderm
TGTGCGGGTGTTGCCG,Forebrain/midbrain
TGTGCGGGTTACCTGA,Gut endoderm
TGTGCGGGTTAGGCTT,Forebrain/midbrain
TGTGCGGTCGAGAAGC,Lateral plate and intermediate mesoderm
TGTGGCGAGGAGGTTC,Primitive erythroid cells
TGTGGCGAGTAACGTA,Extraembryonic visceral endoderm
TGTGGCGAGTGTGTTC,Primitive erythroid cells
TGTGGCGCAAATCGGG,Primitive erythroid cells
TGTGGCGCACGTAGTT,First heart field
TGTGGCGCAGTAGATA,Primitive erythroid cells
TGTGGCGGTACTGGGA,Surface ectoderm
TGTGGCGGTGAAGCTG,Primitive erythroid cells
TGTGGCGGTGACTGAG,Lateral plate and intermediate mesoderm
TGTGGCGTCACTACGA,Hindbrain
TGTGGCGTCCATTGCC,NMP
TGTGGCGTCCCGGTAG,NMP
TGTGGCGTCCTTCTAA,Primitive erythroid cells
TGTGTGAAGCGAACTG,Primitive erythroid cells
TGTGTGAAGCGAGTAC,Allantois
TGTGTGAAGTACAACA,Primitive erythroid cells
TGTGTGACATCGCTCT,Primitive erythroid cells
TGTGTGACATCTCATT,Primitive erythroid cells
TGTGTGACATTCCTAT,Extraembryonic visceral endoderm
TGTGTGAGTCCGACGT,Cranial neural crest
TGTGTGAGTCGGTAAG,Extraembryonic visceral endoderm
TGTGTGATCACGGAGA,Gut endoderm
TGTGTGATCACGGTCG,Gut endoderm
TGTGTGATCCACGTAA,Primitive erythroid cells
TGTGTGATCGGATTAC,Surface ectoderm
TGTGTGATCGGCTGAC,Primitive erythroid cells
TGTGTGATCGTCCTTG,Primitive erythroid cells
TGTGTGATCTGGTGGC,Primitive erythroid cells
TGTTACTAGAGGTCAC,Primitive erythroid cells
TGTTACTAGATACTGA,Primitive erythroid cells
TGTTACTAGTCTGGAG,Surface ectoderm
TGTTACTGTAATCAAG,Second heart field
TGTTACTGTAGTACGG,Lateral plate and intermediate mesoderm
TGTTACTGTATAGGGC,Hindbrain
TGTTACTGTCCCAAAT,Primitive erythroid cells
TGTTACTTCCGGTAAT,First heart field
TGTTACTTCCTTATAC,Surface ectoderm
TGTTACTTCGTAGAGG,Lateral plate and intermediate mesoderm
TGTTACTTCTACCCAC,Primitive erythroid cells
TGTTCATAGTATAGAC,Hindbrain
TGTTCATAGTGGCGAT,Lateral plate and intermediate mesoderm
TGTTCATCACAAGCAG,Hindbrain
TGTTCATCACGGTGAA,Primitive erythroid cells
TGTTCATCATTGAAGA,Primitive erythroid cells
TGTTCATGTCATGACT,Paraxial mesoderm
TGTTCATGTCGCACGT,NMP
TGTTCATGTGCTGCAC,Hindbrain
TGTTCATGTGGTCAAG,Gut endoderm
TGTTCATGTTCAGCTA,Endothelium
TGTTCATGTTCTAAGC,Primitive erythroid cells
TGTTCATTCCGATCGG,Hindbrain
TGTTCATTCGAACGGA,Paraxial mesoderm
TGTTCATTCTCAGTCC,Endothelium
TGTTCATTCTGCATAG,Forebrain/midbrain
TGTTCCGAGCCATGCC,Primitive erythroid cells
TGTTCCGAGCCTTTCC,Amniotic ectoderm
TGTTCCGAGGCTGGAT,Allantois
TGTTCCGAGTTGCGCC,Paraxial mesoderm
TGTTCCGCACACCTTC,Lateral plate and intermediate mesoderm
TGTTCCGCATAATGCC,Lateral plate and intermediate mesoderm
TGTTCCGCATAGAAAC,Forebrain/midbrain
TGTTCCGGTACATACC,Primitive erythroid cells
TGTTCCGGTATTGCCA,Extraembryonic visceral endoderm
TGTTCCGGTGACACAG,Primitive erythroid cells
TGTTCCGGTGGGCTCT,Surface ectoderm
TGTTCCGTCACTTTGT,Primitive erythroid cells
TGTTCCGTCAGCCTCT,Primitive erythroid cells
TGTTCCGTCCTGGTCT,Extraembryonic visceral endoderm
TGTTCTAAGCCTCTTC,Primitive erythroid cells
TGTTCTACAACCGACC,Hematoendothelial progenitors
TGTTCTACAAGGTCAG,Forebrain/midbrain
TGTTCTACAGATACTC,Placodal area
TGTTCTACAGGTGACA,Extraembryonic visceral endoderm
TGTTCTACATCATCCC,Primitive erythroid cells
TGTTCTACATGCTGCG,Cranial neural crest
TGTTCTAGTACAAGTA,Endothelium
TGTTCTAGTCACCACG,Paraxial mesoderm
TGTTCTAGTTATCTTC,Extraembryonic visceral endoderm
TGTTCTAGTTCCTACC,Surface ectoderm
TGTTCTAGTTGTAGCT,Primitive erythroid cells
TGTTCTAGTTGTGGCC,Forebrain/midbrain
TGTTCTATCACCCTCA,Primitive erythroid cells
TGTTCTATCAGCAATC,Cranial neural crest
TGTTCTATCATGACAC,Lateral plate and intermediate mesoderm
TGTTCTATCATTTACC,Gut endoderm
TGTTCTATCGACGATT,Primitive erythroid cells
TGTTCTATCGCGCCAA,Amniotic ectoderm
TGTTCTATCGGTTAGT,Primitive erythroid cells
TGTTCTATCTTTGCAT,Primitive erythroid cells
TGTTGAGAGACTGTTC,Gut endoderm
TGTTGAGAGAGCAACC,Extraembryonic visceral endoderm
TGTTGAGAGAGGATCC,Primitive erythroid cells
TGTTGAGAGAGTGAAG,Gut endoderm
TGTTGAGAGCAAACAT,Surface ectoderm
TGTTGAGAGCGTTACT,Placodal area
TGTTGAGAGGACGGAG,NMP
TGTTGAGAGTTAACAG,Forebrain/midbrain
TGTTGAGCAAATTGGA,Amniotic ectoderm
TGTTGAGCAGAACTTC,Gut endoderm
TGTTGAGCAGTTGCGC,Primitive erythroid cells
TGTTGAGGTCATAAAG,Spinal cord
TGTTGAGTCTGGCCGA,Lateral plate and intermediate mesoderm
TGTTGGAAGAGCTGCA,Surface ectoderm
TGTTGGAAGCACGATG,Extraembryonic visceral endoderm
TGTTGGAAGCGTGCTC,Surface ectoderm
TGTTGGAAGGTGCCTC,Endothelium
TGTTGGAAGTACAGAT,Extraembryonic visceral endoderm
TGTTGGACACAGAAGC,Primitive erythroid cells
TGTTGGACATCCTTGC,Primitive erythroid cells
TGTTGGACATTAGGAA,Cranial neural crest
TGTTGGAGTAGCGAGT,Extraembryonic visceral endoderm
TGTTGGAGTCCGGACT,Forebrain/midbrain
TGTTGGAGTGTGTCCG,Primitive erythroid cells
TGTTGGATCCGATCTC,Spinal cord
TGTTGGATCGTGCACG,Extraembryonic visceral endoderm
TGTTGGATCTAGTGTG,Paraxial mesoderm
TGTTGGATCTCCTGAC,Cranial neural crest
TGTTTGTAGCCATATC,Lateral plate and intermediate mesoderm
TGTTTGTAGCCGGATA,Primitive erythroid cells
TGTTTGTAGCGTGAAC,Forebrain/midbrain
TGTTTGTAGTACTGTC,Primitive erythroid cells
TGTTTGTAGTAGAATC,Extraembryonic visceral endoderm
TGTTTGTGTACGGATG,Hematoendothelial progenitors
TGTTTGTGTCTGGTTA,Primitive erythroid cells
TGTTTGTGTGACTCTA,Extraembryonic visceral endoderm
TGTTTGTGTGCATGTT,Hindbrain
TGTTTGTGTGCCTACG,Surface ectoderm
TGTTTGTGTTACGGAG,Gut endoderm
TGTTTGTTCCACGTAA,Primitive erythroid cells
TGTTTGTTCCTACAAG,Surface ectoderm
TGTTTGTTCTTGCGCT,Lateral plate and intermediate mesoderm
TTAATCCAGAGCTGCA,Primitive erythroid cells
TTAATCCAGCGAGTCA,Endothelium
TTAATCCAGCTCAGAG,Forebrain/midbrain
TTAATCCAGGAATCGC,Primitive erythroid cells
TTAATCCAGGCGCTTC,Primitive erythroid cells
TTAATCCAGGTCGAGT,Paraxial mesoderm
TTAATCCAGTATTAGG,Primitive erythroid cells
TTAATCCAGTCGTCTA,Primitive erythroid cells
TTAATCCCAATGCTCA,Notochord
TTAATCCCAGTCGCTG,Extraembryonic visceral endoderm
TTAATCCGTAGCGTCC,Surface ectoderm
TTAATCCGTATGGAAT,Forebrain/midbrain
TTAATCCGTATGTCTG,Primitive erythroid cells
TTAATCCGTGATGAAT,Second heart field
TTAATCCGTGCCGGTT,Amniotic ectoderm
TTAATCCGTGGATTTC,Extraembryonic visceral endoderm
TTAATCCTCGTGGGTC,Surface ectoderm
TTAATCCTCGTTCTCG,NMP
TTAATCCTCTCAGGCG,Primitive erythroid cells
TTAATCCTCTTTCCGG,Hindbrain
TTACAGGAGAGGGCGA,Forebrain/midbrain
TTACAGGAGGACTAAT,Primitive erythroid cells
TTACAGGAGTAACGAT,Paraxial mesoderm
TTACAGGAGTAGGGTC,Extraembryonic visceral endoderm
TTACAGGAGTTGGCTT,Lateral plate and intermediate mesoderm
TTACAGGCAAACGTGG,Lateral plate and intermediate mesoderm
TTACAGGCAATCAGCT,Allantois
TTACAGGCACAAAGCG,Lateral plate and intermediate mesoderm
TTACAGGCACGTGTGC,Paraxial mesoderm
TTACAGGCAGCCCAGT,Forebrain/midbrain
TTACAGGCAGGTCCCA,Extraembryonic visceral endoderm
TTACAGGGTGGCACTC,Extraembryonic visceral endoderm
TTACAGGTCACGAGGA,Forebrain/midbrain
TTACAGGTCATCGTAG,Extraembryonic visceral endoderm
TTACAGGTCTACTATC,Paraxial mesoderm
TTACCATAGATGCTGG,Lateral plate and intermediate mesoderm
TTACCATAGCTCGACC,Paraxial mesoderm
TTACCATCAATGGCAG,Gut endoderm
TTACCATCAGTCAGCC,Extraembryonic visceral endoderm
TTACCATGTACCGTCG,Surface ectoderm
TTACCATGTAGAGGAA,Hindbrain
TTACCATGTCCGAAAG,Primitive erythroid cells
TTACCATGTGATTCTG,Primitive erythroid cells
TTACCATGTGGTACAG,Gut endoderm
TTACCATTCCACCCTA,Forebrain/midbrain
TTACCATTCCTTGGAA,Hindbrain
TTACCATTCGAATGCT,Endothelium
TTACCATTCGGAATTC,Hindbrain
TTACCATTCTAGACAC,Extraembryonic visceral endoderm
TTACCATTCTTCCGTG,Primitive erythroid cells
TTACCGCAGAATTGCA,Lateral plate and intermediate mesoderm
TTACCGCAGATAGGGA,Lateral plate and intermediate mesoderm
TTACCGCAGCCAAGGT,Primitive erythroid cells
TTACCGCAGGACGCAT,Extraembryonic visceral endoderm
TTACCGCCAACCCTAA,Extraembryonic visceral endoderm
TTACCGCCAATCGTCA,Hindbrain
TTACCGCCACCCTAGG,Extraembryonic visceral endoderm
TTACCGCCACGGTGCT,Primitive erythroid cells
TTACCGCCACTAGAGG,Primitive erythroid cells
TTACCGCCAGATCATC,Paraxial mesoderm
TTACCGCCATTCACCC,Lateral plate and intermediate mesoderm
TTACCGCGTATCTCTT,NMP
TTACCGCGTTACTCAG,Gut endoderm
TTACCGCTCACCTGTC,First heart field
TTACCGCTCAGACTGT,Extraembryonic visceral endoderm
TTACCGCTCAGGGTAG,Surface ectoderm
TTACCGCTCCAAGGGA,Hindbrain
TTACCGCTCCCTCTTT,Primitive erythroid cells
TTACCGCTCCTACTGC,Forebrain/midbrain
TTACCGCTCTCTATGT,Forebrain/midbrain
TTACGCCAGTAAGGGA,Lateral plate and intermediate mesoderm
TTACGCCCAACGGTAG,NMP
TTACGCCCAAGGCGTA,NMP
TTACGCCCATTGCTTT,Extraembryonic visceral endoderm
TTACGCCGTAAGGAGA,Primitive erythroid cells
TTACGCCGTGGCCACT,Placodal area
TTACGCCGTGTCCGGT,Lateral plate and intermediate mesoderm
TTACGCCGTTCAACGT,Paraxial mesoderm
TTACGCCTCAGGCGAA,Extraembryonic visceral endoderm
TTACGCCTCCCTAGGG,Extraembryonic visceral endoderm
TTACGCCTCGCATAGT,Gut endoderm
TTACGCCTCTACACTT,Lateral plate and intermediate mesoderm
TTACGCCTCTATCGTT,Primitive erythroid cells
TTACGTTAGCGTGCCT,Extraembryonic visceral endoderm
TTACGTTAGTACAGAT,Primitive erythroid cells
TTACGTTAGTATCTGC,NMP
TTACGTTCAATCGCGC,Hematoendothelial progenitors
TTACGTTCATAATCGC,Hindbrain
TTACGTTGTAGTTAGA,Primitive erythroid cells
TTACGTTGTGGACCTC,Gut endoderm
TTACGTTTCTGAGCAT,Forebrain/midbrain
TTACGTTTCTTGGGCG,Lateral plate and intermediate mesoderm
TTACTGTAGAGCATAT,First heart field
TTACTGTAGATTGGGC,Surface ectoderm
TTACTGTAGCGTTCAT,Lateral plate and intermediate mesoderm
TTACTGTCAATTCTTC,Primitive erythroid cells
TTACTGTCAGCGAACA,Primitive erythroid cells
TTACTGTCAGGTAGTG,Surface ectoderm
TTACTGTCAGTTTCGA,Hematoendothelial progenitors
TTACTGTCATCTAACG,Primitive erythroid cells
TTACTGTCATTACGGT,Gut endoderm
TTACTGTGTACCCGAC,Paraxial mesoderm
TTACTGTGTACCGTGC,Amniotic ectoderm
TTACTGTGTACGTAGG,Lateral plate and intermediate mesoderm
TTACTGTGTGGTGATG,Extraembryonic visceral endoderm
TTACTGTGTTCTCAGA,Primitive erythroid cells
TTACTGTGTTGGTACT,Primordial germ cells
TTACTGTTCAAGCGTT,Endothelium
TTACTGTTCACCTGGG,Primitive erythroid cells
TTACTGTTCGAAGTGG,Primitive erythroid cells
TTACTGTTCGGTAGAG,Lateral plate and intermediate mesoderm
TTAGGCAAGAAGCCAC,Forebrain/midbrain
TTAGGCAAGAGGACTC,Hindbrain
TTAGGCAAGGTTGTTC,Forebrain/midbrain
TTAGGCAAGTAGAATC,First heart field
TTAGGCAAGTATGGAT,Primitive erythroid cells
TTAGGCAAGTCTTGGT,Surface ectoderm
TTAGGCAAGTGTGTTC,Forebrain/midbrain
TTAGGCACACTCGATA,Primitive erythroid cells
TTAGGCAGTAGTAAGT,Primitive erythroid cells
TTAGGCAGTCTTGGTA,NMP
TTAGGCAGTTCCCAAA,Primitive erythroid cells
TTAGGCAGTTGTGGAG,Primitive erythroid cells
TTAGGGTAGAAGGGAT,Forebrain/midbrain
TTAGGGTAGCAACTTC,Lateral plate and intermediate mesoderm
TTAGGGTAGGGCTGAT,Lateral plate and intermediate mesoderm
TTAGGGTCAAGAGCTG,Endothelium
TTAGGGTCAATGCAAA,Primitive erythroid cells
TTAGGGTGTCCAAATC,Forebrain/midbrain
TTAGGGTGTGACTCTA,Surface ectoderm
TTAGGGTTCACTGGTA,Amniotic ectoderm
TTAGGGTTCCCACAGG,Hindbrain
TTAGGGTTCCTACGGG,Forebrain/midbrain
TTAGGGTTCTGAGGCC,Extraembryonic visceral endoderm
TTAGGGTTCTGTCTCG,Primitive erythroid cells
TTAGTCTAGATCCAAA,Amniotic ectoderm
TTAGTCTAGGAGGGTG,Allantois
TTAGTCTAGGGCAACT,Primitive erythroid cells
TTAGTCTAGGTGCGAT,Lateral plate and intermediate mesoderm
TTAGTCTCAGCGCTTG,Extraembryonic visceral endoderm
TTAGTCTGTATCGCGC,Hematoendothelial progenitors
TTAGTCTGTCTAGGCC,Extraembryonic visceral endoderm
TTAGTCTGTGATTAGA,Primitive erythroid cells
TTAGTCTGTTTGAAAG,Hindbrain
TTAGTCTTCAAAGGTA,Gut endoderm
TTAGTCTTCAAGCGTT,Forebrain/midbrain
TTAGTCTTCATGAAAG,Surface ectoderm
TTAGTCTTCCTTTAGT,Extraembryonic visceral endoderm
TTAGTCTTCTATTTCG,Primitive erythroid cells
TTATTGCAGAGTCAAT,Cranial neural crest
TTATTGCAGTTGCCCG,Primitive erythroid cells
TTATTGCCAAGAATGT,Primitive erythroid cells
TTATTGCCAATTTCGG,Primitive erythroid cells
TTATTGCCACCTGCTT,Primitive erythroid cells
TTATTGCCACTCCTTG,Lateral plate and intermediate mesoderm
TTATTGCCAGATACTC,NMP
TTATTGCCATCCGATA,NMP
TTATTGCGTAATGTGA,Primitive erythroid cells
TTATTGCGTACACGCC,Primitive erythroid cells
TTATTGCGTATCGTAC,Primitive erythroid cells
TTATTGCGTATTAAGG,Primitive erythroid cells
TTATTGCGTTGAATCC,Extraembryonic visceral endoderm
TTATTGCGTTGCCATA,Primitive erythroid cells
TTATTGCGTTGGAGAC,Allantois
TTATTGCTCCGCACGA,Extraembryonic visceral endoderm
TTATTGCTCCTGTTAT,Primitive erythroid cells
TTCAATCAGACAACAT,Primitive erythroid cells
TTCAATCAGCCATTTG,Lateral plate and intermediate mesoderm
TTCAATCAGCCTTTGA,Primitive erythroid cells
TTCAATCAGCTACTAC,Primitive erythroid cells
TTCAATCAGGATACGC,Cranial neural crest
TTCAATCAGTGCGTCC,Forebrain/midbrain
TTCAATCCAAGAGTGC,Cranial neural crest
TTCAATCCAGAGGACT,Spinal cord
TTCAATCCATAGGCGA,Primitive erythroid cells
TTCAATCCATGCGGTC,Primitive erythroid cells
TTCAATCGTATCAGCT,Extraembryonic visceral endoderm
TTCAATCGTGCCGGTT,Forebrain/midbrain
TTCAATCGTGGCGTAA,Primitive erythroid cells
TTCAATCGTTCTATCT,Hindbrain
TTCAATCTCACTAGCA,Primitive erythroid cells
TTCAATCTCATTGAGC,Forebrain/midbrain
TTCAATCTCCAATGCA,Primitive erythroid cells
TTCACCGAGATTAGAC,Primitive erythroid cells
TTCACCGAGGGTATAT,Surface ectoderm
TTCACCGAGTCCGTCG,Primitive erythroid cells
TTCACCGAGTCCTGTA,Primitive erythroid cells
TTCACCGCAAGGTACG,Extraembryonic visceral endoderm
TTCACCGCACCGTCGA,Extraembryonic visceral endoderm
TTCACCGCACTTCAAG,Spinal cord
TTCACCGCAGATGCGA,Primitive erythroid cells
TTCACCGCATCCGAAT,Lateral plate and intermediate mesoderm
TTCACCGCATGGCCAC,Primitive erythroid cells
TTCACCGCATGTGACT,Forebrain/midbrain
TTCACCGCATTGAAAG,Placodal area
TTCACCGCATTGACTG,Primitive erythroid cells
TTCACCGGTACAGTTC,Primitive erythroid cells
TTCACCGGTACGAGTG,Surface ectoderm
TTCACCGGTATGTCTG,Surface ectoderm
TTCACCGGTCTGTCCT,Lateral plate and intermediate mesoderm
TTCACCGTCACGGGCT,Extraembryonic visceral endoderm
TTCACCGTCATGCCAA,Lateral plate and intermediate mesoderm
TTCACCGTCTATCCAT,Primitive erythroid cells
TTCACGCAGAGTAACT,Forebrain/midbrain
TTCACGCAGGTACTGG,Surface ectoderm
TTCACGCCAACAACAA,Primitive erythroid cells
TTCACGCCACAAATCC,Hindbrain
TTCACGCCACCAACAT,Forebrain/midbrain
TTCACGCCACGGCTAC,Extraembryonic visceral endoderm
TTCACGCCACTCGATA,Allantois
TTCACGCCAGAGCGTA,Second heart field
TTCACGCCAGAGGGTT,Gut endoderm
TTCACGCCAGTAGTGG,Amniotic ectoderm
TTCACGCCAGTCTTCC,Primordial germ cells
TTCACGCGTACTCGTA,Extraembryonic visceral endoderm
TTCACGCGTCACCGAC,Lateral plate and intermediate mesoderm
TTCACGCGTCCGCAGT,Spinal cord
TTCACGCGTTTAGACC,Extraembryonic visceral endoderm
TTCACGCTCATTACCT,Primitive erythroid cells
TTCAGGAAGACCTGGA,Surface ectoderm
TTCAGGAAGACTCTAC,Extraembryonic visceral endoderm
TTCAGGAAGGACGCAT,Lateral plate and intermediate mesoderm
TTCAGGAAGGCAGTCA,Amniotic ectoderm
TTCAGGAAGGGCAGAG,Primitive erythroid cells
TTCAGGAAGGTGCAGT,Extraembryonic visceral endoderm
TTCAGGAAGTTGAAGT,Primitive erythroid cells
TTCAGGACAAATCGGG,Hindbrain
TTCAGGACAACGGTAG,Primitive erythroid cells
TTCAGGACACGAAGAC,Primitive erythroid cells
TTCAGGACAGTAGATA,Primitive erythroid cells
TTCAGGACATGGAAGC,Surface ectoderm
TTCAGGATCGCATAGT,Extraembryonic visceral endoderm
TTCATGTAGAGAGTTT,Primitive erythroid cells
TTCATGTAGTCCTGCG,Surface ectoderm
TTCATGTCAAGATGGC,Lateral plate and intermediate mesoderm
TTCATGTCAGACGCTC,Placodal area
TTCATGTCATGTGGTT,Extraembryonic visceral endoderm
TTCATGTGTTGCTGAT,Primitive erythroid cells
TTCATGTTCCGTGTGG,Gut endoderm
TTCATGTTCGGTGAAG,NMP
TTCATGTTCGTAGCTA,Primitive erythroid cells
TTCATGTTCTGTCGCT,Primitive erythroid cells
TTCATGTTCTTAGCCC,Extraembryonic visceral endoderm
TTCATTGAGCACCTGC,Amniotic ectoderm
TTCATTGAGTGAGGTC,Gut endoderm
TTCATTGCAGAGTTCT,Extraembryonic visceral endoderm
TTCATTGCAGCGTACC,Primitive erythroid cells
TTCATTGGTCAGGTAG,Primitive erythroid cells
TTCATTGGTCGATGCC,Primitive erythroid cells
TTCATTGGTTAAACAG,Surface ectoderm
TTCATTGGTTGCATAC,Surface ectoderm
TTCATTGTCACCTCGT,Extraembryonic visceral endoderm
TTCATTGTCAGCAGAG,Extraembryonic visceral endoderm
TTCATTGTCCACACAA,NMP
TTCATTGTCGTAACTG,Primitive erythroid cells
TTCCAATAGGGCCTCT,Forebrain/midbrain
TTCCAATAGTCTACCA,Gut endoderm
TTCCAATAGTTCCGTA,Lateral plate and intermediate mesoderm
TTCCAATCAAGACCTT,Extraembryonic visceral endoderm
TTCCAATCAGACAATA,Placodal area
TTCCAATGTCGTCGGT,Primitive erythroid cells
TTCCAATGTGAGAGGG,Primitive erythroid cells
TTCCAATGTGTATTCG,Lateral plate and intermediate mesoderm
TTCCAATTCACCATCC,Primitive erythroid cells
TTCCAATTCGAGTCTA,Extraembryonic visceral endoderm
TTCCACGAGAAGGATG,Primitive erythroid cells
TTCCACGAGATGTTAG,Hematoendothelial progenitors
TTCCACGAGTATCCTG,NMP
TTCCACGAGTCCCTAA,Gut endoderm
TTCCACGAGTTCCTGA,Amniotic ectoderm
TTCCACGCACGTTCGG,Forebrain/midbrain
TTCCACGCATCATCCC,Hindbrain
TTCCACGGTCGTTTCC,Primitive erythroid cells
TTCCACGGTCTGTGTA,Extraembryonic visceral endoderm
TTCCACGGTGAATATG,Forebrain/midbrain
TTCCACGGTGAGGCAT,NMP
TTCCACGGTGGCCTCA,Spinal cord
TTCCACGTCTACACTT,Primitive erythroid cells
TTCCGGTAGACGCTCC,Lateral plate and intermediate mesoderm
TTCCGGTAGACTGGGT,NMP
TTCCGGTAGAGATGCC,Extraembryonic visceral endoderm
TTCCGGTAGCTAGAAT,Extraembryonic visceral endoderm
TTCCGGTCACTTTATC,Cranial neural crest
TTCCGGTGTCCTTTGC,First heart field
TTCCGGTGTCTGTGCG,Primitive erythroid cells
TTCCGGTGTGCTGATT,Lateral plate and intermediate mesoderm
TTCCGGTGTGTCCGGT,Cranial neural crest
TTCCGGTGTTTGTGGT,Allantois
TTCCGGTTCATTCGTT,Hindbrain
TTCCGGTTCCGCTGTT,Lateral plate and intermediate mesoderm
TTCCGGTTCCGTTGAA,Extraembryonic visceral endoderm
TTCCGGTTCCTGATAG,Extraembryonic visceral endoderm
TTCCGTGAGAAGTCTA,Primitive erythroid cells
TTCCGTGAGCACAAAT,NMP
TTCCGTGAGCACTCGC,Primitive erythroid cells
TTCCGTGAGGAGACCT,Notochord
TTCCGTGCAAAGGGTC,Hindbrain
TTCCGTGCAGAACATA,Primitive erythroid cells
TTCCGTGCATTACTCT,Primitive erythroid cells
TTCCGTGGTAGCTGAG,Extraembryonic visceral endoderm
TTCCGTGGTCCACGCA,Primitive erythroid cells
TTCCGTGGTTGTATGC,Extraembryonic visceral endoderm
TTCCGTGTCATGGATC,Extraembryonic visceral endoderm
TTCCGTGTCGCGTGCA,Primitive erythroid cells
TTCCTAAAGAGCCGAT,Primitive erythroid cells
TTCCTAAAGAGGCGTT,NMP
TTCCTAAAGGGTGAGG,NMP
TTCCTAACAAATGAAC,Primitive erythroid cells
TTCCTAACACTTACAG,Hindbrain
TTCCTAACAGAGTAAT,Forebrain/midbrain
TTCCTAACAGCAAGAC,Extraembryonic visceral endoderm
TTCCTAACATCATCCC,Endothelium
TTCCTAACATCATTGG,Primitive erythroid cells
TTCCTAACATGGGATG,Gut endoderm
TTCCTAAGTAAGATAC,Extraembryonic visceral endoderm
TTCCTAAGTACGCGTC,Surface ectoderm
TTCCTAAGTCGCATCG,Primitive erythroid cells
TTCCTAATCAGCTCTC,Primitive erythroid cells
TTCCTAATCATGCCCT,Lateral plate and intermediate mesoderm
TTCCTAATCCATCACC,Extraembryonic visceral endoderm
TTCCTAATCGGACGTC,Notochord
TTCCTAATCTCTCAAT,Lateral plate and intermediate mesoderm
TTCCTAATCTTAGCCC,Primitive erythroid cells
TTCCTCTAGCACACAG,Surface ectoderm
TTCCTCTAGCTAATGA,Forebrain/midbrain
TTCCTCTAGTACCATC,Primitive erythroid cells
TTCCTCTCAAGTATAG,Extraembryonic visceral endoderm
TTCCTCTCAATTTCGG,Placodal area
TTCCTCTCACATCCCT,Primitive erythroid cells
TTCCTCTCAGCACACC,Extraembryonic visceral endoderm
TTCCTCTCAGTTTCAG,Hindbrain
TTCCTCTCATATTCGG,Allantois
TTCCTCTCATCGCTCT,Gut endoderm
TTCCTCTCATTGCTGA,Extraembryonic visceral endoderm
TTCCTCTGTAGTCGGA,Hematoendothelial progenitors
TTCCTCTGTCCCAAAT,Primitive erythroid cells
TTCCTCTTCCGAACGC,Extraembryonic visceral endoderm
TTCCTTCAGACCTCCG,Primitive erythroid cells
TTCCTTCAGCCTTTCC,Amniotic ectoderm
TTCCTTCAGCTTCTAG,Forebrain/midbrain
TTCCTTCAGGCATGGT,Forebrain/midbrain
TTCCTTCCAAATAAGC,Extraembryonic visceral endoderm
TTCCTTCCAAGTGTCT,Primitive erythroid cells
TTCCTTCCAGCTGTTA,Primitive erythroid cells
TTCCTTCCATAATCGC,Extraembryonic visceral endoderm
TTCCTTCCATGCAGCC,Primitive erythroid cells
TTCCTTCCATTGGGAG,Extraembryonic visceral endoderm
TTCCTTCGTCATCACA,Extraembryonic visceral endoderm
TTCCTTCGTCGGAAAC,Forebrain/midbrain
TTCCTTCGTCGTTATG,Gut endoderm
TTCCTTCGTGTGCCTG,Forebrain/midbrain
TTCCTTCGTGTGTTTG,Allantois
TTCCTTCTCGCAACAT,Allantois
TTCCTTCTCTCCTGAC,Surface ectoderm
TTCGATTAGAGGCGTT,Amniotic ectoderm
TTCGATTAGATACCAA,Primitive erythroid cells
TTCGATTCACATGGTT,Amniotic ectoderm
TTCGATTCACGCTGTG,Extraembryonic visceral endoderm
TTCGATTCAGAGTGTG,Extraembryonic visceral endoderm
TTCGATTCATACAGGG,Hindbrain
TTCGATTTCAGATGCT,Primitive erythroid cells
TTCGATTTCAGTCACA,Lateral plate and intermediate mesoderm
TTCGATTTCGGAAGGT,Extraembryonic visceral endoderm
TTCGATTTCTCAACCC,Second heart field
TTCGCTGAGCCTCTTC,Primitive erythroid cells
TTCGCTGAGCTGGTGA,Extraembryonic visceral endoderm
TTCGCTGAGGTCACAG,Extraembryonic visceral endoderm
TTCGCTGCAGGCCCTA,Primitive erythroid cells
TTCGCTGCATCGATCA,Surface ectoderm
TTCGCTGGTCCTTAAG,Primitive erythroid cells
TTCGCTGGTGGCAACA,Placodal area
TTCGCTGGTGTACAGG,Hematoendothelial progenitors
TTCGCTGGTTAAGGAT,Primitive erythroid cells
TTCGCTGTCGAGAGAC,Forebrain/midbrain
TTCGCTGTCTTGGCTC,Primitive erythroid cells
TTCGGTCAGCCATCCG,Extraembryonic visceral endoderm
TTCGGTCAGGCGAAGG,Primitive erythroid cells
TTCGGTCAGGCGACAT,Cranial neural crest
TTCGGTCAGTCTGCAT,Forebrain/midbrain
TTCGGTCAGTGGTTGG,Extraembryonic visceral endoderm
TTCGGTCCACAGGATG,Extraembryonic visceral endoderm
TTCGGTCCAGATAAAC,Paraxial mesoderm
TTCGGTCCAGCAGTCC,Spinal cord
TTCGGTCCAGGCACAA,Extraembryonic visceral endoderm
TTCGGTCCAGGTTCAT,Primitive erythroid cells
TTCGGTCGTACAGGTG,Gut endoderm
TTCGGTCGTTCCTAGA,Lateral plate and intermediate mesoderm
TTCGGTCGTTGCAACT,Primitive erythroid cells
TTCGGTCTCTGCTTAT,Amniotic ectoderm
TTCTAACAGATGACAT,Extraembryonic visceral endoderm
TTCTAACAGGGTAGCT,Primitive erythroid cells
TTCTAACAGGTATAGT,Extraembryonic visceral endoderm
TTCTAACAGTTAGAAC,Lateral plate and intermediate mesoderm
TTCTAACCAAGGCGTA,Spinal cord
TTCTAACCACCCTTAC,First heart field
TTCTAACGTAGGAGTC,Lateral plate and intermediate mesoderm
TTCTAACGTCGGCTAC,Surface ectoderm
TTCTAACTCATTACTC,Forebrain/midbrain
TTCTAACTCCATTGCC,Gut endoderm
TTCTAACTCTCAAAGC,Primitive erythroid cells
TTCTAACTCTTACCAT,Extraembryonic visceral endoderm
TTCTAGTAGCCAAGGT,Surface ectoderm
TTCTAGTCACCCGTAG,Surface ectoderm
TTCTAGTCAGACCGCT,NMP
TTCTAGTCAGCTACCG,Primitive erythroid cells
TTCTAGTCATAGAGGC,Primitive erythroid cells
TTCTAGTCATTAGGAA,Forebrain/midbrain
TTCTAGTTCACGGACC,Primitive erythroid cells
TTCTAGTTCATCCCGT,Placodal area
TTCTAGTTCGAACGCC,Amniotic ectoderm
TTCTAGTTCGTTCAGA,Endothelium
TTCTAGTTCTACGGTA,Hindbrain
TTCTAGTTCTCCCATG,Extraembryonic visceral endoderm
TTCTCTCAGCCGGAAT,Gut endoderm
TTCTCTCAGCGGATCA,Lateral plate and intermediate mesoderm
TTCTCTCAGTGCTACT,Allantois
TTCTCTCCAACCAATC,Endothelium
TTCTCTCCAGCCGTCA,Spinal cord
TTCTCTCCATTAGGAA,Primitive erythroid cells
TTCTCTCCATTGAAGA,Gut endoderm
TTCTCTCGTCAAGCGA,Hematoendothelial progenitors
TTCTCTCGTCGCAGTC,Extraembryonic visceral endoderm
TTCTCTCGTGACAACG,Notochord
TTCTCTCGTGTCCTAA,Primitive erythroid cells
TTCTCTCGTTCTCCCA,Primitive erythroid cells
TTCTCTCGTTGTCCCT,Primitive erythroid cells
TTCTCTCTCATGTCAG,Extraembryonic visceral endoderm
TTCTCTCTCCTTCGAC,Amniotic ectoderm
TTCTCTCTCGAGTCTA,Hindbrain
TTCTCTCTCGTAATGC,Extraembryonic visceral endoderm
TTCTGTAAGACCTGGA,Hindbrain
TTCTGTAAGATTAGCA,Primitive erythroid cells
TTCTGTAAGCCAGTAG,Gut endoderm
TTCTGTAAGTCCGTCG,Primitive erythroid cells
TTCTGTACAACCGATT,First heart field
TTCTGTACACAACGCC,Extraembryonic visceral endoderm
TTCTGTAGTACAGGTG,Lateral plate and intermediate mesoderm
TTCTGTAGTCGAGTTT,Primitive erythroid cells
TTCTGTAGTTCTCCAC,First heart field
TTCTGTAGTTCTTGTT,Forebrain/midbrain
TTCTGTATCGACGTCG,Extraembryonic visceral endoderm
TTCTTCCAGCAAACAT,Extraembryonic visceral endoderm
TTCTTCCAGCTACTAC,Primitive erythroid cells
TTCTTCCAGTAGCATA,Primitive erythroid cells
TTCTTCCAGTTCATCG,Hindbrain
TTCTTCCCAAGGCAAC,Hematoendothelial progenitors
TTCTTCCCAAGTGGTG,Gut endoderm
TTCTTCCCACTGTTCC,Extraembryonic visceral endoderm
TTCTTCCCAGCAGGAT,Primitive erythroid cells
TTCTTCCGTACCACGC,Forebrain/midbrain
TTCTTCCGTACGTGTT,Surface ectoderm
TTCTTCCGTAGCCAGA,Surface ectoderm
TTCTTCCGTATGAGCG,Hematoendothelial progenitors
TTCTTCCGTGAAGCTG,Forebrain/midbrain
TTCTTCCGTGTCTCCT,Lateral plate and intermediate mesoderm
TTCTTCCGTTGTCAGT,Paraxial mesoderm
TTCTTCCGTTGTCTAG,First heart field
TTCTTCCTCATGTCAG,Extraembryonic visceral endoderm
TTCTTCCTCCTTGACC,NMP
TTCTTCCTCGCATGAT,NMP
TTCTTCCTCGTAACCA,Primitive erythroid cells
TTCTTGAAGACCAACG,Lateral plate and intermediate mesoderm
TTCTTGAAGCCAACCC,Spinal cord
TTCTTGAAGGCTCTCG,Primitive erythroid cells
TTCTTGACATCATCCC,Forebrain/midbrain
TTCTTGACATCGCTCT,Allantois
TTCTTGAGTCAACGCC,Paraxial mesoderm
TTCTTGAGTGACAACG,Surface ectoderm
TTCTTGAGTGACTCTA,Extraembryonic visceral endoderm
TTCTTGAGTGCTCGTG,Primitive erythroid cells
TTCTTGATCAGACAAA,Surface ectoderm
TTCTTGATCCACACCT,Primitive erythroid cells
TTCTTGATCGACATCA,Lateral plate and intermediate mesoderm
TTCTTGATCGAGTGGA,Primitive erythroid cells
TTCTTGATCGTTGCCT,Endothelium
TTGAACGAGAAATGGG,Extraembryonic visceral endoderm
TTGAACGAGCTTTGTG,Gut endoderm
TTGAACGCAACGCATT,Primitive erythroid cells
TTGAACGCAAGCTCTA,Hindbrain
TTGAACGCAATGCTCA,Primitive erythroid cells
TTGAACGCACCCTGTT,Lateral plate and intermediate mesoderm
TTGAACGCAGACACCC,Lateral plate and intermediate mesoderm
TTGAACGCATGATGCT,NMP
TTGAACGGTAACATGA,Cranial neural crest
TTGAACGGTAGCGTCC,Extraembryonic visceral endoderm
TTGAACGGTAGTAAGT,Paraxial mesoderm
TTGAACGGTATCGAGG,Notochord
TTGAACGGTCAAACGG,Amniotic ectoderm
TTGAACGGTCCCACGA,NMP
TTGAACGGTCGCACGT,Paraxial mesoderm
TTGAACGGTCGTTGGC,Primitive erythroid cells
TTGAACGGTTCGAAGG,Hindbrain
TTGAACGTCACCTGTC,Extraembryonic visceral endoderm
TTGAACGTCAGCTGTA,Gut endoderm
TTGAACGTCGTCGCTT,Surface ectoderm
TTGACCCAGACCAACG,Gut endoderm
TTGACCCAGGTCCAGA,Primitive erythroid cells
TTGACCCAGTCGTTAC,Extraembryonic visceral endoderm
TTGACCCCAACGGCCT,Extraembryonic visceral endoderm
TTGACCCCAAGAGAGA,Primitive erythroid cells
TTGACCCCAATAGTCC,NMP
TTGACCCCACTGAATC,First heart field
TTGACCCCAGCAATTC,Paraxial mesoderm
TTGACCCCATCATCTT,Extraembryonic visceral endoderm
TTGACCCGTAGATTGA,NMP
TTGACCCGTCCAGCGT,Surface ectoderm
TTGACCCGTCGTGCCA,Placodal area
TTGACCCGTGACATCT,Lateral plate and intermediate mesoderm
TTGACCCGTTAGTTCG,Primitive erythroid cells
TTGACCCGTTATCTTC,Primitive erythroid cells
TTGACCCTCATCACCC,Primitive erythroid cells
TTGACCCTCGCGTGCA,Primitive erythroid cells
TTGACCCTCTGCATAG,Gut endoderm
TTGAGTGAGACGGTCA,NMP
TTGAGTGAGAGTCGAC,Forebrain/midbrain
TTGAGTGAGCAGGCAT,Extraembryonic visceral endoderm
TTGAGTGAGGGTGAAA,Endothelium
TTGAGTGAGTCTCCTC,Primitive erythroid cells
TTGAGTGAGTGGACGT,Allantois
TTGAGTGCAACTACGT,Gut endoderm
TTGAGTGCACACGTGC,Amniotic ectoderm
TTGAGTGGTATTGACC,Primitive erythroid cells
TTGAGTGGTCAAAGTA,Hindbrain
TTGAGTGGTCATCCGG,NMP
TTGAGTGGTGAGAACC,Primitive erythroid cells
TTGAGTGTCGACTCCT,Primitive erythroid cells
TTGAGTGTCTCACGAA,Surface ectoderm
TTGATGGAGTAATACG,Cranial neural crest
TTGATGGCAAATTGCC,Primitive erythroid cells
TTGATGGCACCAGCGT,Forebrain/midbrain
TTGATGGCACCATAAC,Primitive erythroid cells
TTGATGGCAGTAGAGC,Lateral plate and intermediate mesoderm
TTGATGGGTCGAATTC,Primitive erythroid cells
TTGATGGGTGGGAGAG,Surface ectoderm
TTGATGGTCACTTATC,Primitive erythroid cells
TTGATGGTCCGTGTCT,Primitive erythroid cells
TTGATGGTCGGATTAC,Surface ectoderm
TTGCATTAGACTAAGT,Extraembryonic visceral endoderm
TTGCATTAGTCTTCCC,Primitive erythroid cells
TTGCATTCAAGCCCAC,Hindbrain
TTGCATTCATCGTCCT,Extraembryonic visceral endoderm
TTGCATTCATTACTCT,Endothelium
TTGCATTCATTGAAGA,Lateral plate and intermediate mesoderm
TTGCATTGTCAGGTAG,Primitive erythroid cells
TTGCATTGTTCCTAGA,Primitive erythroid cells
TTGCATTTCAGACCTA,Forebrain/midbrain
TTGCATTTCGAGTCTA,Primitive erythroid cells
TTGCCTGAGAATAACC,Primitive erythroid cells
TTGCCTGAGAGGGTCT,Primitive erythroid cells
TTGCCTGAGCCGTCGT,Paraxial mesoderm
TTGCCTGAGTCACGCC,Forebrain/midbrain
TTGCCTGAGTTGTCAC,NMP
TTGCCTGCAACGTTAC,Placodal area
TTGCCTGCAACTCGAT,Lateral plate and intermediate mesoderm
TTGCCTGCACCAGGTC,Lateral plate and intermediate mesoderm
TTGCCTGCATAAGCAA,Paraxial mesoderm
TTGCCTGCATGTACGT,Forebrain/midbrain
TTGCCTGGTACCAATC,Primitive erythroid cells
TTGCCTGGTCCGCAGT,Surface ectoderm
TTGCCTGGTCTTAGTG,Forebrain/midbrain
TTGCCTGGTGCTGCAC,Primitive erythroid cells
TTGCCTGGTGGTCTAT,Placodal area
TTGCCTGTCACCATCC,First heart field
TTGCCTGTCCGCTAGG,NMP
TTGCCTGTCGACATAC,Surface ectoderm
TTGCCTGTCGCCTAGG,Gut endoderm
TTGCCTGTCTACGCGG,Primitive erythroid cells
TTGCCTGTCTTACTGT,Extraembryonic visceral endoderm
TTGCCTGTCTTGGTGA,Gut endoderm
TTGCGTCAGAATCCCT,Primitive erythroid cells
TTGCGTCAGCCACTCG,Gut endoderm
TTGCGTCAGCTGAAAT,Extraembryonic visceral endoderm
TTGCGTCAGTCACAGG,Hindbrain
TTGCGTCCACTATCGA,Endothelium
TTGCGTCCATGGAATA,Primitive erythroid cells
TTGCGTCGTATACCTG,Forebrain/midbrain
TTGCGTCGTCAAAGTA,Extraembryonic visceral endoderm
TTGCGTCGTTAACCTG,Gut endoderm
TTGCTGCAGAAGCGAA,Primitive erythroid cells
TTGCTGCAGATGCTGG,First heart field
TTGCTGCAGGAAAGGT,Primitive erythroid cells
TTGCTGCAGGTAAAGG,Primitive erythroid cells
TTGCTGCAGTGCGTCC,Extraembryonic visceral endoderm
TTGCTGCAGTTGAAGT,Gut endoderm
TTGCTGCCAGAAGCGT,Hindbrain
TTGCTGCCAGCAGTTT,Surface ectoderm
TTGCTGCGTGAAAGTT,Hindbrain
TTGCTGCGTTATGACC,Surface ectoderm
TTGCTGCGTTCGGACC,Primitive erythroid cells
TTGCTGCGTTCGTACA,Primitive erythroid cells
TTGCTGCGTTGCCGAC,Second heart field
TTGCTGCTCAAGGTGG,Gut endoderm
TTGCTGCTCACTTGGA,Hindbrain
TTGCTGCTCTTGCAAG,Paraxial mesoderm
TTGGATGAGGTGGGTT,Allantois
TTGGATGAGTCGTCTA,Hematoendothelial progenitors
TTGGATGAGTCTGCGC,Primitive erythroid cells
TTGGATGCAAAGGCAC,Lateral plate and intermediate mesoderm
TTGGATGCAAGTGGGT,Extraembryonic visceral endoderm
TTGGATGCACCACATA,Surface ectoderm
TTGGATGCAGGGCTTC,Primitive erythroid cells
TTGGATGGTAGACAAT,Hindbrain
TTGGATGGTAGATTGA,Extraembryonic visceral endoderm
TTGGATGGTGTCCAAT,Primitive erythroid cells
TTGGATGTCAGCTAGT,Extraembryonic visceral endoderm
TTGGATGTCGCCCAGA,Surface ectoderm
TTGGATGTCTCCACTG,Paraxial mesoderm
TTGGATGTCTTGGCTC,Lateral plate and intermediate mesoderm
TTGGGATAGATTGCGG,Surface ectoderm
TTGGGATAGCGCATCC,Primitive erythroid cells
TTGGGATAGGATCATA,Extraembryonic visceral endoderm
TTGGGATAGTGATGGC,Primitive erythroid cells
TTGGGATAGTTGCTCA,Primitive erythroid cells
TTGGGATCAAAGCTCT,Endothelium
TTGGGATCAACATCGT,Primitive erythroid cells
TTGGGATCAGATGCGA,Extraembryonic visceral endoderm
TTGGGATCAGCATTGT,Endothelium
TTGGGATCATCGATCA,Extraembryonic visceral endoderm
TTGGGATGTACAAACA,Placodal area
TTGGGATGTCCACATA,Forebrain/midbrain
TTGGGATGTCCCTGAG,Gut endoderm
TTGGGATGTTCATCTT,Extraembryonic visceral endoderm
TTGGGATTCCATTCGC,Gut endoderm
TTGGGATTCCCTTGTG,Gut endoderm
TTGGGCGAGAACAAGG,Extraembryonic visceral endoderm
TTGGGCGAGACCGCCT,Primitive erythroid cells
TTGGGCGAGCAAGTGC,Primitive erythroid cells
TTGGGCGAGCGGGTTA,Gut endoderm
TTGGGCGAGTTCCAGT,Extraembryonic visceral endoderm
TTGGGCGCAAGTGACG,Amniotic ectoderm
TTGGGCGCATACGCAT,Amniotic ectoderm
TTGGGCGGTAAGTTGA,Primitive erythroid cells
TTGGGCGGTCCCTAAA,Primitive erythroid cells
TTGGGCGGTCGATGCC,Extraembryonic visceral endoderm
TTGGGCGTCGCCTTTG,Primitive erythroid cells
TTGGGCGTCGGAAGGT,NMP
TTGGGCGTCGGCATAT,Surface ectoderm
TTGGGCGTCTCACGAA,Primitive erythroid cells
TTGGGTAAGACGACTG,Primitive erythroid cells
TTGGGTAAGAGGTTAT,Extraembryonic visceral endoderm
TTGGGTAAGAGTTGAT,Primitive erythroid cells
TTGGGTAAGGATTTCC,Primitive erythroid cells
TTGGGTAAGGGATCTG,Allantois
TTGGGTACAAAGGCGT,Extraembryonic visceral endoderm
TTGGGTACAACTGATC,Primitive erythroid cells
TTGGGTACAGGCACTC,Gut endoderm
TTGGGTACAGGCATTT,Extraembryonic visceral endoderm
TTGGGTAGTATGATCC,NMP
TTGGGTAGTATGGGAC,NMP
TTGGGTATCAGTGTTG,Hindbrain
TTGGGTATCTGGCTGG,Hindbrain
TTGGTTTAGTGTAGAT,NMP
TTGGTTTAGTTTGTCG,Hindbrain
TTGGTTTGTCGATTCA,Gut endoderm
TTGGTTTGTGCTGCAC,Endothelium
TTGGTTTGTTATGTGC,Lateral plate and intermediate mesoderm
TTGGTTTTCAAGGACG,Extraembryonic visceral endoderm
TTGGTTTTCCACATAG,Extraembryonic visceral endoderm
TTGGTTTTCCACGGGT,Hindbrain
TTGGTTTTCTCCACTG,Endothelium
TTGTGGAAGCAATAAC,Primitive erythroid cells
TTGTGGACACGTAGAG,Hindbrain
TTGTGGACAGCACGAA,First heart field
TTGTGGACAGCTGGTC,Primitive erythroid cells
TTGTGGAGTCACCACG,Primitive erythroid cells
TTGTGGAGTCTAGGTT,Second heart field
TTGTGGAGTGTCCCTT,Primitive erythroid cells
TTGTGGATCTAGACCA,Surface ectoderm
TTGTGGATCTGCTAGA,Lateral plate and intermediate mesoderm
TTGTGGATCTTAGCTT,Surface ectoderm
TTGTGTTAGAGTGAAG,Forebrain/midbrain
TTGTGTTAGGAACATT,Amniotic ectoderm
TTGTGTTCAGACATCT,Primitive erythroid cells
TTGTGTTCAGGCGAAT,Extraembryonic visceral endoderm
TTGTGTTCATTGAAAG,Primitive erythroid cells
TTGTGTTTCACTGGGC,Forebrain/midbrain
TTGTTCAAGAAGCTGC,Endothelium
TTGTTCAAGACGATAT,Extraembryonic visceral endoderm
TTGTTCAAGTAAGCAT,Endothelium
TTGTTCAAGTTGGCGA,Primitive erythroid cells
TTGTTCACACCAGACC,Extraembryonic visceral endoderm
TTGTTCACAGCTAACT,Primitive erythroid cells
TTGTTCACATCAACCA,Forebrain/midbrain
TTGTTCAGTCCTGGGT,Primitive erythroid cells
TTGTTCAGTTCAGTAC,Primitive erythroid cells
TTGTTCATCAACCGAT,Extraembryonic visceral endoderm
TTGTTCATCAGATGCT,Lateral plate and intermediate mesoderm
TTGTTGTAGAAGGCTC,Paraxial mesoderm
TTGTTGTAGAAGGGAT,Hindbrain
TTGTTGTAGCTACTAC,Extraembryonic visceral endoderm
TTGTTGTCAATAGTAG,Lateral plate and intermediate mesoderm
TTGTTGTCAGGAGACT,Hindbrain
TTGTTGTCATGGAATA,Hindbrain
TTGTTGTGTAGAAACT,Lateral plate and intermediate mesoderm
TTGTTGTGTATCATGC,Forebrain/midbrain
TTGTTGTGTGCTATTG,Primitive erythroid cells
TTGTTGTTCCACGAAT,Forebrain/midbrain
TTGTTGTTCGCCTAGG,Paraxial mesoderm
TTGTTGTTCGTCTACC,Primitive erythroid cells
TTGTTTGAGCGTGCCT,Surface ectoderm
TTGTTTGAGTAAACAC,Lateral plate and intermediate mesoderm
TTGTTTGAGTCGCTAT,NMP
TTGTTTGCAACCACAT,Extraembryonic visceral endoderm
TTGTTTGCACCGTGGT,Primitive erythroid cells
TTGTTTGCAGCGTGCT,Hematoendothelial progenitors
TTGTTTGGTGTTGAGG,Primitive erythroid cells
TTGTTTGGTTTACGTG,Hindbrain
TTGTTTGGTTTAGAGA,Hematoendothelial progenitors
TTGTTTGTCCCATTTA,Extraembryonic visceral endoderm
TTGTTTGTCGTCCTCA,Primitive erythroid cells
TTGTTTGTCTGCACCT,Amniotic ectoderm
TTTACCAAGAAGTGTT,Primitive erythroid cells
TTTACCAAGCGTTAGG,Surface ectoderm
TTTACCAAGGTACAAT,Primitive erythroid cells
TTTACCAAGTCATAGA,Hindbrain
TTTACCACAACGACAG,Hindbrain
TTTACCACACTGGAAG,Primitive erythroid cells
TTTACCACAGCACAGA,Amniotic ectoderm
TTTACCACAGTGAGCA,First heart field
TTTACCACATAGATGA,Extraembryonic visceral endoderm
TTTACCACATTCGGGC,Lateral plate and intermediate mesoderm
TTTACCAGTAACTAAG,Lateral plate and intermediate mesoderm
TTTACCAGTCTCACGG,Primitive erythroid cells
TTTACCAGTGCCGGTT,Extraembryonic visceral endoderm
TTTACCAGTGCGTGCT,Forebrain/midbrain
TTTACCAGTGGTCTGC,Amniotic ectoderm
TTTACCATCACCGACG,Primitive erythroid cells
TTTACCATCCATGAGT,Amniotic ectoderm
TTTACCATCCGTGGGT,Extraembryonic visceral endoderm
TTTACGTAGGAGCTGT,Paraxial mesoderm
TTTACGTAGTCCCGGT,Primitive erythroid cells
TTTACGTCAATAGGAT,Primitive erythroid cells
TTTACGTCAATGGGTG,Lateral plate and intermediate mesoderm
TTTACGTCATGCAGCC,Surface ectoderm
TTTACGTGTGAATTAG,Surface ectoderm
TTTACGTTCGTAGCTA,Extraembryonic visceral endoderm
TTTACGTTCGTGCGAC,Extraembryonic visceral endoderm
TTTACGTTCGTTCCTG,Primitive erythroid cells
TTTACTGAGGATTACA,Primitive erythroid cells
TTTACTGAGTGTACCT,Surface ectoderm
TTTACTGCAATTCTTC,Surface ectoderm
TTTACTGCACGTTCGG,Amniotic ectoderm
TTTACTGCACTGCGTG,Placodal area
TTTACTGCAGACGCTC,Amniotic ectoderm
TTTACTGCAGGTCAAG,Hindbrain
TTTACTGGTAGCTTGT,Primitive erythroid cells
TTTACTGGTCACCTTC,Paraxial mesoderm
TTTACTGGTCGCATGC,Amniotic ectoderm
TTTACTGGTCGTCATA,Allantois
TTTACTGGTTAAACAG,Hematoendothelial progenitors
TTTACTGTCATGGATC,Endothelium
TTTACTGTCCCTAGGG,Forebrain/midbrain
TTTACTGTCGTCTCAC,Primitive erythroid cells
TTTACTGTCGTTAGAC,Extraembryonic visceral endoderm
TTTACTGTCTAGCCAA,Lateral plate and intermediate mesoderm
TTTAGTCAGACCAAAT,NMP
TTTAGTCAGGAGCTGT,Hindbrain
TTTAGTCCAACCGACC,Primitive erythroid cells
TTTAGTCCAAGACCTT,Gut endoderm
TTTAGTCGTAACAGTA,Lateral plate and intermediate mesoderm
TTTAGTCGTCCACTTC,Gut endoderm
TTTAGTCTCAACCTTT,Extraembryonic visceral endoderm
TTTAGTCTCCCTTGTG,Primitive erythroid cells
TTTAGTCTCCCTTTGG,Lateral plate and intermediate mesoderm
TTTAGTCTCGTCAGAT,Lateral plate and intermediate mesoderm
TTTAGTCTCTCAATCT,Lateral plate and intermediate mesoderm
TTTATGCAGATCGACG,Surface ectoderm
TTTATGCAGCAAACAT,Primitive erythroid cells
TTTATGCAGCACCCAC,Surface ectoderm
TTTATGCAGCGTCTCG,Primitive erythroid cells
TTTATGCAGGACTTCT,Gut endoderm
TTTATGCAGGGCTGAT,First heart field
TTTATGCAGGTAGACC,Primitive erythroid cells
TTTATGCAGGTCTACT,Lateral plate and intermediate mesoderm
TTTATGCCAACAGTGG,Extraembryonic visceral endoderm
TTTATGCCAGGATGAC,Surface ectoderm
TTTATGCTCCCGAGGT,Primitive erythroid cells
TTTATGCTCCCTCGAT,Lateral plate and intermediate mesoderm
TTTATGCTCGATAACC,Forebrain/midbrain
TTTATGCTCTCGACCT,Gut endoderm
TTTCACAAGAATTGCA,Primitive erythroid cells
TTTCACAAGACGTCCC,NMP
TTTCACAAGTCAACAA,Primitive erythroid cells
TTTCACAAGTTTGTCG,Forebrain/midbrain
TTTCACACACCTTCCA,Primitive erythroid cells
TTTCACACACTGCATA,Primitive erythroid cells
TTTCACACACTTGTCC,Hindbrain
TTTCACAGTATCGATC,Gut endoderm
TTTCACAGTCCGGTCA,Cranial neural crest
TTTCACAGTGTACGCC,Allantois
TTTCACAGTGTCCAAT,Forebrain/midbrain
TTTCACATCAGGAACG,Surface ectoderm
TTTCACATCCAATCCC,Cranial neural crest
TTTCACATCGGCCAAC,Extraembryonic visceral endoderm
TTTCAGTAGAAACCCG,Extraembryonic visceral endoderm
TTTCAGTAGAATTTGG,Surface ectoderm
TTTCAGTGTCTGATCA,Hindbrain
TTTCAGTGTTGCTGAT,Cranial neural crest
TTTCAGTTCACTACTT,Amniotic ectoderm
TTTCAGTTCCTCTTTC,Extraembryonic visceral endoderm
TTTCAGTTCTACGGTA,Hindbrain
TTTCAGTTCTTACGTT,Paraxial mesoderm
TTTCATGAGCCTTTCC,Primitive erythroid cells
TTTCATGAGGAAGAAC,Primitive erythroid cells
TTTCATGAGTGGTGAC,Primitive erythroid cells
TTTCATGCACCACTGG,Lateral plate and intermediate mesoderm
TTTCATGGTATCGCTA,Extraembryonic visceral endoderm
TTTCATGGTCTTGAAC,NMP
TTTCATGGTGGAACAC,Hindbrain
TTTCATGGTTGGTACT,Surface ectoderm
TTTCATGTCGAGTACT,Spinal cord
TTTCATGTCGGATTAC,Lateral plate and intermediate mesoderm
TTTCATGTCGTGCAGC,Endothelium
TTTCATGTCTAAGAAG,Forebrain/midbrain
TTTCCTCAGAAGCTGC,Extraembryonic visceral endoderm
TTTCCTCAGACCGTTT,Lateral plate and intermediate mesoderm
TTTCCTCAGATGACAT,Extraembryonic visceral endoderm
TTTCCTCAGGTACAAT,Primitive erythroid cells
TTTCCTCAGGTTTGAA,Gut endoderm
TTTCCTCCAAGCTACT,NMP
TTTCCTCCACCGTGAC,Primitive erythroid cells
TTTCCTCGTACGACTT,Second heart field
TTTCCTCGTACTCGCG,Extraembryonic visceral endoderm
TTTCCTCGTATCTTCT,Primitive erythroid cells
TTTCCTCGTGTGGTCC,Extraembryonic visceral endoderm
TTTCCTCTCCCAATAG,Gut endoderm
TTTCCTCTCTACCTTA,Lateral plate and intermediate mesoderm
TTTCCTCTCTCAATCT,Hindbrain
TTTCGATAGAGACAAG,NMP
TTTCGATAGCCGCACT,Primitive erythroid cells
TTTCGATAGCGTTAGG,Extraembryonic visceral endoderm
TTTCGATAGGCGCTCT,Extraembryonic visceral endoderm
TTTCGATAGGGACAGG,Extraembryonic visceral endoderm
TTTCGATAGTCCCTAA,Extraembryonic visceral endoderm
TTTCGATCAGGCATGA,Lateral plate and intermediate mesoderm
TTTCGATGTATTTCTC,Extraembryonic visceral endoderm
TTTCGATGTCGCGTCA,Primitive erythroid cells
TTTCGATGTGGTCCGT,Extraembryonic visceral endoderm
TTTCGATGTTGGGACA,Forebrain/midbrain
TTTCGATTCAGGTGTT,Surface ectoderm
TTTCGATTCGCTGTTC,Forebrain/midbrain
TTTCGATTCTCGAGTA,Extraembryonic visceral endoderm
TTTCGATTCTTGCAAG,Extraembryonic visceral endoderm
TTTGACTAGGTCCAGA,Hindbrain
TTTGACTAGTGATGGC,Primitive erythroid cells
TTTGACTAGTGCAACG,Lateral plate and intermediate mesoderm
TTTGACTCAGAAATCA,Extraembryonic visceral endoderm
TTTGACTCATGTCTAG,NMP
TTTGACTGTACCTTCC,Extraembryonic visceral endoderm
TTTGACTGTATTCCGA,Primitive erythroid cells
TTTGACTGTTCGGGTC,Hindbrain
TTTGACTTCAAAGGTA,Endothelium
TTTGACTTCCCGAATA,Extraembryonic visceral endoderm
TTTGACTTCCTCTAAT,Gut endoderm
TTTGACTTCTACCTTA,NMP
TTTGACTTCTATGTGG,Primitive erythroid cells
TTTGATCAGAACTTCC,Primitive erythroid cells
TTTGATCAGATCGACG,Second heart field
TTTGATCAGCATACTC,Primitive erythroid cells
TTTGATCAGGGAACAA,Extraembryonic visceral endoderm
TTTGATCAGGTTCATC,Primitive erythroid cells
TTTGATCAGTGCTCGC,Cranial neural crest
TTTGATCCAAGCACCC,Primitive erythroid cells
TTTGATCCAGATACTC,Paraxial mesoderm
TTTGATCCAGGACGAT,Primitive erythroid cells
TTTGATCCAGTAGAAT,Allantois
TTTGATCCATGACAAA,Primitive erythroid cells
TTTGATCGTAGACGGT,Allantois
TTTGATCTCACAATGC,Extraembryonic visceral endoderm
TTTGATCTCATGCGGC,Hindbrain
TTTGATCTCCCGTGTT,Primitive erythroid cells
TTTGATCTCCCTTCCC,Primitive erythroid cells
TTTGATCTCCTGCCAT,Extraembryonic visceral endoderm
TTTGATCTCGTCACCT,Forebrain/midbrain
TTTGGAGAGAGAACCC,Primitive erythroid cells
TTTGGAGAGAGCAGTC,Surface ectoderm
TTTGGAGAGAGCCGAT,Lateral plate and intermediate mesoderm
TTTGGAGAGTATCTGC,Primitive erythroid cells
TTTGGAGAGTCTGCAT,Primitive erythroid cells
TTTGGAGAGTCTTCGA,Extraembryonic visceral endoderm
TTTGGAGCACATACTG,Second heart field
TTTGGAGCACCGTGGT,Primitive erythroid cells
TTTGGAGCATCGCTCT,Hindbrain
TTTGGAGCATGACAAA,Forebrain/midbrain
TTTGGAGTCAAGAGTA,Hindbrain
TTTGGAGTCGAGAGCA,Lateral plate and intermediate mesoderm
TTTGGAGTCGGTGAAG,Paraxial mesoderm
TTTGGAGTCTTCGCTG,Lateral plate and intermediate mesoderm
TTTGGTTAGGTCCTGC,Lateral plate and intermediate mesoderm
TTTGGTTCAAATGCGG,Primitive erythroid cells
TTTGGTTCAACAGTGG,Placodal area
TTTGGTTCAGCCTACG,Primitive erythroid cells
TTTGGTTGTACTGACT,Lateral plate and intermediate mesoderm
TTTGGTTGTCCAGTTA,Extraembryonic visceral endoderm
TTTGGTTGTCCGGATC,Forebrain/midbrain
TTTGGTTGTCCGTACG,Extraembryonic visceral endoderm
TTTGGTTTCATTGAGC,Forebrain/midbrain
TTTGGTTTCCCATACC,Surface ectoderm
TTTGGTTTCCGTTTCG,Extraembryonic visceral endoderm
TTTGGTTTCTGGGTCG,Hematoendothelial progenitors
TTTGTTGAGAGTTCGG,NMP
TTTGTTGAGCACACAG,NMP
TTTGTTGAGCGTACAG,Primitive erythroid cells
TTTGTTGAGGGACAGG,Primitive erythroid cells
TTTGTTGCAAGTATCC,Primitive erythroid cells
TTTGTTGCACACACTA,Lateral plate and intermediate mesoderm
TTTGTTGCAGAACATA,Forebrain/midbrain
TTTGTTGCAGAGATTA,NMP
TTTGTTGCAGAGCCCT,Primitive erythroid cells
TTTGTTGCAGCAAGAC,Amniotic ectoderm
TTTGTTGCATGAAGGC,Cranial neural crest
TTTGTTGGTATCCTCC,Extraembryonic visceral endoderm
TTTGTTGGTGTATACC,Extraembryonic visceral endoderm
TTTGTTGTCATGCATG,Primitive erythroid cells
TTTGTTGTCCCGAGTG,Primitive erythroid cells
TTTGTTGTCGCCCAGA,Primitive erythroid cells
