Cell,subcluster,clone_id
AAACCCAAGGGCAATC,Surface ectoderm,CLADE_1
AAACCCAAGTATAGAC,Primitive erythroid cells,CLADE_2
AAACCCAAGTCGAAGC,First heart field,CLADE_2
AAACCCACAAAGCGTG,Forebrain/midbrain,CLADE_3
AAACCCACAATCCAGT,Primitive erythroid cells,CLADE_2
AAACCCACAGCCTTCT,Placodal area,CLADE_3
AAACCCACATGAGGGT,Forebrain/midbrain,CLADE_2
AAACCCAGTACGTAGG,Lateral plate and intermediate mesoderm,CLADE_2
AAACCCATCTTGCGCT,Primitive erythroid cells,CLADE_2
AAACGAAAGAGAGTTT,Forebrain/midbrain,CLADE_2
AAACGAAAGAGGATCC,Hindbrain,CLADE_2
AAACGAAAGTTGCCTA,Hindbrain,CLADE_2
AAACGAACAAAGCACG,Hindbrain,CLADE_2
AAACGAACAAGACCGA,First heart field,CLADE_2
AAACGAACACCTAAAC,Hindbrain,CLADE_2
AAACGAAGTCCGAAGA,Forebrain/midbrain,CLADE_2
AAACGAAGTGGGATTG,Lateral plate and intermediate mesoderm,CLADE_2
AAACGAAGTGTCCATA,Primitive erythroid cells,CLADE_2
AAACGAATCACCTCGT,Primitive erythroid cells,CLADE_4
AAACGAATCGCACGGT,Placodal area,CLADE_5
AAACGAATCTGAGCAT,Spinal cord,CLADE_2
AAACGCTAGATACTGA,Gut endoderm,CLADE_2
AAACGCTAGCGGATCA,Forebrain/midbrain,CLADE_2
AAACGCTAGGAACGCT,Endothelium,CLADE_2
AAACGCTAGGCAGTCA,Cranial neural crest,CLADE_3
AAACGCTAGGGAGAAT,Primitive erythroid cells,CLADE_4
AAACGCTAGGTCCCTG,Forebrain/midbrain,CLADE_2
AAACGCTAGTCATAGA,Primitive erythroid cells,CLADE_2
AAACGCTAGTGCAGCA,Primitive erythroid cells,CLADE_2
AAACGCTAGTGCGCTC,Primitive erythroid cells,CLADE_2
AAACGCTAGTTCGGTT,Gut endoderm,CLADE_1
AAACGCTCAAATGGTA,Primitive erythroid cells,CLADE_2
AAACGCTCATTGAAAG,Hindbrain,CLADE_2
AAACGCTGTGAATATG,Hematoendothelial progenitors,CLADE_2
AAACGCTGTGTTAGCT,Gut endoderm,CLADE_2
AAACGCTGTTATTCTC,Hindbrain,CLADE_2
AAACGCTTCAAACGTC,Primitive erythroid cells,CLADE_2
AAACGCTTCGCGGTAC,Forebrain/midbrain,CLADE_2
AAAGAACCACTATCGA,Forebrain/midbrain,CLADE_1
AAAGAACTCAAGATAG,Amniotic ectoderm,CLADE_6
AAAGAACTCCTACACC,Placodal area,CLADE_2
AAAGAACTCCTTATGT,Lateral plate and intermediate mesoderm,CLADE_2
AAAGGATAGATTAGTG,Forebrain/midbrain,CLADE_3
AAAGGATAGTATGAAC,Primitive erythroid cells,CLADE_2
AAAGGATCAAAGGTTA,Primitive erythroid cells,CLADE_4
AAAGGATCACACACTA,Primitive erythroid cells,CLADE_2
AAAGGATCAGCTGTCG,Primitive erythroid cells,CLADE_4
AAAGGATGTATCGGTT,NMP,CLADE_2
AAAGGATGTTGTAGCT,Primitive erythroid cells,CLADE_2
AAAGGATTCCGCTTAC,Primitive erythroid cells,CLADE_2
AAAGGGCAGGTCGCCT,Surface ectoderm,CLADE_5
AAAGGGCAGTATTGCC,First heart field,CLADE_2
AAAGGGCCAATAGAGT,Surface ectoderm,CLADE_2
AAAGGGCGTGAGAACC,Primitive erythroid cells,CLADE_2
AAAGGGCTCACCCATC,Cranial neural crest,CLADE_2
AAAGGGCTCACCGGGT,Surface ectoderm,CLADE_2
AAAGGGCTCGAGCCAC,Forebrain/midbrain,CLADE_2
AAAGGTAAGATTGATG,NMP,CLADE_2
AAAGGTAAGGTCGTGA,Paraxial mesoderm,CLADE_6
AAAGGTAAGTTGGGAC,Forebrain/midbrain,CLADE_2
AAAGGTACAAGAGTTA,Primitive erythroid cells,CLADE_2
AAAGGTACACGGGTAA,Primitive erythroid cells,CLADE_2
AAAGGTACAGGACTTT,Surface ectoderm,CLADE_2
AAAGGTACATCATTGG,Hindbrain,CLADE_2
AAAGGTAGTACCAATC,Primitive erythroid cells,CLADE_2
AAAGGTAGTAGACGGT,Surface ectoderm,CLADE_3
AAAGGTAGTCATTGCA,Forebrain/midbrain,CLADE_2
AAAGGTAGTTAATCGC,Forebrain/midbrain,CLADE_1
AAAGGTATCTAGAGCT,NMP,CLADE_2
AAAGTCCAGCGTGCCT,Primordial germ cells,CLADE_2
AAAGTCCAGGAGGGTG,Endothelium,CLADE_2
AAAGTCCAGTACGAGC,Primitive erythroid cells,CLADE_4
AAAGTCCAGTATGGCG,Lateral plate and intermediate mesoderm,CLADE_2
AAAGTCCAGTCGTTAC,Forebrain/midbrain,CLADE_3
AAAGTCCCAACAGAGC,Primitive erythroid cells,CLADE_4
AAAGTCCCAAGAGTAT,Primitive erythroid cells,CLADE_2
AAAGTCCCACGTCGTG,Surface ectoderm,CLADE_2
AAAGTCCCAGACAAGC,Primitive erythroid cells,CLADE_4
AAAGTCCCATGGCCAC,Primitive erythroid cells,CLADE_3
AAAGTCCCATTCGATG,Primitive erythroid cells,CLADE_3
AAAGTCCTCCTCTTTC,Placodal area,CLADE_4
AAAGTCCTCGATTCCC,NMP,CLADE_2
AAAGTGAAGACTCATC,Hindbrain,CLADE_2
AAAGTGAAGGCAGGGA,Surface ectoderm,CLADE_5
AAAGTGAAGGTGCCTC,First heart field,CLADE_2
AAAGTGACACTGGCGT,Forebrain/midbrain,CLADE_2
AAAGTGACAGTAGTTC,Primitive erythroid cells,CLADE_2
AAAGTGACATAGGTTC,Primitive erythroid cells,CLADE_2
AAAGTGAGTCTGCAAT,Amniotic ectoderm,CLADE_6
AAAGTGATCAAGGAGC,Forebrain/midbrain,CLADE_2
AAAGTGATCGCAGTCG,Primitive erythroid cells,CLADE_2
AAATGGAAGAGGACTC,Primitive erythroid cells,CLADE_4
AAATGGAAGGTTGTTC,Surface ectoderm,CLADE_2
AAATGGACAATGGGTG,Forebrain/midbrain,CLADE_2
AAATGGACACGGAAGT,Forebrain/midbrain,CLADE_2
AAATGGAGTACGAGCA,Notochord,CLADE_2
AAATGGAGTCGAGTTT,Placodal area,CLADE_2
AAATGGAGTCTTGTCC,Surface ectoderm,CLADE_2
AAATGGAGTGAGAGGG,Primitive erythroid cells,CLADE_3
AAATGGAGTTCAAGTC,Amniotic ectoderm,CLADE_3
AAATGGAGTTGCAAGG,Hindbrain,CLADE_4
AAATGGATCCAGTTCC,Forebrain/midbrain,CLADE_2
AAATGGATCGAACGGA,Allantois,CLADE_2
AAATGGATCGCTGCGA,First heart field,CLADE_2
AACAAAGCAAACACCT,Endothelium,CLADE_2
AACAAAGCAAGCTACT,Paraxial mesoderm,CLADE_2
AACAAAGCACATTCTT,Hindbrain,CLADE_2
AACAAAGCATACAGAA,Forebrain/midbrain,CLADE_2
AACAAAGCATGGCTAT,Primitive erythroid cells,CLADE_2
AACAAAGGTAGATCCT,Allantois,CLADE_2
AACAAAGGTTTCACAG,Lateral plate and intermediate mesoderm,CLADE_2
AACAAAGTCGGCGATC,Hindbrain,CLADE_3
AACAAAGTCTCTCAAT,Forebrain/midbrain,CLADE_4
AACAACCAGCACCTGC,Primitive erythroid cells,CLADE_4
AACAACCAGGTTGTTC,Primitive erythroid cells,CLADE_2
AACAACCCACGATAGG,Primitive erythroid cells,CLADE_2
AACAACCCAGCTAACT,Primitive erythroid cells,CLADE_4
AACAACCGTAATTAGG,Primitive erythroid cells,CLADE_4
AACAACCGTCAAATCC,Forebrain/midbrain,CLADE_2
AACAACCGTCGGTGTC,Endothelium,CLADE_4
AACAACCTCATGAGGG,Hindbrain,CLADE_2
AACAACCTCCATCAGA,Second heart field,CLADE_3
AACAACCTCCTCTAAT,Hindbrain,CLADE_2
AACAACCTCGCCAATA,Surface ectoderm,CLADE_5
AACAACCTCTTTGCGC,Hindbrain,CLADE_2
AACAAGAAGCGTACAG,Primitive erythroid cells,CLADE_1
AACAAGAAGCTGAAAT,Lateral plate and intermediate mesoderm,CLADE_2
AACAAGAAGCTTCTAG,Primitive erythroid cells,CLADE_2
AACAAGAAGTGGAATT,Primitive erythroid cells,CLADE_2
AACAAGAAGTTAGAAC,Primitive erythroid cells,CLADE_2
AACAAGACACTTCATT,Paraxial mesoderm,CLADE_2
AACAAGAGTACGGTTT,Surface ectoderm,CLADE_2
AACAAGAGTAGACGTG,Primitive erythroid cells,CLADE_2
AACAAGAGTCAGGCAA,Forebrain/midbrain,CLADE_2
AACAAGAGTGAAGCGT,Hindbrain,CLADE_2
AACAAGATCATTGGTG,Hindbrain,CLADE_4
AACAAGATCCACAGGC,Primitive erythroid cells,CLADE_2
AACAAGATCGGCGATC,Hindbrain,CLADE_2
AACAAGATCTCGCAGG,Surface ectoderm,CLADE_2
AACACACAGACTCAAA,Notochord,CLADE_2
AACACACAGCGAGGAG,Gut endoderm,CLADE_2
AACACACAGGAGGGTG,Hindbrain,CLADE_2
AACACACAGTGCACCC,Hindbrain,CLADE_2
AACACACAGTTGGCGA,Hindbrain,CLADE_2
AACACACCAATTCTCT,Surface ectoderm,CLADE_2
AACACACCAGCTACAT,Primitive erythroid cells,CLADE_2
AACACACGTACCAGAG,Primitive erythroid cells,CLADE_2
AACACACGTCACCACG,Lateral plate and intermediate mesoderm,CLADE_1
AACACACGTGAATTGA,Paraxial mesoderm,CLADE_2
AACACACGTGGTTTAC,Allantois,CLADE_2
AACACACGTTCGGTAT,Cranial neural crest,CLADE_2
AACACACTCATTACTC,Gut endoderm,CLADE_2
AACACACTCGCCACTT,Paraxial mesoderm,CLADE_3
AACACACTCTATTCGT,First heart field,CLADE_2
AACAGGGAGACCAACG,Primitive erythroid cells,CLADE_2
AACAGGGAGACCGCCT,Primitive erythroid cells,CLADE_3
AACAGGGGTCGATTTG,Lateral plate and intermediate mesoderm,CLADE_4
AACAGGGGTTGCATGT,Allantois,CLADE_4
AACAGGGTCAACTGAC,Amniotic ectoderm,CLADE_2
AACAGGGTCCTATTTG,Forebrain/midbrain,CLADE_3
AACAGGGTCGCATGAT,Cranial neural crest,CLADE_2
AACAGGGTCTACTATC,Primitive erythroid cells,CLADE_2
AACCAACAGACGGTTG,Paraxial mesoderm,CLADE_2
AACCAACCATCATTGG,Hindbrain,CLADE_2
AACCAACGTAAGATCA,Surface ectoderm,CLADE_2
AACCAACGTACAGCGA,Hindbrain,CLADE_7
AACCAACGTCGCTCGA,Amniotic ectoderm,CLADE_6
AACCAACTCATACAGC,Hindbrain,CLADE_2
AACCAACTCATCTATC,Cranial neural crest,CLADE_2
AACCAACTCGGCACTG,Primitive erythroid cells,CLADE_2
AACCAACTCGGTGCAC,Forebrain/midbrain,CLADE_2
AACCAACTCTTCGATT,Paraxial mesoderm,CLADE_5
AACCACAAGAAACTGT,Primitive erythroid cells,CLADE_3
AACCACAAGCATGATA,Hematoendothelial progenitors,CLADE_1
AACCACACAAGATTGA,Primitive erythroid cells,CLADE_3
AACCACACACCAATTG,Lateral plate and intermediate mesoderm,CLADE_2
AACCACAGTACGACAG,First heart field,CLADE_2
AACCACATCCATCTCG,Primitive erythroid cells,CLADE_4
AACCACATCGTCTAAG,Primitive erythroid cells,CLADE_2
AACCACATCTACGCAA,Primitive erythroid cells,CLADE_3
AACCACATCTATGCCC,Hindbrain,CLADE_2
AACCACATCTCAGAAC,Primitive erythroid cells,CLADE_2
AACCACATCTCATGCC,Lateral plate and intermediate mesoderm,CLADE_3
AACCATGAGCGAGAAA,Primitive erythroid cells,CLADE_2
AACCATGAGTCGCGAA,Allantois,CLADE_2
AACCATGCATCCGCGA,Primitive erythroid cells,CLADE_2
AACCATGTCACCATGA,Hindbrain,CLADE_2
AACCATGTCACTACTT,Gut endoderm,CLADE_2
AACCATGTCTACTGAG,Hindbrain,CLADE_2
AACCCAAAGATCCGAG,Surface ectoderm,CLADE_2
AACCCAAAGCAGGCTA,Endothelium,CLADE_2
AACCCAACAGCATTGT,Forebrain/midbrain,CLADE_2
AACCCAAGTAAGACCG,Hindbrain,CLADE_2
AACCCAAGTAGTGATA,Primitive erythroid cells,CLADE_6
AACCCAATCGCTGACG,Primitive erythroid cells,CLADE_2
AACCCAATCTGGGCGT,Primitive erythroid cells,CLADE_2
AACCTGAAGTACCCTA,Lateral plate and intermediate mesoderm,CLADE_2
AACCTGAAGTTACGTC,Allantois,CLADE_2
AACCTGACACCGTGAC,Lateral plate and intermediate mesoderm,CLADE_2
AACCTGACACTCGATA,Amniotic ectoderm,CLADE_3
AACCTGAGTACTGAGG,Amniotic ectoderm,CLADE_2
AACCTGAGTAGGTACG,Primitive erythroid cells,CLADE_2
AACCTGAGTCGGTACC,Amniotic ectoderm,CLADE_3
AACCTGAGTCTGCAAT,Primitive erythroid cells,CLADE_2
AACCTGATCGCTCCTA,Gut endoderm,CLADE_3
AACCTTTAGGGTGAGG,Lateral plate and intermediate mesoderm,CLADE_2
AACCTTTAGTCACTGT,Primitive erythroid cells,CLADE_2
AACCTTTCAAGTATCC,Primitive erythroid cells,CLADE_1
AACCTTTCACGACGTC,Surface ectoderm,CLADE_2
AACCTTTCAGCGACCT,NMP,CLADE_2
AACCTTTCATGATAGA,NMP,CLADE_2
AACCTTTCATGGGATG,Surface ectoderm,CLADE_2
AACCTTTGTCAGTCTA,Primitive erythroid cells,CLADE_2
AACCTTTGTCCGGATC,Cranial neural crest,CLADE_2
AACGAAAAGCCATGCC,Allantois,CLADE_2
AACGAAAAGCTGGAGT,Hematoendothelial progenitors,CLADE_2
AACGAAAAGGATCATA,NMP,CLADE_2
AACGAAAAGTATTCCG,Primitive erythroid cells,CLADE_2
AACGAAACACTGGATT,Primitive erythroid cells,CLADE_2
AACGAAACACTTGTGA,Cranial neural crest,CLADE_2
AACGAAACAGGTTCAT,Primitive erythroid cells,CLADE_2
AACGAAAGTAACATCC,Primitive erythroid cells,CLADE_3
AACGAAAGTATGAAGT,Gut endoderm,CLADE_1
AACGAAAGTCGCACGT,Primitive erythroid cells,CLADE_2
AACGAAAGTCTTGTCC,Primitive erythroid cells,CLADE_6
AACGAAAGTTGATCGT,Surface ectoderm,CLADE_3
AACGAAATCCCTCTTT,Paraxial mesoderm,CLADE_3
AACGAAATCCTCTCTT,Forebrain/midbrain,CLADE_3
AACGAAATCTCACCCA,Lateral plate and intermediate mesoderm,CLADE_2
AACGGGAAGAGTGTGC,Surface ectoderm,CLADE_2
AACGGGAAGGGCGAGA,Hindbrain,CLADE_3
AACGGGACAATTTCCT,Paraxial mesoderm,CLADE_2
AACGGGACATCCGAGC,Hindbrain,CLADE_2
AACGGGAGTGCAACAG,Primitive erythroid cells,CLADE_2
AACGGGATCATGACAC,Lateral plate and intermediate mesoderm,CLADE_6
AACGGGATCATTGCGA,Lateral plate and intermediate mesoderm,CLADE_2
AACGGGATCGACATCA,Primitive erythroid cells,CLADE_2
AACGGGATCGGCCCAA,Primitive erythroid cells,CLADE_2
AACGTCAAGACTACGG,Hindbrain,CLADE_3
AACGTCAAGACTCGAG,Surface ectoderm,CLADE_2
AACGTCAAGAGGATGA,Primitive erythroid cells,CLADE_4
AACGTCAAGCGCGTTC,Forebrain/midbrain,CLADE_2
AACGTCACAAACGAGC,Amniotic ectoderm,CLADE_2
AACGTCACAAGTCGTT,Primitive erythroid cells,CLADE_2
AACGTCACAATAACCC,Forebrain/midbrain,CLADE_5
AACGTCACAATCCTTT,Forebrain/midbrain,CLADE_1
AACGTCACAGAGATGC,Surface ectoderm,CLADE_1
AACGTCACATGCCGCA,Primitive erythroid cells,CLADE_4
AACGTCAGTAGAGATT,Primitive erythroid cells,CLADE_4
AACGTCAGTGCGTTTA,Allantois,CLADE_2
AACGTCAGTTATCTTC,Primitive erythroid cells,CLADE_2
AACGTCATCAACCCGG,Paraxial mesoderm,CLADE_2
AACGTCATCCCGTAAA,Surface ectoderm,CLADE_2
AACGTCATCCTCACGT,Endothelium,CLADE_2
AACGTCATCCTCAGAA,Hindbrain,CLADE_2
AACGTCATCGCCCAGA,Cranial neural crest,CLADE_2
AACGTCATCGCTTGCT,NMP,CLADE_2
AACTTCTGTCCACGCA,Amniotic ectoderm,CLADE_2
AACTTCTGTTGACGGA,Amniotic ectoderm,CLADE_2
AACTTCTTCAATGCAC,Primitive erythroid cells,CLADE_2
AACTTCTTCACAGAGG,Primitive erythroid cells,CLADE_2
AACTTCTTCAGTGCGC,Primitive erythroid cells,CLADE_6
AACTTCTTCCAGGACC,Primitive erythroid cells,CLADE_2
AAGAACAAGCGTTACT,Endothelium,CLADE_2
AAGAACAAGTCATTGC,Hindbrain,CLADE_2
AAGAACACACCACTGG,Primitive erythroid cells,CLADE_4
AAGAACACACTACACA,Primitive erythroid cells,CLADE_2
AAGAACACAGGTTACT,Hindbrain,CLADE_2
AAGAACACATCCCACT,Primitive erythroid cells,CLADE_3
AAGAACAGTCTGTAAC,Primitive erythroid cells,CLADE_2
AAGAACAGTGTGAATA,Cranial neural crest,CLADE_2
AAGAACAGTTGCCGAC,Forebrain/midbrain,CLADE_1
AAGAACATCACTCCGT,Endothelium,CLADE_2
AAGAACATCCTGGTCT,Forebrain/midbrain,CLADE_2
AAGAACATCGACCCAG,Surface ectoderm,CLADE_3
AAGAACATCTACACAG,Allantois,CLADE_2
AAGACAAAGCAAGTCG,Hindbrain,CLADE_1
AAGACAAAGGACGCAT,Lateral plate and intermediate mesoderm,CLADE_2
AAGACAAAGGTGCGAT,Primitive erythroid cells,CLADE_3
AAGACAAAGTCATTGC,Lateral plate and intermediate mesoderm,CLADE_2
AAGACAACACGGCACT,Primitive erythroid cells,CLADE_4
AAGACAACAGAGTTCT,Primitive erythroid cells,CLADE_2
AAGACAAGTGAGTAAT,NMP,CLADE_2
AAGACAATCCTGGTCT,Hindbrain,CLADE_2
AAGACAATCGGTTAGT,Lateral plate and intermediate mesoderm,CLADE_2
AAGACAATCGTCCTCA,Notochord,CLADE_2
AAGACAATCTCAACCC,Gut endoderm,CLADE_5
AAGACAATCTGCATAG,Forebrain/midbrain,CLADE_3
AAGACTCAGAATCCCT,Primitive erythroid cells,CLADE_3
AAGACTCAGACGTCCC,Forebrain/midbrain,CLADE_2
AAGACTCAGACGTCGA,Primitive erythroid cells,CLADE_2
AAGACTCAGCGAATGC,Forebrain/midbrain,CLADE_2
AAGACTCAGCTATCCA,Placodal area,CLADE_4
AAGACTCAGGGTACGT,Hindbrain,CLADE_4
AAGACTCCACATGAAA,Hindbrain,CLADE_2
AAGACTCCAGAGTCTT,Forebrain/midbrain,CLADE_1
AAGACTCCATGATGCT,Surface ectoderm,CLADE_2
AAGACTCGTCTCAAGT,Endothelium,CLADE_2
AAGACTCGTGGCCTCA,Primitive erythroid cells,CLADE_4
AAGACTCGTGTCCTAA,Primitive erythroid cells,CLADE_2
AAGACTCGTTGGAGGT,NMP,CLADE_2
AAGACTCTCTAGTACG,Hindbrain,CLADE_2
AAGATAGAGGGCCAAT,Notochord,CLADE_2
AAGATAGAGTGGTTGG,Allantois,CLADE_2
AAGATAGAGTTCCGTA,Paraxial mesoderm,CLADE_2
AAGATAGCACGTAGAG,Second heart field,CLADE_2
AAGATAGCAGAATTCC,Forebrain/midbrain,CLADE_4
AAGATAGCATCTCCCA,Primitive erythroid cells,CLADE_2
AAGATAGCATTGTACG,Surface ectoderm,CLADE_2
AAGATAGGTCGGATTT,Paraxial mesoderm,CLADE_3
AAGATAGTCACCTCGT,Primitive erythroid cells,CLADE_2
AAGATAGTCGAACCAT,Hindbrain,CLADE_2
AAGCATCAGAATTTGG,NMP,CLADE_2
AAGCATCAGACCACGA,Forebrain/midbrain,CLADE_2
AAGCATCAGAGCCCAA,Hindbrain,CLADE_2
AAGCATCAGCCAAGCA,Lateral plate and intermediate mesoderm,CLADE_2
AAGCATCAGCTAAGTA,Primitive erythroid cells,CLADE_2
AAGCATCAGGAGAGGC,Lateral plate and intermediate mesoderm,CLADE_2
AAGCATCAGTAGAGTT,Surface ectoderm,CLADE_2
AAGCATCCAGGAGACT,Paraxial mesoderm,CLADE_2
AAGCATCGTACGCTTA,Paraxial mesoderm,CLADE_2
AAGCATCGTGGAACCA,Primitive erythroid cells,CLADE_2
AAGCATCGTGGACTGA,Primitive erythroid cells,CLADE_2
AAGCATCTCGCCTATC,NMP,CLADE_2
AAGCCATAGACCTCCG,Allantois,CLADE_2
AAGCCATAGCATGTTC,Paraxial mesoderm,CLADE_2
AAGCCATAGTCGAAAT,Forebrain/midbrain,CLADE_2
AAGCCATAGTTGGACG,Lateral plate and intermediate mesoderm,CLADE_2
AAGCCATCAGCGAGTA,Notochord,CLADE_3
AAGCCATCATCCAACA,Gut endoderm,CLADE_4
AAGCCATCATCTCATT,Primitive erythroid cells,CLADE_2
AAGCCATGTTGCTCGG,Forebrain/midbrain,CLADE_2
AAGCCATTCACTTATC,Hematoendothelial progenitors,CLADE_2
AAGCCATTCCGTGGCA,NMP,CLADE_2
AAGCCATTCTAGTGAC,Surface ectoderm,CLADE_2
AAGCGAGAGATCACTC,Primitive erythroid cells,CLADE_2
AAGCGAGAGCGGGTAT,Forebrain/midbrain,CLADE_2
AAGCGAGAGGTCATCT,NMP,CLADE_2
AAGCGAGCAATAGGAT,Hindbrain,CLADE_3
AAGCGAGCACGCGTCA,Hindbrain,CLADE_2
AAGCGAGCAGCTTCCT,Hematoendothelial progenitors,CLADE_2
AAGCGAGGTAGGTGCA,Primitive erythroid cells,CLADE_2
AAGCGAGGTCGCTTGG,Primitive erythroid cells,CLADE_2
AAGCGAGGTGAAGCGT,Paraxial mesoderm,CLADE_2
AAGCGAGGTTTAGACC,Lateral plate and intermediate mesoderm,CLADE_2
AAGCGAGTCATGAAAG,Primitive erythroid cells,CLADE_2
AAGCGAGTCATGCCCT,Surface ectoderm,CLADE_5
AAGCGTTAGGTCGCCT,Amniotic ectoderm,CLADE_2
AAGCGTTCACAAACGG,Cranial neural crest,CLADE_2
AAGCGTTCACGGCCAT,NMP,CLADE_2
AAGCGTTCAGCCGTCA,Lateral plate and intermediate mesoderm,CLADE_2
AAGCGTTCATAGTCGT,Primitive erythroid cells,CLADE_2
AAGCGTTCATGGGATG,Primitive erythroid cells,CLADE_2
AAGCGTTGTACCCACG,Lateral plate and intermediate mesoderm,CLADE_2
AAGCGTTGTGTGTCCG,Placodal area,CLADE_2
AAGCGTTTCGGTGAAG,Surface ectoderm,CLADE_5
AAGGAATAGTCATCCA,Primitive erythroid cells,CLADE_2
AAGGAATCAAGTATAG,Amniotic ectoderm,CLADE_2
AAGGAATTCAAGCGTT,Primitive erythroid cells,CLADE_2
AAGGAATTCCTCACGT,Forebrain/midbrain,CLADE_6
AAGGAATTCGCAGTTA,Primitive erythroid cells,CLADE_2
AAGGAATTCTACTATC,Forebrain/midbrain,CLADE_2
AAGGAATTCTTGGGCG,Forebrain/midbrain,CLADE_2
AAGGTAAAGCATTGAA,Surface ectoderm,CLADE_3
AAGGTAACACGTCTCT,Primitive erythroid cells,CLADE_2
AAGGTAAGTCACGTGC,Gut endoderm,CLADE_2
AAGGTAAGTCCGGACT,Allantois,CLADE_2
AAGGTAAGTCGGATTT,Primitive erythroid cells,CLADE_2
AAGGTAAGTGGGCTTC,Primitive erythroid cells,CLADE_2
AAGGTAAGTTTCACTT,Primitive erythroid cells,CLADE_2
AAGGTAATCAGCCTCT,Endothelium,CLADE_2
AAGGTAATCATATGGC,Hindbrain,CLADE_2
AAGGTAATCCTGTAGA,Primitive erythroid cells,CLADE_2
AAGGTAATCGCCACTT,Primitive erythroid cells,CLADE_2
AAGGTAATCTCAGGCG,Primitive erythroid cells,CLADE_4
AAGTACCCAACGGCCT,Forebrain/midbrain,CLADE_2
AAGTACCCAATTTCTC,Hematoendothelial progenitors,CLADE_2
AAGTACCCAGACAAGC,Surface ectoderm,CLADE_2
AAGTACCCATCCGGCA,Allantois,CLADE_2
AAGTACCGTACGTTCA,Cranial neural crest,CLADE_2
AAGTACCGTACTGAGG,NMP,CLADE_2
AAGTACCGTCCACAGC,Allantois,CLADE_2
AAGTACCGTGCCAAGA,Cranial neural crest,CLADE_1
AAGTACCTCAATCTTC,Primitive erythroid cells,CLADE_4
AAGTACCTCCTGTAGA,Primitive erythroid cells,CLADE_3
AAGTACCTCGAGCCTG,NMP,CLADE_2
AAGTACCTCTGATGGT,Paraxial mesoderm,CLADE_2
AAGTCGTCACCACTGG,Primitive erythroid cells,CLADE_2
AAGTCGTCACGGGCTT,Amniotic ectoderm,CLADE_2
AAGTCGTGTCAACCAT,Primitive erythroid cells,CLADE_2
AAGTCGTGTCATGACT,Surface ectoderm,CLADE_2
AAGTCGTTCATATGGC,NMP,CLADE_2
AAGTCGTTCCATCGTC,Lateral plate and intermediate mesoderm,CLADE_2
AAGTCGTTCCGTATAG,Forebrain/midbrain,CLADE_1
AAGTCGTTCTTGATTC,Hindbrain,CLADE_2
AAGTGAAAGACAGCGT,Lateral plate and intermediate mesoderm,CLADE_4
AAGTGAAAGCTTAAGA,Primitive erythroid cells,CLADE_2
AAGTGAAAGTTCCATG,Primitive erythroid cells,CLADE_2
AAGTGAACAGTAGTTC,Hindbrain,CLADE_2
AAGTGAAGTCTTAGTG,Primitive erythroid cells,CLADE_2
AAGTGAATCTATGTGG,Primitive erythroid cells,CLADE_2
AAGTTCGAGCGACTTT,Paraxial mesoderm,CLADE_2
AAGTTCGAGCTTCGTA,Paraxial mesoderm,CLADE_2
AAGTTCGAGGATGTTA,Primitive erythroid cells,CLADE_2
AAGTTCGAGTAACCTC,Primitive erythroid cells,CLADE_2
AAGTTCGGTCGGAAAC,Primitive erythroid cells,CLADE_3
AAGTTCGGTCTAGTGT,Primitive erythroid cells,CLADE_2
AAGTTCGGTGAGGCAT,Primitive erythroid cells,CLADE_2
AAGTTCGGTGCATACT,Primitive erythroid cells,CLADE_2
AAGTTCGTCAAGTGGG,Lateral plate and intermediate mesoderm,CLADE_2
AAGTTCGTCATAAGGA,Lateral plate and intermediate mesoderm,CLADE_2
AAGTTCGTCTTCCGTG,NMP,CLADE_3
AATAGAGAGAATTGCA,Hindbrain,CLADE_2
AATAGAGAGGTAGTAT,Primitive erythroid cells,CLADE_2
AATAGAGAGTCATCCA,Hindbrain,CLADE_2
AATAGAGCACCACTGG,Lateral plate and intermediate mesoderm,CLADE_5
AATAGAGGTCACAATC,Gut endoderm,CLADE_2
AATAGAGTCCCGAGAC,Allantois,CLADE_2
AATAGAGTCGAGCCTG,Primitive erythroid cells,CLADE_2
AATAGAGTCGCATTAG,Hindbrain,CLADE_2
AATAGAGTCTATCACT,Paraxial mesoderm,CLADE_2
AATAGAGTCTCATTGT,Primitive erythroid cells,CLADE_2
AATCACGAGAATAGTC,Surface ectoderm,CLADE_2
AATCACGCAACGCCCA,Forebrain/midbrain,CLADE_2
AATCACGCAATTGCGT,Forebrain/midbrain,CLADE_2
AATCACGGTAGACGTG,Primitive erythroid cells,CLADE_2
AATCACGGTGCAATGG,Primitive erythroid cells,CLADE_2
AATCACGTCATTGGTG,Forebrain/midbrain,CLADE_5
AATCGACAGAGGATCC,Amniotic ectoderm,CLADE_2
AATCGACCAACCCTAA,NMP,CLADE_2
AATCGACCAGGATGAC,Surface ectoderm,CLADE_3
AATCGACCATCCGGTG,Primitive erythroid cells,CLADE_4
AATCGACCATCGATCA,Notochord,CLADE_2
AATCGACCATGGAGAC,Primitive erythroid cells,CLADE_2
AATCGACGTCCCTAAA,Gut endoderm,CLADE_1
AATCGACGTCGTTTCC,Surface ectoderm,CLADE_3
AATCGACGTGCCGTTG,Primitive erythroid cells,CLADE_2
AATCGACGTGTCACAT,Paraxial mesoderm,CLADE_2
AATCGACGTTGTATGC,NMP,CLADE_2
AATCGACGTTTGGGAG,Gut endoderm,CLADE_2
AATCGACTCCTGATAG,Hematoendothelial progenitors,CLADE_2
AATCGTGAGACAACTA,Surface ectoderm,CLADE_2
AATCGTGAGTTTGCTG,Lateral plate and intermediate mesoderm,CLADE_3
AATCGTGCAAAGGATT,Surface ectoderm,CLADE_2
AATCGTGCACATCATG,Primitive erythroid cells,CLADE_2
AATCGTGCACGAGAAC,Surface ectoderm,CLADE_2
AATCGTGGTAGCTGTT,Primitive erythroid cells,CLADE_2
AATCGTGGTCAGCTTA,Hindbrain,CLADE_2
AATCGTGGTTGTAAAG,Forebrain/midbrain,CLADE_2
AATCGTGTCCCATGGG,Gut endoderm,CLADE_2
AATCGTGTCTAGTACG,Hindbrain,CLADE_2
AATCGTGTCTCTGGTC,NMP,CLADE_2
AATGAAGAGACCTGGA,Notochord,CLADE_2
AATGAAGAGACTAGAT,Surface ectoderm,CLADE_3
AATGAAGAGGGTCTTT,Paraxial mesoderm,CLADE_2
AATGAAGAGGTCGACA,Cranial neural crest,CLADE_6
AATGAAGAGTGAGCCA,Lateral plate and intermediate mesoderm,CLADE_2
AATGAAGCAACGATTC,Forebrain/midbrain,CLADE_2
AATGAAGCAGAGTTCT,Hindbrain,CLADE_5
AATGAAGCAGGACTTT,Primitive erythroid cells,CLADE_2
AATGAAGCATCGGTTA,Lateral plate and intermediate mesoderm,CLADE_1
AATGAAGGTCACCTTC,Forebrain/midbrain,CLADE_5
AATGAAGGTGAATATG,Amniotic ectoderm,CLADE_4
AATGAAGGTGCGGCTT,Amniotic ectoderm,CLADE_2
AATGAAGGTTAGAGTA,Primitive erythroid cells,CLADE_2
AATGAAGGTTGCGTAT,Hindbrain,CLADE_2
AATGAAGTCGCCTATC,Surface ectoderm,CLADE_5
AATGAAGTCTGCCTCA,Allantois,CLADE_2
AATGAAGTCTTAGCTT,Forebrain/midbrain,CLADE_2
AATGACCAGAATCCCT,Paraxial mesoderm,CLADE_2
AATGACCAGCGTGCCT,Cranial neural crest,CLADE_5
AATGACCAGGCTAACG,Primitive erythroid cells,CLADE_2
AATGACCCACGGCGTT,Primitive erythroid cells,CLADE_2
AATGACCCAGACAAGC,Surface ectoderm,CLADE_3
AATGACCCAGCTTTCC,Forebrain/midbrain,CLADE_2
AATGACCCATGAATCC,Forebrain/midbrain,CLADE_2
AATGACCGTAGCTAAA,Lateral plate and intermediate mesoderm,CLADE_3
AATGACCGTCTGTAGT,Forebrain/midbrain,CLADE_4
AATGACCGTGGTCCGT,Primitive erythroid cells,CLADE_4
AATGACCGTGTGCTTA,Primitive erythroid cells,CLADE_3
AATGACCGTTCTCTCG,Amniotic ectoderm,CLADE_4
AATGACCTCACTGTTT,Primitive erythroid cells,CLADE_2
AATGACCTCCATGATG,Lateral plate and intermediate mesoderm,CLADE_1
AATGACCTCCGATGTA,Endothelium,CLADE_2
AATGACCTCGCTCCTA,Primitive erythroid cells,CLADE_3
AATGCCAAGATACCAA,Cranial neural crest,CLADE_2
AATGCCAAGCCATCCG,Primitive erythroid cells,CLADE_2
AATGCCAAGCCTCACG,Hindbrain,CLADE_2
AATGCCAAGGGACTGT,Paraxial mesoderm,CLADE_2
AATGCCAAGTGGACTG,Lateral plate and intermediate mesoderm,CLADE_2
AATGCCACAGGCATTT,Primitive erythroid cells,CLADE_4
AATGCCACAGGTGACA,Paraxial mesoderm,CLADE_2
AATGCCACATGAGATA,Allantois,CLADE_2
AATGCCAGTGAGTTTC,Primitive erythroid cells,CLADE_2
AATGCCATCAAGTGGG,Hematoendothelial progenitors,CLADE_2
AATGCCATCATGCGGC,Gut endoderm,CLADE_3
AATGGAAAGAAGTCAT,NMP,CLADE_3
AATGGAAAGATGGGCT,Hindbrain,CLADE_2
AATGGAAAGTACAGAT,Lateral plate and intermediate mesoderm,CLADE_3
AATGGAAAGTTACGAA,NMP,CLADE_2
AATGGAAAGTTCCAGT,Primitive erythroid cells,CLADE_2
AATGGAAGTAGGGTAC,Gut endoderm,CLADE_2
AATGGAAGTGACATCT,Hindbrain,CLADE_3
AATGGAATCAGGACAG,Hindbrain,CLADE_2
AATGGAATCATCGACA,Surface ectoderm,CLADE_2
AATGGAATCGCCTAGG,Hindbrain,CLADE_1
AATGGAATCTTCACAT,Cranial neural crest,CLADE_2
AATGGCTAGCCTGACC,Forebrain/midbrain,CLADE_2
AATGGCTAGCTATCTG,NMP,CLADE_3
AATGGCTAGTAGACAT,Hindbrain,CLADE_3
AATGGCTCATCCCGTT,Forebrain/midbrain,CLADE_2
AATGGCTGTCCCTAAA,Primitive erythroid cells,CLADE_2
AATGGCTGTTGAGAGC,Endothelium,CLADE_2
AATGGCTTCGAACCAT,Lateral plate and intermediate mesoderm,CLADE_2
AATGGCTTCGTTCATT,Surface ectoderm,CLADE_3
AATTCCTAGCAGGCTA,Primitive erythroid cells,CLADE_2
AATTCCTAGGCTGTAG,NMP,CLADE_2
AATTCCTAGTACCGGA,Surface ectoderm,CLADE_2
AATTCCTCAGACGATG,Hindbrain,CLADE_3
AATTCCTCAGCTTCCT,Lateral plate and intermediate mesoderm,CLADE_2
AATTCCTCATGCACTA,NMP,CLADE_2
AATTCCTGTACGAGCA,Primitive erythroid cells,CLADE_4
AATTCCTGTCCATAGT,Allantois,CLADE_1
AATTCCTGTTGCGTAT,Forebrain/midbrain,CLADE_2
AATTCCTTCATTACTC,Lateral plate and intermediate mesoderm,CLADE_2
AATTCCTTCCACGAAT,Surface ectoderm,CLADE_2
AATTCCTTCGAGCCTG,Forebrain/midbrain,CLADE_3
AATTCCTTCTCTCAAT,Hindbrain,CLADE_2
AATTTCCAGCATTGAA,Lateral plate and intermediate mesoderm,CLADE_2
AATTTCCAGCTGTACT,Primitive erythroid cells,CLADE_4
AATTTCCCACAAATGA,Lateral plate and intermediate mesoderm,CLADE_2
AATTTCCCACAGACGA,Cranial neural crest,CLADE_1
AATTTCCCAGAAGCTG,Primitive erythroid cells,CLADE_2
AATTTCCCAGAGTCTT,Primitive erythroid cells,CLADE_2
AATTTCCGTCATGCAT,Hindbrain,CLADE_2
AATTTCCGTCGTTGCG,Primitive erythroid cells,CLADE_2
AATTTCCTCACTCGAA,Forebrain/midbrain,CLADE_3
AATTTCCTCTATACGG,Gut endoderm,CLADE_2
AATTTCCTCTCCTGAC,Second heart field,CLADE_2
ACAAAGAAGACGACGT,Surface ectoderm,CLADE_2
ACAAAGAAGAGCTGCA,Hindbrain,CLADE_2
ACAAAGAAGCGATGAC,Gut endoderm,CLADE_6
ACAAAGAAGTACTGGG,Paraxial mesoderm,CLADE_2
ACAAAGAAGTGATAAC,Allantois,CLADE_2
ACAAAGACAAGACTGG,Surface ectoderm,CLADE_2
ACAAAGACACAGTGAG,Primitive erythroid cells,CLADE_2
ACAAAGACAGGTTCGC,Hindbrain,CLADE_2
ACAAAGAGTACGTGTT,Primitive erythroid cells,CLADE_4
ACAAAGAGTGAATGTA,Gut endoderm,CLADE_1
ACAAAGAGTGCAATAA,Primitive erythroid cells,CLADE_2
ACAAAGATCAAGAAAC,Hindbrain,CLADE_2
ACAAAGATCATCCTAT,Forebrain/midbrain,CLADE_6
ACAAAGATCATGAGAA,Lateral plate and intermediate mesoderm,CLADE_2
ACAAAGATCCGAGGCT,Primitive erythroid cells,CLADE_2
ACAAAGATCGGAAGGT,NMP,CLADE_2
ACAAAGATCTATCGCC,Primitive erythroid cells,CLADE_3
ACAACCAAGACTACGG,Lateral plate and intermediate mesoderm,CLADE_2
ACAACCAAGCAACCAG,Primitive erythroid cells,CLADE_3
ACAACCAAGTATGAAC,NMP,CLADE_2
ACAACCAAGTCATGGG,Forebrain/midbrain,CLADE_2
ACAACCAAGTCCCTAA,Forebrain/midbrain,CLADE_2
ACAACCAAGTTAGAAC,Cranial neural crest,CLADE_2
ACAACCACACCGTCGA,Primitive erythroid cells,CLADE_2
ACAACCACAGGCATGA,Primitive erythroid cells,CLADE_2
ACAACCAGTCATGGCC,Primitive erythroid cells,CLADE_2
ACAACCAGTCGCAGTC,Forebrain/midbrain,CLADE_2
ACAACCAGTCTAGATC,Lateral plate and intermediate mesoderm,CLADE_2
ACAACCAGTGGTACAG,Amniotic ectoderm,CLADE_4
ACAACCAGTTCAACGT,Surface ectoderm,CLADE_2
ACAACCAGTTCCTAGA,Lateral plate and intermediate mesoderm,CLADE_2
ACAACCAGTTCTCACC,Lateral plate and intermediate mesoderm,CLADE_2
ACAACCATCGTCTAAG,NMP,CLADE_2
ACAACCATCTTTCGAT,Gut endoderm,CLADE_4
ACAAGCTAGAAATCCA,Forebrain/midbrain,CLADE_2
ACAAGCTAGATCACTC,Primitive erythroid cells,CLADE_2
ACAAGCTAGCGTCTCG,Gut endoderm,CLADE_4
ACAAGCTCATAGTCAC,Hindbrain,CLADE_2
ACAAGCTGTCTTGCGG,Endothelium,CLADE_1
ACAAGCTGTTAGGCTT,Primitive erythroid cells,CLADE_2
ACAAGCTGTTATCCAG,Forebrain/midbrain,CLADE_2
ACAAGCTTCAACGCTA,Primitive erythroid cells,CLADE_4
ACAAGCTTCACGGGAA,Lateral plate and intermediate mesoderm,CLADE_2
ACAAGCTTCGCTACAA,Primitive erythroid cells,CLADE_2
ACAAGCTTCGGAGCAA,Forebrain/midbrain,CLADE_2
ACAAGCTTCGGTCAGC,Primitive erythroid cells,CLADE_2
ACACAGTAGCTAGATA,Forebrain/midbrain,CLADE_3
ACACAGTAGGCCTTGC,Surface ectoderm,CLADE_2
ACACAGTAGGCTGGAT,Spinal cord,CLADE_3
ACACAGTAGTCACTAC,Primitive erythroid cells,CLADE_2
ACACAGTCAATGCTCA,Primitive erythroid cells,CLADE_2
ACACAGTCACTACCCT,Gut endoderm,CLADE_2
ACACAGTCAGGTCCCA,Amniotic ectoderm,CLADE_2
ACACAGTCATGGAGAC,Paraxial mesoderm,CLADE_2
ACACAGTCATGTCTAG,Lateral plate and intermediate mesoderm,CLADE_2
ACACAGTGTACCCAGC,NMP,CLADE_4
ACACAGTGTTCCTAAG,Amniotic ectoderm,CLADE_2
ACACAGTTCGCGTGAC,Primitive erythroid cells,CLADE_5
ACACAGTTCGCTCCTA,Primitive erythroid cells,CLADE_4
ACACAGTTCTACTTCA,Primitive erythroid cells,CLADE_6
ACACAGTTCTATCGCC,Surface ectoderm,CLADE_2
ACACCAAAGCCTCAAT,Primitive erythroid cells,CLADE_2
ACACCAAAGGTTACCT,Primitive erythroid cells,CLADE_2
ACACCAAAGGTTCCAT,Primitive erythroid cells,CLADE_2
ACACCAACAAATCAAG,Surface ectoderm,CLADE_2
ACACCAACAAGCGCAA,Lateral plate and intermediate mesoderm,CLADE_1
ACACCAAGTCGCAACC,Primitive erythroid cells,CLADE_2
ACACCAAGTTGGGAAC,Primitive erythroid cells,CLADE_2
ACACCAATCCATCGTC,Hindbrain,CLADE_2
ACACCAATCGCCTAGG,Endothelium,CLADE_2
ACACCAATCGGACTTA,Hematoendothelial progenitors,CLADE_1
ACACCAATCGTGGAAG,Lateral plate and intermediate mesoderm,CLADE_2
ACACCAATCTTACTGT,Paraxial mesoderm,CLADE_6
ACACGCGAGCACACCC,Surface ectoderm,CLADE_1
ACACGCGAGCCTTTGA,Allantois,CLADE_2
ACACGCGAGCGTTGTT,Paraxial mesoderm,CLADE_2
ACACGCGAGGATTCAA,Surface ectoderm,CLADE_2
ACACGCGAGTTTGAGA,Primitive erythroid cells,CLADE_2
ACACGCGCAAGTGCAG,NMP,CLADE_2
ACACGCGCAGAATGTA,Hematoendothelial progenitors,CLADE_2
ACACGCGCAGTTTCAG,Primitive erythroid cells,CLADE_3
ACACGCGTCCTTGGAA,Lateral plate and intermediate mesoderm,CLADE_2
ACACGCGTCGCGGACT,Primitive erythroid cells,CLADE_2
ACACGCGTCTGTGCGG,NMP,CLADE_2
ACACTGAAGGAATTAC,Gut endoderm,CLADE_2
ACACTGAAGGCTAACG,Surface ectoderm,CLADE_2
ACACTGAAGTGATAGT,Primitive erythroid cells,CLADE_3
ACACTGACAAGAGAGA,Hindbrain,CLADE_2
ACACTGACACGACTAT,Allantois,CLADE_2
ACACTGACATGACGGA,Cranial neural crest,CLADE_2
ACACTGAGTACGGATG,Surface ectoderm,CLADE_3
ACACTGAGTGTCTTCC,Primitive erythroid cells,CLADE_2
ACACTGAGTTAAAGTG,Primitive erythroid cells,CLADE_2
ACACTGAGTTATGACC,Gut endoderm,CLADE_1
ACACTGAGTTTACACG,Placodal area,CLADE_2
ACACTGATCAACACGT,Lateral plate and intermediate mesoderm,CLADE_2
ACACTGATCATGGCCG,Primitive erythroid cells,CLADE_2
ACACTGATCATTCGTT,Primitive erythroid cells,CLADE_2
ACACTGATCGTTCAGA,Placodal area,CLADE_1
ACACTGATCTTTGATC,Forebrain/midbrain,CLADE_2
ACAGAAAAGCACTTTG,Paraxial mesoderm,CLADE_2
ACAGAAAAGCCTGACC,Amniotic ectoderm,CLADE_2
ACAGAAAAGTACTGTC,Amniotic ectoderm,CLADE_5
ACAGAAACAGGCTTGC,Forebrain/midbrain,CLADE_2
ACAGAAACAGGTGAGT,Hindbrain,CLADE_2
ACAGAAACATTGTACG,Hindbrain,CLADE_2
ACAGAAAGTAGAGATT,Gut endoderm,CLADE_3
ACAGAAAGTAGTCTGT,NMP,CLADE_2
ACAGAAAGTCGAATGG,Primitive erythroid cells,CLADE_2
ACAGAAAGTCTGTCCT,Lateral plate and intermediate mesoderm,CLADE_2
ACAGAAAGTCTTGAGT,Lateral plate and intermediate mesoderm,CLADE_4
ACAGAAAGTTGACTAC,Forebrain/midbrain,CLADE_2
ACAGAAATCATCAGTG,Surface ectoderm,CLADE_2
ACAGAAATCCAACCGG,Primitive erythroid cells,CLADE_2
ACAGAAATCCTCTAAT,Paraxial mesoderm,CLADE_2
ACAGAAATCGGCTGTG,Endothelium,CLADE_2
ACAGAAATCTACGGTA,Surface ectoderm,CLADE_2
ACAGCCGAGACTTAAG,Hindbrain,CLADE_2
ACAGCCGAGGAGAGTA,Gut endoderm,CLADE_2
ACAGCCGCACAACGCC,Primitive erythroid cells,CLADE_2
ACAGCCGCATAACAGA,Primitive erythroid cells,CLADE_2
ACAGCCGCATGAGAAT,Forebrain/midbrain,CLADE_4
ACAGCCGGTATCCTCC,Surface ectoderm,CLADE_2
ACAGCCGGTTACCTGA,Hindbrain,CLADE_2
ACAGCCGTCTATACGG,Lateral plate and intermediate mesoderm,CLADE_3
ACAGGGACAACGGTAG,Placodal area,CLADE_2
ACAGGGACAAGCGGAT,Primitive erythroid cells,CLADE_4
ACAGGGACAATCTGCA,Endothelium,CLADE_2
ACAGGGACACTCTGCT,First heart field,CLADE_2
ACAGGGAGTAACATAG,Primitive erythroid cells,CLADE_2
ACAGGGAGTCCGGCAT,Amniotic ectoderm,CLADE_2
ACAGGGAGTTGTAAAG,NMP,CLADE_3
ACATCCCAGAGCCTGA,Cranial neural crest,CLADE_2
ACATCCCAGATGTTGA,Hindbrain,CLADE_2
ACATCCCAGCTGCGAA,Surface ectoderm,CLADE_2
ACATCCCAGCTTCATG,Surface ectoderm,CLADE_5
ACATCCCAGTCACTCA,Paraxial mesoderm,CLADE_2
ACATCCCAGTTCATCG,Primitive erythroid cells,CLADE_2
ACATCCCCACATAGCT,Primitive erythroid cells,CLADE_2
ACATCCCCACTTCCTG,Forebrain/midbrain,CLADE_2
ACATCCCGTACCATAC,Amniotic ectoderm,CLADE_2
ACATCCCGTAGACACG,NMP,CLADE_3
ACATCCCGTAGTACGG,Hindbrain,CLADE_3
ACATCCCGTCACTCAA,Hindbrain,CLADE_2
ACATCCCGTGAACTAA,Paraxial mesoderm,CLADE_1
ACATCCCGTTGCATGT,Placodal area,CLADE_6
ACATCCCGTTGTCATG,Primitive erythroid cells,CLADE_2
ACATCCCTCGGAGCAA,Lateral plate and intermediate mesoderm,CLADE_2
ACATCCCTCTGCGGAC,Primitive erythroid cells,CLADE_2
ACATCCCTCTGTAACG,Forebrain/midbrain,CLADE_2
ACATCGAAGCAGCACA,Primitive erythroid cells,CLADE_2
ACATCGAAGGAGTATT,Surface ectoderm,CLADE_2
ACATCGAAGGCACCAA,Endothelium,CLADE_4
ACATCGAAGGGTCAAC,Spinal cord,CLADE_2
ACATCGAAGGTTGTTC,Primitive erythroid cells,CLADE_2
ACATCGAAGTCACTCA,Surface ectoderm,CLADE_2
ACATCGACAACAACAA,Allantois,CLADE_2
ACATCGACAACAAGAT,Primitive erythroid cells,CLADE_2
ACATCGACACACGTGC,Lateral plate and intermediate mesoderm,CLADE_2
ACATCGAGTACTTGTG,Hematoendothelial progenitors,CLADE_2
ACATCGATCAGTCCGG,Allantois,CLADE_2
ACATCGATCTGCTAGA,Lateral plate and intermediate mesoderm,CLADE_2
ACATGCAAGCGTCAGA,Lateral plate and intermediate mesoderm,CLADE_4
ACATGCAAGGGTTGCA,Primitive erythroid cells,CLADE_2
ACATGCAAGTCCGCGT,Gut endoderm,CLADE_2
ACATGCAAGTCCTACA,Surface ectoderm,CLADE_2
ACATGCAAGTGAGGTC,Gut endoderm,CLADE_8
ACATGCACAAGCCCAC,Surface ectoderm,CLADE_2
ACATGCACAATACCCA,Primitive erythroid cells,CLADE_2
ACATGCAGTAGATCCT,Lateral plate and intermediate mesoderm,CLADE_2
ACATGCAGTATGCTTG,Hindbrain,CLADE_2
ACATGCAGTCTCACGG,Primitive erythroid cells,CLADE_2
ACATGCAGTGGTCAAG,Primitive erythroid cells,CLADE_3
ACATGCAGTTGCATTG,Hematoendothelial progenitors,CLADE_2
ACATGCAGTTGGGATG,Gut endoderm,CLADE_2
ACATGCATCCAGCAAT,Primitive erythroid cells,CLADE_2
ACATGCATCCCGAACG,Endothelium,CLADE_2
ACATGCATCCGAACGC,Paraxial mesoderm,CLADE_2
ACATGCATCTCTGACC,NMP,CLADE_2
ACATTTCAGTCAGCCC,Endothelium,CLADE_2
ACATTTCCACGTTGGC,Primitive erythroid cells,CLADE_1
ACATTTCCATAACAGA,NMP,CLADE_2
ACATTTCCATTGACAC,Primitive erythroid cells,CLADE_2
ACATTTCGTCAGACTT,Primitive erythroid cells,CLADE_2
ACATTTCTCTTACGGA,Forebrain/midbrain,CLADE_3
ACCAAACAGCTTGTTG,Surface ectoderm,CLADE_6
ACCAAACAGTCTTCCC,Primitive erythroid cells,CLADE_2
ACCAAACCACCGTCTT,Primitive erythroid cells,CLADE_2
ACCAAACGTCGTATGT,Hindbrain,CLADE_2
ACCAAACGTGAGATAT,Lateral plate and intermediate mesoderm,CLADE_2
ACCAACAAGGAGATAG,Forebrain/midbrain,CLADE_2
ACCAACAAGGGAGATA,Primitive erythroid cells,CLADE_3
ACCAACACACATTCGA,Endothelium,CLADE_2
ACCAACACACTTCATT,Forebrain/midbrain,CLADE_3
ACCAACAGTTATCCAG,Primitive erythroid cells,CLADE_2
ACCAACAGTTATTCTC,Cranial neural crest,CLADE_2
ACCAACATCTCTCAAT,Primitive erythroid cells,CLADE_2
ACCACAACACTTGAAC,Primitive erythroid cells,CLADE_2
ACCACAACATAGACTC,Primitive erythroid cells,CLADE_2
ACCACAACATGGAACG,Surface ectoderm,CLADE_2
ACCACAAGTTGTGGAG,Hindbrain,CLADE_2
ACCACAATCATCCTAT,Primitive erythroid cells,CLADE_2
ACCACAATCGAACGGA,Paraxial mesoderm,CLADE_2
ACCATTTAGGCTGAAC,Hindbrain,CLADE_2
ACCATTTAGTGGGAAA,Surface ectoderm,CLADE_2
ACCATTTAGTTGTCGT,Amniotic ectoderm,CLADE_5
ACCATTTCATCCGTGG,Endothelium,CLADE_2
ACCATTTGTCTGTAGT,Hindbrain,CLADE_2
ACCATTTGTTAGAAAC,Cranial neural crest,CLADE_2
ACCATTTTCAGCGTCG,Primitive erythroid cells,CLADE_2
ACCATTTTCCGAGATT,Primitive erythroid cells,CLADE_2
ACCATTTTCGATTGAC,Second heart field,CLADE_2
ACCATTTTCTAGGAAA,Lateral plate and intermediate mesoderm,CLADE_2
ACCATTTTCTGAGGTT,Surface ectoderm,CLADE_2
ACCCAAAAGACCAAAT,Primitive erythroid cells,CLADE_4
ACCCAAACAATGCAGG,Primitive erythroid cells,CLADE_9
ACCCAAACAGCAGGAT,Hematoendothelial progenitors,CLADE_2
ACCCAAAGTGACCGTC,Allantois,CLADE_3
ACCCAAATCAACTTTC,Primitive erythroid cells,CLADE_2
ACCCAAATCAGCTGAT,Surface ectoderm,CLADE_2
ACCCAAATCGGCATTA,Forebrain/midbrain,CLADE_2
ACCCTCAAGTGAATAC,Primitive erythroid cells,CLADE_2
ACCCTCAAGTTGAATG,Forebrain/midbrain,CLADE_2
ACCCTCACAGGACTAG,Lateral plate and intermediate mesoderm,CLADE_2
ACCCTCAGTCATAACC,Lateral plate and intermediate mesoderm,CLADE_2
ACCCTCAGTGCATTAC,Lateral plate and intermediate mesoderm,CLADE_2
ACCCTCAGTGCTAGCC,Forebrain/midbrain,CLADE_2
ACCCTCAGTGCTTCAA,Hindbrain,CLADE_2
ACCCTTGAGCTGGCTC,Primitive erythroid cells,CLADE_6
ACCCTTGAGCTTAAGA,Forebrain/midbrain,CLADE_2
ACCCTTGCAATTGGTC,Amniotic ectoderm,CLADE_3
ACCCTTGCAGCATCTA,Primitive erythroid cells,CLADE_6
ACCCTTGGTACGACTT,Paraxial mesoderm,CLADE_3
ACCCTTGGTGAGTGAC,Primitive erythroid cells,CLADE_2
ACCCTTGGTGGCGTAA,Primitive erythroid cells,CLADE_2
ACCGTTCAGAAGATCT,Primitive erythroid cells,CLADE_2
ACCGTTCAGCACTCAT,Hindbrain,CLADE_2
ACCGTTCCACACGTGC,Surface ectoderm,CLADE_2
ACCGTTCCAGAGTGAC,First heart field,CLADE_2
ACCGTTCGTCCCTGAG,Gut endoderm,CLADE_6
ACCGTTCGTCTGGTTA,Primitive erythroid cells,CLADE_2
ACCGTTCGTGGCGTAA,Hindbrain,CLADE_2
ACCGTTCGTTCAAGTC,Forebrain/midbrain,CLADE_2
ACCGTTCTCTGCATGA,Primitive erythroid cells,CLADE_2
ACCGTTCTCTTCCTAA,Cranial neural crest,CLADE_2
ACCTACCAGAGGACTC,Primitive erythroid cells,CLADE_2
ACCTACCAGCTTGTTG,Amniotic ectoderm,CLADE_2
ACCTACCAGGCACAAC,Amniotic ectoderm,CLADE_3
ACCTACCCAGCGCTTG,Paraxial mesoderm,CLADE_2
ACCTACCTCGTTCAGA,Amniotic ectoderm,CLADE_6
ACCTACCTCTGCCTGT,Paraxial mesoderm,CLADE_2
ACCTACCTCTTAATCC,Primitive erythroid cells,CLADE_2
ACCTGAAAGACATAGT,Surface ectoderm,CLADE_2
ACCTGAAAGCACCCAC,Primitive erythroid cells,CLADE_2
ACCTGAAAGTCTAACC,Lateral plate and intermediate mesoderm,CLADE_2
ACCTGAACAAATACAG,Cranial neural crest,CLADE_2
ACCTGAACAGACCGCT,Forebrain/midbrain,CLADE_2
ACCTGAACATCCGTGG,Surface ectoderm,CLADE_2
ACCTGAAGTGCTGCAC,Gut endoderm,CLADE_2
ACCTGAAGTGTGTGTT,Amniotic ectoderm,CLADE_2
ACCTGAATCATGGGAG,Forebrain/midbrain,CLADE_2
ACCTGAATCTCCAATT,Surface ectoderm,CLADE_2
ACCTGTCAGACATATG,Hindbrain,CLADE_2
ACCTGTCAGAGGATCC,Primitive erythroid cells,CLADE_2
ACCTGTCAGAGTGACC,Lateral plate and intermediate mesoderm,CLADE_5
ACCTGTCAGCCAAGCA,Endothelium,CLADE_2
ACCTGTCCAGAGACTG,Primitive erythroid cells,CLADE_2
ACCTGTCCATCCAACA,Primitive erythroid cells,CLADE_4
ACCTGTCGTAACAAGT,Placodal area,CLADE_1
ACCTGTCGTAACATGA,Forebrain/midbrain,CLADE_5
ACCTGTCGTATCCCTC,Lateral plate and intermediate mesoderm,CLADE_4
ACCTGTCGTGGAAATT,Hindbrain,CLADE_2
ACCTGTCTCACGGGAA,Forebrain/midbrain,CLADE_1
ACCTGTCTCAGGGATG,Forebrain/midbrain,CLADE_3
ACCTGTCTCCACTAGA,Primitive erythroid cells,CLADE_4
ACCTGTCTCGAGAATA,Gut endoderm,CLADE_2
ACCTGTCTCGCGTCGA,Forebrain/midbrain,CLADE_2
ACCTGTCTCTCGGCTT,Primitive erythroid cells,CLADE_2
ACCTGTCTCTCGGGAC,Hindbrain,CLADE_2
ACCTGTCTCTTCCCGA,Allantois,CLADE_3
ACGATCAAGGTTGACG,Gut endoderm,CLADE_2
ACGATCAAGTAAGAGG,Lateral plate and intermediate mesoderm,CLADE_2
ACGATCACATTGTCGA,Cranial neural crest,CLADE_2
ACGATCAGTACTGAGG,First heart field,CLADE_2
ACGATCAGTGAGAGGG,Forebrain/midbrain,CLADE_2
ACGATCATCAAGTAAG,Hindbrain,CLADE_2
ACGATCATCCGATGCG,Hindbrain,CLADE_2
ACGATCATCTCACTCG,Gut endoderm,CLADE_2
ACGATCATCTCGTGAA,Endothelium,CLADE_2
ACGATGTAGAAGCGCT,Primitive erythroid cells,CLADE_2
ACGATGTAGAGAGCGG,Primitive erythroid cells,CLADE_2
ACGATGTAGCCAGAGT,Primitive erythroid cells,CLADE_2
ACGATGTAGCTAAACA,Primitive erythroid cells,CLADE_2
ACGATGTAGGCGAAGG,Paraxial mesoderm,CLADE_5
ACGATGTAGGTTGGTG,Primitive erythroid cells,CLADE_3
ACGATGTAGTCGCTAT,NMP,CLADE_2
ACGATGTGTGACGTCC,Hindbrain,CLADE_2
ACGATGTTCAGACATC,Primitive erythroid cells,CLADE_1
ACGATGTTCAGAGTTC,Primitive erythroid cells,CLADE_2
ACGATGTTCCCTCTCC,Endothelium,CLADE_2
ACGATGTTCCTTCGAC,Primitive erythroid cells,CLADE_4
ACGCACGAGATTTGCC,Gut endoderm,CLADE_2
ACGCACGAGCAACTTC,Primitive erythroid cells,CLADE_2
ACGCACGAGGCACGAT,Gut endoderm,CLADE_2
ACGCACGAGTAGCAAT,First heart field,CLADE_2
ACGCACGCAATCCAGT,Lateral plate and intermediate mesoderm,CLADE_2
ACGCACGCAGAGAAAG,Primitive erythroid cells,CLADE_2
ACGCACGCAGAGGCAT,Cranial neural crest,CLADE_2
ACGCACGCAGTCAACT,Primitive erythroid cells,CLADE_2
ACGCACGCATCATCCC,Primitive erythroid cells,CLADE_2
ACGCACGGTCGAACAG,Lateral plate and intermediate mesoderm,CLADE_2
ACGCACGGTCTCGGGT,Paraxial mesoderm,CLADE_2
ACGCACGGTTACCCTC,Forebrain/midbrain,CLADE_2
ACGCACGGTTGCGAAG,NMP,CLADE_2
ACGCACGTCATGAGTC,Hindbrain,CLADE_4
ACGCACGTCCCATACC,Gut endoderm,CLADE_2
ACGCACGTCGCGCTGA,Surface ectoderm,CLADE_2
ACGCACGTCTCGTCAC,Second heart field,CLADE_2
ACGGAAGAGAACAAGG,NMP,CLADE_2
ACGGAAGAGAGGCGTT,Amniotic ectoderm,CLADE_2
ACGGAAGAGGGCAGTT,Primitive erythroid cells,CLADE_2
ACGGAAGCAGACCAAG,Paraxial mesoderm,CLADE_2
ACGGAAGCAGGTGTGA,Cranial neural crest,CLADE_2
ACGGAAGCATAATCCG,Forebrain/midbrain,CLADE_2
ACGGAAGGTCACGTGC,Lateral plate and intermediate mesoderm,CLADE_3
ACGGAAGGTGAAGCTG,Primitive erythroid cells,CLADE_2
ACGGAAGGTGAGCAGT,First heart field,CLADE_2
ACGGAAGGTGCAACGA,Primitive erythroid cells,CLADE_2
ACGGAAGGTGCTTCAA,Primitive erythroid cells,CLADE_2
ACGGAAGGTGTGTACT,Lateral plate and intermediate mesoderm,CLADE_1
ACGGAAGGTTACGGAG,Placodal area,CLADE_2
ACGGAAGTCTGTACAG,Primitive erythroid cells,CLADE_2
ACGGGTCAGCCGAACA,Primitive erythroid cells,CLADE_2
ACGGGTCAGTATCTGC,Lateral plate and intermediate mesoderm,CLADE_2
ACGGGTCAGTCTAGAA,Hindbrain,CLADE_2
ACGGGTCGTAGTCGGA,Hindbrain,CLADE_2
ACGGGTCTCAAGATAG,Lateral plate and intermediate mesoderm,CLADE_1
ACGGGTCTCACGGTCG,Primitive erythroid cells,CLADE_4
ACGGGTCTCGACATTG,Lateral plate and intermediate mesoderm,CLADE_2
ACGGGTCTCTACTGAG,First heart field,CLADE_2
ACGGTCGAGTAGATCA,Primitive erythroid cells,CLADE_4
ACGGTCGCAATGACCT,Amniotic ectoderm,CLADE_2
ACGGTCGCAATTGCCA,Primitive erythroid cells,CLADE_2
ACGGTCGCACAAAGCG,Forebrain/midbrain,CLADE_2
ACGGTCGCACAACGCC,Gut endoderm,CLADE_2
ACGGTCGCAGGTACGA,Endothelium,CLADE_2
ACGGTCGGTAAGTTAG,Lateral plate and intermediate mesoderm,CLADE_2
ACGGTCGGTACGTGTT,Amniotic ectoderm,CLADE_2
ACGGTCGGTCTGGTTA,Allantois,CLADE_2
ACGGTCGTCACAACCA,Allantois,CLADE_2
ACGGTCGTCCAGTACA,Paraxial mesoderm,CLADE_5
ACGGTCGTCTAGTTCT,Forebrain/midbrain,CLADE_5
ACGGTCGTCTGGGTCG,Hindbrain,CLADE_2
ACGGTTAAGACTCAAA,Amniotic ectoderm,CLADE_2
ACGGTTAAGGCAGCTA,Gut endoderm,CLADE_2
ACGGTTAAGTAAGGGA,Forebrain/midbrain,CLADE_2
ACGGTTACACGCGTCA,Forebrain/midbrain,CLADE_2
ACGGTTAGTGGAAATT,Hematoendothelial progenitors,CLADE_2
ACGGTTAGTGTTACAC,Primitive erythroid cells,CLADE_2
ACGTAACAGGAAAGTG,Primitive erythroid cells,CLADE_2
ACGTAACAGGACTTCT,Forebrain/midbrain,CLADE_2
ACGTAACAGTAGCCAG,Lateral plate and intermediate mesoderm,CLADE_2
ACGTAACCAAGCCTGC,Primitive erythroid cells,CLADE_4
ACGTAACCACGCAAAG,Hindbrain,CLADE_1
ACGTAACCAGACCTGC,Forebrain/midbrain,CLADE_2
ACGTAACCAGAGCTAG,Hindbrain,CLADE_9
ACGTAACGTCAAAGTA,Primitive erythroid cells,CLADE_5
ACGTAACGTCCAGCGT,Lateral plate and intermediate mesoderm,CLADE_2
ACGTAACTCGATTGAC,Amniotic ectoderm,CLADE_6
ACGTAACTCGTCAGAT,Primitive erythroid cells,CLADE_2
ACGTAACTCTAGAGCT,Endothelium,CLADE_2
ACGTACAAGAAACTGT,Cranial neural crest,CLADE_2
ACGTACAAGAACTCCT,Endothelium,CLADE_2
ACGTACAAGATCCGAG,First heart field,CLADE_6
ACGTACAAGGACAGTC,Hindbrain,CLADE_2
ACGTACAAGGCCTGAA,Lateral plate and intermediate mesoderm,CLADE_2
ACGTACACAATAGTCC,Primitive erythroid cells,CLADE_2
ACGTACACAATCGCAT,Second heart field,CLADE_3
ACGTACACAATTCTCT,NMP,CLADE_2
ACGTACACACGTCATA,Primitive erythroid cells,CLADE_2
ACGTACAGTACAAGCG,Primitive erythroid cells,CLADE_10
ACGTACAGTATCTTCT,Allantois,CLADE_2
ACGTACAGTCGTTATG,NMP,CLADE_2
ACGTACAGTCTTTATC,Primitive erythroid cells,CLADE_2
ACGTACAGTTCTGAGT,Hindbrain,CLADE_2
ACGTACATCACCATGA,Amniotic ectoderm,CLADE_5
ACGTACATCCCTCGAT,NMP,CLADE_2
ACGTACATCCTAGAGT,Cranial neural crest,CLADE_2
ACGTACATCTCCCAAC,Lateral plate and intermediate mesoderm,CLADE_2
ACGTAGTCACCTCTGT,Primitive erythroid cells,CLADE_2
ACGTAGTCACGTCGGT,Gut endoderm,CLADE_2
ACGTAGTCACTGTCCT,Primitive erythroid cells,CLADE_11
ACGTAGTCAGAGGCAT,Forebrain/midbrain,CLADE_2
ACGTAGTGTTGGTGTT,Surface ectoderm,CLADE_2
ACGTAGTTCAAGCCTA,Surface ectoderm,CLADE_2
ACGTAGTTCCGCAGTG,Primitive erythroid cells,CLADE_2
ACGTAGTTCGTACCTC,Primitive erythroid cells,CLADE_2
ACGTCCTCATCCGTGG,Primitive erythroid cells,CLADE_3
ACGTCCTCATTGCCGG,Hematoendothelial progenitors,CLADE_2
ACGTCCTGTACGACAG,Hindbrain,CLADE_2
ACGTCCTGTCGAATGG,NMP,CLADE_2
ACGTCCTGTTTGCCGG,NMP,CLADE_3
ACGTCCTTCATAGACC,Lateral plate and intermediate mesoderm,CLADE_2
ACGTCCTTCATTGTTC,Primitive erythroid cells,CLADE_2
ACGTCCTTCTTTGGAG,Surface ectoderm,CLADE_2
ACGTTCCAGATCCCGC,Hindbrain,CLADE_3
ACGTTCCAGCGATGGT,Primitive erythroid cells,CLADE_2
ACGTTCCCAAGGCTTT,Primitive erythroid cells,CLADE_2
ACGTTCCGTCAGGTGA,Primitive erythroid cells,CLADE_4
ACGTTCCGTTCTCCAC,Lateral plate and intermediate mesoderm,CLADE_2
ACGTTCCTCGAAGTGG,Primitive erythroid cells,CLADE_2
ACTACGAAGAGTATAC,Forebrain/midbrain,CLADE_2
ACTACGAAGAGTTGAT,Cranial neural crest,CLADE_2
ACTACGAAGCCACTCG,Primitive erythroid cells,CLADE_2
ACTACGAAGGATTACA,Primitive erythroid cells,CLADE_2
ACTACGACAGGAAGTC,Surface ectoderm,CLADE_2
ACTACGACATGACGAG,Lateral plate and intermediate mesoderm,CLADE_2
ACTACGAGTCTCCTGT,Notochord,CLADE_2
ACTACGAGTCTTACTT,Primitive erythroid cells,CLADE_2
ACTACGAGTGATACTC,Endothelium,CLADE_5
ACTACGAGTTCTCACC,Lateral plate and intermediate mesoderm,CLADE_2
ACTACGAGTTCTCTAT,Allantois,CLADE_2
ACTACGATCATGTCAG,Amniotic ectoderm,CLADE_3
ACTACGATCATTTCGT,Lateral plate and intermediate mesoderm,CLADE_2
ACTACGATCCCAGGCA,Primitive erythroid cells,CLADE_2
ACTACGATCTCATAGG,Primitive erythroid cells,CLADE_4
ACTACGATCTCTAAGG,Surface ectoderm,CLADE_2
ACTACGATCTTGGAAC,Hindbrain,CLADE_1
ACTATCTAGCTTCGTA,Primitive erythroid cells,CLADE_2
ACTATCTAGGCACTCC,Primitive erythroid cells,CLADE_3
ACTATCTAGGCCTAGA,Forebrain/midbrain,CLADE_2
ACTATCTAGGGTTAAT,Primitive erythroid cells,CLADE_2
ACTATCTCAATTTCGG,Forebrain/midbrain,CLADE_1
ACTATCTCATATCTCT,Hematoendothelial progenitors,CLADE_3
ACTATCTCATTGGGAG,Hindbrain,CLADE_2
ACTATCTGTAATGCTC,Primitive erythroid cells,CLADE_4
ACTATCTGTAGGCTCC,Primitive erythroid cells,CLADE_4
ACTATCTGTCCATACA,Surface ectoderm,CLADE_2
ACTATCTGTCTTGCTC,First heart field,CLADE_2
ACTATCTGTTTGTTCT,Primitive erythroid cells,CLADE_2
ACTATCTTCCCTATTA,Hindbrain,CLADE_2
ACTATCTTCTTACGTT,Surface ectoderm,CLADE_1
ACTATGGAGGCATGGT,Placodal area,CLADE_4
ACTATGGAGTAACGAT,Primitive erythroid cells,CLADE_2
ACTATGGAGTGACACG,Primitive erythroid cells,CLADE_2
ACTATGGCAAGAGGCT,Primitive erythroid cells,CLADE_2
ACTATGGCAAGCGCAA,Surface ectoderm,CLADE_2
ACTATGGCAAGGTACG,Primitive erythroid cells,CLADE_4
ACTATGGCAAGTTTGC,Primitive erythroid cells,CLADE_6
ACTATGGCACGGTCTG,Primitive erythroid cells,CLADE_2
ACTATGGGTAGAGACC,Hindbrain,CLADE_5
ACTATGGGTGCCGAAA,Primitive erythroid cells,CLADE_2
ACTATGGGTTACGGAG,Primitive erythroid cells,CLADE_2
ACTATGGTCGCTAGCG,Primitive erythroid cells,CLADE_2
ACTATGGTCTCTCGCA,Hindbrain,CLADE_2
ACTATTCAGCTAGCCC,Primitive erythroid cells,CLADE_2
ACTATTCAGGAGTCTG,Surface ectoderm,CLADE_2
ACTATTCAGGTCCCGT,Primitive erythroid cells,CLADE_3
ACTATTCAGGTCGCCT,Endothelium,CLADE_2
ACTATTCCAAGACCTT,Amniotic ectoderm,CLADE_2
ACTATTCCACATGACT,Gut endoderm,CLADE_2
ACTATTCCAGCTTCCT,Lateral plate and intermediate mesoderm,CLADE_1
ACTATTCCATCTTAGG,Surface ectoderm,CLADE_1
ACTATTCGTCCTTTGC,Primitive erythroid cells,CLADE_2
ACTATTCTCAAACCTG,Primitive erythroid cells,CLADE_2
ACTATTCTCAGTGTCA,Gut endoderm,CLADE_2
ACTATTCTCGCAGATT,Primitive erythroid cells,CLADE_2
ACTCCCAAGGCTCACC,NMP,CLADE_3
ACTCCCAAGGCTTCCG,Lateral plate and intermediate mesoderm,CLADE_1
ACTCCCAAGTACGTCT,Primitive erythroid cells,CLADE_2
ACTCCCATCCGATAGT,Primitive erythroid cells,CLADE_2
ACTCCCATCCTCTAGC,Forebrain/midbrain,CLADE_2
ACTCCCATCGGTCTGG,NMP,CLADE_3
ACTCTCGAGACTCTAC,Primitive erythroid cells,CLADE_4
ACTCTCGAGCACGTCC,Lateral plate and intermediate mesoderm,CLADE_2
ACTCTCGAGGATGGCT,Endothelium,CLADE_2
ACTCTCGCAACCTAAC,Surface ectoderm,CLADE_2
ACTCTCGCAATTGGTC,Gut endoderm,CLADE_3
ACTCTCGCACAGTGTT,Paraxial mesoderm,CLADE_2
ACTCTCGCACTTCAAG,Primitive erythroid cells,CLADE_2
ACTCTCGCAGCGAACA,Primitive erythroid cells,CLADE_2
ACTCTCGCAGCTACCG,Gut endoderm,CLADE_2
ACTCTCGGTAACTAAG,Forebrain/midbrain,CLADE_2
ACTCTCGGTCACTCTC,Hematoendothelial progenitors,CLADE_2
ACTCTCGGTTAATCGC,Hindbrain,CLADE_5
ACTGATGAGTCCCGAC,NMP,CLADE_2
ACTGATGCAGACCAAG,Primitive erythroid cells,CLADE_2
ACTGATGGTCATAGTC,Primitive erythroid cells,CLADE_6
ACTGATGGTGACTGAG,Primitive erythroid cells,CLADE_2
ACTGATGGTGCGCTCA,Hindbrain,CLADE_2
ACTGATGGTGCTGCAC,Hematoendothelial progenitors,CLADE_4
ACTGATGGTGGCATCC,Paraxial mesoderm,CLADE_2
ACTGATGTCGTTCATT,Lateral plate and intermediate mesoderm,CLADE_2
ACTGATGTCTTACCGC,Allantois,CLADE_2
ACTGCAAAGTGGATTA,Primitive erythroid cells,CLADE_2
ACTGCAACAAGCTGTT,Hindbrain,CLADE_2
ACTGCAACACGAAAGC,Endothelium,CLADE_2
ACTGCAACAGAGCTAG,Spinal cord,CLADE_2
ACTGCAACAGGACGAT,Placodal area,CLADE_2
ACTGCAACAGGGACTA,Surface ectoderm,CLADE_2
ACTGCAAGTCCTGGTG,Primitive erythroid cells,CLADE_3
ACTGCAATCGACATAC,Forebrain/midbrain,CLADE_2
ACTGCAATCGTGGTAT,Surface ectoderm,CLADE_2
ACTGCAATCTGGTCAA,Primitive erythroid cells,CLADE_2
ACTGTCCAGAAGCTGC,Paraxial mesoderm,CLADE_4
ACTGTCCAGCGGGTAT,Amniotic ectoderm,CLADE_2
ACTGTCCCAAAGGCTG,Primitive erythroid cells,CLADE_2
ACTGTCCCAATACGCT,Primitive erythroid cells,CLADE_2
ACTGTCCCACACGCCA,Primitive erythroid cells,CLADE_2
ACTGTCCCAGGTCCCA,Paraxial mesoderm,CLADE_2
ACTGTCCCATAGCTGT,Forebrain/midbrain,CLADE_2
ACTGTCCGTCGAGTTT,Gut endoderm,CLADE_2
ACTGTCCTCACCCATC,Primitive erythroid cells,CLADE_2
ACTGTCCTCGGAAACG,Surface ectoderm,CLADE_2
ACTGTCCTCGTACCTC,Surface ectoderm,CLADE_2
ACTGTGACAGGCGAAT,Surface ectoderm,CLADE_2
ACTGTGACATCGATCA,Primitive erythroid cells,CLADE_3
ACTGTGAGTATGGAAT,Primitive erythroid cells,CLADE_2
ACTGTGAGTCTTGCTC,Primitive erythroid cells,CLADE_2
ACTGTGAGTGCCCTTT,Primitive erythroid cells,CLADE_2
ACTGTGAGTTTGTTCT,Spinal cord,CLADE_3
ACTGTGATCACATTGG,Forebrain/midbrain,CLADE_2
ACTTAGGAGTTTCGGT,Primitive erythroid cells,CLADE_2
ACTTAGGCACTCCTTG,Hindbrain,CLADE_2
ACTTAGGCACTTTAGG,Spinal cord,CLADE_2
ACTTAGGGTATGAGAT,Primitive erythroid cells,CLADE_2
ACTTAGGGTCGTTATG,Hindbrain,CLADE_3
ACTTAGGGTTGGGAAC,Surface ectoderm,CLADE_2
ACTTAGGGTTGGTACT,Forebrain/midbrain,CLADE_2
ACTTAGGGTTTGAACC,Primitive erythroid cells,CLADE_2
ACTTAGGTCTAAGGAA,Allantois,CLADE_2
ACTTAGGTCTACTGAG,Surface ectoderm,CLADE_2
ACTTAGGTCTATACGG,NMP,CLADE_2
ACTTATCAGACTTCGT,Allantois,CLADE_2
ACTTATCAGAGATTCA,Endothelium,CLADE_2
ACTTATCAGATAACGT,Primitive erythroid cells,CLADE_2
ACTTATCAGGGTACAC,Primitive erythroid cells,CLADE_2
ACTTATCAGTTCATCG,Primitive erythroid cells,CLADE_6
ACTTATCCATCCTAAG,NMP,CLADE_2
ACTTATCGTCACTACA,NMP,CLADE_3
ACTTATCGTCATCCCT,Surface ectoderm,CLADE_2
ACTTATCTCAGCTTGA,Surface ectoderm,CLADE_3
ACTTATCTCCGTATGA,Primitive erythroid cells,CLADE_2
ACTTATCTCGACTCCT,Lateral plate and intermediate mesoderm,CLADE_2
ACTTATCTCTAAGCGT,Primitive erythroid cells,CLADE_2
ACTTCCGAGGTAAGAG,Endothelium,CLADE_2
ACTTCCGCAGAGAATT,Gut endoderm,CLADE_2
ACTTCCGCAGGAATAT,Endothelium,CLADE_12
ACTTCCGCAGTTCTAG,Paraxial mesoderm,CLADE_2
ACTTCCGCATATCTCT,Paraxial mesoderm,CLADE_2
ACTTCCGCATCCGATA,Amniotic ectoderm,CLADE_2
ACTTCCGGTACCACGC,Primitive erythroid cells,CLADE_2
ACTTCCGGTTCAAGGG,Lateral plate and intermediate mesoderm,CLADE_13
ACTTCCGGTTCAGTAC,Allantois,CLADE_2
ACTTCCGTCAATCTCT,Forebrain/midbrain,CLADE_2
ACTTCCGTCGGTCTGG,Amniotic ectoderm,CLADE_2
ACTTCCGTCTCCGCAT,Hematoendothelial progenitors,CLADE_2
ACTTCCGTCTGTGTGA,Notochord,CLADE_3
ACTTCGCCAGCTTTCC,Primitive erythroid cells,CLADE_2
ACTTCGCGTGTTATCG,Forebrain/midbrain,CLADE_2
ACTTCGCGTGTTCGAT,Lateral plate and intermediate mesoderm,CLADE_3
ACTTCGCGTTGCTCCT,Lateral plate and intermediate mesoderm,CLADE_3
ACTTCGCGTTTGGGTT,Hindbrain,CLADE_2
ACTTTCAAGAGGTTAT,Lateral plate and intermediate mesoderm,CLADE_2
ACTTTCAAGTCAGAGC,Lateral plate and intermediate mesoderm,CLADE_2
ACTTTCACAACGATTC,Notochord,CLADE_2
ACTTTCACACAACGAG,Placodal area,CLADE_3
ACTTTCACAGTAACGG,Lateral plate and intermediate mesoderm,CLADE_2
ACTTTCAGTCAGCGTC,Primitive erythroid cells,CLADE_2
ACTTTCAGTTGCCTAA,Notochord,CLADE_2
ACTTTCATCAACACGT,Hindbrain,CLADE_2
ACTTTCATCCACGGGT,Surface ectoderm,CLADE_2
ACTTTCATCGTAGTCA,Primitive erythroid cells,CLADE_3
ACTTTCATCTATCGGA,Lateral plate and intermediate mesoderm,CLADE_2
ACTTTGTAGACCACGA,Primitive erythroid cells,CLADE_2
ACTTTGTAGAGGGTGG,Spinal cord,CLADE_2
ACTTTGTAGCGATGCA,Hindbrain,CLADE_2
ACTTTGTCAACAGAGC,Primitive erythroid cells,CLADE_2
ACTTTGTCACTAGGTT,Amniotic ectoderm,CLADE_2
ACTTTGTCAGGAAGTC,Forebrain/midbrain,CLADE_2
ACTTTGTCAGTTAAAG,Surface ectoderm,CLADE_3
ACTTTGTGTAGCCAGA,Primitive erythroid cells,CLADE_2
ACTTTGTGTTTACTTC,Forebrain/midbrain,CLADE_2
ACTTTGTTCGGTGTTA,Gut endoderm,CLADE_1
AGAAATGAGACCAAAT,Primitive erythroid cells,CLADE_4
AGAAATGAGCCAAGCA,Lateral plate and intermediate mesoderm,CLADE_2
AGAAATGAGGAAGTGA,Primitive erythroid cells,CLADE_4
AGAAATGAGGTTACCT,Allantois,CLADE_2
AGAAATGCATTCATCT,Forebrain/midbrain,CLADE_2
AGAAATGGTAATCAAG,Surface ectoderm,CLADE_5
AGAAATGTCTTGGGCG,Primitive erythroid cells,CLADE_2
AGAACAAAGGATTCCT,Surface ectoderm,CLADE_2
AGAACAAAGGCATCTT,Lateral plate and intermediate mesoderm,CLADE_5
AGAACAAAGGCGTTGA,Primitive erythroid cells,CLADE_3
AGAACAACAGGTGGAT,Gut endoderm,CLADE_2
AGAACAAGTACTCGTA,Lateral plate and intermediate mesoderm,CLADE_2
AGAACAAGTCGTTTCC,Primitive erythroid cells,CLADE_2
AGAACAATCACGACTA,Paraxial mesoderm,CLADE_2
AGAACAATCATGAAAG,NMP,CLADE_2
AGAACAATCGAATCCA,Lateral plate and intermediate mesoderm,CLADE_2
AGAACCTAGCGGCTCT,Gut endoderm,CLADE_2
AGAACCTAGGGTATAT,Surface ectoderm,CLADE_2
AGAACCTAGTGCTACT,Forebrain/midbrain,CLADE_4
AGAACCTCAGCACACC,Primitive erythroid cells,CLADE_2
AGAACCTCAGCTACAT,Primitive erythroid cells,CLADE_2
AGAACCTCATGGAAGC,NMP,CLADE_2
AGAACCTGTAAGATTG,Placodal area,CLADE_3
AGAACCTGTTCAGCTA,Endothelium,CLADE_2
AGAACCTTCGCGCCAA,NMP,CLADE_3
AGAACCTTCTATCGCC,Forebrain/midbrain,CLADE_1
AGAACCTTCTTTGCGC,Primitive erythroid cells,CLADE_2
AGAAGCGAGTCATGAA,Paraxial mesoderm,CLADE_2
AGAAGCGAGTCGCCAC,Forebrain/midbrain,CLADE_2
AGAAGCGCAACAACAA,Lateral plate and intermediate mesoderm,CLADE_2
AGAAGCGGTTGCCGCA,Surface ectoderm,CLADE_2
AGAAGCGTCGGCTGAC,Surface ectoderm,CLADE_2
AGAAGCGTCTTCGTGC,NMP,CLADE_3
AGAAGTAAGAGCCATG,Surface ectoderm,CLADE_2
AGAAGTAAGTAAGAGG,NMP,CLADE_3
AGAAGTAAGTAGGCCA,Surface ectoderm,CLADE_2
AGAAGTAAGTATAGAC,Paraxial mesoderm,CLADE_2
AGAAGTACAACGTAAA,Surface ectoderm,CLADE_2
AGAAGTACAAGCTACT,Primitive erythroid cells,CLADE_2
AGAAGTACAAGTCATC,Endothelium,CLADE_2
AGAAGTACAAGTGGCA,Primitive erythroid cells,CLADE_2
AGAAGTACACACCTAA,Lateral plate and intermediate mesoderm,CLADE_2
AGAAGTACACCAAAGG,Hindbrain,CLADE_2
AGAAGTACACCACTGG,Forebrain/midbrain,CLADE_2
AGAAGTACAGCTGTAT,Hindbrain,CLADE_2
AGAAGTACATTAGGAA,Endothelium,CLADE_2
AGAAGTAGTGACTAAA,Gut endoderm,CLADE_2
AGAAGTATCATTCTTG,Surface ectoderm,CLADE_2
AGAAGTATCCATAGGT,Placodal area,CLADE_2
AGAAGTATCTACGGTA,Primitive erythroid cells,CLADE_2
AGACAAAAGCAGTAAT,Cranial neural crest,CLADE_2
AGACAAAAGTTTCAGC,Lateral plate and intermediate mesoderm,CLADE_2
AGACAAACACTCCGAG,Forebrain/midbrain,CLADE_2
AGACAAACAGGCGTTC,Forebrain/midbrain,CLADE_2
AGACAAAGTAGAGATT,NMP,CLADE_14
AGACAAAGTCGCACGT,Primitive erythroid cells,CLADE_2
AGACAAAGTGTCCAAT,Gut endoderm,CLADE_2
AGACAAATCATCACCC,Primitive erythroid cells,CLADE_2
AGACAAATCGAGAACG,Endothelium,CLADE_4
AGACACTAGAAGAACG,Primitive erythroid cells,CLADE_2
AGACACTAGCATCAGG,Hindbrain,CLADE_2
AGACACTAGCCATTCA,Endothelium,CLADE_2
AGACACTAGGATATGT,Endothelium,CLADE_2
AGACACTGTCCAAATC,Surface ectoderm,CLADE_2
AGACACTGTTTACCTT,Primitive erythroid cells,CLADE_3
AGACACTTCAATCAGC,Amniotic ectoderm,CLADE_2
AGACACTTCGCGGTAC,Primitive erythroid cells,CLADE_2
AGACACTTCGTCTACC,Paraxial mesoderm,CLADE_2
AGACACTTCGTGGGAA,First heart field,CLADE_2
AGACACTTCTACTGCC,Hindbrain,CLADE_2
AGACAGGAGACTGTTC,Primitive erythroid cells,CLADE_4
AGACAGGAGCGTTCAT,Lateral plate and intermediate mesoderm,CLADE_2
AGACAGGAGTCTCCTC,Primitive erythroid cells,CLADE_2
AGACAGGCACATACTG,Hindbrain,CLADE_3
AGACAGGCAGATCATC,Paraxial mesoderm,CLADE_2
AGACAGGCATCGCTAA,Cranial neural crest,CLADE_2
AGACAGGGTCATAACC,Lateral plate and intermediate mesoderm,CLADE_2
AGACAGGGTCGCGTCA,Primitive erythroid cells,CLADE_3
AGACAGGGTGTTTCTT,Primitive erythroid cells,CLADE_2
AGACAGGTCACGAGGA,Primitive erythroid cells,CLADE_2
AGACAGGTCCCAAGCG,Endothelium,CLADE_2
AGACAGGTCGGTCTGG,Lateral plate and intermediate mesoderm,CLADE_3
AGACAGGTCTTACCGC,Primitive erythroid cells,CLADE_2
AGACCATAGCCACAAG,Primitive erythroid cells,CLADE_2
AGACCATAGCCATTGT,Primitive erythroid cells,CLADE_3
AGACCATAGTCTAACC,Paraxial mesoderm,CLADE_3
AGACCATCAAGTTCGT,Surface ectoderm,CLADE_2
AGACCATCACAACGTT,Forebrain/midbrain,CLADE_2
AGACCATGTAGCTGAG,Placodal area,CLADE_2
AGACCATGTCCAGCCA,Paraxial mesoderm,CLADE_2
AGACCATGTGTACATC,Primitive erythroid cells,CLADE_2
AGACCATGTTAGAGAT,Amniotic ectoderm,CLADE_1
AGACCATGTTCCTTGC,Gut endoderm,CLADE_2
AGACCATTCCGGACTG,Primitive erythroid cells,CLADE_2
AGACCATTCTGTTGGA,Primitive erythroid cells,CLADE_2
AGACCCGAGGGTGAGG,Lateral plate and intermediate mesoderm,CLADE_15
AGACCCGAGTTCTCTT,Hindbrain,CLADE_2
AGACCCGCAAGATTGA,Lateral plate and intermediate mesoderm,CLADE_2
AGACCCGCATCCCACT,Lateral plate and intermediate mesoderm,CLADE_2
AGACCCGTCCGACATA,NMP,CLADE_2
AGACCCGTCTATACGG,Primitive erythroid cells,CLADE_2
AGACCCGTCTCGACGG,Endothelium,CLADE_2
AGACTCAAGGCCTTCG,Primitive erythroid cells,CLADE_2
AGACTCAAGGTTCCAT,Primitive erythroid cells,CLADE_2
AGACTCAAGTATGGAT,Forebrain/midbrain,CLADE_2
AGACTCACAAGCCCAC,Hindbrain,CLADE_5
AGACTCACAGACGATG,Primitive erythroid cells,CLADE_2
AGACTCACAGTAGGAC,Primitive erythroid cells,CLADE_2
AGACTCAGTAGCGTAG,Lateral plate and intermediate mesoderm,CLADE_2
AGACTCAGTGAGAACC,Primitive erythroid cells,CLADE_2
AGACTCAGTTAGAGAT,NMP,CLADE_2
AGACTCATCCATTCGC,Primitive erythroid cells,CLADE_2
AGAGAATAGATACGAT,Forebrain/midbrain,CLADE_2
AGAGAATAGGTCCCTG,Lateral plate and intermediate mesoderm,CLADE_3
AGAGAATCACGCGCTA,Primitive erythroid cells,CLADE_2
AGAGAATCACGGTGCT,Lateral plate and intermediate mesoderm,CLADE_2
AGAGAATCATGTGACT,Hindbrain,CLADE_2
AGAGAATGTAGCTTGT,Primitive erythroid cells,CLADE_4
AGAGAATGTCTACGAT,NMP,CLADE_1
AGAGAATGTGATATAG,Hindbrain,CLADE_2
AGAGAATGTTGCCTAA,Hindbrain,CLADE_2
AGAGAATGTTTCGTGA,Amniotic ectoderm,CLADE_2
AGAGAATTCAAGGCTT,Primitive erythroid cells,CLADE_2
AGAGAATTCCTTCTGG,NMP,CLADE_2
AGAGAATTCCTTGACC,Forebrain/midbrain,CLADE_2
AGAGAGCAGACTTCCA,Forebrain/midbrain,CLADE_2
AGAGAGCAGATCGGTG,Primitive erythroid cells,CLADE_2
AGAGAGCAGCAGGTCA,Paraxial mesoderm,CLADE_2
AGAGAGCAGTTCTCTT,Primitive erythroid cells,CLADE_2
AGAGAGCCAAAGGATT,Placodal area,CLADE_2
AGAGAGCCACAACGTT,Primitive erythroid cells,CLADE_2
AGAGAGCCACGCTGTG,Primitive erythroid cells,CLADE_2
AGAGAGCCACTTGACA,Primitive erythroid cells,CLADE_2
AGAGAGCGTCCCTAAA,Primitive erythroid cells,CLADE_2
AGAGAGCTCCAGTGCG,Forebrain/midbrain,CLADE_4
AGAGAGCTCTACGCAA,Gut endoderm,CLADE_1
AGAGAGCTCTACTGCC,Primitive erythroid cells,CLADE_2
AGAGAGCTCTTCTGTA,Primitive erythroid cells,CLADE_2
AGAGCAGAGAAACTCA,Primitive erythroid cells,CLADE_2
AGAGCAGAGAAGCCAC,Primitive erythroid cells,CLADE_2
AGAGCAGAGAGGTCAC,Primitive erythroid cells,CLADE_6
AGAGCAGAGATGTTAG,Primitive erythroid cells,CLADE_2
AGAGCAGAGGTTTGAA,Lateral plate and intermediate mesoderm,CLADE_2
AGAGCAGAGTCTCCTC,Primitive erythroid cells,CLADE_2
AGAGCAGCAAGGCTTT,Endothelium,CLADE_5
AGAGCAGCACGGTGCT,Primitive erythroid cells,CLADE_4
AGAGCAGGTGACCTGC,Hindbrain,CLADE_2
AGAGCAGTCCCTCTTT,Paraxial mesoderm,CLADE_2
AGAGCAGTCCGAGGCT,Hindbrain,CLADE_2
AGAGCAGTCGAGAGCA,Primitive erythroid cells,CLADE_2
AGAGCCCAGCTCATAC,Hindbrain,CLADE_2
AGAGCCCAGGCCCAAA,Second heart field,CLADE_2
AGAGCCCAGGCTAGCA,First heart field,CLADE_2
AGAGCCCAGTAGTCTC,Amniotic ectoderm,CLADE_3
AGAGCCCAGTCACACT,Primitive erythroid cells,CLADE_2
AGAGCCCAGTCTAGCT,Primitive erythroid cells,CLADE_2
AGAGCCCCAAAGGAGA,Primitive erythroid cells,CLADE_3
AGAGCCCCAAAGTATG,Amniotic ectoderm,CLADE_16
AGAGCCCGTAAGTCAA,Hindbrain,CLADE_2
AGAGCCCGTAATTAGG,Surface ectoderm,CLADE_2
AGAGCCCGTAGCTCGC,Forebrain/midbrain,CLADE_2
AGAGCCCGTCAACATC,Primitive erythroid cells,CLADE_2
AGAGCCCGTCGATTTG,Hindbrain,CLADE_2
AGAGCCCGTCGGATTT,Primitive erythroid cells,CLADE_4
AGAGCCCGTGTCATCA,Primitive erythroid cells,CLADE_4
AGAGCCCTCCTAGCCT,Primitive erythroid cells,CLADE_3
AGATAGAAGCCGTAAG,Primitive erythroid cells,CLADE_2
AGATAGAAGCGATGCA,Placodal area,CLADE_2
AGATAGAAGTGCCAGA,Allantois,CLADE_2
AGATAGACAGCAGTAG,Lateral plate and intermediate mesoderm,CLADE_2
AGATAGAGTAGCTAAA,Primitive erythroid cells,CLADE_2
AGATAGAGTCAAGCCC,Lateral plate and intermediate mesoderm,CLADE_2
AGATAGAGTCGACGCT,Forebrain/midbrain,CLADE_2
AGATAGAGTGTTATCG,Primitive erythroid cells,CLADE_4
AGATAGAGTGTTCATG,Primitive erythroid cells,CLADE_4
AGATAGAGTTGATCGT,Lateral plate and intermediate mesoderm,CLADE_2
AGATAGATCACAAGGG,Forebrain/midbrain,CLADE_2
AGATAGATCTCTAGGA,Paraxial mesoderm,CLADE_2
AGATCCAAGATGTAGT,Primitive erythroid cells,CLADE_2
AGATCCAAGTCACTCA,Primitive erythroid cells,CLADE_2
AGATCCACAGGACATG,Hindbrain,CLADE_2
AGATCCAGTGTATTCG,Hematoendothelial progenitors,CLADE_2
AGATCCATCACGGGAA,Primitive erythroid cells,CLADE_2
AGATCCATCCGGACTG,NMP,CLADE_2
AGATCCATCTCAACGA,Primitive erythroid cells,CLADE_2
AGATCGTAGAACAAGG,NMP,CLADE_3
AGATCGTAGAATCTAG,NMP,CLADE_2
AGATCGTAGCCTAACT,Primitive erythroid cells,CLADE_2
AGATCGTAGGCAATGC,NMP,CLADE_2
AGATCGTAGTGGTTCT,Second heart field,CLADE_2
AGATCGTCAAAGCTAA,Gut endoderm,CLADE_2
AGATCGTCACTGGACC,Primitive erythroid cells,CLADE_2
AGATCGTCATGGCGCT,Primitive erythroid cells,CLADE_2
AGATCGTTCCTACTGC,First heart field,CLADE_2
AGATGAAAGAAAGCGA,Hindbrain,CLADE_3
AGATGAAAGCGTTACT,Primitive erythroid cells,CLADE_2
AGATGAAAGGGCTGAT,Cranial neural crest,CLADE_2
AGATGAAAGTGGCGAT,First heart field,CLADE_2
AGATGAACAAAGCTAA,Gut endoderm,CLADE_2
AGATGAACAGCGTGCT,Paraxial mesoderm,CLADE_3
AGATGAACATTACGGT,Paraxial mesoderm,CLADE_2
AGATGAATCATTACTC,Primitive erythroid cells,CLADE_2
AGATGCTAGCTTGTGT,Cranial neural crest,CLADE_2
AGATGCTAGGACGCAT,Lateral plate and intermediate mesoderm,CLADE_2
AGATGCTCACACGCCA,Primitive erythroid cells,CLADE_6
AGATGCTCACAGTCAT,Primitive erythroid cells,CLADE_2
AGATGCTCAGAACGCA,Gut endoderm,CLADE_6
AGATGCTCAGTCGGAA,Amniotic ectoderm,CLADE_2
AGATGCTGTCTCCCTA,Gut endoderm,CLADE_2
AGATGCTGTGTAGTGG,Lateral plate and intermediate mesoderm,CLADE_2
AGATGCTGTTCAAGGG,Hindbrain,CLADE_2
AGATGCTTCCTACCAC,Endothelium,CLADE_2
AGATGCTTCGTGTTCC,NMP,CLADE_2
AGATGCTTCTAGTGTG,Lateral plate and intermediate mesoderm,CLADE_2
AGCATCAAGAATTCAG,Surface ectoderm,CLADE_2
AGCATCAAGAGCCGAT,Primitive erythroid cells,CLADE_2
AGCATCAAGGCCTTGC,Hindbrain,CLADE_2
AGCATCACAAAGGCAC,Spinal cord,CLADE_2
AGCATCACAAGTACCT,Primitive erythroid cells,CLADE_2
AGCATCACACAATCTG,First heart field,CLADE_1
AGCATCACAGTCGGAA,Hindbrain,CLADE_2
AGCATCAGTAACGCGA,Hindbrain,CLADE_2
AGCATCAGTAGTGCGA,Primitive erythroid cells,CLADE_2
AGCATCAGTCGCATGC,Primitive erythroid cells,CLADE_2
AGCATCAGTGATGGCA,Hindbrain,CLADE_1
AGCATCAGTGCAGTGA,Hindbrain,CLADE_2
AGCATCAGTGGCTTGC,Forebrain/midbrain,CLADE_4
AGCCAATAGAAGCTGC,Primitive erythroid cells,CLADE_17
AGCCAATAGACTTAAG,Lateral plate and intermediate mesoderm,CLADE_2
AGCCAATAGAGGCGGA,Forebrain/midbrain,CLADE_2
AGCCAATAGCTGCCAC,Primitive erythroid cells,CLADE_2
AGCCAATAGGGTTAAT,NMP,CLADE_2
AGCCAATAGGTATAGT,Allantois,CLADE_2
AGCCAATAGTTTGGCT,Paraxial mesoderm,CLADE_2
AGCCAATCAACGTTAC,Hematoendothelial progenitors,CLADE_2
AGCCAATCAACTGATC,Primitive erythroid cells,CLADE_2
AGCCAATCACGACAAG,Lateral plate and intermediate mesoderm,CLADE_1
AGCCAATCACGCTATA,Primitive erythroid cells,CLADE_2
AGCCAATCAGTGGCTC,Surface ectoderm,CLADE_2
AGCCAATGTCGCACGT,Notochord,CLADE_3
AGCCAATGTTCGCGTG,Lateral plate and intermediate mesoderm,CLADE_2
AGCCAATGTTGGGAAC,Gut endoderm,CLADE_2
AGCCAATTCATGACAC,Amniotic ectoderm,CLADE_3
AGCCAATTCGAAGGAC,Lateral plate and intermediate mesoderm,CLADE_2
AGCCAATTCGAATGCT,Primitive erythroid cells,CLADE_2
AGCCAATTCTCAATCT,Primitive erythroid cells,CLADE_2
AGCCACGAGGAACTCG,NMP,CLADE_2
AGCCACGAGTGTAGAT,Gut endoderm,CLADE_2
AGCCACGAGTTGTCAC,Primitive erythroid cells,CLADE_2
AGCCACGCAAATGCGG,Primitive erythroid cells,CLADE_2
AGCCACGCAATTCGTG,Primitive erythroid cells,CLADE_2
AGCCACGCAGGATCTT,NMP,CLADE_2
AGCCACGCATAGTCGT,Forebrain/midbrain,CLADE_2
AGCCACGCATGCCATA,Hindbrain,CLADE_2
AGCCACGCATGGAAGC,Surface ectoderm,CLADE_2
AGCCACGGTAACATAG,Gut endoderm,CLADE_1
AGCCACGTCTCTTCAA,Primitive erythroid cells,CLADE_4
AGCCACGTCTGCTCTG,Surface ectoderm,CLADE_2
AGCCAGCAGATGACCG,Hindbrain,CLADE_3
AGCCAGCCACCAACAT,Primitive erythroid cells,CLADE_5
AGCCAGCCACGCGTCA,Primitive erythroid cells,CLADE_1
AGCCAGCCACGGATCC,Forebrain/midbrain,CLADE_2
AGCCAGCCAGATACCT,Lateral plate and intermediate mesoderm,CLADE_2
AGCCAGCCAGCAGTAG,Surface ectoderm,CLADE_2
AGCCAGCGTATCATGC,Surface ectoderm,CLADE_2
AGCCAGCGTGCGTCGT,NMP,CLADE_3
AGCCAGCTCTAGACAC,First heart field,CLADE_3
AGCCAGCTCTCGACGG,Primitive erythroid cells,CLADE_2
AGCGATTAGCATTTCG,Gut endoderm,CLADE_2
AGCGATTAGCTGAAAT,Hematoendothelial progenitors,CLADE_2
AGCGATTAGCTTTGTG,Forebrain/midbrain,CLADE_2
AGCGATTCAAATCGTC,Primitive erythroid cells,CLADE_2
AGCGATTCACAAGCTT,Primitive erythroid cells,CLADE_2
AGCGATTCACGAGGTA,Allantois,CLADE_1
AGCGATTGTTACGTAC,Hindbrain,CLADE_5
AGCGATTGTTTGGGTT,Primitive erythroid cells,CLADE_2
AGCGATTTCCTAGAGT,Primitive erythroid cells,CLADE_2
AGCGATTTCGAGCTGC,Surface ectoderm,CLADE_2
AGCGCCAAGCCGTCGT,Forebrain/midbrain,CLADE_2
AGCGCCAAGGCACCAA,Allantois,CLADE_2
AGCGCCAAGTACAACA,Forebrain/midbrain,CLADE_2
AGCGCCAAGTCATAGA,Primitive erythroid cells,CLADE_2
AGCGCCACAAAGGATT,Gut endoderm,CLADE_1
AGCGCCACAACATCGT,Surface ectoderm,CLADE_2
AGCGCCACACAGTACT,Primitive erythroid cells,CLADE_2
AGCGCCACAGCGTGCT,Primitive erythroid cells,CLADE_3
AGCGCCACATATACCG,Forebrain/midbrain,CLADE_2
AGCGCCACATGGAATA,Endothelium,CLADE_2
AGCGCCAGTAAGCTCT,Forebrain/midbrain,CLADE_2
AGCGCCATCAGCCTCT,Lateral plate and intermediate mesoderm,CLADE_2
AGCGCCATCAGCTGTA,Primitive erythroid cells,CLADE_2
AGCGCCATCCCGAGAC,Primitive erythroid cells,CLADE_2
AGCGCCATCTAGTGAC,NMP,CLADE_1
AGCGCTGAGCCTCTCT,Endothelium,CLADE_2
AGCGCTGAGTCACGAG,Surface ectoderm,CLADE_2
AGCGCTGAGTCTGCAT,Paraxial mesoderm,CLADE_2
AGCGCTGCAACAGATA,Gut endoderm,CLADE_1
AGCGCTGCAGGTGGAT,Amniotic ectoderm,CLADE_2
AGCGCTGCAGTAGAAT,Hindbrain,CLADE_3
AGCGCTGCATTACTCT,Lateral plate and intermediate mesoderm,CLADE_2
AGCGCTGGTCGAAACG,Primitive erythroid cells,CLADE_2
AGCGCTGGTGATCGTT,Forebrain/midbrain,CLADE_2
AGCGCTGGTGTTATCG,Primitive erythroid cells,CLADE_2
AGCGCTGTCAAGCGTT,Surface ectoderm,CLADE_2
AGCGCTGTCGTGTCAA,Spinal cord,CLADE_2
AGCGCTGTCTTCGACC,Surface ectoderm,CLADE_2
AGCGTATAGAGTTGAT,Primitive erythroid cells,CLADE_2
AGCGTATAGATTGAGT,Primitive erythroid cells,CLADE_2
AGCGTATAGGTTACAA,Primitive erythroid cells,CLADE_2
AGCGTATCACACGTGC,Primitive erythroid cells,CLADE_2
AGCGTATCACGGCGTT,Primitive erythroid cells,CLADE_3
AGCGTATCAGGTAGTG,Primitive erythroid cells,CLADE_2
AGCGTATCAGTGCGCT,Forebrain/midbrain,CLADE_2
AGCGTATCATTAGGCT,Surface ectoderm,CLADE_2
AGCGTATGTGACAGCA,Primitive erythroid cells,CLADE_4
AGCGTATTCCCTAGGG,Primitive erythroid cells,CLADE_2
AGCGTATTCGCATTAG,Primitive erythroid cells,CLADE_2
AGCGTATTCTAGTACG,NMP,CLADE_3
AGCGTCGAGACCGTTT,Placodal area,CLADE_2
AGCGTCGAGCACTCGC,NMP,CLADE_2
AGCGTCGAGCGAGAAA,Spinal cord,CLADE_3
AGCGTCGCACCCAATA,Hematoendothelial progenitors,CLADE_2
AGCGTCGCATCATTTC,Cranial neural crest,CLADE_2
AGCGTCGGTGACAGGT,Hindbrain,CLADE_5
AGCGTCGGTTTGCCGG,Primitive erythroid cells,CLADE_2
AGCGTCGTCCCTCGAT,Lateral plate and intermediate mesoderm,CLADE_2
AGCGTCGTCTATTTCG,Primitive erythroid cells,CLADE_2
AGCTACAAGTTACGGG,Hindbrain,CLADE_2
AGCTACACAACCACAT,Surface ectoderm,CLADE_2
AGCTACACAACCGGAA,Hindbrain,CLADE_2
AGCTACACAAGAGCTG,Primitive erythroid cells,CLADE_2
AGCTACACAAGGCTTT,Primitive erythroid cells,CLADE_3
AGCTACACAAGTACCT,Forebrain/midbrain,CLADE_2
AGCTACACACAAGCTT,Hindbrain,CLADE_2
AGCTACACAGACCTGC,Forebrain/midbrain,CLADE_3
AGCTACACAGGACGAT,Primitive erythroid cells,CLADE_4
AGCTACACATAACAGA,Lateral plate and intermediate mesoderm,CLADE_2
AGCTACAGTAAGTTAG,Primitive erythroid cells,CLADE_3
AGCTACAGTAGCGTCC,Amniotic ectoderm,CLADE_2
AGCTACAGTGGCATCC,Primitive erythroid cells,CLADE_1
AGCTACATCCCAGTGG,Primitive erythroid cells,CLADE_2
AGCTACATCCGTATGA,Surface ectoderm,CLADE_2
AGCTACATCCTATGGA,Gut endoderm,CLADE_18
AGCTACATCGAAGAAT,Hematoendothelial progenitors,CLADE_2
AGCTCAAAGACCTCCG,Primitive erythroid cells,CLADE_2
AGCTCAAAGACGGTTG,Hindbrain,CLADE_2
AGCTCAAAGTGTTGTC,Lateral plate and intermediate mesoderm,CLADE_2
AGCTCAACAACTTCTT,Hematoendothelial progenitors,CLADE_2
AGCTCAACACGTAGAG,Endothelium,CLADE_3
AGCTCAAGTCCAAGAG,Primitive erythroid cells,CLADE_4
AGCTCAAGTCGGTGTC,Hindbrain,CLADE_1
AGCTCAATCACTGGGC,Primitive erythroid cells,CLADE_19
AGCTCAATCACTTATC,Paraxial mesoderm,CLADE_3
AGCTTCCAGCGTTGTT,Hindbrain,CLADE_4
AGCTTCCAGTTAGTGA,Primitive erythroid cells,CLADE_2
AGCTTCCCATGTACGT,Second heart field,CLADE_3
AGCTTCCGTACCTAGT,Surface ectoderm,CLADE_2
AGCTTCCGTTACTCAG,Endothelium,CLADE_1
AGGAAATAGTCGCCCA,NMP,CLADE_2
AGGAAATAGTGATCGG,Second heart field,CLADE_2
AGGAAATCAGAGAAAG,Primitive erythroid cells,CLADE_2
AGGAAATGTAGAAACT,Forebrain/midbrain,CLADE_5
AGGAAATGTCATACCA,Paraxial mesoderm,CLADE_2
AGGAAATGTGACCGAA,Hindbrain,CLADE_2
AGGAAATGTTACACAC,Primitive erythroid cells,CLADE_4
AGGAAATGTTGTGCAT,Surface ectoderm,CLADE_2
AGGAAATTCCCGAGTG,Hematoendothelial progenitors,CLADE_2
AGGAAATTCTGCCTCA,Hindbrain,CLADE_2
AGGAATAAGGAAGTAG,Primitive erythroid cells,CLADE_2
AGGAATAAGTAGTCCT,Lateral plate and intermediate mesoderm,CLADE_2
AGGAATAAGTCGCCAC,Primitive erythroid cells,CLADE_2
AGGAATAAGTCTTCCC,Hindbrain,CLADE_2
AGGAATACAACCGATT,Paraxial mesoderm,CLADE_2
AGGAATACAAGTATAG,Spinal cord,CLADE_2
AGGAATACACCTCGTT,Primitive erythroid cells,CLADE_2
AGGAATACACTAAACC,Placodal area,CLADE_3
AGGAATAGTAAGAACT,Forebrain/midbrain,CLADE_2
AGGAATAGTACAAAGT,Lateral plate and intermediate mesoderm,CLADE_2
AGGAATAGTCCAGGTC,Paraxial mesoderm,CLADE_2
AGGAATAGTGCATTTG,Forebrain/midbrain,CLADE_2
AGGAATATCATCTCTA,Primitive erythroid cells,CLADE_2
AGGAATATCCAAGCTA,Forebrain/midbrain,CLADE_2
AGGAATATCGAGTGGA,Paraxial mesoderm,CLADE_1
AGGAATATCGGCTATA,Paraxial mesoderm,CLADE_6
AGGACGAAGAAGTCTA,Primitive erythroid cells,CLADE_2
AGGACGAAGATTAGAC,Second heart field,CLADE_2
AGGACGAAGTTGCCCG,Paraxial mesoderm,CLADE_2
AGGACGACAAGACTGG,Primitive erythroid cells,CLADE_2
AGGACGACACGGTCTG,Surface ectoderm,CLADE_5
AGGACGACACGTACAT,Surface ectoderm,CLADE_2
AGGACGACATAGATGA,Gut endoderm,CLADE_1
AGGACGAGTACGAAAT,Allantois,CLADE_2
AGGACGAGTCGTTGCG,Gut endoderm,CLADE_2
AGGACGAGTGGTCTCG,Forebrain/midbrain,CLADE_2
AGGACGATCATGCTAG,Primitive erythroid cells,CLADE_2
AGGACGATCGTGGCGT,Lateral plate and intermediate mesoderm,CLADE_2
AGGACGATCTGGACCG,Paraxial mesoderm,CLADE_5
AGGACTTAGAAGCGAA,Primitive erythroid cells,CLADE_2
AGGACTTAGAGCACTG,Forebrain/midbrain,CLADE_2
AGGACTTAGGTCACAG,Allantois,CLADE_2
AGGACTTAGTGGAATT,Forebrain/midbrain,CLADE_2
AGGACTTCAACAACAA,Hindbrain,CLADE_2
AGGACTTCAAGCTCTA,Surface ectoderm,CLADE_2
AGGACTTCAAGTGATA,Surface ectoderm,CLADE_2
AGGACTTCACGTCGGT,Amniotic ectoderm,CLADE_2
AGGACTTCAGAGGTAC,Primitive erythroid cells,CLADE_2
AGGACTTCAGTTAGAA,Primitive erythroid cells,CLADE_2
AGGACTTGTAACACGG,Primitive erythroid cells,CLADE_2
AGGACTTGTATCACGT,Primitive erythroid cells,CLADE_3
AGGACTTGTGAGTGAC,Lateral plate and intermediate mesoderm,CLADE_2
AGGACTTTCCAAGCTA,Hindbrain,CLADE_3
AGGAGGTAGACCTCAT,Primitive erythroid cells,CLADE_2
AGGAGGTAGGTCGTCC,Lateral plate and intermediate mesoderm,CLADE_2
AGGAGGTAGGTGCGAT,Lateral plate and intermediate mesoderm,CLADE_2
AGGAGGTAGTTGCCTA,Amniotic ectoderm,CLADE_2
AGGAGGTCAAACGTGG,Primitive erythroid cells,CLADE_3
AGGAGGTCACGTCTCT,Lateral plate and intermediate mesoderm,CLADE_2
AGGAGGTCAGTATGAA,Surface ectoderm,CLADE_2
AGGAGGTCATTCAGGT,Hematoendothelial progenitors,CLADE_2
AGGAGGTGTAGCACAG,NMP,CLADE_2
AGGAGGTGTAGCGTTT,Hindbrain,CLADE_2
AGGAGGTGTTTGATCG,Forebrain/midbrain,CLADE_2
AGGAGGTTCAGGAGAC,Cranial neural crest,CLADE_1
AGGAGGTTCGTTCGCT,Primitive erythroid cells,CLADE_2
AGGATAAAGAAGTCCG,Amniotic ectoderm,CLADE_2
AGGATAAAGGGCGAAG,Primitive erythroid cells,CLADE_2
AGGATAAAGTCCGCCA,Forebrain/midbrain,CLADE_2
AGGATAAAGTGTTGAA,Hindbrain,CLADE_2
AGGATAACAAGGACAC,Gut endoderm,CLADE_2
AGGATAACAAGTTCCA,Amniotic ectoderm,CLADE_3
AGGATAACATCGAACT,NMP,CLADE_2
AGGATAAGTACTGCGC,Hindbrain,CLADE_2
AGGATAAGTCCGATCG,Hindbrain,CLADE_2
AGGATAAGTGTACATC,Amniotic ectoderm,CLADE_5
AGGATAAGTTGCACGC,Primitive erythroid cells,CLADE_2
AGGATAATCAGTCTTT,Primitive erythroid cells,CLADE_4
AGGATAATCCATTTAC,Placodal area,CLADE_2
AGGATCTAGGTAAAGG,Lateral plate and intermediate mesoderm,CLADE_2
AGGATCTAGGTCGTGA,Amniotic ectoderm,CLADE_2
AGGATCTCAATGAAAC,Primitive erythroid cells,CLADE_2
AGGATCTCACCTAAAC,Paraxial mesoderm,CLADE_3
AGGATCTCAGAGGTTG,Primitive erythroid cells,CLADE_2
AGGATCTCAGCTACAT,Primitive erythroid cells,CLADE_2
AGGATCTCATTGCCGG,Forebrain/midbrain,CLADE_2
AGGATCTGTATCAGCT,Cranial neural crest,CLADE_2
AGGATCTGTCACTTAG,Cranial neural crest,CLADE_2
AGGATCTGTCTTGCGG,Primitive erythroid cells,CLADE_2
AGGATCTTCATCCTAT,Endothelium,CLADE_2
AGGATCTTCGGCCCAA,Hindbrain,CLADE_3
AGGCATTAGATGACAT,Primitive erythroid cells,CLADE_2
AGGCATTCAAAGGTTA,Forebrain/midbrain,CLADE_2
AGGCATTCAGGACTTT,Hindbrain,CLADE_2
AGGCATTCAGTCAACT,Cranial neural crest,CLADE_2
AGGCATTCATCCAACA,Amniotic ectoderm,CLADE_2
AGGCATTCATGGTACT,Surface ectoderm,CLADE_20
AGGCATTGTAACCCTA,Endothelium,CLADE_2
AGGCATTGTATGGGAC,Lateral plate and intermediate mesoderm,CLADE_2
AGGCATTGTGCAGATG,Endothelium,CLADE_2
AGGCATTGTTTCGTTT,Primitive erythroid cells,CLADE_2
AGGCATTTCACATTGG,Amniotic ectoderm,CLADE_2
AGGCATTTCCTCGATC,Second heart field,CLADE_1
AGGCATTTCGGAGATG,Hematoendothelial progenitors,CLADE_2
AGGCCACAGAAAGCGA,Surface ectoderm,CLADE_21
AGGCCACAGGAAAGAC,Forebrain/midbrain,CLADE_2
AGGCCACAGGTCGAGT,Primitive erythroid cells,CLADE_2
AGGCCACCATGAAAGT,First heart field,CLADE_2
AGGCCACGTATGACAA,Forebrain/midbrain,CLADE_4
AGGCCACGTATTTCCT,Primitive erythroid cells,CLADE_2
AGGCCACGTGCCTGCA,Allantois,CLADE_2
AGGCCACTCCATCAGA,Second heart field,CLADE_5
AGGCCACTCGAGAGCA,NMP,CLADE_2
AGGCCACTCTTAGTTC,Primitive erythroid cells,CLADE_1
AGGCTGCAGAGCAGAA,Forebrain/midbrain,CLADE_2
AGGCTGCAGCGAGTAC,Gut endoderm,CLADE_2
AGGCTGCAGGAGATAG,Endothelium,CLADE_2
AGGCTGCAGGTGCTAG,Forebrain/midbrain,CLADE_2
AGGCTGCAGTCATCCA,Lateral plate and intermediate mesoderm,CLADE_1
AGGCTGCCAAGACTGG,Lateral plate and intermediate mesoderm,CLADE_1
AGGCTGCCAGGAGGTT,Gut endoderm,CLADE_2
AGGCTGCCAGTCGAGA,Endothelium,CLADE_2
AGGCTGCCATGACCCG,NMP,CLADE_3
AGGCTGCGTCAATGGG,NMP,CLADE_5
AGGCTGCGTCTACAAC,Hindbrain,CLADE_2
AGGCTGCTCTGTAACG,Primitive erythroid cells,CLADE_2
AGGGAGTAGGAAAGGT,Primitive erythroid cells,CLADE_2
AGGGAGTAGGATGCGT,Primitive erythroid cells,CLADE_4
AGGGAGTCAGCATCTA,Paraxial mesoderm,CLADE_5
AGGGAGTGTCATCCCT,Hindbrain,CLADE_6
AGGGAGTGTTTGCCGG,Primitive erythroid cells,CLADE_2
AGGGAGTTCATTCGTT,Paraxial mesoderm,CLADE_2
AGGGCCTAGAATCGAT,Endothelium,CLADE_2
AGGGCCTAGCATGATA,NMP,CLADE_2
AGGGCCTAGTCACTAC,Gut endoderm,CLADE_2
AGGGCCTCAACACAGG,Primitive erythroid cells,CLADE_1
AGGGCCTCAGAGTCTT,Surface ectoderm,CLADE_2
AGGGCCTCAGGCGTTC,Primitive erythroid cells,CLADE_2
AGGGCCTCATCCTGTC,Primitive erythroid cells,CLADE_2
AGGGCCTGTACGAGCA,Lateral plate and intermediate mesoderm,CLADE_2
AGGGCCTGTGCTCTCT,Forebrain/midbrain,CLADE_2
AGGGCCTGTTGTACGT,Endothelium,CLADE_2
AGGGCCTTCATTCGGA,Primitive erythroid cells,CLADE_2
AGGGCCTTCGAAGCAG,Primitive erythroid cells,CLADE_2
AGGGCCTTCGTGGGAA,Endothelium,CLADE_2
AGGGCCTTCTAGGAAA,Cranial neural crest,CLADE_2
AGGGCTCAGGCTCTAT,Surface ectoderm,CLADE_2
AGGGCTCCAGCGTGCT,Forebrain/midbrain,CLADE_2
AGGGCTCGTGGACTAG,Hindbrain,CLADE_6
AGGGCTCTCGCTAATG,Hematoendothelial progenitors,CLADE_2
AGGGCTCTCTTCGGAA,Surface ectoderm,CLADE_2
AGGGTCCCAGAACTTC,Surface ectoderm,CLADE_1
AGGGTCCCAGCAGGAT,Primitive erythroid cells,CLADE_2
AGGGTCCGTCCTCAGG,Amniotic ectoderm,CLADE_2
AGGGTCCGTGGCGTAA,Paraxial mesoderm,CLADE_2
AGGGTCCTCGATTTCT,Cranial neural crest,CLADE_6
AGGGTCCTCGTCAGAT,Cranial neural crest,CLADE_2
AGGGTGAAGAATTGCA,Amniotic ectoderm,CLADE_2
AGGGTGAAGACGTCCC,Surface ectoderm,CLADE_3
AGGGTGAAGGAGGGTG,First heart field,CLADE_5
AGGGTGAAGGTTACAA,Gut endoderm,CLADE_2
AGGGTGACAGCACAGA,Hindbrain,CLADE_5
AGGGTGAGTGACCGAA,Hindbrain,CLADE_2
AGGGTGAGTTTAGTCG,Primitive erythroid cells,CLADE_2
AGGGTGATCAGAGTTC,Gut endoderm,CLADE_2
AGGGTGATCCTGATAG,Hematoendothelial progenitors,CLADE_2
AGGGTGATCTTGATTC,Primitive erythroid cells,CLADE_2
AGGGTTTAGAGCATCG,Allantois,CLADE_2
AGGGTTTAGTAGCTCT,Surface ectoderm,CLADE_2
AGGGTTTAGTCATAGA,Primitive erythroid cells,CLADE_2
AGGGTTTCAGCTGAGA,Surface ectoderm,CLADE_2
AGGGTTTGTAATTGGA,Placodal area,CLADE_2
AGGGTTTGTAGTCGTT,NMP,CLADE_2
AGGGTTTGTATACCCA,Forebrain/midbrain,CLADE_3
AGGGTTTGTTATGTCG,Primitive erythroid cells,CLADE_2
AGGGTTTTCAGCGGAA,Cranial neural crest,CLADE_2
AGGGTTTTCCCTAGGG,Hematoendothelial progenitors,CLADE_4
AGGTAGGAGCACCTGC,Lateral plate and intermediate mesoderm,CLADE_2
AGGTAGGAGTATGTAG,Hindbrain,CLADE_1
AGGTAGGCAAAGTATG,Forebrain/midbrain,CLADE_3
AGGTAGGCAGGCTACC,Paraxial mesoderm,CLADE_2
AGGTAGGGTCCCACGA,Primitive erythroid cells,CLADE_2
AGGTAGGGTCGCATTA,Endothelium,CLADE_5
AGGTAGGTCACCTCAC,Paraxial mesoderm,CLADE_2
AGGTAGGTCACGTAGT,Forebrain/midbrain,CLADE_2
AGGTAGGTCCGTAATG,Lateral plate and intermediate mesoderm,CLADE_4
AGGTCATAGATGGTAT,Primitive erythroid cells,CLADE_2
AGGTCATAGCGAGTAC,Primitive erythroid cells,CLADE_2
AGGTCATAGCGCCTCA,Primitive erythroid cells,CLADE_3
AGGTCATAGCGTTCAT,Gut endoderm,CLADE_2
AGGTCATCAAGCGAAC,Lateral plate and intermediate mesoderm,CLADE_1
AGGTCATCAAGTGGCA,Cranial neural crest,CLADE_3
AGGTCATCATAGGTTC,Forebrain/midbrain,CLADE_2
AGGTCATGTGTGGACA,Hindbrain,CLADE_2
AGGTCTAAGCCACCGT,Allantois,CLADE_3
AGGTCTACAAGCGCAA,Primitive erythroid cells,CLADE_2
AGGTCTACAGGATCTT,Primitive erythroid cells,CLADE_2
AGGTCTACATCTTCGC,Paraxial mesoderm,CLADE_1
AGGTCTAGTCAACCTA,NMP,CLADE_2
AGGTCTAGTGCCCTTT,Endothelium,CLADE_2
AGGTCTAGTGGCAACA,Primitive erythroid cells,CLADE_2
AGGTCTATCTTCTGTA,Surface ectoderm,CLADE_1
AGGTGTTAGGAGAATG,Hindbrain,CLADE_1
AGGTGTTCAAAGAACT,NMP,CLADE_3
AGGTGTTCAAATTGCC,Primitive erythroid cells,CLADE_2
AGGTGTTGTTGTAAAG,Primitive erythroid cells,CLADE_3
AGGTGTTTCATTGAGC,Primitive erythroid cells,CLADE_2
AGGTGTTTCATTGCCC,Primitive erythroid cells,CLADE_1
AGGTGTTTCGAACGCC,Lateral plate and intermediate mesoderm,CLADE_4
AGGTGTTTCGCTCATC,Placodal area,CLADE_2
AGGTGTTTCGTAGGAG,Forebrain/midbrain,CLADE_2
AGGTGTTTCTAGGAAA,Primitive erythroid cells,CLADE_2
AGGTTACAGATGATTG,Placodal area,CLADE_1
AGGTTACCACGAGGTA,Lateral plate and intermediate mesoderm,CLADE_2
AGGTTACCACGTCGTG,Primitive erythroid cells,CLADE_2
AGGTTACGTACTAGCT,Primitive erythroid cells,CLADE_2
AGGTTACGTGAGACCA,Hindbrain,CLADE_2
AGGTTACGTGTCCGGT,Gut endoderm,CLADE_2
AGGTTACGTGTGGACA,Endothelium,CLADE_3
AGGTTACTCATTTCCA,Primitive erythroid cells,CLADE_3
AGGTTACTCGACACCG,Allantois,CLADE_2
AGGTTGTAGACCGTTT,Paraxial mesoderm,CLADE_2
AGGTTGTAGGGATCAC,Forebrain/midbrain,CLADE_2
AGGTTGTCAACCCTCT,Allantois,CLADE_2
AGGTTGTCAGTTAGAA,Forebrain/midbrain,CLADE_2
AGGTTGTTCAAACCTG,Forebrain/midbrain,CLADE_2
AGGTTGTTCTGGTTGA,Primitive erythroid cells,CLADE_4
AGTAACCAGATGACAT,Gut endoderm,CLADE_2
AGTAACCAGGAAAGTG,Primitive erythroid cells,CLADE_2
AGTAACCCAGCGTACC,Gut endoderm,CLADE_2
AGTAACCCAGGAATAT,Lateral plate and intermediate mesoderm,CLADE_2
AGTAACCGTACGATCT,Gut endoderm,CLADE_5
AGTAACCGTGCAGTGA,Primitive erythroid cells,CLADE_3
AGTAACCGTGTCATCA,Spinal cord,CLADE_2
AGTAACCGTGTCATGT,First heart field,CLADE_5
AGTAACCGTTCCATTT,First heart field,CLADE_6
AGTAACCTCACACCCT,Primitive erythroid cells,CLADE_2
AGTAACCTCATTGCCC,NMP,CLADE_2
AGTAACCTCGAAGAAT,Gut endoderm,CLADE_3
AGTAACCTCTTCGTAT,Gut endoderm,CLADE_2
AGTACCAAGCACCGTC,Endothelium,CLADE_2
AGTACCAAGCATGCAG,Primitive erythroid cells,CLADE_3
AGTACCAAGGCAGGGA,Cranial neural crest,CLADE_2
AGTACCACACCACATA,Lateral plate and intermediate mesoderm,CLADE_2
AGTACCAGTGAACCGA,Primitive erythroid cells,CLADE_3
AGTACCAGTGGAACAC,First heart field,CLADE_2
AGTACCATCACATCAG,Primitive erythroid cells,CLADE_2
AGTACCATCACGATCA,Hindbrain,CLADE_2
AGTACCATCTCCTGTG,Allantois,CLADE_2
AGTACTGAGATAACAC,Forebrain/midbrain,CLADE_2
AGTACTGAGGCACCAA,Surface ectoderm,CLADE_2
AGTACTGAGGTAATCA,Primitive erythroid cells,CLADE_2
AGTACTGCAATACGAA,Lateral plate and intermediate mesoderm,CLADE_2
AGTACTGCAATACGCT,Gut endoderm,CLADE_6
AGTACTGCAGAGGAAA,Lateral plate and intermediate mesoderm,CLADE_2
AGTACTGCAGATTTCG,Primitive erythroid cells,CLADE_2
AGTACTGCATGACAGG,Hindbrain,CLADE_5
AGTACTGGTCTCGGGT,Primitive erythroid cells,CLADE_2
AGTACTGGTGGTCCCA,Primitive erythroid cells,CLADE_2
AGTACTGGTTGCTCGG,First heart field,CLADE_4
AGTACTGTCCGAAGGA,Surface ectoderm,CLADE_2
AGTACTGTCTTCGCTG,Allantois,CLADE_2
AGTAGCTAGCCTGAGA,Lateral plate and intermediate mesoderm,CLADE_2
AGTAGCTAGGCCGCTT,Primitive erythroid cells,CLADE_2
AGTAGCTCACGACCTG,Amniotic ectoderm,CLADE_2
AGTAGCTCACGAGGAT,Hindbrain,CLADE_3
AGTAGCTGTAATGCGG,Primitive erythroid cells,CLADE_1
AGTAGCTTCATTACCT,Amniotic ectoderm,CLADE_2
AGTAGCTTCCCATTCG,Lateral plate and intermediate mesoderm,CLADE_2
AGTAGCTTCTTGGAAC,Primitive erythroid cells,CLADE_2
AGTAGTCCAACAGCTT,Forebrain/midbrain,CLADE_2
AGTAGTCGTACGCTTA,Forebrain/midbrain,CLADE_2
AGTAGTCGTAGACGTG,Amniotic ectoderm,CLADE_2
AGTAGTCGTAGGATAT,Primitive erythroid cells,CLADE_2
AGTAGTCGTCTGTAAC,Lateral plate and intermediate mesoderm,CLADE_3
AGTAGTCGTGTTCAGT,Amniotic ectoderm,CLADE_2
AGTCAACAGAATCGTA,Surface ectoderm,CLADE_6
AGTCAACAGCGTGCCT,Gut endoderm,CLADE_22
AGTCAACAGTAACGAT,Primitive erythroid cells,CLADE_2
AGTCAACAGTCGGCCT,NMP,CLADE_2
AGTCAACCAGGGAGAG,Gut endoderm,CLADE_2
AGTCAACGTCTTCGAA,Primitive erythroid cells,CLADE_2
AGTCAACGTTCAAACC,Cranial neural crest,CLADE_2
AGTCAACTCATTTGCT,Primitive erythroid cells,CLADE_2
AGTCAACTCCTCACTG,NMP,CLADE_3
AGTCAACTCTGTAAGC,Surface ectoderm,CLADE_2
AGTCACACAACCGTAT,Paraxial mesoderm,CLADE_2
AGTCACACAGATGCGA,Endothelium,CLADE_4
AGTCACAGTAGATTAG,Primitive erythroid cells,CLADE_2
AGTCACAGTGTTGCCG,Forebrain/midbrain,CLADE_2
AGTCACATCAAGGTGG,Primitive erythroid cells,CLADE_5
AGTCACATCCTACTGC,Gut endoderm,CLADE_2
AGTCACATCTAGACCA,Forebrain/midbrain,CLADE_2
AGTCATGCACGCCACA,Lateral plate and intermediate mesoderm,CLADE_2
AGTCATGCAGGCTCTG,Lateral plate and intermediate mesoderm,CLADE_3
AGTCATGTCCATAGAC,Gut endoderm,CLADE_2
AGTCTCCAGCAAACAT,Surface ectoderm,CLADE_2
AGTCTCCAGGTTGAGC,Allantois,CLADE_2
AGTCTCCCACTTGTGA,Hindbrain,CLADE_2
AGTCTCCCAGAAGTTA,Gut endoderm,CLADE_2
AGTCTCCGTATCGAAA,Lateral plate and intermediate mesoderm,CLADE_3
AGTCTCCGTGACAGCA,Primitive erythroid cells,CLADE_4
AGTCTCCTCCCAAGTA,Primitive erythroid cells,CLADE_2
AGTCTCCTCGCACTCT,Gut endoderm,CLADE_3
AGTCTCCTCGTCTACC,Lateral plate and intermediate mesoderm,CLADE_2
AGTCTCCTCTCACCCA,Cranial neural crest,CLADE_2
AGTGACTAGCGGACAT,Primitive erythroid cells,CLADE_2
AGTGACTAGCTGCGAA,Gut endoderm,CLADE_2
AGTGACTCAAGACGGT,Primitive erythroid cells,CLADE_2
AGTGACTCACGCTGTG,Primitive erythroid cells,CLADE_2
AGTGACTCACTACAGT,Surface ectoderm,CLADE_2
AGTGACTCAGAATCGG,Forebrain/midbrain,CLADE_2
AGTGACTCAGCAAGAC,Primitive erythroid cells,CLADE_3
AGTGACTCAGCGACCT,Spinal cord,CLADE_2
AGTGACTGTACTCCGG,Surface ectoderm,CLADE_2
AGTGACTGTCGATTCA,Allantois,CLADE_4
AGTGACTGTCTAACGT,Lateral plate and intermediate mesoderm,CLADE_2
AGTGACTGTGCTCGTG,Paraxial mesoderm,CLADE_2
AGTGACTGTTGGACCC,Lateral plate and intermediate mesoderm,CLADE_4
AGTGACTGTTTACCAG,Primitive erythroid cells,CLADE_2
AGTGACTTCAGATTGC,Placodal area,CLADE_2
AGTGACTTCCATGAGT,First heart field,CLADE_2
AGTGACTTCCCGAGGT,Primitive erythroid cells,CLADE_2
AGTGATCAGAAGTGTT,Primitive erythroid cells,CLADE_2
AGTGATCAGTCACTGT,Endothelium,CLADE_2
AGTGATCAGTTGCCTA,Primitive erythroid cells,CLADE_2
AGTGATCCAAGGGCAT,Forebrain/midbrain,CLADE_2
AGTGATCCAGTAACAA,NMP,CLADE_2
AGTGATCGTCTGATCA,Lateral plate and intermediate mesoderm,CLADE_2
AGTGCCGAGCCTGAGA,Primitive erythroid cells,CLADE_4
AGTGCCGAGGTGAGAA,Hematoendothelial progenitors,CLADE_2
AGTGCCGCACTCAGAT,Cranial neural crest,CLADE_2
AGTGCCGCAGGTCTCG,Forebrain/midbrain,CLADE_2
AGTGCCGCATTGCCTC,Surface ectoderm,CLADE_2
AGTGCCGGTAGCGTAG,Paraxial mesoderm,CLADE_2
AGTGCCGGTCGTACTA,Forebrain/midbrain,CLADE_2
AGTGCCGGTTACACTG,Forebrain/midbrain,CLADE_2
AGTGCCGGTTCAAAGA,Primitive erythroid cells,CLADE_2
AGTGCCGGTTGGTAGG,Primitive erythroid cells,CLADE_2
AGTGCCGTCATTTGTC,Gut endoderm,CLADE_2
AGTGCCGTCCATCGTC,Second heart field,CLADE_3
AGTGTTGAGATCACCT,Primitive erythroid cells,CLADE_2
AGTGTTGAGCAAATGT,Primitive erythroid cells,CLADE_4
AGTGTTGAGTCGGCCT,Primitive erythroid cells,CLADE_3
AGTGTTGAGTCTTCGA,Gut endoderm,CLADE_1
AGTGTTGAGTGCCGAA,Paraxial mesoderm,CLADE_2
AGTGTTGAGTTACGTC,First heart field,CLADE_2
AGTGTTGCAAGACGGT,Forebrain/midbrain,CLADE_3
AGTGTTGGTAGCGTTT,Primitive erythroid cells,CLADE_2
AGTGTTGGTTGTGGCC,Surface ectoderm,CLADE_3
AGTGTTGTCAGACCGC,Primitive erythroid cells,CLADE_2
AGTGTTGTCCTCATAT,Hindbrain,CLADE_2
AGTGTTGTCGAACTCA,Primitive erythroid cells,CLADE_2
AGTTAGCAGACATATG,NMP,CLADE_2
AGTTAGCAGATCCCGC,Hindbrain,CLADE_3
AGTTAGCAGGAAGAAC,Primitive erythroid cells,CLADE_2
AGTTAGCAGTTTCTTC,Primitive erythroid cells,CLADE_2
AGTTAGCGTAAGACCG,Surface ectoderm,CLADE_2
AGTTAGCGTACTGCGC,Cranial neural crest,CLADE_2
AGTTAGCGTCAGCGTC,Lateral plate and intermediate mesoderm,CLADE_2
AGTTAGCGTCGGTGTC,NMP,CLADE_2
AGTTAGCGTCGTAATC,Hindbrain,CLADE_2
AGTTAGCTCCATGCAA,Primitive erythroid cells,CLADE_2
AGTTAGCTCGAGCTGC,Primitive erythroid cells,CLADE_2
AGTTAGCTCTCAAAGC,NMP,CLADE_2
AGTTCCCAGCCGGAAT,Primitive erythroid cells,CLADE_2
AGTTCCCAGGACATCG,Forebrain/midbrain,CLADE_2
AGTTCCCAGGCGTTAG,Primitive erythroid cells,CLADE_2
AGTTCCCAGTGATTCC,Surface ectoderm,CLADE_3
AGTTCCCCAAGTATCC,NMP,CLADE_2
AGTTCCCCACTTGAGT,First heart field,CLADE_2
AGTTCCCGTGTCATTG,Forebrain/midbrain,CLADE_2
AGTTCCCGTTAGGGTG,NMP,CLADE_2
AGTTCCCGTTGATCGT,Primitive erythroid cells,CLADE_2
AGTTCCCTCAGTCAGT,Lateral plate and intermediate mesoderm,CLADE_2
AGTTCCCTCCCAGCGA,Primitive erythroid cells,CLADE_3
AGTTCCCTCGAGATGG,Lateral plate and intermediate mesoderm,CLADE_2
AGTTCGAAGACTCATC,Primitive erythroid cells,CLADE_4
AGTTCGAAGCAAGTGC,Primitive erythroid cells,CLADE_2
AGTTCGAAGCAGCGAT,Primitive erythroid cells,CLADE_2
AGTTCGAAGTACGTCT,Primitive erythroid cells,CLADE_2
AGTTCGAAGTAGGCCA,NMP,CLADE_2
AGTTCGAAGTCGAGGT,Primitive erythroid cells,CLADE_2
AGTTCGAAGTGGACGT,Lateral plate and intermediate mesoderm,CLADE_4
AGTTCGACAGTTAGGG,Forebrain/midbrain,CLADE_2
AGTTCGACATCCTCAC,Primitive erythroid cells,CLADE_4
AGTTCGACATTGAGCT,Primitive erythroid cells,CLADE_2
AGTTCGAGTGGAAATT,Hindbrain,CLADE_2
AGTTCGATCGCTATTT,Primitive erythroid cells,CLADE_2
ATACCGAAGCATGTTC,NMP,CLADE_2
ATACCGACAATGTTGC,First heart field,CLADE_2
ATACCGACACATGACT,Lateral plate and intermediate mesoderm,CLADE_2
ATACCGACAGACAATA,Primitive erythroid cells,CLADE_2
ATACCGATCTTTGCGC,Lateral plate and intermediate mesoderm,CLADE_23
ATACCTTAGCCACTCG,Gut endoderm,CLADE_1
ATACCTTAGCTGACTT,Hindbrain,CLADE_2
ATACCTTAGTATGATG,Forebrain/midbrain,CLADE_2
ATACCTTAGTTAGTAG,Cranial neural crest,CLADE_2
ATACCTTCAGATCCAT,Lateral plate and intermediate mesoderm,CLADE_2
ATACCTTCATTCAGCA,NMP,CLADE_2
ATACCTTGTCAAGGCA,Surface ectoderm,CLADE_2
ATACCTTGTCACCACG,Primitive erythroid cells,CLADE_2
ATACCTTTCCACGAAT,Primitive erythroid cells,CLADE_4
ATACCTTTCGAAGGAC,Primitive erythroid cells,CLADE_2
ATACTTCAGATCCCGC,Primitive erythroid cells,CLADE_2
ATACTTCAGCTTGTGT,Forebrain/midbrain,CLADE_2
ATACTTCAGGTAGTCG,NMP,CLADE_2
ATACTTCCACGGCTAC,Primitive erythroid cells,CLADE_2
ATACTTCCAGAGGCTA,Primitive erythroid cells,CLADE_2
ATACTTCCATGACTAC,Forebrain/midbrain,CLADE_2
ATACTTCGTCACTCGG,Primitive erythroid cells,CLADE_2
ATACTTCGTGTCACAT,NMP,CLADE_3
ATACTTCGTTGCCGAC,Cranial neural crest,CLADE_2
ATACTTCTCACTCGAA,Cranial neural crest,CLADE_2
ATACTTCTCCGTGGCA,Primitive erythroid cells,CLADE_2
ATACTTCTCGTGCAGC,Forebrain/midbrain,CLADE_4
ATAGACCAGATGGTAT,Gut endoderm,CLADE_2
ATAGACCAGGTTAGTA,Primitive erythroid cells,CLADE_2
ATAGACCAGTTGGAAT,Lateral plate and intermediate mesoderm,CLADE_2
ATAGACCCAAGACTGG,Forebrain/midbrain,CLADE_2
ATAGACCCAAGCGGAT,Cranial neural crest,CLADE_2
ATAGACCCAGTTACCA,Hindbrain,CLADE_2
ATAGACCGTTATAGAG,Hindbrain,CLADE_2
ATAGACCGTTTACTGG,Primitive erythroid cells,CLADE_2
ATAGACCTCACAGAGG,Hindbrain,CLADE_2
ATAGACCTCACCTCGT,Amniotic ectoderm,CLADE_2
ATAGACCTCCAATGCA,Spinal cord,CLADE_3
ATAGACCTCCTACAAG,Hindbrain,CLADE_3
ATAGACCTCGGCCTTT,Primitive erythroid cells,CLADE_4
ATAGACCTCTGTCAGA,NMP,CLADE_2
ATAGAGAAGCCTGTGC,Endothelium,CLADE_2
ATAGAGAAGCGATGCA,NMP,CLADE_1
ATAGAGAAGGAATCGC,Surface ectoderm,CLADE_2
ATAGAGACAAAGGGCT,Gut endoderm,CLADE_2
ATAGAGACAAATGGAT,Gut endoderm,CLADE_2
ATAGAGACACATGAAA,Lateral plate and intermediate mesoderm,CLADE_2
ATAGAGACAGAGATTA,Endothelium,CLADE_2
ATAGAGACAGGTATGG,Hindbrain,CLADE_2
ATAGAGAGTAACAGTA,NMP,CLADE_2
ATAGAGAGTATCGTGT,First heart field,CLADE_2
ATAGAGAGTCCTTGTC,Surface ectoderm,CLADE_2
ATAGAGAGTTTGAAAG,Second heart field,CLADE_1
ATAGAGATCAAGCTGT,Forebrain/midbrain,CLADE_4
ATAGAGATCACCTGTC,NMP,CLADE_3
ATAGAGATCCTTGGAA,Primitive erythroid cells,CLADE_2
ATAGAGATCGGTCGGT,Lateral plate and intermediate mesoderm,CLADE_2
ATAGGCTAGAGAATCT,Primitive erythroid cells,CLADE_4
ATAGGCTAGAGGGTAA,Hematoendothelial progenitors,CLADE_1
ATAGGCTAGTGCAGCA,Lateral plate and intermediate mesoderm,CLADE_2
ATAGGCTAGTTGTAGA,Hematoendothelial progenitors,CLADE_2
ATAGGCTCAAGTCATC,Forebrain/midbrain,CLADE_5
ATAGGCTCACAACATC,Paraxial mesoderm,CLADE_5
ATAGGCTCACAATTCG,Primitive erythroid cells,CLADE_3
ATAGGCTGTACTCCCT,Gut endoderm,CLADE_24
ATAGGCTGTCAACATC,Primitive erythroid cells,CLADE_1
ATAGGCTGTCTGTGAT,Forebrain/midbrain,CLADE_2
ATAGGCTTCATCCTGC,Primitive erythroid cells,CLADE_2
ATAGGCTTCTACTGAG,Primitive erythroid cells,CLADE_4
ATAGGCTTCTGCGAGC,Primitive erythroid cells,CLADE_3
ATATCCTAGGGCAGGA,Lateral plate and intermediate mesoderm,CLADE_2
ATATCCTAGTCTAGCT,Forebrain/midbrain,CLADE_2
ATATCCTCAAGCTGCC,Primitive erythroid cells,CLADE_2
ATATCCTCACACGCCA,Surface ectoderm,CLADE_2
ATATCCTCATGCAGGA,Lateral plate and intermediate mesoderm,CLADE_2
ATATCCTGTACAACGG,Lateral plate and intermediate mesoderm,CLADE_2
ATATCCTGTGAAGCTG,Primitive erythroid cells,CLADE_5
ATATCCTGTGCTGTCG,Lateral plate and intermediate mesoderm,CLADE_3
ATATCCTGTTAAACAG,Placodal area,CLADE_2
ATATCCTTCACAGTGT,Lateral plate and intermediate mesoderm,CLADE_2
ATATCCTTCACGAGGA,Primitive erythroid cells,CLADE_20
ATATCCTTCAGCTTCC,Surface ectoderm,CLADE_2
ATATCCTTCATTCATC,Hindbrain,CLADE_3
ATATCCTTCGCCGATG,Surface ectoderm,CLADE_2
ATCACAGAGATTTGCC,Lateral plate and intermediate mesoderm,CLADE_2
ATCACAGAGCGACAGT,Surface ectoderm,CLADE_3
ATCACAGAGGCCTTCG,Primitive erythroid cells,CLADE_2
ATCACAGAGTAAGACT,Primitive erythroid cells,CLADE_2
ATCACAGAGTCTAACC,Hindbrain,CLADE_2
ATCACAGCAATTGAGA,NMP,CLADE_2
ATCACAGCACCAGGTC,Gut endoderm,CLADE_2
ATCACAGCACTACACA,Primitive erythroid cells,CLADE_2
ATCACAGCAGGTCAAG,Amniotic ectoderm,CLADE_2
ATCACAGCATAAGCGG,NMP,CLADE_2
ATCACAGGTATTGGCT,Hindbrain,CLADE_2
ATCACAGGTGCACAAG,NMP,CLADE_5
ATCACAGGTGTGTACT,Primitive erythroid cells,CLADE_2
ATCACAGGTTGCCAAT,Surface ectoderm,CLADE_3
ATCACAGTCAGCAGAG,Primitive erythroid cells,CLADE_2
ATCACAGTCAGCGTCG,Primitive erythroid cells,CLADE_1
ATCACAGTCGTAACAC,Hindbrain,CLADE_1
ATCACAGTCTGCCTGT,NMP,CLADE_2
ATCACGAAGCACGGAT,Lateral plate and intermediate mesoderm,CLADE_2
ATCACGAAGCGTTCAT,Primitive erythroid cells,CLADE_6
ATCACGAAGCTGCCAC,Surface ectoderm,CLADE_3
ATCACGAAGGCACCAA,Endothelium,CLADE_2
ATCACGAAGGTCTTTG,Paraxial mesoderm,CLADE_2
ATCACGAAGTCGAGGT,Cranial neural crest,CLADE_2
ATCACGACAGTCGTTA,Forebrain/midbrain,CLADE_2
ATCACGACATGTGCTA,NMP,CLADE_2
ATCACGAGTCAGTCCG,Primitive erythroid cells,CLADE_2
ATCACGAGTCCCGCAA,Gut endoderm,CLADE_2
ATCACGATCCATTTCA,Primitive erythroid cells,CLADE_2
ATCACGATCGTGGAAG,Cranial neural crest,CLADE_3
ATCACTTAGAGTAACT,Forebrain/midbrain,CLADE_2
ATCACTTAGTCCCTAA,Endothelium,CLADE_2
ATCACTTAGTCTCCTC,Forebrain/midbrain,CLADE_2
ATCACTTAGTGAGTGC,Forebrain/midbrain,CLADE_2
ATCACTTCAAACACCT,Primitive erythroid cells,CLADE_2
ATCACTTCACGTCTCT,Paraxial mesoderm,CLADE_2
ATCACTTGTCAAGCCC,Primitive erythroid cells,CLADE_2
ATCACTTGTGTTAACC,Forebrain/midbrain,CLADE_4
ATCACTTGTTGGTAGG,Primitive erythroid cells,CLADE_2
ATCACTTTCCCGAGTG,Lateral plate and intermediate mesoderm,CLADE_2
ATCACTTTCCGAACGC,Primitive erythroid cells,CLADE_4
ATCACTTTCTAACGGT,Surface ectoderm,CLADE_5
ATCAGGTCAAATAAGC,Hindbrain,CLADE_5
ATCAGGTCAGACGGAT,Endothelium,CLADE_2
ATCAGGTCAGCACGAA,Allantois,CLADE_2
ATCAGGTCATGTGTCA,Endothelium,CLADE_2
ATCAGGTGTGCCGAAA,Paraxial mesoderm,CLADE_2
ATCAGGTGTTCTCGCT,Forebrain/midbrain,CLADE_4
ATCAGGTTCGACCTAA,Forebrain/midbrain,CLADE_2
ATCAGGTTCGATAACC,Paraxial mesoderm,CLADE_3
ATCAGGTTCGTGGGAA,Hindbrain,CLADE_1
ATCAGGTTCTACGCGG,Primitive erythroid cells,CLADE_6
ATCAGGTTCTCTCTTC,Lateral plate and intermediate mesoderm,CLADE_2
ATCATTCAGATTAGAC,Surface ectoderm,CLADE_2
ATCATTCAGCTGTTAC,Surface ectoderm,CLADE_2
ATCATTCAGTCGAAGC,Primitive erythroid cells,CLADE_2
ATCATTCCATCACCAA,NMP,CLADE_2
ATCATTCGTCCGGCAT,Hindbrain,CLADE_2
ATCATTCGTGAGTTTC,Primitive erythroid cells,CLADE_2
ATCATTCGTGGGTATG,Forebrain/midbrain,CLADE_2
ATCATTCTCACGATAC,Surface ectoderm,CLADE_2
ATCATTCTCTTACACT,Endothelium,CLADE_2
ATCCACCAGAAGAACG,Cranial neural crest,CLADE_2
ATCCACCAGATCACTC,Lateral plate and intermediate mesoderm,CLADE_2
ATCCACCAGTGGAAAG,Allantois,CLADE_2
ATCCACCGTACGTAGG,Primitive erythroid cells,CLADE_2
ATCCACCGTAGAATAC,Hindbrain,CLADE_5
ATCCACCGTCGTTGGC,Endothelium,CLADE_2
ATCCACCGTCTAGGCC,Amniotic ectoderm,CLADE_2
ATCCACCGTGTTCGAT,Primitive erythroid cells,CLADE_2
ATCCATTAGCACCCAC,Primitive erythroid cells,CLADE_2
ATCCATTAGTGCAACG,Primitive erythroid cells,CLADE_2
ATCCATTAGTTTGAGA,Primitive erythroid cells,CLADE_4
ATCCATTGTCGAACAG,Surface ectoderm,CLADE_2
ATCCATTGTGATTAGA,Hindbrain,CLADE_2
ATCCATTGTGGGTCAA,Lateral plate and intermediate mesoderm,CLADE_2
ATCCATTGTGTTGAGG,NMP,CLADE_4
ATCCATTGTTGCCAAT,Forebrain/midbrain,CLADE_3
ATCCATTTCTCAACCC,Primitive erythroid cells,CLADE_2
ATCCCTGAGGGCAATC,Endothelium,CLADE_2
ATCCCTGAGTACAACA,Amniotic ectoderm,CLADE_2
ATCCCTGAGTCAACAA,Gut endoderm,CLADE_2
ATCCCTGCATAACGGG,Amniotic ectoderm,CLADE_2
ATCCCTGGTACCACGC,Lateral plate and intermediate mesoderm,CLADE_2
ATCCCTGGTATCGTGT,Primitive erythroid cells,CLADE_3
ATCCCTGTCCCATACC,Gut endoderm,CLADE_2
ATCCGTCAGGAGCTGT,Primitive erythroid cells,CLADE_2
ATCCGTCAGGCAGCTA,Hindbrain,CLADE_3
ATCCGTCCAACCACAT,Cranial neural crest,CLADE_4
ATCCGTCCACATGACT,Gut endoderm,CLADE_3
ATCCGTCCAGAGGCTA,Lateral plate and intermediate mesoderm,CLADE_2
ATCCGTCGTCACTCTC,NMP,CLADE_2
ATCCTATAGTAATACG,Hindbrain,CLADE_2
ATCCTATGTCAATGGG,Paraxial mesoderm,CLADE_2
ATCCTATGTGTCTTGA,Primitive erythroid cells,CLADE_2
ATCCTATGTTGCCGCA,Primitive erythroid cells,CLADE_2
ATCCTATGTTGTACGT,Surface ectoderm,CLADE_2
ATCCTATGTTGTTGAC,Gut endoderm,CLADE_20
ATCCTATTCGCCGAAC,Lateral plate and intermediate mesoderm,CLADE_2
ATCGATGAGACGCAGT,Lateral plate and intermediate mesoderm,CLADE_2
ATCGATGAGATGACAT,Forebrain/midbrain,CLADE_2
ATCGATGAGGATGCGT,Lateral plate and intermediate mesoderm,CLADE_2
ATCGATGCACTGCACG,Forebrain/midbrain,CLADE_2
ATCGATGCATCGATGT,Primitive erythroid cells,CLADE_2
ATCGATGCATTGAAAG,Gut endoderm,CLADE_2
ATCGATGGTGGTGATG,Hindbrain,CLADE_2
ATCGATGGTTGCCATA,Primitive erythroid cells,CLADE_2
ATCGATGGTTTGACAC,Surface ectoderm,CLADE_3
ATCGCCTAGCCTATTG,Hindbrain,CLADE_2
ATCGCCTAGGACTGGT,Primitive erythroid cells,CLADE_6
ATCGCCTCACAAGCAG,Lateral plate and intermediate mesoderm,CLADE_2
ATCGCCTCATAGGTTC,Lateral plate and intermediate mesoderm,CLADE_5
ATCGCCTGTATTTCTC,Primitive erythroid cells,CLADE_2
ATCGCCTGTTGGTAGG,Primitive erythroid cells,CLADE_4
ATCGCCTGTTGTATGC,Lateral plate and intermediate mesoderm,CLADE_2
ATCGCCTTCACCCATC,Primitive erythroid cells,CLADE_4
ATCGCCTTCATCGCAA,Primitive erythroid cells,CLADE_2
ATCGCCTTCCACGTCT,Forebrain/midbrain,CLADE_2
ATCGCCTTCTCGGCTT,Hindbrain,CLADE_2
ATCGCCTTCTGCGATA,Gut endoderm,CLADE_4
ATCGCCTTCTGGACCG,Paraxial mesoderm,CLADE_2
ATCGCCTTCTGGTTGA,Gut endoderm,CLADE_2
ATCGGATAGAGCAGTC,Forebrain/midbrain,CLADE_2
ATCGGATAGCAGGGAG,Amniotic ectoderm,CLADE_25
ATCGGATAGCTTGTGT,Primitive erythroid cells,CLADE_2
ATCGGATCAATAGGGC,Primitive erythroid cells,CLADE_3
ATCGGATCAATTCACG,Primitive erythroid cells,CLADE_4
ATCGGATCACAAGGTG,Primitive erythroid cells,CLADE_4
ATCGGATCATGATGCT,Primitive erythroid cells,CLADE_2
ATCGGATGTACTAGCT,Paraxial mesoderm,CLADE_2
ATCGGATGTATTCTCT,Forebrain/midbrain,CLADE_2
ATCGGATGTGCCGTTG,Primitive erythroid cells,CLADE_2
ATCGGATGTTGTATGC,Primitive erythroid cells,CLADE_2
ATCGGATTCATTTACC,Hindbrain,CLADE_1
ATCGGATTCCCTCTTT,Amniotic ectoderm,CLADE_2
ATCGGATTCTCGGGAC,Forebrain/midbrain,CLADE_2
ATCGGCGAGCCTGTGC,Lateral plate and intermediate mesoderm,CLADE_3
ATCGGCGAGTTCAACC,Primitive erythroid cells,CLADE_2
ATCGGCGCAACCGCTG,Cranial neural crest,CLADE_2
ATCGGCGCAGAGAAAG,Lateral plate and intermediate mesoderm,CLADE_2
ATCGGCGCAGCTGTGC,Amniotic ectoderm,CLADE_5
ATCGGCGGTGTCGCTG,Lateral plate and intermediate mesoderm,CLADE_2
ATCGGCGTCATCACCC,Gut endoderm,CLADE_2
ATCGGCGTCCATGATG,Primitive erythroid cells,CLADE_2
ATCGGCGTCCGCATAA,Primitive erythroid cells,CLADE_4
ATCGGCGTCGCGAAGA,Primitive erythroid cells,CLADE_3
ATCGGCGTCTACCAGA,Gut endoderm,CLADE_2
ATCGTAGAGAATGTTG,Primitive erythroid cells,CLADE_2
ATCGTAGAGACGTCCC,Lateral plate and intermediate mesoderm,CLADE_2
ATCGTAGAGAGGTGCT,Cranial neural crest,CLADE_2
ATCGTAGAGCATCCCG,Primitive erythroid cells,CLADE_2
ATCGTAGCAACACGTT,Paraxial mesoderm,CLADE_2
ATCGTAGCACCCAACG,Hindbrain,CLADE_2
ATCGTAGCATAAGCAA,Primitive erythroid cells,CLADE_2
ATCGTAGCATCTCCCA,Primordial germ cells,CLADE_4
ATCGTAGGTCGAGTTT,Primitive erythroid cells,CLADE_2
ATCGTAGGTGCGTGCT,First heart field,CLADE_3
ATCGTAGTCCTATGGA,Hindbrain,CLADE_2
ATCGTCCAGATCACCT,Surface ectoderm,CLADE_2
ATCGTCCAGCAAACAT,Forebrain/midbrain,CLADE_2
ATCGTCCAGCCGAATG,NMP,CLADE_2
ATCGTCCAGGGCATGT,Gut endoderm,CLADE_2
ATCGTCCCACGCTGAC,Cranial neural crest,CLADE_2
ATCGTCCCAGCTATAC,Surface ectoderm,CLADE_2
ATCGTCCGTAACGTTC,Amniotic ectoderm,CLADE_2
ATCGTCCGTAGGTACG,Hematoendothelial progenitors,CLADE_4
ATCGTCCGTCGTCAGC,Primitive erythroid cells,CLADE_2
ATCGTCCGTTAGGAGC,Primitive erythroid cells,CLADE_2
ATCGTCCTCCGCGATG,Endothelium,CLADE_2
ATCGTCCTCTTTCCAA,NMP,CLADE_2
ATCGTGAAGCTAAGTA,Lateral plate and intermediate mesoderm,CLADE_2
ATCGTGAAGGATATGT,Second heart field,CLADE_2
ATCGTGAAGGCTTTCA,Placodal area,CLADE_2
ATCGTGACAACCGACC,Lateral plate and intermediate mesoderm,CLADE_2
ATCGTGACAAGATGTA,Primitive erythroid cells,CLADE_2
ATCGTGACACAATGCT,Forebrain/midbrain,CLADE_5
ATCGTGACACCGTGCA,Surface ectoderm,CLADE_1
ATCGTGACACGTCGTG,Primitive erythroid cells,CLADE_2
ATCGTGACATCTGTTT,First heart field,CLADE_2
ATCGTGAGTACCAGAG,Paraxial mesoderm,CLADE_6
ATCGTGATCCGAAATC,Lateral plate and intermediate mesoderm,CLADE_2
ATCTCTAAGTTGGCGA,Primitive erythroid cells,CLADE_2
ATCTCTACACAAGTGG,Lateral plate and intermediate mesoderm,CLADE_3
ATCTCTACAGCGGATA,NMP,CLADE_2
ATCTCTACAGCTTCGG,Paraxial mesoderm,CLADE_2
ATCTCTACAGGGATAC,NMP,CLADE_2
ATCTCTAGTCAGTCGC,Paraxial mesoderm,CLADE_2
ATCTCTAGTCATCGCG,Primitive erythroid cells,CLADE_4
ATCTCTAGTCTGTGTA,Forebrain/midbrain,CLADE_2
ATCTCTAGTGGCGCTT,NMP,CLADE_1
ATCTCTAGTGTAGTGG,Primitive erythroid cells,CLADE_2
ATCTCTAGTGTTTGCA,NMP,CLADE_2
ATCTCTAGTTATCTGG,Forebrain/midbrain,CLADE_2
ATCTCTAGTTGCACGC,NMP,CLADE_2
ATCTCTATCGCAATTG,Hindbrain,CLADE_2
ATCTCTATCGGAATTC,Gut endoderm,CLADE_2
ATCTTCAAGAGCCGTA,Primitive erythroid cells,CLADE_2
ATCTTCAAGCAAATCA,Primitive erythroid cells,CLADE_4
ATCTTCAAGTCCGTCG,Surface ectoderm,CLADE_2
ATCTTCAAGTGGACTG,Lateral plate and intermediate mesoderm,CLADE_2
ATCTTCACAAGCAGGT,NMP,CLADE_2
ATCTTCACACATATCG,Second heart field,CLADE_2
ATCTTCACACTGCGTG,Primitive erythroid cells,CLADE_2
ATCTTCACAGGTTACT,Gut endoderm,CLADE_2
ATCTTCAGTATGGTAA,Lateral plate and intermediate mesoderm,CLADE_2
ATCTTCAGTGATAGTA,Surface ectoderm,CLADE_2
ATCTTCATCTGTGCTC,Paraxial mesoderm,CLADE_2
ATGAAAGAGCTACGTT,First heart field,CLADE_2
ATGAAAGAGGATCACG,Primitive erythroid cells,CLADE_2
ATGAAAGCACTGAATC,Allantois,CLADE_2
ATGAAAGGTATCGGTT,Forebrain/midbrain,CLADE_2
ATGAAAGGTATGAAGT,Allantois,CLADE_2
ATGAAAGGTATTCTCT,Primitive erythroid cells,CLADE_2
ATGAAAGGTGCCCACA,Primitive erythroid cells,CLADE_2
ATGAAAGGTTCTGACA,Lateral plate and intermediate mesoderm,CLADE_2
ATGAAAGTCAACTCTT,Surface ectoderm,CLADE_2
ATGAAAGTCAGGGTAG,Surface ectoderm,CLADE_3
ATGAAAGTCCAAGAGG,Gut endoderm,CLADE_2
ATGAAAGTCCTGGTCT,Primitive erythroid cells,CLADE_2
ATGAAAGTCGTTCTGC,Primitive erythroid cells,CLADE_2
ATGAAAGTCTGAGTCA,Allantois,CLADE_2
ATGAAAGTCTGTCGCT,Primitive erythroid cells,CLADE_2
ATGACCAAGTGAGTTA,Hematoendothelial progenitors,CLADE_2
ATGACCACAACAAAGT,Allantois,CLADE_2
ATGACCACATAGGTTC,Primitive erythroid cells,CLADE_2
ATGACCAGTCTGCATA,Primitive erythroid cells,CLADE_2
ATGACCAGTCTTGCGG,Primitive erythroid cells,CLADE_2
ATGACCAGTGATACAA,Primitive erythroid cells,CLADE_2
ATGACCAGTTGCACGC,Primitive erythroid cells,CLADE_4
ATGACCATCGAGTGGA,Primitive erythroid cells,CLADE_2
ATGAGGGAGAGTGAAG,Notochord,CLADE_3
ATGAGGGAGATAACAC,Primitive erythroid cells,CLADE_4
ATGAGGGAGCCTTCTC,Gut endoderm,CLADE_2
ATGAGGGAGCGTTCAT,Primitive erythroid cells,CLADE_2
ATGAGGGAGGTAGTCG,NMP,CLADE_2
ATGAGGGCAAATACGA,Forebrain/midbrain,CLADE_2
ATGAGGGGTAGCGATG,Primitive erythroid cells,CLADE_2
ATGAGGGGTCCTGGTG,Primitive erythroid cells,CLADE_3
ATGAGGGGTTGCCAAT,Lateral plate and intermediate mesoderm,CLADE_2
ATGAGGGTCACCGGTG,Allantois,CLADE_1
ATGAGGGTCCATGAGT,Placodal area,CLADE_2
ATGAGGGTCCCTTGTG,Forebrain/midbrain,CLADE_2
ATGAGGGTCCTAAGTG,Primitive erythroid cells,CLADE_3
ATGAGGGTCGCTTGCT,Primitive erythroid cells,CLADE_2
ATGAGTCAGCCTGACC,Cranial neural crest,CLADE_4
ATGAGTCAGTCCTGCG,Primitive erythroid cells,CLADE_2
ATGAGTCCAAACTCTG,Allantois,CLADE_2
ATGAGTCCAAGCAGGT,Primitive erythroid cells,CLADE_2
ATGAGTCCACGAGGAT,Surface ectoderm,CLADE_2
ATGAGTCCACGGCACT,Primitive erythroid cells,CLADE_3
ATGAGTCCAGCATCTA,NMP,CLADE_2
ATGAGTCGTATGACAA,NMP,CLADE_2
ATGAGTCGTATTTCCT,Endothelium,CLADE_2
ATGAGTCTCAAATGCC,Hindbrain,CLADE_2
ATGAGTCTCAGCATTG,NMP,CLADE_2
ATGAGTCTCGGACTTA,Gut endoderm,CLADE_2
ATGAGTCTCGTCTCAC,Primitive erythroid cells,CLADE_2
ATGATCGAGGTTGGTG,Primitive erythroid cells,CLADE_2
ATGATCGAGTAAGACT,Hindbrain,CLADE_2
ATGATCGCAACTTGGT,Paraxial mesoderm,CLADE_2
ATGATCGCATAGTCAC,Primitive erythroid cells,CLADE_2
ATGATCGGTAACATAG,Gut endoderm,CLADE_2
ATGATCGGTTAAACCC,Primitive erythroid cells,CLADE_3
ATGATCGGTTGGACTT,Amniotic ectoderm,CLADE_5
ATGATCGTCGCGTGAC,NMP,CLADE_2
ATGATCGTCGGCCCAA,Paraxial mesoderm,CLADE_6
ATGATCGTCGGTCATA,Paraxial mesoderm,CLADE_3
ATGCATGAGAGTCTGG,Spinal cord,CLADE_2
ATGCATGAGGTTACAA,Primitive erythroid cells,CLADE_2
ATGCATGCACTTGAAC,Paraxial mesoderm,CLADE_5
ATGCATGCAGGCTCTG,Primitive erythroid cells,CLADE_2
ATGCATGCATCCGAGC,Hindbrain,CLADE_5
ATGCATGGTCTGATCA,Allantois,CLADE_2
ATGCATGGTGTTAAAG,Spinal cord,CLADE_3
ATGCATGGTTGTGTAC,Lateral plate and intermediate mesoderm,CLADE_2
ATGCATGTCACAAGGG,Forebrain/midbrain,CLADE_1
ATGCATGTCATCACCC,Gut endoderm,CLADE_2
ATGCATGTCCGCGGAT,Amniotic ectoderm,CLADE_2
ATGCATGTCGCAGTTA,Forebrain/midbrain,CLADE_3
ATGCATGTCGTAACCA,Surface ectoderm,CLADE_2
ATGCATGTCTGCGGAC,Placodal area,CLADE_4
ATGCCTCAGGAGTCTG,Surface ectoderm,CLADE_2
ATGCCTCAGTTGGAGC,Hindbrain,CLADE_2
ATGCCTCCAACGCATT,Primitive erythroid cells,CLADE_3
ATGCCTCCACAGTCGC,Primitive erythroid cells,CLADE_2
ATGCCTCGTCATCTAG,Cranial neural crest,CLADE_2
ATGCCTCGTGCTGATT,Primitive erythroid cells,CLADE_2
ATGCCTCGTTGCGGAA,Primitive erythroid cells,CLADE_2
ATGCCTCTCAAGAAAC,Primitive erythroid cells,CLADE_4
ATGCCTCTCAGACCCG,Lateral plate and intermediate mesoderm,CLADE_3
ATGCCTCTCATTCGGA,Primitive erythroid cells,CLADE_2
ATGCCTCTCTAGAGCT,Primitive erythroid cells,CLADE_2
ATGCCTCTCTCTCGAC,Amniotic ectoderm,CLADE_2
ATGCGATAGACTTCAC,Amniotic ectoderm,CLADE_1
ATGCGATAGCCATCCG,Amniotic ectoderm,CLADE_2
ATGCGATAGCTGACAG,Primitive erythroid cells,CLADE_2
ATGCGATAGGCTAGCA,Lateral plate and intermediate mesoderm,CLADE_4
ATGCGATAGTCTTCCC,Gut endoderm,CLADE_4
ATGCGATGTAGGGAGG,Paraxial mesoderm,CLADE_1
ATGCGATGTGTGTACT,Gut endoderm,CLADE_2
ATGCGATGTTCGGCGT,Hindbrain,CLADE_2
ATGCGATTCAAGCCAT,Primitive erythroid cells,CLADE_2
ATGCGATTCAAGGACG,Forebrain/midbrain,CLADE_5
ATGCGATTCCAGTGTA,NMP,CLADE_2
ATGCGATTCTCCCAAC,Primitive erythroid cells,CLADE_2
ATGGAGGAGCCAAGTG,Lateral plate and intermediate mesoderm,CLADE_2
ATGGAGGCAATGACCT,Primitive erythroid cells,CLADE_2
ATGGAGGGTAAGTTAG,Gut endoderm,CLADE_2
ATGGAGGGTAGTTACC,Primitive erythroid cells,CLADE_2
ATGGAGGGTCCTACGG,Primitive erythroid cells,CLADE_4
ATGGAGGGTCGTCGGT,Forebrain/midbrain,CLADE_2
ATGGAGGGTGAGCTCC,Surface ectoderm,CLADE_6
ATGGAGGGTTCTTGTT,Primitive erythroid cells,CLADE_2
ATGGAGGGTTTCCATT,Cranial neural crest,CLADE_2
ATGGAGGTCTTCGGTC,First heart field,CLADE_2
ATGGATCCAGGTATGG,Primitive erythroid cells,CLADE_3
ATGGATCTCGAGTTGT,Amniotic ectoderm,CLADE_2
ATGGATCTCGTTCCCA,Forebrain/midbrain,CLADE_2
ATGGATCTCTAAACGC,Lateral plate and intermediate mesoderm,CLADE_2
ATGGGAGAGAAATTGC,Primitive erythroid cells,CLADE_3
ATGGGAGAGACATCCT,Hindbrain,CLADE_6
ATGGGAGCAATGAACA,Surface ectoderm,CLADE_2
ATGGGAGCACTGCGTG,Lateral plate and intermediate mesoderm,CLADE_2
ATGGGAGGTCATCGCG,Paraxial mesoderm,CLADE_5
ATGGGAGGTCCGGCAT,Hindbrain,CLADE_3
ATGGGAGGTCGCACGT,Paraxial mesoderm,CLADE_1
ATGGGAGGTCTTCCGT,Forebrain/midbrain,CLADE_2
ATGGGAGGTGGATGAC,NMP,CLADE_2
ATGGGAGTCAATCCGA,Primitive erythroid cells,CLADE_2
ATGGGAGTCCGTATAG,Lateral plate and intermediate mesoderm,CLADE_2
ATGGGAGTCTGACCCT,Gut endoderm,CLADE_5
ATGGGAGTCTGCACCT,Lateral plate and intermediate mesoderm,CLADE_2
ATGGGTTAGAGTGGCT,Surface ectoderm,CLADE_2
ATGGGTTAGATACAGT,Forebrain/midbrain,CLADE_2
ATGGGTTAGCGAATGC,Forebrain/midbrain,CLADE_2
ATGGGTTAGGAGACCT,Gut endoderm,CLADE_2
ATGGGTTAGGGCTGAT,Primitive erythroid cells,CLADE_3
ATGGGTTCAAGCGCTC,Amniotic ectoderm,CLADE_2
ATGGGTTCAATCACGT,Allantois,CLADE_2
ATGGGTTCAGATTCGT,Hindbrain,CLADE_1
ATGGGTTCAGTTCACA,Primitive erythroid cells,CLADE_2
ATGGGTTGTAGACACG,Amniotic ectoderm,CLADE_1
ATGGGTTGTCTCAAGT,Endothelium,CLADE_2
ATGGGTTGTCTGATAC,Primitive erythroid cells,CLADE_2
ATGGGTTTCCATGAGT,Primitive erythroid cells,CLADE_2
ATGGGTTTCTCCTGTG,Primitive erythroid cells,CLADE_2
ATGGGTTTCTGTCTCG,Primitive erythroid cells,CLADE_4
ATGGTTGAGCGGACAT,Paraxial mesoderm,CLADE_2
ATGGTTGAGCTTTGTG,NMP,CLADE_2
ATGGTTGCACGAGGAT,Primitive erythroid cells,CLADE_2
ATGGTTGGTAGTCGTT,Hindbrain,CLADE_2
ATGGTTGGTCGACTGC,Gut endoderm,CLADE_1
ATGGTTGGTCGAGCAA,Forebrain/midbrain,CLADE_5
ATGGTTGGTTATCTGG,Surface ectoderm,CLADE_2
ATGGTTGTCGCCTCTA,Paraxial mesoderm,CLADE_2
ATGGTTGTCGGTGTTA,Hindbrain,CLADE_2
ATGGTTGTCGTAGCTA,Forebrain/midbrain,CLADE_2
ATGGTTGTCTAGCATG,Primitive erythroid cells,CLADE_2
ATGTCCCAGAGCAAGA,Primitive erythroid cells,CLADE_1
ATGTCCCAGCTCAGAG,Primitive erythroid cells,CLADE_2
ATGTCCCAGCTGAGCA,Cranial neural crest,CLADE_2
ATGTCCCAGTTCGCAT,Primitive erythroid cells,CLADE_4
ATGTCCCCAGATACCT,NMP,CLADE_2
ATGTCCCCATGGGTCC,Primitive erythroid cells,CLADE_4
ATGTCCCGTAGTTACC,Gut endoderm,CLADE_2
ATGTCCCGTATGATCC,Primitive erythroid cells,CLADE_1
ATGTCCCGTCCGAAGA,Forebrain/midbrain,CLADE_2
ATGTCCCGTCGGAAAC,Hindbrain,CLADE_2
ATGTCCCGTGAGTTTC,Forebrain/midbrain,CLADE_2
ATGTCCCGTGATGGCA,Hindbrain,CLADE_3
ATGTCCCTCCAGGACC,NMP,CLADE_2
ATGTCCCTCTAAGGAA,Paraxial mesoderm,CLADE_2
ATGTCTTAGTCCGCCA,NMP,CLADE_2
ATGTCTTAGTGATAAC,Primitive erythroid cells,CLADE_2
ATGTCTTCAAGGTCGA,Paraxial mesoderm,CLADE_2
ATGTCTTCACAGTCCG,Surface ectoderm,CLADE_2
ATGTCTTCAGAGTCAG,Primitive erythroid cells,CLADE_3
ATGTCTTCATGTTTGG,Cranial neural crest,CLADE_2
ATGTCTTGTATCGTTG,Gut endoderm,CLADE_2
ATGTCTTGTCGTCGGT,Lateral plate and intermediate mesoderm,CLADE_3
ATGTCTTGTCTTCTAT,Lateral plate and intermediate mesoderm,CLADE_2
ATGTCTTGTGAATAAC,Lateral plate and intermediate mesoderm,CLADE_2
ATGTCTTGTGAGTAAT,Primitive erythroid cells,CLADE_2
ATGTCTTGTTGCGAAG,Lateral plate and intermediate mesoderm,CLADE_2
ATGTCTTGTTGTTGCA,Primitive erythroid cells,CLADE_2
ATGTCTTTCTTGGAAC,Surface ectoderm,CLADE_3
ATTACCTAGACATCAA,Hindbrain,CLADE_1
ATTACCTAGCTAGAGC,Primitive erythroid cells,CLADE_4
ATTACCTAGTCAGCGA,Surface ectoderm,CLADE_2
ATTACCTCAACTTCTT,Lateral plate and intermediate mesoderm,CLADE_2
ATTACCTCACCGAATT,Amniotic ectoderm,CLADE_2
ATTACCTCACTGAATC,Endothelium,CLADE_2
ATTACCTGTATGCGTT,Primitive erythroid cells,CLADE_2
ATTACCTGTCCTACGG,Forebrain/midbrain,CLADE_2
ATTACCTGTCGTGATT,Gut endoderm,CLADE_2
ATTACCTGTGAACTAA,Lateral plate and intermediate mesoderm,CLADE_2
ATTACCTGTGCCTATA,Paraxial mesoderm,CLADE_2
ATTACCTGTGTTACAC,Surface ectoderm,CLADE_2
ATTACCTTCACTGGTA,Hindbrain,CLADE_2
ATTACCTTCCCTATTA,Hindbrain,CLADE_2
ATTACTCAGACGATAT,Endothelium,CLADE_3
ATTACTCAGGCTAAAT,Primitive erythroid cells,CLADE_2
ATTACTCAGGTTCCGC,Surface ectoderm,CLADE_2
ATTACTCAGTCTGCGC,Forebrain/midbrain,CLADE_2
ATTACTCAGTGGATAT,Primitive erythroid cells,CLADE_2
ATTACTCCAAGCAGGT,Primitive erythroid cells,CLADE_4
ATTACTCCAAGCCATT,Gut endoderm,CLADE_2
ATTACTCCACGGTCTG,Lateral plate and intermediate mesoderm,CLADE_2
ATTACTCCATGACAAA,Lateral plate and intermediate mesoderm,CLADE_3
ATTACTCGTACAGTCT,Gut endoderm,CLADE_3
ATTACTCGTGATACAA,Hematoendothelial progenitors,CLADE_2
ATTACTCTCGCGCTGA,Amniotic ectoderm,CLADE_2
ATTATCCAGACGCCCT,Forebrain/midbrain,CLADE_2
ATTATCCAGAGCTGCA,Surface ectoderm,CLADE_2
ATTATCCAGGGTTGCA,Primitive erythroid cells,CLADE_2
ATTATCCAGTGATAGT,NMP,CLADE_2
ATTATCCCAAACGGCA,Surface ectoderm,CLADE_6
ATTATCCCAGCACAGA,Primitive erythroid cells,CLADE_2
ATTATCCCAGTAGAGC,Notochord,CLADE_2
ATTATCCCATCATCTT,Primitive erythroid cells,CLADE_2
ATTATCCGTAACGGTG,Endothelium,CLADE_2
ATTATCCGTGGATTTC,Surface ectoderm,CLADE_2
ATTATCCGTTCGGCGT,Lateral plate and intermediate mesoderm,CLADE_2
ATTATCCTCAAGCGTT,Placodal area,CLADE_2
ATTATCCTCAAGTCTG,Surface ectoderm,CLADE_2
ATTATCCTCCGTCAAA,Gut endoderm,CLADE_2
ATTCACTAGATACGAT,NMP,CLADE_4
ATTCACTAGCACGATG,Primitive erythroid cells,CLADE_5
ATTCACTAGGACCCAA,Surface ectoderm,CLADE_2
ATTCACTCAAGCTGTT,Surface ectoderm,CLADE_2
ATTCACTCACCGAATT,Primitive erythroid cells,CLADE_2
ATTCACTCACGGTCTG,Surface ectoderm,CLADE_2
ATTCACTTCAACGCTA,Hindbrain,CLADE_5
ATTCACTTCGCTCCTA,Hindbrain,CLADE_2
ATTCACTTCGTTCCTG,Primitive erythroid cells,CLADE_6
ATTCACTTCTGTCCCA,Hindbrain,CLADE_2
ATTCAGGAGGATTTGA,Forebrain/midbrain,CLADE_3
ATTCAGGCAACGATCT,Placodal area,CLADE_2
ATTCAGGCACTACTTT,Primitive erythroid cells,CLADE_2
ATTCAGGCAGCGACCT,Gut endoderm,CLADE_2
ATTCAGGGTAACACCT,Amniotic ectoderm,CLADE_5
ATTCAGGGTCTCACAA,Gut endoderm,CLADE_2
ATTCAGGGTGATTCAC,Placodal area,CLADE_2
ATTCAGGGTGCGCTCA,Lateral plate and intermediate mesoderm,CLADE_2
ATTCAGGTCAGAATAG,Paraxial mesoderm,CLADE_2
ATTCAGGTCCAAATGC,Primitive erythroid cells,CLADE_2
ATTCAGGTCCACTTTA,Placodal area,CLADE_2
ATTCAGGTCCCGAATA,Primitive erythroid cells,CLADE_2
ATTCAGGTCGCTACAA,NMP,CLADE_3
ATTCAGGTCTTAGCCC,Primitive erythroid cells,CLADE_2
ATTCATCAGCTGTACT,Forebrain/midbrain,CLADE_2
ATTCATCAGTGCCCGT,Placodal area,CLADE_2
ATTCATCGTGGGTTGA,Gut endoderm,CLADE_1
ATTCATCGTGTTCATG,Hematoendothelial progenitors,CLADE_2
ATTCATCTCATTGCTT,Primitive erythroid cells,CLADE_3
ATTCATCTCCACAAGT,NMP,CLADE_3
ATTCCATAGACATCAA,Primitive erythroid cells,CLADE_2
ATTCCATAGCAGGTCA,Paraxial mesoderm,CLADE_2
ATTCCATAGTCGGGAT,Cranial neural crest,CLADE_5
ATTCCATCAGGCTCTG,Forebrain/midbrain,CLADE_2
ATTCCATGTACCCGAC,Surface ectoderm,CLADE_2
ATTCCATGTACCGTCG,Endothelium,CLADE_2
ATTCCATGTCTGCGCA,Placodal area,CLADE_2
ATTCCATGTGGGTCAA,Primitive erythroid cells,CLADE_6
ATTCCATGTTACCCTC,Primitive erythroid cells,CLADE_2
ATTCCATTCCATGAGT,Primitive erythroid cells,CLADE_2
ATTCCATTCCCGTTGT,Surface ectoderm,CLADE_2
ATTCCCGAGGACACTG,Amniotic ectoderm,CLADE_2
ATTCCCGAGTCACTCA,Primitive erythroid cells,CLADE_6
ATTCCCGCAGAGATGC,Primitive erythroid cells,CLADE_2
ATTCCCGGTAATGATG,Primitive erythroid cells,CLADE_4
ATTCCCGGTCCATCTC,Gut endoderm,CLADE_2
ATTCCCGTCAAATAGG,Forebrain/midbrain,CLADE_2
ATTCCCGTCCCAATAG,Endothelium,CLADE_2
ATTCCCGTCCGTAGTA,Hindbrain,CLADE_1
ATTCCCGTCGTGGGAA,NMP,CLADE_1
ATTCCCGTCTAGTCAG,Second heart field,CLADE_2
ATTCCTAAGACACACG,Primitive erythroid cells,CLADE_4
ATTCCTAAGTTGAATG,Primitive erythroid cells,CLADE_2
ATTCCTACAAGGACAC,Primitive erythroid cells,CLADE_2
ATTCCTACACACACTA,Primitive erythroid cells,CLADE_3
ATTCCTACAGAGTAAT,Primitive erythroid cells,CLADE_2
ATTCCTACAGATCCTA,Primitive erythroid cells,CLADE_2
ATTCCTAGTACAGAGC,Primitive erythroid cells,CLADE_2
ATTCCTAGTTCACCGG,Primitive erythroid cells,CLADE_2
ATTCCTATCACGACTA,Forebrain/midbrain,CLADE_2
ATTCCTATCACTCACC,Surface ectoderm,CLADE_2
ATTCCTATCACTCGAA,First heart field,CLADE_2
ATTCCTATCATGGAGG,Allantois,CLADE_2
ATTCCTATCCTTCGAC,Paraxial mesoderm,CLADE_2
ATTCCTATCGATAACC,Amniotic ectoderm,CLADE_2
ATTCCTATCGATCCAA,Hindbrain,CLADE_6
ATTCGTTAGAAGTCTA,Amniotic ectoderm,CLADE_2
ATTCGTTAGAGGGTCT,Primitive erythroid cells,CLADE_2
ATTCGTTAGAGTCAGC,Lateral plate and intermediate mesoderm,CLADE_3
ATTCGTTAGCGCCTCA,Lateral plate and intermediate mesoderm,CLADE_6
ATTCGTTAGGCCTTCG,Hindbrain,CLADE_5
ATTCGTTCAAGTGGCA,Lateral plate and intermediate mesoderm,CLADE_2
ATTCGTTCACGCGCAT,Primitive erythroid cells,CLADE_2
ATTCGTTCACTTCCTG,Primitive erythroid cells,CLADE_4
ATTCGTTCATTGGCAT,Forebrain/midbrain,CLADE_3
ATTCGTTGTGTTATCG,Paraxial mesoderm,CLADE_2
ATTCGTTGTTATGGTC,NMP,CLADE_3
ATTCGTTTCCTTTGAT,Lateral plate and intermediate mesoderm,CLADE_2
ATTCGTTTCTCTCCGA,Surface ectoderm,CLADE_2
ATTCTACAGGAAGTAG,Forebrain/midbrain,CLADE_2
ATTCTACAGTAACCGG,Paraxial mesoderm,CLADE_2
ATTCTACAGTCACTAC,Primitive erythroid cells,CLADE_2
ATTCTACCACAGACGA,Endothelium,CLADE_2
ATTCTACGTCTTGCTC,Endothelium,CLADE_2
ATTCTACGTGTTCCAA,Primitive erythroid cells,CLADE_2
ATTCTACGTTATCCAG,Primitive erythroid cells,CLADE_2
ATTCTACGTTGCATTG,Hindbrain,CLADE_2
ATTCTACGTTTGCAGT,Hindbrain,CLADE_2
ATTCTACTCAACACGT,Allantois,CLADE_2
ATTCTACTCCAGTGTA,Primitive erythroid cells,CLADE_2
ATTCTACTCGTTAGTG,Primitive erythroid cells,CLADE_3
ATTCTACTCTCTAAGG,Primitive erythroid cells,CLADE_2
ATTCTTGAGCAGCAGT,Surface ectoderm,CLADE_2
ATTCTTGAGCGTCAGA,Amniotic ectoderm,CLADE_3
ATTCTTGAGTGTACAA,Paraxial mesoderm,CLADE_2
ATTCTTGGTAGAATAC,Endothelium,CLADE_2
ATTCTTGGTGGATGAC,Hematoendothelial progenitors,CLADE_2
ATTGGGTAGCAATTCC,Forebrain/midbrain,CLADE_2
ATTGGGTAGCTGACAG,Hindbrain,CLADE_1
ATTGGGTCACAAATAG,Hindbrain,CLADE_5
ATTGGGTCACAGCTGC,Surface ectoderm,CLADE_6
ATTGGGTCAGAAGTTA,Surface ectoderm,CLADE_2
ATTGGGTCAGACAAGC,Primitive erythroid cells,CLADE_2
ATTGGGTCATGGTACT,Cranial neural crest,CLADE_3
ATTGGGTGTAAGGAGA,Primitive erythroid cells,CLADE_2
ATTGGGTGTACAGGTG,Primitive erythroid cells,CLADE_2
ATTGGGTGTATCAGGG,Gut endoderm,CLADE_2
ATTGGGTTCACATTGG,Primitive erythroid cells,CLADE_2
ATTGGGTTCCATACAG,Forebrain/midbrain,CLADE_3
ATTGGGTTCCTCACGT,Primitive erythroid cells,CLADE_2
ATTGGGTTCGAACTCA,Surface ectoderm,CLADE_3
ATTGTTCAGACATCCT,Primitive erythroid cells,CLADE_4
ATTGTTCAGGTTGCCC,Lateral plate and intermediate mesoderm,CLADE_2
ATTGTTCAGTTGCTGT,NMP,CLADE_3
ATTGTTCCAAGAGGCT,Surface ectoderm,CLADE_3
ATTGTTCCACTCACTC,Paraxial mesoderm,CLADE_2
ATTGTTCCACTTGGGC,Primitive erythroid cells,CLADE_2
ATTGTTCGTGCCAAGA,Surface ectoderm,CLADE_2
ATTGTTCGTGGTAATA,Second heart field,CLADE_2
ATTGTTCGTTGAGGAC,Primitive erythroid cells,CLADE_2
ATTTACCAGATTGATG,Primitive erythroid cells,CLADE_2
ATTTACCCAAAGGGTC,Cranial neural crest,CLADE_5
ATTTACCCATAAGATG,Primitive erythroid cells,CLADE_2
ATTTACCCATCGTCCT,NMP,CLADE_2
ATTTACCGTATGAAAC,Primitive erythroid cells,CLADE_2
ATTTACCGTGATGGCA,Lateral plate and intermediate mesoderm,CLADE_2
ATTTACCTCAGGTAAA,Amniotic ectoderm,CLADE_2
ATTTACCTCCCTCGAT,Allantois,CLADE_2
ATTTACCTCCTACCAC,Primitive erythroid cells,CLADE_2
ATTTACCTCTAGTTCT,Paraxial mesoderm,CLADE_2
ATTTCACAGCATACTC,Forebrain/midbrain,CLADE_2
ATTTCACAGGCCACTC,Allantois,CLADE_4
ATTTCACAGGCTAGCA,Surface ectoderm,CLADE_2
ATTTCACAGGTAAGAG,First heart field,CLADE_3
ATTTCACCAAAGGATT,Primitive erythroid cells,CLADE_4
ATTTCACCACCCTTGT,Primitive erythroid cells,CLADE_4
ATTTCACCACTGCGTG,Primitive erythroid cells,CLADE_2
ATTTCACCATGCGTGC,First heart field,CLADE_6
ATTTCACGTCACTAGT,First heart field,CLADE_5
ATTTCACGTCCTCCAT,Primitive erythroid cells,CLADE_3
ATTTCACGTCTTCAAG,Primitive erythroid cells,CLADE_2
ATTTCACGTGAATTGA,Primitive erythroid cells,CLADE_2
ATTTCACGTGCTCTTC,Gut endoderm,CLADE_1
ATTTCACGTGTAAATG,Hindbrain,CLADE_2
ATTTCACGTTCTCGCT,Surface ectoderm,CLADE_2
ATTTCACTCCGAGTGC,Endothelium,CLADE_2
ATTTCACTCGACCCAG,Primitive erythroid cells,CLADE_2
ATTTCTGAGATACAGT,Endothelium,CLADE_2
ATTTCTGAGCCTCTCT,Primitive erythroid cells,CLADE_2
ATTTCTGAGCTGTGCC,Allantois,CLADE_2
ATTTCTGAGGGAGATA,Surface ectoderm,CLADE_3
ATTTCTGAGTTGGGAC,NMP,CLADE_2
ATTTCTGCAGATACTC,Primitive erythroid cells,CLADE_5
ATTTCTGCATCGGCCA,Surface ectoderm,CLADE_2
ATTTCTGGTATCGTGT,Primitive erythroid cells,CLADE_2
ATTTCTGGTGCGGTAA,Paraxial mesoderm,CLADE_2
ATTTCTGGTGTGACCC,Primitive erythroid cells,CLADE_3
ATTTCTGTCCGGACGT,Lateral plate and intermediate mesoderm,CLADE_1
ATTTCTGTCGAGCCTG,Forebrain/midbrain,CLADE_2
CAAAGAAAGGTAAACT,Paraxial mesoderm,CLADE_5
CAAAGAAAGTAGACCG,Lateral plate and intermediate mesoderm,CLADE_2
CAAAGAACAAGTTGGG,Hindbrain,CLADE_2
CAAAGAACAGGTCCCA,Allantois,CLADE_4
CAAAGAAGTGCCGAAA,Lateral plate and intermediate mesoderm,CLADE_2
CAAAGAAGTTGCGGCT,Hindbrain,CLADE_2
CAAAGAATCGAAGCCC,Lateral plate and intermediate mesoderm,CLADE_3
CAAAGAATCGTAACTG,Allantois,CLADE_3
CAACAACAGCTAGCCC,Primitive erythroid cells,CLADE_2
CAACAACAGGATTACA,Forebrain/midbrain,CLADE_2
CAACAACAGTCGCGAA,Primitive erythroid cells,CLADE_2
CAACAACCACGGATCC,Endothelium,CLADE_2
CAACAACCAGCGCTTG,Paraxial mesoderm,CLADE_5
CAACAACCAGTCGCTG,Gut endoderm,CLADE_2
CAACAACCATAGACTC,Endothelium,CLADE_2
CAACAACGTAGACACG,Lateral plate and intermediate mesoderm,CLADE_5
CAACAACGTCAGCGTC,Primitive erythroid cells,CLADE_2
CAACAACGTCGAACGA,Lateral plate and intermediate mesoderm,CLADE_1
CAACAACGTTGCCAAT,Amniotic ectoderm,CLADE_3
CAACAACGTTGCCATA,Lateral plate and intermediate mesoderm,CLADE_2
CAACAACGTTGTAAAG,Primitive erythroid cells,CLADE_2
CAACAACTCTGCACCT,Forebrain/midbrain,CLADE_2
CAACAGTAGAGAGGGC,Primitive erythroid cells,CLADE_2
CAACAGTAGAGCAAGA,Allantois,CLADE_2
CAACAGTAGAGGCGGA,Primitive erythroid cells,CLADE_2
CAACAGTAGGGTGAGG,Forebrain/midbrain,CLADE_3
CAACAGTCAAGAGGTC,Forebrain/midbrain,CLADE_2
CAACAGTCAAGCACCC,Endothelium,CLADE_4
CAACAGTCATCACCAA,Cranial neural crest,CLADE_2
CAACAGTGTATCTCGA,Primitive erythroid cells,CLADE_2
CAACAGTGTGTTAACC,Forebrain/midbrain,CLADE_2
CAACAGTTCACCTTAT,Hindbrain,CLADE_2
CAACAGTTCCGCGAGT,Placodal area,CLADE_2
CAACCAAAGCTAGAAT,Primitive erythroid cells,CLADE_3
CAACCAAAGCTAGATA,Primitive erythroid cells,CLADE_2
CAACCAAAGGTTCACT,Primitive erythroid cells,CLADE_2
CAACCAAAGGTTCTTG,Forebrain/midbrain,CLADE_2
CAACCAACAAAGGAGA,Endothelium,CLADE_2
CAACCAACAGGCCTGT,Forebrain/midbrain,CLADE_2
CAACCAACATCCTATT,NMP,CLADE_2
CAACCAAGTATACCCA,Forebrain/midbrain,CLADE_2
CAACCAAGTATCGATC,Cranial neural crest,CLADE_2
CAACCAAGTGTAGTGG,Primitive erythroid cells,CLADE_2
CAACCAAGTTGCCGCA,NMP,CLADE_2
CAACCAATCGGAGATG,Primitive erythroid cells,CLADE_2
CAACCAATCGTCGCTT,Hindbrain,CLADE_2
CAACCAATCTAGTACG,Spinal cord,CLADE_2
CAACCTCAGAGATCGC,Forebrain/midbrain,CLADE_2
CAACCTCCAACGCATT,Primitive erythroid cells,CLADE_2
CAACCTCCAACGGGTA,Lateral plate and intermediate mesoderm,CLADE_5
CAACCTCCAATGACCT,Primitive erythroid cells,CLADE_3
CAACCTCCACAAATCC,Primitive erythroid cells,CLADE_2
CAACCTCCACATTCTT,Forebrain/midbrain,CLADE_2
CAACCTCCATTCTTCA,NMP,CLADE_2
CAACCTCGTAAGCGGT,Forebrain/midbrain,CLADE_2
CAACCTCGTAGCGTAG,Primitive erythroid cells,CLADE_4
CAACCTCGTCATCCGG,Paraxial mesoderm,CLADE_2
CAACCTCGTTACACAC,Primitive erythroid cells,CLADE_2
CAACCTCTCGAAGCCC,Paraxial mesoderm,CLADE_1
CAACCTCTCGCAGATT,Primitive erythroid cells,CLADE_2
CAACCTCTCTTGGAAC,Endothelium,CLADE_2
CAACGATAGAGAGGTA,Primitive erythroid cells,CLADE_2
CAACGATAGGTTCTTG,Cranial neural crest,CLADE_2
CAACGATCACTTGTCC,Paraxial mesoderm,CLADE_3
CAACGATCAGCTACAT,Lateral plate and intermediate mesoderm,CLADE_2
CAACGATCATCCTAAG,Primitive erythroid cells,CLADE_2
CAACGATCATCGTGGC,Surface ectoderm,CLADE_2
CAACGATGTCACCACG,Primitive erythroid cells,CLADE_2
CAACGATGTTCTCCCA,Primitive erythroid cells,CLADE_2
CAACGATTCCTCTAGC,Primitive erythroid cells,CLADE_5
CAACGATTCCTTCGAC,Gut endoderm,CLADE_2
CAACGATTCTCGACGG,Primitive erythroid cells,CLADE_3
CAACGGCAGGGCCCTT,Primitive erythroid cells,CLADE_2
CAACGGCAGTGCCTCG,NMP,CLADE_2
CAACGGCCAGGACTTT,Surface ectoderm,CLADE_4
CAACGGCCAGTTAGAA,Primitive erythroid cells,CLADE_3
CAACGGCCATCAGTGT,Primitive erythroid cells,CLADE_2
CAACGGCCATGTTTGG,Forebrain/midbrain,CLADE_2
CAACGGCGTACCAGAG,Primitive erythroid cells,CLADE_2
CAACGGCGTCCAGAAG,Forebrain/midbrain,CLADE_2
CAACGGCGTCTGGTTA,Primitive erythroid cells,CLADE_3
CAACGGCGTGAATTAG,Primitive erythroid cells,CLADE_3
CAACGGCGTGCGAACA,Primitive erythroid cells,CLADE_3
CAACGGCTCCCTTCCC,Lateral plate and intermediate mesoderm,CLADE_2
CAACGGCTCCGATGCG,Hematoendothelial progenitors,CLADE_2
CAAGACTAGAGCTGAC,Forebrain/midbrain,CLADE_2
CAAGACTAGATTCGCT,Forebrain/midbrain,CLADE_2
CAAGACTCAAAGCTCT,Primitive erythroid cells,CLADE_4
CAAGACTCAAGCCATT,Primitive erythroid cells,CLADE_2
CAAGACTGTCGCACAC,Forebrain/midbrain,CLADE_2
CAAGACTTCGAGCACC,Primitive erythroid cells,CLADE_2
CAAGACTTCGTGAGAG,Hindbrain,CLADE_3
CAAGACTTCTGAGAAA,Amniotic ectoderm,CLADE_2
CAAGAGGAGCATCCTA,Hindbrain,CLADE_2
CAAGAGGAGGCACTAG,Hematoendothelial progenitors,CLADE_2
CAAGAGGAGTGGCCTC,Lateral plate and intermediate mesoderm,CLADE_2
CAAGAGGAGTGGTGAC,Primitive erythroid cells,CLADE_3
CAAGAGGCAACACGAG,Forebrain/midbrain,CLADE_3
CAAGAGGCAAGACAAT,Hindbrain,CLADE_2
CAAGAGGCACCCTCTA,NMP,CLADE_3
CAAGAGGCATGGAATA,Surface ectoderm,CLADE_2
CAAGAGGCATGGCCAC,Primitive erythroid cells,CLADE_2
CAAGAGGCATGTCTAG,Paraxial mesoderm,CLADE_2
CAAGAGGCATTGGCAT,NMP,CLADE_3
CAAGAGGGTACAGAAT,Paraxial mesoderm,CLADE_2
CAAGAGGGTACTCGTA,Hindbrain,CLADE_2
CAAGAGGGTTCCACGG,Hematoendothelial progenitors,CLADE_2
CAAGAGGTCAGCGCGT,Forebrain/midbrain,CLADE_2
CAAGAGGTCGAGAACG,Primitive erythroid cells,CLADE_2
CAAGAGGTCGTCTAAG,Hindbrain,CLADE_2
CAAGAGGTCTACACAG,Primitive erythroid cells,CLADE_2
CAAGCTAAGACTTAAG,Allantois,CLADE_2
CAAGCTAAGATCCCGC,Second heart field,CLADE_5
CAAGCTACAAGTCCCG,Cranial neural crest,CLADE_2
CAAGCTACAATCGCAT,Forebrain/midbrain,CLADE_2
CAAGCTACACGGCACT,Hindbrain,CLADE_3
CAAGCTACACTATGTG,Forebrain/midbrain,CLADE_2
CAAGCTACACTTTATC,Hindbrain,CLADE_2
CAAGCTACAGCGATTT,Hindbrain,CLADE_2
CAAGCTACATGCAGCC,Primitive erythroid cells,CLADE_5
CAAGCTAGTCACGTGC,Hindbrain,CLADE_2
CAAGCTATCGTCTACC,Hematoendothelial progenitors,CLADE_2
CAAGCTATCTGATTCT,Lateral plate and intermediate mesoderm,CLADE_6
CAAGGGAAGATGCTAA,Lateral plate and intermediate mesoderm,CLADE_2
CAAGGGAAGCACTCAT,Primitive erythroid cells,CLADE_2
CAAGGGAAGGAACTAT,Lateral plate and intermediate mesoderm,CLADE_3
CAAGGGAAGGACGCAT,Primitive erythroid cells,CLADE_2
CAAGGGACAAGTATAG,NMP,CLADE_3
CAAGGGACACCGTCGA,First heart field,CLADE_2
CAAGGGACATCTGTTT,Primitive erythroid cells,CLADE_2
CAAGGGAGTGAGAACC,Forebrain/midbrain,CLADE_6
CAAGGGAGTTCTCGCT,NMP,CLADE_2
CAAGGGATCAATCCGA,Primitive erythroid cells,CLADE_2
CAAGGGATCCTCTAAT,Cranial neural crest,CLADE_2
CAAGGGATCTAAGCGT,Gut endoderm,CLADE_2
CAATACGAGACAGCTG,Surface ectoderm,CLADE_2
CAATACGAGAGCCGAT,Amniotic ectoderm,CLADE_2
CAATACGAGATAACAC,Surface ectoderm,CLADE_2
CAATACGAGCGCCTTG,Cranial neural crest,CLADE_5
CAATACGAGCGTCAAG,Primitive erythroid cells,CLADE_2
CAATACGAGCTGAAGC,Lateral plate and intermediate mesoderm,CLADE_5
CAATACGAGTTAGTAG,Forebrain/midbrain,CLADE_2
CAATACGCAACACAGG,Cranial neural crest,CLADE_1
CAATACGCAACACGTT,Primitive erythroid cells,CLADE_2
CAATACGCAGTTAGAA,Paraxial mesoderm,CLADE_2
CAATACGGTATTCCGA,NMP,CLADE_2
CAATACGGTGCCTTCT,Hindbrain,CLADE_5
CAATACGGTTAGGGTG,Paraxial mesoderm,CLADE_1
CAATACGTCCCATTTA,Primitive erythroid cells,CLADE_2
CAATACGTCGAACCTA,Gut endoderm,CLADE_3
CAATACGTCTACTCAT,Surface ectoderm,CLADE_2
CAATCGAAGCAAATGT,Endothelium,CLADE_2
CAATCGAGTAGTGCGA,Hematoendothelial progenitors,CLADE_2
CAATCGAGTCATAGTC,Primitive erythroid cells,CLADE_2
CAATCGATCGGCAGTC,NMP,CLADE_4
CAATCGATCGTGCATA,Amniotic ectoderm,CLADE_5
CAATGACAGACGCATG,Primitive erythroid cells,CLADE_4
CAATGACAGGATTACA,NMP,CLADE_1
CAATGACAGGTGTGAC,Forebrain/midbrain,CLADE_3
CAATGACCATTGACAC,Paraxial mesoderm,CLADE_3
CAATGACGTAAGTCAA,Gut endoderm,CLADE_3
CAATGACGTCCAAGAG,Primitive erythroid cells,CLADE_3
CAATGACGTCTAACTG,Notochord,CLADE_2
CAATGACGTTCTCGCT,Primitive erythroid cells,CLADE_2
CAATGACTCACAAGAA,Primitive erythroid cells,CLADE_3
CAATGACTCGGACTTA,Primitive erythroid cells,CLADE_2
CAATGACTCGGTCGGT,Gut endoderm,CLADE_1
CAATTTCAGCGCCATC,Primitive erythroid cells,CLADE_2
CAATTTCAGTGTACCT,Surface ectoderm,CLADE_2
CAATTTCCAATCTGCA,Lateral plate and intermediate mesoderm,CLADE_2
CAATTTCGTCACTCGG,Placodal area,CLADE_2
CAATTTCGTCTGCGCA,Primitive erythroid cells,CLADE_2
CAATTTCGTTTCCCAC,Allantois,CLADE_2
CAATTTCTCGACATAC,Primitive erythroid cells,CLADE_2
CAATTTCTCGCGAAGA,Cranial neural crest,CLADE_2
CACAACAAGATTAGCA,Forebrain/midbrain,CLADE_2
CACAACAAGCGCCTCA,Placodal area,CLADE_2
CACAACACAAATGCGG,Primitive erythroid cells,CLADE_4
CACAACAGTAGAAACT,Forebrain/midbrain,CLADE_2
CACAACATCAAACCCA,Paraxial mesoderm,CLADE_2
CACAACATCACAATGC,Primitive erythroid cells,CLADE_2
CACAACATCTAGAGCT,Lateral plate and intermediate mesoderm,CLADE_2
CACACAAAGAATCCCT,Primitive erythroid cells,CLADE_2
CACACAAAGAGAGGTA,Primitive erythroid cells,CLADE_2
CACACAAAGCAAATGT,Endothelium,CLADE_3
CACACAAAGCAGCCCT,Primitive erythroid cells,CLADE_2
CACACAAAGTCTTCCC,Gut endoderm,CLADE_2
CACACAAAGTGAGTGC,NMP,CLADE_2
CACACAAAGTGCTCGC,Hindbrain,CLADE_2
CACACAAAGTTGAAGT,Primitive erythroid cells,CLADE_2
CACACAACAATGCAAA,NMP,CLADE_2
CACACAACACTCATAG,Gut endoderm,CLADE_2
CACACAACAGACCTAT,Placodal area,CLADE_5
CACACAACAGCTACCG,Forebrain/midbrain,CLADE_2
CACACAACAGTAGTTC,Forebrain/midbrain,CLADE_2
CACACAAGTAGTGCGA,Endothelium,CLADE_26
CACACAAGTTAAGAAC,Amniotic ectoderm,CLADE_2
CACACAATCGGCATCG,Lateral plate and intermediate mesoderm,CLADE_5
CACACAATCTACCAGA,NMP,CLADE_2
CACAGATAGAGCTTTC,Lateral plate and intermediate mesoderm,CLADE_3
CACAGATAGCCAAGCA,Forebrain/midbrain,CLADE_3
CACAGATAGTGGATAT,Forebrain/midbrain,CLADE_2
CACAGATCACCGTGCA,Lateral plate and intermediate mesoderm,CLADE_2
CACAGATCATAGGAGC,Primitive erythroid cells,CLADE_2
CACAGATGTACACGTT,Lateral plate and intermediate mesoderm,CLADE_6
CACAGATGTAGGAGGG,Paraxial mesoderm,CLADE_2
CACAGATGTGCTCGTG,Hematoendothelial progenitors,CLADE_3
CACAGATGTGTGCCTG,Primitive erythroid cells,CLADE_2
CACAGATGTTTAGTCG,NMP,CLADE_3
CACAGATTCAGAGTTC,Hindbrain,CLADE_2
CACAGATTCCATTGGA,Primitive erythroid cells,CLADE_5
CACAGATTCCTTCTAA,Primitive erythroid cells,CLADE_2
CACAGATTCTGCGGAC,Primitive erythroid cells,CLADE_1
CACAGGCAGACGCCCT,Lateral plate and intermediate mesoderm,CLADE_2
CACAGGCAGATTAGTG,Lateral plate and intermediate mesoderm,CLADE_2
CACAGGCAGCTGACTT,NMP,CLADE_2
CACAGGCAGTTGTAGA,Primitive erythroid cells,CLADE_2
CACAGGCCAAATCAAG,Hematoendothelial progenitors,CLADE_2
CACAGGCCAACACGTT,Hindbrain,CLADE_2
CACAGGCCACTTGTCC,Primitive erythroid cells,CLADE_3
CACAGGCCAGCAGATG,Paraxial mesoderm,CLADE_2
CACAGGCCATAGGCGA,Cranial neural crest,CLADE_2
CACAGGCCATCTCCCA,Primitive erythroid cells,CLADE_2
CACAGGCGTTCGAAGG,Lateral plate and intermediate mesoderm,CLADE_2
CACAGGCTCAGGAAAT,Hindbrain,CLADE_3
CACAGGCTCCGATGTA,Placodal area,CLADE_2
CACAGGCTCCTGATAG,Primitive erythroid cells,CLADE_2
CACAGGCTCCTTCGAC,Cranial neural crest,CLADE_3
CACAGGCTCTTCACAT,Lateral plate and intermediate mesoderm,CLADE_2
CACATGAAGAGAGTTT,Endothelium,CLADE_2
CACATGAAGGGACACT,Primitive erythroid cells,CLADE_2
CACATGACATCGAAGG,Lateral plate and intermediate mesoderm,CLADE_3
CACATGAGTAGTGATA,Lateral plate and intermediate mesoderm,CLADE_2
CACATGAGTCATCGGC,NMP,CLADE_3
CACATGAGTCCACAGC,Primitive erythroid cells,CLADE_4
CACATGAGTCTCGGGT,Forebrain/midbrain,CLADE_3
CACATGAGTGAAGCGT,Primitive erythroid cells,CLADE_4
CACATGAGTGCCCGTA,Cranial neural crest,CLADE_2
CACATGAGTTTACCAG,Gut endoderm,CLADE_2
CACATGATCGAGTACT,Lateral plate and intermediate mesoderm,CLADE_2
CACATGATCGCTTGAA,Paraxial mesoderm,CLADE_2
CACATGATCTTAATCC,NMP,CLADE_2
CACCAAAAGCTCCACG,Amniotic ectoderm,CLADE_2
CACCAAACATACAGAA,Allantois,CLADE_2
CACCAAACATGCTGCG,Gut endoderm,CLADE_2
CACCAAAGTAGTCTGT,Primitive erythroid cells,CLADE_4
CACCAAAGTGCCTTTC,Lateral plate and intermediate mesoderm,CLADE_2
CACCAAAGTTGTGTAC,Forebrain/midbrain,CLADE_2
CACCAAAGTTTAGAGA,NMP,CLADE_3
CACCAAATCACCCATC,Lateral plate and intermediate mesoderm,CLADE_2
CACCAAATCACTCGAA,Forebrain/midbrain,CLADE_2
CACCAAATCATACGAC,Primitive erythroid cells,CLADE_5
CACCAAATCTATCACT,Lateral plate and intermediate mesoderm,CLADE_2
CACCAAATCTTGGTGA,Surface ectoderm,CLADE_2
CACCGTTAGCACTCTA,Primitive erythroid cells,CLADE_2
CACCGTTAGTATGACA,Hindbrain,CLADE_2
CACCGTTAGTCTGGAG,NMP,CLADE_2
CACCGTTAGTGCAACG,Paraxial mesoderm,CLADE_2
CACCGTTCACACCTTC,Primitive erythroid cells,CLADE_2
CACCGTTCAGAAGTGC,Allantois,CLADE_2
CACCGTTGTATTCCGA,Forebrain/midbrain,CLADE_3
CACCGTTGTTAAACCC,First heart field,CLADE_2
CACCGTTGTTATCCAG,Paraxial mesoderm,CLADE_2
CACCGTTGTTGTAAAG,Primitive erythroid cells,CLADE_2
CACGAATAGACGAGCT,Forebrain/midbrain,CLADE_2
CACGAATAGCCGATAG,Primitive erythroid cells,CLADE_2
CACGAATCAGCTGTAT,Forebrain/midbrain,CLADE_2
CACGAATCAGGAATAT,Primitive erythroid cells,CLADE_5
CACGAATGTATGGTTC,Cranial neural crest,CLADE_2
CACGAATGTGAGACGT,Primitive erythroid cells,CLADE_2
CACGAATGTGATTGGG,Gut endoderm,CLADE_2
CACGAATGTGGTCCCA,First heart field,CLADE_2
CACGAATTCAAGCCCG,Primitive erythroid cells,CLADE_2
CACGAATTCCGGGACT,Surface ectoderm,CLADE_2
CACGAATTCGATCCAA,Primitive erythroid cells,CLADE_4
CACGGGTAGAACAAGG,Primitive erythroid cells,CLADE_2
CACGGGTAGCACTCCG,Amniotic ectoderm,CLADE_27
CACGGGTAGCATCAAA,Surface ectoderm,CLADE_3
CACGGGTAGGCAGCTA,Primitive erythroid cells,CLADE_4
CACGGGTCAACAGAGC,Surface ectoderm,CLADE_2
CACGGGTGTATAGCTC,Primitive erythroid cells,CLADE_2
CACGGGTGTCCCTCAT,Placodal area,CLADE_2
CACGGGTGTGCGAGTA,Primitive erythroid cells,CLADE_2
CACGGGTTCAAGCTTG,Amniotic ectoderm,CLADE_2
CACGGGTTCGTCTACC,Hindbrain,CLADE_2
CACGGGTTCTAGCATG,First heart field,CLADE_2
CACGGGTTCTAGGAAA,Primitive erythroid cells,CLADE_2
CACGGGTTCTTAGCCC,NMP,CLADE_2
CACGTGGAGACTCAAA,First heart field,CLADE_2
CACGTGGAGCGACTTT,Gut endoderm,CLADE_2
CACGTGGCATTCACAG,Surface ectoderm,CLADE_2
CACGTGGGTACCAGAG,Gut endoderm,CLADE_28
CACGTGGGTCCAGCGT,Lateral plate and intermediate mesoderm,CLADE_2
CACGTGGGTTAACCTG,Lateral plate and intermediate mesoderm,CLADE_2
CACGTGGTCAGACAAA,Primitive erythroid cells,CLADE_2
CACGTGGTCGGCCCAA,Primitive erythroid cells,CLADE_1
CACGTGGTCTGGTGCG,Allantois,CLADE_2
CACGTTCAGGCTGTAG,Cranial neural crest,CLADE_2
CACGTTCAGGGAGGTG,Primitive erythroid cells,CLADE_2
CACGTTCAGTGCTCAT,Lateral plate and intermediate mesoderm,CLADE_2
CACGTTCCAATAACGA,Amniotic ectoderm,CLADE_2
CACGTTCCACACCGAC,Gut endoderm,CLADE_2
CACGTTCCAGACCATT,Paraxial mesoderm,CLADE_2
CACGTTCCAGGATCTT,Hindbrain,CLADE_2
CACGTTCCAGTATTCG,Lateral plate and intermediate mesoderm,CLADE_5
CACGTTCTCAAAGAAC,Primitive erythroid cells,CLADE_3
CACGTTCTCTGCGGCA,Gut endoderm,CLADE_2
CACTAAGAGAATCCCT,Primitive erythroid cells,CLADE_3
CACTAAGAGGCATCGA,Primitive erythroid cells,CLADE_3
CACTAAGAGTCTGGTT,Hindbrain,CLADE_29
CACTAAGAGTTACGTC,Surface ectoderm,CLADE_3
CACTAAGAGTTGCATC,Primitive erythroid cells,CLADE_2
CACTAAGCAAGGATGC,Forebrain/midbrain,CLADE_2
CACTAAGCAGGCATGA,Primitive erythroid cells,CLADE_2
CACTAAGGTACCAGAG,Amniotic ectoderm,CLADE_2
CACTAAGGTTCATCTT,Surface ectoderm,CLADE_3
CACTAAGTCGCCACTT,NMP,CLADE_4
CACTAAGTCTAAGCGT,Primitive erythroid cells,CLADE_2
CACTAAGTCTCGCTCA,Primitive erythroid cells,CLADE_2
CACTAAGTCTTCTAAC,Gut endoderm,CLADE_2
CACTGAAAGCTCCATA,Gut endoderm,CLADE_3
CACTGAAAGTTGCCCG,Surface ectoderm,CLADE_2
CACTGAACACCGGAAA,NMP,CLADE_2
CACTGAACAGATACTC,Gut endoderm,CLADE_2
CACTGAAGTAGCGTAG,Forebrain/midbrain,CLADE_2
CACTGAAGTCTCACGG,Hindbrain,CLADE_2
CACTGAATCAAGTTGC,Endothelium,CLADE_2
CACTGAATCAGCAGAG,Gut endoderm,CLADE_2
CACTGAATCCGGTAGC,Paraxial mesoderm,CLADE_5
CACTGAATCCTACTGC,Lateral plate and intermediate mesoderm,CLADE_2
CACTGGGAGGCCTTGC,Paraxial mesoderm,CLADE_2
CACTGGGAGTTTGGCT,Primitive erythroid cells,CLADE_5
CACTGGGCAACCGCTG,Hematoendothelial progenitors,CLADE_2
CACTGGGGTAAGTAGT,Primitive erythroid cells,CLADE_3
CACTGGGGTACGTAGG,Paraxial mesoderm,CLADE_2
CACTGGGGTATCGTGT,NMP,CLADE_2
CACTGGGGTCGCCTAG,Surface ectoderm,CLADE_2
CACTGGGGTCGTCAGC,Forebrain/midbrain,CLADE_2
CACTGGGGTGAGTGAC,Endothelium,CLADE_2
CACTGGGGTGCAGTGA,Spinal cord,CLADE_2
CACTGGGTCAGGAAGC,Lateral plate and intermediate mesoderm,CLADE_2
CACTGGGTCGCGGACT,Cranial neural crest,CLADE_3
CACTGGGTCTTAGCTT,Second heart field,CLADE_2
CACTGTCAGCAAGCCA,Primitive erythroid cells,CLADE_2
CACTGTCAGCGCTTCG,Endothelium,CLADE_2
CACTGTCAGCTCCCTT,Primitive erythroid cells,CLADE_14
CACTGTCAGGGCTTCC,Lateral plate and intermediate mesoderm,CLADE_2
CACTGTCAGTCATGCT,Paraxial mesoderm,CLADE_6
CACTGTCCAGATAAAC,Endothelium,CLADE_2
CACTGTCCAGCTACCG,Cranial neural crest,CLADE_2
CACTGTCGTATGCAAA,NMP,CLADE_2
CACTGTCGTCTTCCGT,NMP,CLADE_2
CACTGTCTCAACGAGG,Hindbrain,CLADE_2
CACTGTCTCTACCCAC,Allantois,CLADE_3
CACTTCGAGCATGGGT,Surface ectoderm,CLADE_6
CACTTCGAGCCTCTCT,Primitive erythroid cells,CLADE_2
CACTTCGAGCCTTGAT,Surface ectoderm,CLADE_2
CACTTCGAGCGTTACT,Hindbrain,CLADE_2
CACTTCGAGTCACGCC,Primitive erythroid cells,CLADE_2
CACTTCGCACTTACAG,Lateral plate and intermediate mesoderm,CLADE_2
CACTTCGGTAGTCGGA,Primitive erythroid cells,CLADE_2
CACTTCGGTCACTCGG,Hindbrain,CLADE_5
CACTTCGGTCCGTTTC,Forebrain/midbrain,CLADE_2
CACTTCGGTCGAGTTT,Paraxial mesoderm,CLADE_2
CACTTCGGTCTTGCGG,Forebrain/midbrain,CLADE_5
CACTTCGTCCATTCGC,Hindbrain,CLADE_2
CACTTCGTCCGTGTAA,Lateral plate and intermediate mesoderm,CLADE_2
CACTTCGTCTAGAGCT,Forebrain/midbrain,CLADE_2
CACTTCGTCTTACTGT,NMP,CLADE_2
CAGAGCCCAACGAGGT,Primitive erythroid cells,CLADE_2
CAGAGCCCACATCCCT,Primitive erythroid cells,CLADE_2
CAGAGCCCACCTCAGG,NMP,CLADE_2
CAGAGCCCAGCTCTGG,Lateral plate and intermediate mesoderm,CLADE_2
CAGAGCCCATGACCCG,Paraxial mesoderm,CLADE_3
CAGAGCCGTAAGGCCA,Primitive erythroid cells,CLADE_4
CAGAGCCGTCAACATC,Surface ectoderm,CLADE_3
CAGAGCCGTGTCCCTT,Primitive erythroid cells,CLADE_2
CAGAGCCGTTCGTGCG,Primitive erythroid cells,CLADE_4
CAGAGCCTCAAGTGTC,Primitive erythroid cells,CLADE_2
CAGAGCCTCACATACG,Primitive erythroid cells,CLADE_2
CAGAGCCTCCGTCCTA,Primitive erythroid cells,CLADE_2
CAGAGCCTCTGGCCTT,Primitive erythroid cells,CLADE_3
CAGATACAGAGCAACC,Surface ectoderm,CLADE_5
CAGATACAGATCCTAC,Primitive erythroid cells,CLADE_4
CAGATACAGGGCCTCT,Primitive erythroid cells,CLADE_2
CAGATACAGGTTAGTA,Surface ectoderm,CLADE_6
CAGATACAGTTGTCGT,Primitive erythroid cells,CLADE_2
CAGATACCAAACTAAG,Primitive erythroid cells,CLADE_2
CAGATACCAAGCGATG,First heart field,CLADE_2
CAGATACCAGAGGACT,Surface ectoderm,CLADE_2
CAGATACCAGGCCCTA,Paraxial mesoderm,CLADE_2
CAGATACCAGTATTCG,NMP,CLADE_2
CAGATACCATGACTCA,NMP,CLADE_2
CAGATACGTCTCGGAC,Endothelium,CLADE_2
CAGATACGTGGAACCA,Primitive erythroid cells,CLADE_5
CAGATACGTGTATTGC,Primitive erythroid cells,CLADE_2
CAGATACTCGAACGGA,Hindbrain,CLADE_5
CAGATACTCGGCTGTG,Gut endoderm,CLADE_3
CAGATACTCGGTCTGG,Lateral plate and intermediate mesoderm,CLADE_2
CAGATCAAGAAGAACG,Forebrain/midbrain,CLADE_5
CAGATCAAGACTCCGC,Primitive erythroid cells,CLADE_2
CAGATCAAGCAGCGAT,Paraxial mesoderm,CLADE_2
CAGATCAAGCTCATAC,Primitive erythroid cells,CLADE_2
CAGATCAAGTTAACAG,Forebrain/midbrain,CLADE_2
CAGATCACACGACGAA,Primitive erythroid cells,CLADE_2
CAGATCACAGTACTAC,Primitive erythroid cells,CLADE_4
CAGATCACATGGCACC,Allantois,CLADE_2
CAGATCAGTACTGCCG,Endothelium,CLADE_4
CAGATCAGTCGCTCGA,Forebrain/midbrain,CLADE_1
CAGATCAGTTCGATTG,NMP,CLADE_2
CAGATCATCAAAGACA,Primitive erythroid cells,CLADE_4
CAGATCATCGATGGAG,Hindbrain,CLADE_2
CAGATCATCGTCTAAG,Forebrain/midbrain,CLADE_2
CAGATCATCTCAACCC,Primitive erythroid cells,CLADE_2
CAGATTGCAAACGAGC,Primitive erythroid cells,CLADE_2
CAGATTGCAAACGTGG,Primitive erythroid cells,CLADE_2
CAGATTGCACTCCACT,Hindbrain,CLADE_3
CAGATTGCATCGCCTT,Primitive erythroid cells,CLADE_2
CAGATTGGTGACGTCC,Forebrain/midbrain,CLADE_3
CAGATTGGTTAGAAGT,Primitive erythroid cells,CLADE_4
CAGATTGTCAATGTCG,Hindbrain,CLADE_2
CAGATTGTCACGTCCT,Primitive erythroid cells,CLADE_3
CAGATTGTCAGCCCAG,NMP,CLADE_3
CAGATTGTCGATCCCT,Primitive erythroid cells,CLADE_2
CAGATTGTCTAGGAAA,Hindbrain,CLADE_2
CAGCAATAGAACCGCA,Hindbrain,CLADE_2
CAGCAATAGACTGTTC,Hindbrain,CLADE_2
CAGCAATAGGCTGAAC,Gut endoderm,CLADE_2
CAGCAATAGGGATCTG,Primitive erythroid cells,CLADE_4
CAGCAATCATGTGACT,Forebrain/midbrain,CLADE_2
CAGCAATGTGAATATG,Surface ectoderm,CLADE_2
CAGCAATGTGGTCCGT,Surface ectoderm,CLADE_2
CAGCAATGTTGTGTTG,NMP,CLADE_2
CAGCAATTCACCATGA,Hindbrain,CLADE_2
CAGCAATTCTGACAGT,Primitive erythroid cells,CLADE_2
CAGCACGAGCATGCGA,Primitive erythroid cells,CLADE_2
CAGCACGAGGCACTAG,Primitive erythroid cells,CLADE_2
CAGCACGAGTATGTAG,Endothelium,CLADE_2
CAGCACGAGTTGCCCG,Hematoendothelial progenitors,CLADE_3
CAGCACGCACATAGCT,Primitive erythroid cells,CLADE_2
CAGCACGCAGCGCGTT,Lateral plate and intermediate mesoderm,CLADE_4
CAGCACGCAGTCAGTT,Lateral plate and intermediate mesoderm,CLADE_2
CAGCACGCATTCCTAT,Lateral plate and intermediate mesoderm,CLADE_2
CAGCACGGTACCTATG,NMP,CLADE_1
CAGCACGGTCCATAGT,Gut endoderm,CLADE_5
CAGCACGGTGTGACCC,Primitive erythroid cells,CLADE_2
CAGCACGTCTATTCGT,Primitive erythroid cells,CLADE_4
CAGCAGCAGAGAGTGA,Hindbrain,CLADE_2
CAGCAGCAGGACAACC,Lateral plate and intermediate mesoderm,CLADE_4
CAGCAGCTCACTGAAC,Primitive erythroid cells,CLADE_2
CAGCAGCTCCCATAAG,Surface ectoderm,CLADE_2
CAGCAGCTCCTAAGTG,Surface ectoderm,CLADE_2
CAGCAGCTCGTAGCCG,Gut endoderm,CLADE_2
CAGCAGCTCTGTCGCT,Placodal area,CLADE_2
CAGCCAGAGCACCTGC,Hindbrain,CLADE_2
CAGCCAGAGGAACATT,Surface ectoderm,CLADE_2
CAGCCAGAGGTACTGG,Endothelium,CLADE_3
CAGCCAGCACCGGCTA,NMP,CLADE_3
CAGCCAGGTGAGTTGG,Primitive erythroid cells,CLADE_2
CAGCCAGGTGCCTAAT,Primitive erythroid cells,CLADE_3
CAGCCAGGTTGGGATG,Cranial neural crest,CLADE_2
CAGCCAGGTTGTAAAG,Primitive erythroid cells,CLADE_2
CAGCCAGTCCTGATAG,NMP,CLADE_2
CAGCCAGTCTATTTCG,Primitive erythroid cells,CLADE_30
CAGCCAGTCTCTGCCA,Lateral plate and intermediate mesoderm,CLADE_2
CAGCGTGAGACCACGA,Surface ectoderm,CLADE_2
CAGCGTGAGATGACAT,Hindbrain,CLADE_2
CAGCGTGAGATTACCC,Primitive erythroid cells,CLADE_2
CAGCGTGAGCTAAATG,Forebrain/midbrain,CLADE_2
CAGCGTGAGTAGTCTC,Cranial neural crest,CLADE_3
CAGCGTGAGTTACTCG,Primitive erythroid cells,CLADE_2
CAGCGTGAGTTGAAAC,Paraxial mesoderm,CLADE_6
CAGCGTGCAATAGTGA,Lateral plate and intermediate mesoderm,CLADE_4
CAGCGTGCACTGTCGG,Primitive erythroid cells,CLADE_2
CAGCGTGCAGGCCCTA,Primitive erythroid cells,CLADE_2
CAGCGTGCAGGCTTGC,Endothelium,CLADE_2
CAGCGTGGTACTAGCT,First heart field,CLADE_1
CAGCGTGGTAGCGTTT,Hindbrain,CLADE_3
CAGCGTGGTAGTTCCA,Forebrain/midbrain,CLADE_2
CAGCGTGGTTCAAGTC,Primitive erythroid cells,CLADE_4
CAGCGTGGTTCTCTCG,Primitive erythroid cells,CLADE_2
CAGCGTGGTTTGAACC,Surface ectoderm,CLADE_2
CAGCGTGTCACCTGTC,Surface ectoderm,CLADE_2
CAGCGTGTCGCAGTCG,Gut endoderm,CLADE_2
CAGCGTGTCGGCAGTC,Primitive erythroid cells,CLADE_2
CAGCGTGTCGTTTACT,Hindbrain,CLADE_2
CAGCGTGTCTCTCTTC,Forebrain/midbrain,CLADE_2
CAGGCCAAGATCCAAA,Primitive erythroid cells,CLADE_4
CAGGCCAAGGGATGTC,Primitive erythroid cells,CLADE_3
CAGGCCAAGGTGCAGT,Lateral plate and intermediate mesoderm,CLADE_3
CAGGCCAAGTAAACAC,Primitive erythroid cells,CLADE_2
CAGGCCAAGTGCAGCA,Forebrain/midbrain,CLADE_4
CAGGCCACAGGGAATC,Lateral plate and intermediate mesoderm,CLADE_2
CAGGCCACAGGGCTTC,Surface ectoderm,CLADE_2
CAGGCCAGTGGGATTG,Hindbrain,CLADE_2
CAGGCCAGTTTCGTAG,Forebrain/midbrain,CLADE_5
CAGGCCATCCGGCAGT,Hindbrain,CLADE_3
CAGGCCATCGCCTTGT,Forebrain/midbrain,CLADE_2
CAGGGCTAGGTCGTAG,Primitive erythroid cells,CLADE_2
CAGGGCTAGTCCGTCG,Paraxial mesoderm,CLADE_2
CAGGGCTCAAGAGCTG,Surface ectoderm,CLADE_2
CAGGGCTCAATTTCTC,Primitive erythroid cells,CLADE_3
CAGGGCTGTATCATGC,Lateral plate and intermediate mesoderm,CLADE_2
CAGGGCTGTATGCTAC,Surface ectoderm,CLADE_2
CAGGGCTGTCAGACGA,Paraxial mesoderm,CLADE_2
CAGGGCTGTCTACAAC,Primitive erythroid cells,CLADE_2
CAGGGCTGTGGACTGA,Surface ectoderm,CLADE_2
CAGGGCTGTTAAAGTG,Allantois,CLADE_2
CAGGGCTTCAAGCCTA,Forebrain/midbrain,CLADE_5
CAGGGCTTCATCAGTG,Lateral plate and intermediate mesoderm,CLADE_2
CAGGGCTTCGCGGACT,Gut endoderm,CLADE_5
CAGGGCTTCGTGCACG,Primitive erythroid cells,CLADE_2
CAGGTATAGACAGCGT,Endothelium,CLADE_2
CAGGTATCACTTGGCG,Hindbrain,CLADE_2
CAGGTATGTAAGCAAT,Placodal area,CLADE_2
CAGGTATGTATGAGAT,NMP,CLADE_2
CAGGTATGTTAAGGGC,Forebrain/midbrain,CLADE_2
CAGGTATGTTGTCCCT,NMP,CLADE_4
CAGGTATTCACAAGAA,Hematoendothelial progenitors,CLADE_2
CAGGTATTCCAGTACA,NMP,CLADE_2
CAGGTATTCGGAAACG,Hindbrain,CLADE_2
CAGGTATTCTTAATCC,Primitive erythroid cells,CLADE_4
CAGGTATTCTTCTAAC,Endothelium,CLADE_4
CAGTGCGAGCAGTACG,Hindbrain,CLADE_2
CAGTGCGAGCCGGAAT,Primitive erythroid cells,CLADE_2
CAGTGCGAGTTGGAGC,Hematoendothelial progenitors,CLADE_2
CAGTGCGCACCAGCCA,Hindbrain,CLADE_31
CAGTGCGCACTGGCGT,Primitive erythroid cells,CLADE_1
CAGTGCGGTAACCCTA,Paraxial mesoderm,CLADE_2
CAGTGCGGTCCACAGC,Lateral plate and intermediate mesoderm,CLADE_3
CAGTGCGTCAGCTTCC,Paraxial mesoderm,CLADE_2
CAGTTAGAGTTCCGTA,Cranial neural crest,CLADE_2
CAGTTAGCAGGTCAAG,Endothelium,CLADE_2
CAGTTAGCATCGATCA,Lateral plate and intermediate mesoderm,CLADE_2
CAGTTCCAGCAACTCT,First heart field,CLADE_2
CAGTTCCAGCAATAGT,Primitive erythroid cells,CLADE_2
CAGTTCCAGCACTCCG,Primitive erythroid cells,CLADE_2
CAGTTCCAGGCGAACT,NMP,CLADE_2
CAGTTCCAGTTGTAAG,Surface ectoderm,CLADE_2
CAGTTCCCAACTTGCA,Forebrain/midbrain,CLADE_2
CAGTTCCCAAGTGTCT,Lateral plate and intermediate mesoderm,CLADE_2
CAGTTCCCACTACCGG,Hindbrain,CLADE_2
CAGTTCCCATCCTGTC,Lateral plate and intermediate mesoderm,CLADE_2
CAGTTCCGTAACATCC,Primitive erythroid cells,CLADE_3
CAGTTCCGTAAGATTG,Primitive erythroid cells,CLADE_2
CAGTTCCGTACTAAGA,Surface ectoderm,CLADE_12
CAGTTCCGTCGTGCCA,Primitive erythroid cells,CLADE_2
CAGTTCCGTTATCCAG,Primitive erythroid cells,CLADE_2
CATAAGCAGAAACTCA,Lateral plate and intermediate mesoderm,CLADE_2
CATAAGCAGCTAAACA,NMP,CLADE_2
CATAAGCAGCTCTTCC,Forebrain/midbrain,CLADE_2
CATAAGCCAGTAGTGG,Lateral plate and intermediate mesoderm,CLADE_2
CATAAGCGTGATACAA,Paraxial mesoderm,CLADE_2
CATAAGCTCAACTACG,Primitive erythroid cells,CLADE_4
CATAAGCTCGTCGGGT,Primitive erythroid cells,CLADE_4
CATAAGCTCTTCGGAA,Placodal area,CLADE_2
CATACAGAGAAAGTCT,Primitive erythroid cells,CLADE_2
CATACAGAGCTTCTAG,Primitive erythroid cells,CLADE_2
CATACAGCACGGCTAC,Forebrain/midbrain,CLADE_1
CATACAGCACTAGTAC,Hematoendothelial progenitors,CLADE_2
CATACAGCACTCCGAG,Primitive erythroid cells,CLADE_3
CATACAGCATACCACA,Paraxial mesoderm,CLADE_2
CATACAGGTACCGTCG,Surface ectoderm,CLADE_2
CATACAGGTGAGTTGG,Forebrain/midbrain,CLADE_2
CATACAGGTGGCTCTG,Forebrain/midbrain,CLADE_2
CATACAGGTGGTAACG,Primitive erythroid cells,CLADE_2
CATACAGTCCGGTAAT,Forebrain/midbrain,CLADE_2
CATACAGTCGCCAACG,Primitive erythroid cells,CLADE_2
CATACAGTCTGGAGAG,Surface ectoderm,CLADE_2
CATACCCAGACATCCT,First heart field,CLADE_2
CATACCCAGACTTGTC,Hindbrain,CLADE_2
CATACCCAGCTACTAC,Endothelium,CLADE_2
CATACCCAGGACAGCT,Gut endoderm,CLADE_2
CATACCCAGTCCTGTA,Lateral plate and intermediate mesoderm,CLADE_2
CATACCCCAAACACGG,Primitive erythroid cells,CLADE_2
CATACCCCAAGGACAC,Primitive erythroid cells,CLADE_2
CATACCCCATGTTTGG,Notochord,CLADE_2
CATACCCTCATGCTAG,NMP,CLADE_2
CATACTTAGCATTTCG,Primitive erythroid cells,CLADE_2
CATACTTAGGGATGTC,Primitive erythroid cells,CLADE_2
CATACTTCAAGGCAAC,Surface ectoderm,CLADE_2
CATACTTCAATCAGCT,Primitive erythroid cells,CLADE_2
CATACTTCAGTCTGGC,Primitive erythroid cells,CLADE_2
CATACTTCAGTGTGCC,Hindbrain,CLADE_2
CATACTTGTATGAAGT,Primitive erythroid cells,CLADE_6
CATACTTGTCGCTTAA,Primitive erythroid cells,CLADE_2
CATACTTGTGACTCTA,Primitive erythroid cells,CLADE_2
CATACTTTCGCTGATA,Primitive erythroid cells,CLADE_2
CATAGACAGCAATTAG,Primitive erythroid cells,CLADE_6
CATAGACAGCTCAGAG,Paraxial mesoderm,CLADE_2
CATAGACAGGCTCTCG,First heart field,CLADE_2
CATAGACAGGCTGGAT,Allantois,CLADE_2
CATAGACAGGTAAAGG,Lateral plate and intermediate mesoderm,CLADE_2
CATAGACAGGTCTGGA,Allantois,CLADE_2
CATAGACAGTTATGGA,Hindbrain,CLADE_3
CATAGACCAGCGTACC,Amniotic ectoderm,CLADE_3
CATAGACCAGTCGGAA,Primitive erythroid cells,CLADE_2
CATAGACCATACATCG,Hindbrain,CLADE_2
CATAGACCATACTTTC,Paraxial mesoderm,CLADE_2
CATAGACGTGGTCTAT,Lateral plate and intermediate mesoderm,CLADE_2
CATAGACTCGAGCCTG,Forebrain/midbrain,CLADE_2
CATAGACTCGTTCCCA,Primitive erythroid cells,CLADE_2
CATAGACTCTCTGAGA,Amniotic ectoderm,CLADE_2
CATAGACTCTTCTTCC,Lateral plate and intermediate mesoderm,CLADE_2
CATCAAGAGAAACCCG,NMP,CLADE_2
CATCAAGAGAACTCCT,Lateral plate and intermediate mesoderm,CLADE_3
CATCAAGAGCACGATG,Forebrain/midbrain,CLADE_5
CATCAAGAGCACTCCG,Gut endoderm,CLADE_2
CATCAAGAGCTGCCTG,Surface ectoderm,CLADE_3
CATCAAGCAAGCGGAT,Surface ectoderm,CLADE_2
CATCAAGCAATTAGGA,NMP,CLADE_2
CATCAAGCATAATCGC,Paraxial mesoderm,CLADE_2
CATCAAGGTCATGGCC,Surface ectoderm,CLADE_2
CATCAAGGTTCATCGA,Cranial neural crest,CLADE_2
CATCAAGGTTCTCCAC,NMP,CLADE_2
CATCAAGGTTTGAACC,Primitive erythroid cells,CLADE_2
CATCAAGTCAGACTGT,Surface ectoderm,CLADE_2
CATCAAGTCCATTTAC,Surface ectoderm,CLADE_2
CATCAAGTCGTTCTGC,Hindbrain,CLADE_2
CATCCACAGAGTTGAT,Endothelium,CLADE_3
CATCCACAGCACTCAT,Placodal area,CLADE_2
CATCCACCAGTCTTCC,Lateral plate and intermediate mesoderm,CLADE_3
CATCCACCAGTTGAAA,Hindbrain,CLADE_2
CATCCACCATTGCCTC,Forebrain/midbrain,CLADE_2
CATCCACGTCCTCCAT,Forebrain/midbrain,CLADE_2
CATCCACGTGGGACAT,Lateral plate and intermediate mesoderm,CLADE_2
CATCCACTCGCTGCGA,Allantois,CLADE_2
CATCCACTCTTTGCTA,NMP,CLADE_2
CATCCCAAGGCGATAC,Hindbrain,CLADE_2
CATCCCAAGTCCCGAC,Lateral plate and intermediate mesoderm,CLADE_2
CATCCCACAGCAGTCC,Primitive erythroid cells,CLADE_2
CATCCCACATGGATCT,Endothelium,CLADE_2
CATCCCAGTCGTAATC,Primitive erythroid cells,CLADE_2
CATCCCAGTGCTTCAA,Primitive erythroid cells,CLADE_4
CATCCCAGTTATGACC,Primitive erythroid cells,CLADE_2
CATCCCATCAAAGGTA,Forebrain/midbrain,CLADE_4
CATCCCATCAAGGACG,Amniotic ectoderm,CLADE_2
CATCCCATCTTGAGCA,Surface ectoderm,CLADE_2
CATCCGTAGAGAGAAC,Gut endoderm,CLADE_2
CATCCGTAGATAGTCA,Primitive erythroid cells,CLADE_4
CATCCGTAGCAGATAT,Forebrain/midbrain,CLADE_2
CATCCGTAGGTGCTGA,Primitive erythroid cells,CLADE_2
CATCCGTCAGGATGAC,NMP,CLADE_2
CATCCGTGTAAGATAC,Primitive erythroid cells,CLADE_1
CATCCGTGTCACTGAT,First heart field,CLADE_2
CATCCGTGTCCAAAGG,Primitive erythroid cells,CLADE_2
CATCCGTGTCCGATCG,Primitive erythroid cells,CLADE_2
CATCCGTGTGCCCGTA,Paraxial mesoderm,CLADE_1
CATCCGTGTTAACAGA,Surface ectoderm,CLADE_2
CATCCGTGTTAAGCAA,Hindbrain,CLADE_2
CATCCGTGTTGTGCAT,Forebrain/midbrain,CLADE_2
CATCCGTTCCCTCTAG,Surface ectoderm,CLADE_2
CATCCGTTCGGCAGTC,Primitive erythroid cells,CLADE_2
CATCCGTTCTTACCAT,Primitive erythroid cells,CLADE_2
CATCGCTAGAGTAACT,Amniotic ectoderm,CLADE_2
CATCGCTAGCGCACAA,Primitive erythroid cells,CLADE_3
CATCGCTCAAGCGAGT,Forebrain/midbrain,CLADE_2
CATCGCTCACTAACCA,Surface ectoderm,CLADE_3
CATCGCTCATTCCTCG,Primitive erythroid cells,CLADE_2
CATCGCTGTAAGCTCT,Forebrain/midbrain,CLADE_2
CATCGCTGTACCGTGC,Primitive erythroid cells,CLADE_4
CATCGCTGTACTGAGG,Primitive erythroid cells,CLADE_2
CATCGCTGTGACTCTA,Hindbrain,CLADE_2
CATCGCTGTGTTCGAT,First heart field,CLADE_2
CATCGCTTCAGCGCGT,Endothelium,CLADE_2
CATCGCTTCCATATGG,Forebrain/midbrain,CLADE_4
CATCGCTTCTCTTAAC,Paraxial mesoderm,CLADE_2
CATCGGGAGAATGTTG,Forebrain/midbrain,CLADE_2
CATCGGGAGACATATG,Lateral plate and intermediate mesoderm,CLADE_32
CATCGGGCAAAGCGTG,Paraxial mesoderm,CLADE_2
CATCGGGCAGACATCT,Gut endoderm,CLADE_2
CATCGGGCAGAGTCTT,Primitive erythroid cells,CLADE_2
CATCGGGCAGCGACAA,Hindbrain,CLADE_2
CATCGGGCAGGACGAT,Primitive erythroid cells,CLADE_2
CATCGGGCAGGTCAGA,Surface ectoderm,CLADE_6
CATCGGGTCAACCTCC,Primitive erythroid cells,CLADE_3
CATCGGGTCTGTTGGA,Forebrain/midbrain,CLADE_1
CATCGTCAGATAGTGT,Amniotic ectoderm,CLADE_2
CATCGTCAGTCAATCC,Primitive erythroid cells,CLADE_2
CATCGTCCAACACACT,First heart field,CLADE_2
CATCGTCCAAGCGAGT,Surface ectoderm,CLADE_2
CATCGTCGTCTAGTGT,Primitive erythroid cells,CLADE_2
CATCGTCGTGCAATAA,Forebrain/midbrain,CLADE_2
CATCGTCGTTGAATCC,Forebrain/midbrain,CLADE_2
CATCGTCGTTGGGATG,Primitive erythroid cells,CLADE_2
CATCGTCTCGCCAATA,Primitive erythroid cells,CLADE_2
CATGAGTAGACTTGTC,Hindbrain,CLADE_2
CATGAGTAGATGCTTC,Primitive erythroid cells,CLADE_2
CATGAGTAGTGGTGGT,Hindbrain,CLADE_2
CATGAGTCACAATGAA,Paraxial mesoderm,CLADE_2
CATGAGTCAGATAAAC,Amniotic ectoderm,CLADE_2
CATGAGTCATCGCTAA,Lateral plate and intermediate mesoderm,CLADE_2
CATGAGTGTCTTCATT,Surface ectoderm,CLADE_2
CATGAGTGTGTCGATT,Primitive erythroid cells,CLADE_2
CATGAGTTCGGTATGT,NMP,CLADE_2
CATGCAAAGATCCTAC,Allantois,CLADE_2
CATGCAAAGATTCGCT,Hindbrain,CLADE_2
CATGCAAAGCATACTC,Hindbrain,CLADE_2
CATGCAAAGTACAGAT,Paraxial mesoderm,CLADE_2
CATGCAACACTTCAAG,NMP,CLADE_2
CATGCAACATGCGTGC,Hindbrain,CLADE_2
CATGCAAGTCTAACGT,NMP,CLADE_2
CATGCAAGTGGATACG,Lateral plate and intermediate mesoderm,CLADE_2
CATGCAATCCTACCGT,Hindbrain,CLADE_2
CATGCAATCTCCGCAT,Hindbrain,CLADE_1
CATGCCTAGGTAAGAG,Primitive erythroid cells,CLADE_2
CATGCCTAGGTGCATG,Primitive erythroid cells,CLADE_2
CATGCCTCACTGGAAG,Forebrain/midbrain,CLADE_2
CATGCCTCAGAATCGG,Lateral plate and intermediate mesoderm,CLADE_2
CATGCCTGTATCAAGA,Endothelium,CLADE_1
CATGCCTTCACAAGGG,Allantois,CLADE_2
CATGCCTTCACACCGG,Primitive erythroid cells,CLADE_2
CATGCCTTCGCTAAAC,Lateral plate and intermediate mesoderm,CLADE_3
CATGCGGAGCGACTTT,Hindbrain,CLADE_2
CATGCGGAGTACTCGT,Primitive erythroid cells,CLADE_2
CATGCGGCAGTTGTTG,Primitive erythroid cells,CLADE_2
CATGCGGCATATGCGT,Lateral plate and intermediate mesoderm,CLADE_2
CATGCGGCATGACTAC,Endothelium,CLADE_3
CATGCGGCATTAGGCT,Primitive erythroid cells,CLADE_2
CATGCGGGTCTAATCG,Primitive erythroid cells,CLADE_2
CATGCGGGTGTCATGT,Lateral plate and intermediate mesoderm,CLADE_2
CATGCGGGTTCCAAAC,Surface ectoderm,CLADE_2
CATGCGGTCCTAGCTC,Primitive erythroid cells,CLADE_2
CATGCGGTCTATCGTT,Gut endoderm,CLADE_2
CATGCTCAGAGGATGA,Allantois,CLADE_2
CATGCTCAGGGACAGG,Primitive erythroid cells,CLADE_2
CATGCTCAGTGGTGAC,Hindbrain,CLADE_2
CATGCTCCAAACTCGT,Lateral plate and intermediate mesoderm,CLADE_2
CATGCTCCACAGACGA,Hindbrain,CLADE_2
CATGCTCCAGTGGGTA,Surface ectoderm,CLADE_3
CATGCTCCAGTTTGGT,Paraxial mesoderm,CLADE_2
CATGCTCCATGACACT,Primitive erythroid cells,CLADE_3
CATGCTCGTCAAATCC,Forebrain/midbrain,CLADE_2
CATGCTCTCATTGCTT,Hindbrain,CLADE_2
CATGCTCTCTAGGCAT,Gut endoderm,CLADE_2
CATGCTCTCTCTCGAC,Cranial neural crest,CLADE_2
CATGCTCTCTTTCCAA,Forebrain/midbrain,CLADE_1
CATGGATAGAAACTGT,Placodal area,CLADE_2
CATGGATAGACGGTCA,Primitive erythroid cells,CLADE_2
CATGGATAGAGCATCG,Paraxial mesoderm,CLADE_2
CATGGATCAATACGAA,Surface ectoderm,CLADE_2
CATGGATGTCAAATCC,Gut endoderm,CLADE_2
CATGGATGTCCAGAAG,Primitive erythroid cells,CLADE_2
CATGGATGTTATCTTC,Primitive erythroid cells,CLADE_2
CATGGATTCAAGATAG,Primitive erythroid cells,CLADE_4
CATGGTAAGATCCGAG,Primitive erythroid cells,CLADE_2
CATGGTAAGATGTTAG,Endothelium,CLADE_2
CATGGTAAGGGAGGGT,Endothelium,CLADE_2
CATGGTACAAACACGG,Cranial neural crest,CLADE_5
CATGGTACAAATCGTC,Lateral plate and intermediate mesoderm,CLADE_2
CATGGTAGTATCAGCT,Lateral plate and intermediate mesoderm,CLADE_2
CATGGTAGTTCAGCGC,Forebrain/midbrain,CLADE_2
CATGGTATCCGGTTCT,Primitive erythroid cells,CLADE_2
CATGGTATCGCAGTTA,Amniotic ectoderm,CLADE_2
CATGGTATCGCCTTGT,Forebrain/midbrain,CLADE_5
CATTCATAGATGATTG,Primitive erythroid cells,CLADE_2
CATTCATAGCCGTTGC,Amniotic ectoderm,CLADE_1
CATTCATAGCTGGCTC,Gut endoderm,CLADE_2
CATTCATAGGCCTGAA,Allantois,CLADE_2
CATTCATCAGCCTATA,Surface ectoderm,CLADE_3
CATTCATCATAACTCG,Primitive erythroid cells,CLADE_2
CATTCATCATCCTTCG,Lateral plate and intermediate mesoderm,CLADE_2
CATTCATGTATCCTTT,Lateral plate and intermediate mesoderm,CLADE_2
CATTCATGTCAACGCC,Placodal area,CLADE_3
CATTCATGTCATCTAG,Surface ectoderm,CLADE_2
CATTCATTCCCTTCCC,Paraxial mesoderm,CLADE_2
CATTCATTCGACCCAG,Primitive erythroid cells,CLADE_2
CATTCCGAGACGGAAA,Primitive erythroid cells,CLADE_4
CATTCCGAGGCGAAGG,Surface ectoderm,CLADE_2
CATTCCGCACAGTCGC,Endothelium,CLADE_2
CATTCCGCACTAGGTT,Lateral plate and intermediate mesoderm,CLADE_2
CATTCCGCATAGATCC,Primitive erythroid cells,CLADE_2
CATTCCGGTAACAGGC,Primitive erythroid cells,CLADE_2
CATTCCGGTATGCAAA,Hindbrain,CLADE_2
CATTCCGGTCCTTAAG,Lateral plate and intermediate mesoderm,CLADE_2
CATTCCGGTTGCTCCT,Primitive erythroid cells,CLADE_2
CATTCCGTCAGAGCAG,Cranial neural crest,CLADE_2
CATTCCGTCCTGCTAC,Forebrain/midbrain,CLADE_4
CATTCCGTCGTAACCA,Hindbrain,CLADE_5
CATTCCGTCTTTGCAT,Primitive erythroid cells,CLADE_2
CATTCTAAGAAGTGTT,Lateral plate and intermediate mesoderm,CLADE_2
CATTCTAAGACACACG,Forebrain/midbrain,CLADE_2
CATTCTAAGTCATGGG,Primitive erythroid cells,CLADE_2
CATTCTACAAAGGCGT,Paraxial mesoderm,CLADE_3
CATTCTACAGTCGCAC,Primitive erythroid cells,CLADE_2
CATTCTACATCCCGTT,Primitive erythroid cells,CLADE_4
CATTCTACATTAAGCC,Primitive erythroid cells,CLADE_2
CATTCTAGTAAGTTAG,Hematoendothelial progenitors,CLADE_2
CATTCTAGTACCGTGC,Primitive erythroid cells,CLADE_6
CATTCTAGTGATTGGG,Forebrain/midbrain,CLADE_2
CATTCTATCCCAACTC,Primitive erythroid cells,CLADE_2
CATTCTATCGACCTAA,Cranial neural crest,CLADE_2
CATTCTATCGGTGTAT,Hindbrain,CLADE_2
CATTGAGAGCGTCGAA,Hematoendothelial progenitors,CLADE_3
CATTGAGAGTAACGTA,Paraxial mesoderm,CLADE_2
CATTGAGGTCTAGATC,Amniotic ectoderm,CLADE_1
CATTGAGGTTGCAACT,Primitive erythroid cells,CLADE_4
CATTGAGTCAGCTTGA,Primitive erythroid cells,CLADE_2
CATTGAGTCATGTCAG,Primitive erythroid cells,CLADE_1
CATTGAGTCGCTAATG,NMP,CLADE_2
CATTGAGTCGCTCTCA,Gut endoderm,CLADE_2
CATTGAGTCGTGTTCC,Primitive erythroid cells,CLADE_2
CATTGCCAGCCATTCA,Hindbrain,CLADE_2
CATTGCCAGGGTACAC,Surface ectoderm,CLADE_2
CATTGCCCACACCGAC,Hindbrain,CLADE_2
CATTGCCCAGGATTCT,Surface ectoderm,CLADE_2
CATTGCCGTAGGAGGG,Endothelium,CLADE_2
CATTGCCGTCGACTTA,Endothelium,CLADE_2
CATTGCCTCGATTTCT,Forebrain/midbrain,CLADE_3
CATTGCCTCGTGGACC,Gut endoderm,CLADE_3
CATTGCCTCTCTCAAT,Cranial neural crest,CLADE_2
CATTGTTAGCGTTCAT,Forebrain/midbrain,CLADE_2
CATTGTTCAAGTATAG,Lateral plate and intermediate mesoderm,CLADE_25
CATTGTTCAGTCCGTG,Primitive erythroid cells,CLADE_3
CATTGTTCATGTGGTT,Surface ectoderm,CLADE_2
CATTGTTGTACTCCGG,Surface ectoderm,CLADE_2
CATTGTTGTCGCACAC,Amniotic ectoderm,CLADE_3
CATTGTTGTGCTCCGA,Paraxial mesoderm,CLADE_5
CATTGTTGTTAAGCAA,Primitive erythroid cells,CLADE_2
CATTGTTGTTTACTTC,Gut endoderm,CLADE_4
CATTGTTTCCATTTGT,Hindbrain,CLADE_2
CATTGTTTCTCAACGA,Lateral plate and intermediate mesoderm,CLADE_2
CATTTCAAGCATCCTA,Surface ectoderm,CLADE_5
CATTTCAAGGTTAGTA,Hindbrain,CLADE_2
CATTTCAGTCCACTCT,Primitive erythroid cells,CLADE_2
CATTTCAGTGTCTTGA,Amniotic ectoderm,CLADE_5
CATTTCATCATCACTT,Paraxial mesoderm,CLADE_3
CCAAGCGGTGGACCTC,Amniotic ectoderm,CLADE_2
CCAAGCGGTTCAGCGC,Hindbrain,CLADE_2
CCAAGCGTCCAACCAA,Forebrain/midbrain,CLADE_2
CCAAGCGTCTGGCCTT,Primitive erythroid cells,CLADE_2
CCAAGCGTCTTCGGAA,Primitive erythroid cells,CLADE_3
CCAATGAAGACGCAGT,Lateral plate and intermediate mesoderm,CLADE_25
CCAATGAAGGAGGCAG,Lateral plate and intermediate mesoderm,CLADE_2
CCAATGAAGGCATCTT,NMP,CLADE_2
CCAATGAAGGTACTGG,Amniotic ectoderm,CLADE_3
CCAATGAAGGTCGTGA,Forebrain/midbrain,CLADE_3
CCAATGACAAGTGGTG,Primitive erythroid cells,CLADE_2
CCAATGACACCCAACG,Hindbrain,CLADE_2
CCAATGACAGACACAG,Primitive erythroid cells,CLADE_4
CCAATGACATGGCTGC,Amniotic ectoderm,CLADE_2
CCAATGACATTACTCT,Lateral plate and intermediate mesoderm,CLADE_2
CCAATGAGTCATCGGC,Primitive erythroid cells,CLADE_1
CCAATGATCAGTGCGC,Primitive erythroid cells,CLADE_2
CCAATTTCAAGCTGCC,Forebrain/midbrain,CLADE_2
CCAATTTCAATCGCCG,Primitive erythroid cells,CLADE_2
CCAATTTGTATTCTCT,Primitive erythroid cells,CLADE_2
CCAATTTGTTGCCGCA,Surface ectoderm,CLADE_2
CCAATTTTCCAGCAAT,Forebrain/midbrain,CLADE_2
CCAATTTTCCGCATAA,Primitive erythroid cells,CLADE_2
CCAATTTTCTGGGCAC,Surface ectoderm,CLADE_2
CCACAAAAGACCCGCT,Primitive erythroid cells,CLADE_2
CCACAAAAGATAGCAT,NMP,CLADE_2
CCACAAAAGCAGTACG,Forebrain/midbrain,CLADE_2
CCACAAAAGGTTGAGC,Primitive erythroid cells,CLADE_2
CCACAAACACTTTAGG,Allantois,CLADE_4
CCACAAATCACCCTTG,Hindbrain,CLADE_2
CCACAAATCGGCTCTT,Placodal area,CLADE_4
CCACACTAGGAGAATG,NMP,CLADE_2
CCACACTCAATACGCT,Hindbrain,CLADE_2
CCACACTCACTGAGTT,Lateral plate and intermediate mesoderm,CLADE_2
CCACACTCACTGCGTG,Hindbrain,CLADE_2
CCACACTCATGGGATG,Endothelium,CLADE_2
CCACACTGTACCTAGT,Placodal area,CLADE_2
CCACACTGTCCAGCGT,Lateral plate and intermediate mesoderm,CLADE_2
CCACACTGTCCCGTGA,Paraxial mesoderm,CLADE_2
CCACACTGTCTACAGT,Surface ectoderm,CLADE_2
CCACACTTCAGGAAGC,Placodal area,CLADE_2
CCACACTTCATTCGTT,Forebrain/midbrain,CLADE_1
CCACACTTCCACGTAA,Paraxial mesoderm,CLADE_2
CCACACTTCCATCGTC,Paraxial mesoderm,CLADE_2
CCACACTTCGCCGATG,Gut endoderm,CLADE_2
CCACACTTCTAGACCA,Primitive erythroid cells,CLADE_2
CCACCATAGATGCCGA,Surface ectoderm,CLADE_2
CCACCATAGTCATTGC,Primitive erythroid cells,CLADE_2
CCACCATCACCCTGTT,Primitive erythroid cells,CLADE_3
CCACCATCAGACAAGC,Lateral plate and intermediate mesoderm,CLADE_4
CCACCATCAGCTGTAT,Cranial neural crest,CLADE_2
CCACCATCATCCGATA,Endothelium,CLADE_2
CCACCATGTCTACGTA,Primitive erythroid cells,CLADE_2
CCACCATGTCTCGGAC,Forebrain/midbrain,CLADE_2
CCACCATGTGGCCACT,Primitive erythroid cells,CLADE_2
CCACCATGTTTATGCG,Primitive erythroid cells,CLADE_2
CCACCATTCCAATCTT,Primitive erythroid cells,CLADE_2
CCACGAGAGGACTGGT,Forebrain/midbrain,CLADE_2
CCACGAGAGTCCCGAC,Primitive erythroid cells,CLADE_6
CCACGAGCACGTACTA,Cranial neural crest,CLADE_2
CCACGAGCATATAGCC,Primitive erythroid cells,CLADE_2
CCACGAGCATCTCAAG,Allantois,CLADE_2
CCACGAGCATTGACCA,NMP,CLADE_2
CCACGAGGTCCGTTTC,Primitive erythroid cells,CLADE_3
CCACGTTCACAATGCT,Gut endoderm,CLADE_2
CCACGTTCAGAGAGGG,Forebrain/midbrain,CLADE_2
CCACGTTCATAATCGC,NMP,CLADE_2
CCACGTTGTAGGATAT,Forebrain/midbrain,CLADE_1
CCACGTTGTCAGTCGC,Primitive erythroid cells,CLADE_2
CCACGTTGTCCATAGT,Primitive erythroid cells,CLADE_4
CCACGTTGTCTCTCAC,Paraxial mesoderm,CLADE_2
CCACGTTGTTCGGACC,NMP,CLADE_3
CCACGTTTCAACCGAT,Lateral plate and intermediate mesoderm,CLADE_2
CCACGTTTCCAGCAAT,Second heart field,CLADE_4
CCACGTTTCCCGAAAT,Surface ectoderm,CLADE_2
CCACGTTTCCCTTGTG,NMP,CLADE_2
CCACTTGCAAGTGATA,Forebrain/midbrain,CLADE_2
CCACTTGCAAGTGTCT,Placodal area,CLADE_6
CCACTTGCAATTTCTC,Hindbrain,CLADE_2
CCACTTGCAGACATCT,Primitive erythroid cells,CLADE_2
CCACTTGGTCTGTCCT,Primitive erythroid cells,CLADE_5
CCACTTGGTCTTGAGT,Paraxial mesoderm,CLADE_2
CCACTTGTCACGAACT,Primitive erythroid cells,CLADE_2
CCACTTGTCCTTATAC,Lateral plate and intermediate mesoderm,CLADE_2
CCACTTGTCTTCTGTA,Primitive erythroid cells,CLADE_2
CCACTTGTCTTGTGCC,Paraxial mesoderm,CLADE_5
CCATAAGAGCGATGGT,Primitive erythroid cells,CLADE_2
CCATAAGAGGTACCTT,Gut endoderm,CLADE_2
CCATAAGCACATGTTG,Second heart field,CLADE_2
CCATAAGCACCGCTGA,Primitive erythroid cells,CLADE_2
CCATAAGCAGCGTAGA,Forebrain/midbrain,CLADE_2
CCATAAGCAGTATGAA,NMP,CLADE_2
CCATAAGCATAACCCA,NMP,CLADE_2
CCATAAGGTCAAATCC,Amniotic ectoderm,CLADE_2
CCATAAGGTGAGATAT,Forebrain/midbrain,CLADE_6
CCATAAGGTGGATTTC,Lateral plate and intermediate mesoderm,CLADE_2
CCATAAGGTTGCTCGG,Primitive erythroid cells,CLADE_2
CCATAAGGTTTACGAC,Primitive erythroid cells,CLADE_2
CCATAAGTCAGTGTTG,NMP,CLADE_2
CCATAAGTCATCGCTC,Primitive erythroid cells,CLADE_4
CCATAAGTCGCGCCAA,Primitive erythroid cells,CLADE_2
CCATAAGTCTGGGCAC,Primitive erythroid cells,CLADE_2
CCATCACAGAATCGCG,Primitive erythroid cells,CLADE_2
CCATCACCAACAGAGC,Primitive erythroid cells,CLADE_5
CCATCACCACCTCTGT,Primitive erythroid cells,CLADE_2
CCATCACCAGAACGCA,Surface ectoderm,CLADE_2
CCATCACCATAGCTGT,Primitive erythroid cells,CLADE_2
CCATCACCATGGCCAC,Gut endoderm,CLADE_2
CCATCACGTGGACCTC,Lateral plate and intermediate mesoderm,CLADE_2
CCATCACGTGGCATCC,Forebrain/midbrain,CLADE_2
CCATCACGTTAGGGTG,Primitive erythroid cells,CLADE_2
CCATCACTCCACGTGG,Surface ectoderm,CLADE_2
CCCAACTAGAGAGTTT,Primitive erythroid cells,CLADE_4
CCCAACTAGCATGATA,Endothelium,CLADE_2
CCCAACTAGCCGATTT,NMP,CLADE_2
CCCAACTAGGCGTCCT,Lateral plate and intermediate mesoderm,CLADE_2
CCCAACTCACGGTGCT,Surface ectoderm,CLADE_2
CCCAACTCAGCTGTTA,Primitive erythroid cells,CLADE_2
CCCAACTCAGTCTACA,Lateral plate and intermediate mesoderm,CLADE_5
CCCAACTCATCGGAGA,Lateral plate and intermediate mesoderm,CLADE_2
CCCAACTCATTCTCTA,Hindbrain,CLADE_4
CCCAACTGTACGGATG,Primitive erythroid cells,CLADE_2
CCCAACTGTCATATGC,Primitive erythroid cells,CLADE_2
CCCAACTGTGAATTAG,Lateral plate and intermediate mesoderm,CLADE_2
CCCAACTTCGCAAGAG,Lateral plate and intermediate mesoderm,CLADE_2
CCCAACTTCGGTCACG,Hematoendothelial progenitors,CLADE_2
CCCAACTTCTATGTGG,Primitive erythroid cells,CLADE_2
CCCAACTTCTTGATTC,Gut endoderm,CLADE_1
CCCATTGAGAAGCGAA,Primitive erythroid cells,CLADE_2
CCCATTGAGATCCCGC,Lateral plate and intermediate mesoderm,CLADE_2
CCCATTGAGCAGCCCT,Placodal area,CLADE_5
CCCATTGAGCCATATC,Paraxial mesoderm,CLADE_2
CCCATTGAGGATCACG,Hindbrain,CLADE_2
CCCATTGAGGCCGCTT,Forebrain/midbrain,CLADE_2
CCCATTGAGTGGCCTC,Amniotic ectoderm,CLADE_2
CCCATTGCACTGAGTT,Hindbrain,CLADE_5
CCCATTGCAGAGTCAG,Second heart field,CLADE_1
CCCATTGCAGCCGTTG,Primitive erythroid cells,CLADE_2
CCCATTGCATACCATG,Primitive erythroid cells,CLADE_4
CCCATTGCATGGCCCA,Primitive erythroid cells,CLADE_2
CCCATTGGTCTACGAT,Surface ectoderm,CLADE_2
CCCATTGGTTTAAGGA,Forebrain/midbrain,CLADE_2
CCCATTGTCCAATCCC,Primitive erythroid cells,CLADE_2
CCCGAAGAGGGTATAT,Surface ectoderm,CLADE_2
CCCGAAGAGTGTTGAA,Lateral plate and intermediate mesoderm,CLADE_2
CCCGAAGCACGCTGAC,Primitive erythroid cells,CLADE_5
CCCGAAGGTCACGACC,Lateral plate and intermediate mesoderm,CLADE_2
CCCGAAGTCCAGTGCG,Paraxial mesoderm,CLADE_2
CCCGAAGTCCCAGTGG,Forebrain/midbrain,CLADE_2
CCCGAAGTCTAGCATG,Surface ectoderm,CLADE_2
CCCGAAGTCTGTGCGG,Surface ectoderm,CLADE_2
CCCGGAAAGATTACCC,Lateral plate and intermediate mesoderm,CLADE_2
CCCGGAAAGCGACCCT,Allantois,CLADE_1
CCCGGAAAGCTCGAAG,Hindbrain,CLADE_2
CCCGGAAGTAGTGATA,NMP,CLADE_2
CCCGGAAGTGACTAAA,Amniotic ectoderm,CLADE_2
CCCGGAAGTGGACAGT,Primitive erythroid cells,CLADE_3
CCCGGAATCACCTTGC,Primitive erythroid cells,CLADE_2
CCCTAACAGACAGTCG,Primitive erythroid cells,CLADE_2
CCCTAACCAGCGGTCT,Hematoendothelial progenitors,CLADE_2
CCCTAACCAGTCCGTG,Hematoendothelial progenitors,CLADE_2
CCCTAACCATCCTCAC,Allantois,CLADE_3
CCCTAACCATGTACGT,Forebrain/midbrain,CLADE_2
CCCTAACGTCAAGGCA,NMP,CLADE_2
CCCTAACGTGATTGGG,Second heart field,CLADE_3
CCCTAACGTGCGGATA,Primitive erythroid cells,CLADE_2
CCCTAACGTTAACCTG,Forebrain/midbrain,CLADE_2
CCCTAACTCAAATGAG,Paraxial mesoderm,CLADE_2
CCCTAACTCAAGTAAG,Paraxial mesoderm,CLADE_4
CCCTAACTCAGCTGAT,Primitive erythroid cells,CLADE_2
CCCTAACTCAGCTTCC,Hindbrain,CLADE_2
CCCTCAAAGAAATCCA,NMP,CLADE_2
CCCTCAAAGCAGAAAG,Endothelium,CLADE_2
CCCTCAACAGAACATA,Primitive erythroid cells,CLADE_2
CCCTCAAGTCGGCACT,Hindbrain,CLADE_2
CCCTCAAGTGGCTGAA,Forebrain/midbrain,CLADE_2
CCCTCAATCGTGCTCT,Lateral plate and intermediate mesoderm,CLADE_2
CCCTCAATCTCGTGAA,NMP,CLADE_1
CCCTCTCAGCTGCCTG,Primitive erythroid cells,CLADE_2
CCCTCTCAGGCTTAAA,Hindbrain,CLADE_3
CCCTCTCCAGTGACCC,Primitive erythroid cells,CLADE_2
CCCTCTCCATCATGAC,NMP,CLADE_2
CCCTCTCCATGGCCAC,Paraxial mesoderm,CLADE_5
CCCTCTCGTCTATGAC,Primitive erythroid cells,CLADE_2
CCCTCTCGTGTTGACT,Primitive erythroid cells,CLADE_2
CCCTCTCTCAGAACCT,Primitive erythroid cells,CLADE_2
CCCTCTCTCAGAGCGA,Primitive erythroid cells,CLADE_2
CCCTCTCTCGAGAAAT,First heart field,CLADE_2
CCCTCTCTCGCACGGT,Forebrain/midbrain,CLADE_2
CCCTCTCTCTGAGGCC,Primitive erythroid cells,CLADE_2
CCCTGATAGCCATTGT,Spinal cord,CLADE_2
CCCTGATAGGATACAT,Primitive erythroid cells,CLADE_2
CCCTGATAGTACCCTA,Lateral plate and intermediate mesoderm,CLADE_3
CCCTGATAGTGCACTT,Primitive erythroid cells,CLADE_2
CCCTGATCAACAAGAT,Amniotic ectoderm,CLADE_2
CCCTGATCAATTGCAC,Endothelium,CLADE_2
CCCTGATCACACACGC,Primitive erythroid cells,CLADE_2
CCCTGATCACCGGTCA,Primitive erythroid cells,CLADE_2
CCCTGATGTATGGAAT,Hindbrain,CLADE_2
CCCTGATGTATTTCTC,Hematoendothelial progenitors,CLADE_2
CCCTGATGTTAGCTAC,NMP,CLADE_2
CCCTTAGCAAGTGCTT,Primitive erythroid cells,CLADE_4
CCCTTAGCACGCCAGT,Surface ectoderm,CLADE_2
CCCTTAGCACTACAGT,Cranial neural crest,CLADE_2
CCCTTAGCAGCAAGAC,Primitive erythroid cells,CLADE_2
CCCTTAGGTAGTCACT,Primitive erythroid cells,CLADE_2
CCCTTAGGTGATGAAT,Hematoendothelial progenitors,CLADE_2
CCCTTAGGTGGATCAG,Gut endoderm,CLADE_6
CCCTTAGTCACAGAGG,Second heart field,CLADE_2
CCCTTAGTCCAATGCA,Forebrain/midbrain,CLADE_2
CCCTTAGTCCTGATAG,Lateral plate and intermediate mesoderm,CLADE_2
CCCTTAGTCGCTCTCA,Primitive erythroid cells,CLADE_4
CCCTTAGTCTGAGGCC,Hindbrain,CLADE_3
CCCTTAGTCTTGGTCC,Primitive erythroid cells,CLADE_4
CCGAACGAGCTCCACG,Allantois,CLADE_1
CCGAACGAGCTGCCTG,Forebrain/midbrain,CLADE_2
CCGAACGAGGTTGTTC,Lateral plate and intermediate mesoderm,CLADE_2
CCGAACGCACAACATC,Primitive erythroid cells,CLADE_2
CCGAACGCATTGGCAT,Spinal cord,CLADE_5
CCGAACGGTATCGGTT,Primitive erythroid cells,CLADE_2
CCGAACGGTCAAACGG,Forebrain/midbrain,CLADE_3
CCGAACGGTTGCATCA,Gut endoderm,CLADE_2
CCGAACGTCATGCGGC,NMP,CLADE_2
CCGAACGTCATTACCT,Primitive erythroid cells,CLADE_2
CCGAACGTCGATACAC,Forebrain/midbrain,CLADE_2
CCGAACGTCGTGCTCT,Lateral plate and intermediate mesoderm,CLADE_2
CCGAACGTCTAGGCAT,NMP,CLADE_1
CCGATCTAGATCACTC,Second heart field,CLADE_3
CCGATCTAGGGTAATT,Hematoendothelial progenitors,CLADE_4
CCGATCTCAATCTCTT,Lateral plate and intermediate mesoderm,CLADE_2
CCGATCTCAGCGTAGA,Lateral plate and intermediate mesoderm,CLADE_4
CCGATCTCAGGTATGG,Surface ectoderm,CLADE_2
CCGATCTGTCGTACTA,Hematoendothelial progenitors,CLADE_2
CCGATCTGTTAAGAAC,First heart field,CLADE_2
CCGATCTTCACATCAG,Endothelium,CLADE_3
CCGATCTTCCTGTTAT,Paraxial mesoderm,CLADE_3
CCGATGGCAATGGCAG,First heart field,CLADE_2
CCGATGGCACCAGTAT,Primitive erythroid cells,CLADE_2
CCGATGGCAGAGGCAT,Gut endoderm,CLADE_2
CCGATGGCATATGGCT,Primitive erythroid cells,CLADE_4
CCGATGGGTAGATCCT,Lateral plate and intermediate mesoderm,CLADE_2
CCGATGGGTAGTACGG,Hindbrain,CLADE_4
CCGATGGGTTTACCAG,Primitive erythroid cells,CLADE_2
CCGATGGTCGCGAAGA,Surface ectoderm,CLADE_3
CCGATGGTCTACTGAG,Primitive erythroid cells,CLADE_2
CCGCAAGAGAATTTGG,Spinal cord,CLADE_2
CCGCAAGAGTTCGCAT,Surface ectoderm,CLADE_2
CCGCAAGCATATGCGT,Primitive erythroid cells,CLADE_3
CCGCAAGGTATTCTCT,Allantois,CLADE_3
CCGCAAGGTCTAACTG,Primitive erythroid cells,CLADE_2
CCGCAAGTCCCGAAAT,Forebrain/midbrain,CLADE_3
CCGCAAGTCTAATTCC,NMP,CLADE_2
CCGGACAAGGCCCAAA,Second heart field,CLADE_3
CCGGACAAGGCCTGAA,Forebrain/midbrain,CLADE_3
CCGGACACAGTCGTTA,Primitive erythroid cells,CLADE_2
CCGGACAGTAACACCT,Primitive erythroid cells,CLADE_2
CCGGACAGTCTACAGT,Endothelium,CLADE_2
CCGGACAGTGCGGATA,Forebrain/midbrain,CLADE_2
CCGGACATCTACTATC,Lateral plate and intermediate mesoderm,CLADE_2
CCGGGTAAGGTCCCTG,Lateral plate and intermediate mesoderm,CLADE_4
CCGGGTAAGTCACGAG,Gut endoderm,CLADE_2
CCGGGTACAGATCCAT,Second heart field,CLADE_5
CCGGGTACATCGCCTT,NMP,CLADE_2
CCGGGTACATGGGCAA,Paraxial mesoderm,CLADE_2
CCGGGTACATTAAGCC,Forebrain/midbrain,CLADE_2
CCGGGTAGTAACACGG,Lateral plate and intermediate mesoderm,CLADE_2
CCGGGTAGTAAGCTCT,Primitive erythroid cells,CLADE_33
CCGGGTAGTCATCCGG,Placodal area,CLADE_2
CCGGGTAGTGTCCTAA,Lateral plate and intermediate mesoderm,CLADE_2
CCGGGTATCGTCAAAC,Paraxial mesoderm,CLADE_2
CCGGTAGAGCGCCTAC,First heart field,CLADE_2
CCGGTAGAGGTCACAG,Placodal area,CLADE_6
CCGGTAGCAACTGAAA,NMP,CLADE_2
CCGGTAGCACGCAGTC,Gut endoderm,CLADE_2
CCGGTAGCACTCGATA,Primitive erythroid cells,CLADE_2
CCGGTAGCACTGCACG,Second heart field,CLADE_3
CCGGTAGGTCACTCGG,First heart field,CLADE_3
CCGGTAGGTCGTTGCG,Allantois,CLADE_2
CCGGTAGGTGCCAAGA,Lateral plate and intermediate mesoderm,CLADE_2
CCGGTAGGTTGGACTT,Hematoendothelial progenitors,CLADE_2
CCGGTAGTCACGTCCT,Paraxial mesoderm,CLADE_2
CCGGTAGTCCCTGTTG,Forebrain/midbrain,CLADE_2
CCGGTAGTCGTAGAGG,Hindbrain,CLADE_2
CCGGTGAAGGCCACCT,Hindbrain,CLADE_2
CCGGTGAAGTCCTGCG,Lateral plate and intermediate mesoderm,CLADE_3
CCGGTGACACCCTTAC,Endothelium,CLADE_2
CCGGTGACACCTGATA,Gut endoderm,CLADE_2
CCGGTGACATGAGAAT,First heart field,CLADE_2
CCGGTGAGTCGAATTC,Paraxial mesoderm,CLADE_2
CCGGTGATCATGCAGT,Lateral plate and intermediate mesoderm,CLADE_32
CCGGTGATCTAGACCA,Lateral plate and intermediate mesoderm,CLADE_2
CCGGTGATCTGTCAGA,Primitive erythroid cells,CLADE_3
CCGGTGATCTTGCGCT,Lateral plate and intermediate mesoderm,CLADE_2
CCGTAGGAGAATTGCA,Primitive erythroid cells,CLADE_2
CCGTAGGAGCTCCCTT,NMP,CLADE_4
CCGTAGGAGTGAACAT,Lateral plate and intermediate mesoderm,CLADE_2
CCGTAGGAGTTACGAA,Allantois,CLADE_2
CCGTAGGCACACCTAA,Primitive erythroid cells,CLADE_2
CCGTAGGCAGCAGAAC,Forebrain/midbrain,CLADE_2
CCGTAGGCATGACTAC,Lateral plate and intermediate mesoderm,CLADE_2
CCGTAGGGTAAGGTCG,Allantois,CLADE_2
CCGTAGGGTCCAAGAG,Primitive erythroid cells,CLADE_2
CCGTAGGGTCGACTGC,Lateral plate and intermediate mesoderm,CLADE_2
CCGTAGGGTTACCTTT,Hindbrain,CLADE_2
CCGTAGGTCAGACCCG,Primitive erythroid cells,CLADE_2
CCGTAGGTCCATTTGT,Primitive erythroid cells,CLADE_2
CCGTAGGTCCGTGTCT,Second heart field,CLADE_2
CCGTAGGTCTACACAG,Hindbrain,CLADE_2
CCGTGAGAGTAAACGT,Primitive erythroid cells,CLADE_2
CCGTGAGAGTATTAGG,Paraxial mesoderm,CLADE_2
CCGTGAGAGTCACACT,Hindbrain,CLADE_2
CCGTGAGCACCAAAGG,NMP,CLADE_2
CCGTGAGCACTAAACC,Lateral plate and intermediate mesoderm,CLADE_2
CCGTGAGCAGCACAAG,Lateral plate and intermediate mesoderm,CLADE_2
CCGTGAGCAGCCATTA,Lateral plate and intermediate mesoderm,CLADE_2
CCGTGAGCATTGACAC,Gut endoderm,CLADE_2
CCGTGAGCATTGTGCA,Primitive erythroid cells,CLADE_2
CCGTGAGGTAACTGCT,NMP,CLADE_2
CCGTGAGGTCCATAGT,Hindbrain,CLADE_3
CCGTGAGGTTCATCTT,Primitive erythroid cells,CLADE_2
CCGTGAGGTTCTCTCG,NMP,CLADE_2
CCGTGAGTCAGAGCAG,Forebrain/midbrain,CLADE_3
CCGTGAGTCAGGCGAA,Primitive erythroid cells,CLADE_2
CCGTGAGTCGAGAATA,Forebrain/midbrain,CLADE_2
CCGTGAGTCGTGGACC,Surface ectoderm,CLADE_2
CCGTTCAAGATGGTAT,NMP,CLADE_2
CCGTTCAAGCAATTCC,Primitive erythroid cells,CLADE_2
CCGTTCAAGGATTTCC,Notochord,CLADE_2
CCGTTCACACTACCCT,Forebrain/midbrain,CLADE_2
CCGTTCACAGAGGACT,NMP,CLADE_2
CCGTTCACAGTCTACA,Hindbrain,CLADE_2
CCGTTCAGTAATCAGA,Forebrain/midbrain,CLADE_2
CCGTTCAGTACATTGC,Surface ectoderm,CLADE_2
CCGTTCAGTATCAGCT,Cranial neural crest,CLADE_2
CCGTTCAGTCCGGTGT,Placodal area,CLADE_2
CCGTTCAGTCGTCGGT,Amniotic ectoderm,CLADE_1
CCGTTCAGTGGCCCAT,Primitive erythroid cells,CLADE_2
CCGTTCAGTTCTCACC,Gut endoderm,CLADE_2
CCGTTCATCCACTTTA,NMP,CLADE_2
CCGTTCATCGTAGGAG,Gut endoderm,CLADE_32
CCGTTCATCGTGGCTG,Primitive erythroid cells,CLADE_2
CCGTTCATCTCGACCT,NMP,CLADE_3
CCGTTCATCTTACACT,Surface ectoderm,CLADE_2
CCTAACCAGATGAATC,Forebrain/midbrain,CLADE_3
CCTAACCAGCATGTTC,Primitive erythroid cells,CLADE_3
CCTAACCAGTCACACT,Lateral plate and intermediate mesoderm,CLADE_1
CCTAACCGTACTAACC,Gut endoderm,CLADE_2
CCTAACCGTCACTGAT,Forebrain/midbrain,CLADE_2
CCTAACCGTGACCTGC,Hematoendothelial progenitors,CLADE_2
CCTAACCGTTGCCATA,Primitive erythroid cells,CLADE_2
CCTAACCTCCCTCTAG,Surface ectoderm,CLADE_2
CCTAAGAAGGGCAGAG,Primitive erythroid cells,CLADE_2
CCTAAGACAACAGATA,Lateral plate and intermediate mesoderm,CLADE_3
CCTAAGACAATCAGCT,Second heart field,CLADE_2
CCTAAGAGTAACACGG,Hindbrain,CLADE_2
CCTAAGAGTATGAGAT,Hindbrain,CLADE_3
CCTAAGATCATTTGCT,Primitive erythroid cells,CLADE_2
CCTAAGATCCGGTTCT,Surface ectoderm,CLADE_2
CCTAAGATCGGACGTC,Paraxial mesoderm,CLADE_2
CCTACGTAGAGAGTTT,Primitive erythroid cells,CLADE_2
CCTACGTAGGATACAT,Gut endoderm,CLADE_2
CCTACGTCAGAGTAAT,Hindbrain,CLADE_2
CCTACGTCAGTGAGCA,Forebrain/midbrain,CLADE_6
CCTACGTGTGCTCTCT,Lateral plate and intermediate mesoderm,CLADE_4
CCTACGTGTGTTAAAG,Endothelium,CLADE_2
CCTACGTTCTAGGCAT,Primitive erythroid cells,CLADE_2
CCTATCGAGACATCAA,Surface ectoderm,CLADE_2
CCTATCGAGAGGTCGT,NMP,CLADE_2
CCTATCGAGCAGGCTA,Primitive erythroid cells,CLADE_2
CCTATCGAGCATCCTA,Forebrain/midbrain,CLADE_2
CCTATCGAGGTCGAGT,NMP,CLADE_3
CCTATCGAGGTTCAGG,Forebrain/midbrain,CLADE_2
CCTATCGCAATGAACA,Amniotic ectoderm,CLADE_2
CCTATCGCAATTCACG,Hindbrain,CLADE_2
CCTATCGCACTAACGT,Surface ectoderm,CLADE_2
CCTATCGGTAGGTAGC,Allantois,CLADE_4
CCTATCGGTCAGGTGA,Lateral plate and intermediate mesoderm,CLADE_2
CCTATCGTCCGCTGTT,Primitive erythroid cells,CLADE_4
CCTATCGTCTAGACAC,Cranial neural crest,CLADE_2
CCTCAACAGGCGAAGG,Lateral plate and intermediate mesoderm,CLADE_2
CCTCAACAGTGGTGAC,NMP,CLADE_2
CCTCAACCAAATACGA,Surface ectoderm,CLADE_2
CCTCAACCAACACAGG,Gut endoderm,CLADE_6
CCTCAACCACACCGCA,Surface ectoderm,CLADE_2
CCTCAACCACATATCG,Endothelium,CLADE_2
CCTCAACGTAGATGTA,Primitive erythroid cells,CLADE_2
CCTCAACGTCGTGATT,Hindbrain,CLADE_2
CCTCAACGTCTGTTAG,Primitive erythroid cells,CLADE_2
CCTCAACTCTAGTTCT,Amniotic ectoderm,CLADE_2
CCTCACAAGAGTGTGC,Endothelium,CLADE_2
CCTCACAAGGGACTGT,Forebrain/midbrain,CLADE_2
CCTCACAAGTATTAGG,Forebrain/midbrain,CLADE_2
CCTCACACACACAGAG,Cranial neural crest,CLADE_2
CCTCACAGTCATACCA,Placodal area,CLADE_20
CCTCACAGTGCAACGA,Allantois,CLADE_2
CCTCACAGTGCAATAA,Gut endoderm,CLADE_2
CCTCACATCACCTCTG,Surface ectoderm,CLADE_2
CCTCACATCCCAAGTA,Forebrain/midbrain,CLADE_2
CCTCACATCGCATTGA,Surface ectoderm,CLADE_3
CCTCAGTAGGCCTGAA,Primitive erythroid cells,CLADE_2
CCTCAGTAGGCTCTCG,Lateral plate and intermediate mesoderm,CLADE_2
CCTCAGTAGGGTAGCT,Amniotic ectoderm,CLADE_2
CCTCAGTAGTACCATC,Primitive erythroid cells,CLADE_6
CCTCAGTCAAGAGAGA,Forebrain/midbrain,CLADE_2
CCTCAGTGTCGCTTAA,Surface ectoderm,CLADE_2
CCTCAGTGTCTGTGCG,Hindbrain,CLADE_2
CCTCAGTGTGGATCGA,Primitive erythroid cells,CLADE_2
CCTCAGTTCACTGAAC,Primitive erythroid cells,CLADE_2
CCTCAGTTCTACCCAC,Primitive erythroid cells,CLADE_3
CCTCATGAGACGCTCC,Paraxial mesoderm,CLADE_2
CCTCATGAGCGATGGT,Paraxial mesoderm,CLADE_3
CCTCATGAGGAGAGGC,Primitive erythroid cells,CLADE_2
CCTCATGAGTCCTGCG,Primitive erythroid cells,CLADE_2
CCTCATGCAATTGCCA,NMP,CLADE_2
CCTCATGGTGTTCGTA,Primitive erythroid cells,CLADE_6
CCTCATGTCAGACATC,Gut endoderm,CLADE_2
CCTCATGTCGTCAAAC,Cranial neural crest,CLADE_1
CCTCATGTCTCCAAGA,Primitive erythroid cells,CLADE_4
CCTCCAAAGTCTTCGA,NMP,CLADE_2
CCTCCAACAACCGTAT,Hindbrain,CLADE_2
CCTCCAACAATTGAGA,Endothelium,CLADE_3
CCTCCAACATGAGAAT,Primitive erythroid cells,CLADE_3
CCTCCAAGTAACATCC,Lateral plate and intermediate mesoderm,CLADE_2
CCTCCAAGTACGTAGG,Forebrain/midbrain,CLADE_2
CCTCCAAGTGTTGCCG,Primitive erythroid cells,CLADE_2
CCTCCAAGTTGGGAAC,Primitive erythroid cells,CLADE_5
CCTCCTCAGAAGGATG,Forebrain/midbrain,CLADE_2
CCTCCTCAGCGTTACT,Hindbrain,CLADE_2
CCTCCTCCACGAGGAT,Primitive erythroid cells,CLADE_2
CCTCCTCCATCCGCGA,Primitive erythroid cells,CLADE_2
CCTCCTCGTGCCGAAA,Lateral plate and intermediate mesoderm,CLADE_2
CCTCCTCGTTACACTG,Forebrain/midbrain,CLADE_2
CCTCCTCGTTCGAACT,Endothelium,CLADE_2
CCTCCTCGTTGCATGT,Forebrain/midbrain,CLADE_2
CCTCCTCTCCGAGAAG,Primitive erythroid cells,CLADE_6
CCTCCTCTCGCTTAAG,Primitive erythroid cells,CLADE_2
CCTCCTCTCTAATTCC,Surface ectoderm,CLADE_2
CCTCTAGAGGAAGTAG,Primitive erythroid cells,CLADE_2
CCTCTAGCAATGGCCC,Hematoendothelial progenitors,CLADE_5
CCTCTAGCACATGTTG,Primitive erythroid cells,CLADE_3
CCTCTAGGTGCGGATA,Surface ectoderm,CLADE_2
CCTCTAGGTTCAGTAC,Spinal cord,CLADE_34
CCTCTAGTCGCCGAAC,Surface ectoderm,CLADE_3
CCTCTAGTCTCATTGT,Primitive erythroid cells,CLADE_1
CCTCTAGTCTGGGCAC,Hindbrain,CLADE_5
CCTCTCCAGACGACTG,Primitive erythroid cells,CLADE_2
CCTCTCCAGAGAGCAA,Gut endoderm,CLADE_2
CCTCTCCAGTGTGTTC,Forebrain/midbrain,CLADE_2
CCTCTCCCAAAGCGTG,Primitive erythroid cells,CLADE_2
CCTCTCCGTAACAGTA,Lateral plate and intermediate mesoderm,CLADE_2
CCTCTCCGTACCCGAC,Hindbrain,CLADE_2
CCTCTCCGTGCAAGAC,Forebrain/midbrain,CLADE_5
CCTGCATCAAATGAGT,Gut endoderm,CLADE_2
CCTGCATCAAGACTGG,NMP,CLADE_3
CCTGCATCACTTTATC,Amniotic ectoderm,CLADE_2
CCTGCATCAGTCGGAA,Forebrain/midbrain,CLADE_2
CCTGCATCATCCTCAC,Lateral plate and intermediate mesoderm,CLADE_2
CCTGCATCATGAAGGC,Primitive erythroid cells,CLADE_6
CCTGCATGTACTAACC,Surface ectoderm,CLADE_3
CCTGCATGTCAAAGAT,Forebrain/midbrain,CLADE_2
CCTGCATGTTACGCCG,Cranial neural crest,CLADE_2
CCTGCATGTTCGGACC,Allantois,CLADE_2
CCTGCATTCAAGTCGT,Surface ectoderm,CLADE_6
CCTGCATTCACATACG,Primitive erythroid cells,CLADE_2
CCTGCATTCCAAGCAT,NMP,CLADE_2
CCTGCATTCCCGTGAG,NMP,CLADE_2
CCTGCATTCGTTGTGA,Forebrain/midbrain,CLADE_3
CCTGTTGAGCATTTGC,NMP,CLADE_2
CCTGTTGAGCTCGCAC,Endothelium,CLADE_2
CCTGTTGAGGGATCTG,Hindbrain,CLADE_2
CCTGTTGAGTGTACAA,Primitive erythroid cells,CLADE_2
CCTGTTGCATATACCG,Gut endoderm,CLADE_2
CCTGTTGGTAACGATA,Primitive erythroid cells,CLADE_2
CCTGTTGGTTGTTGAC,Forebrain/midbrain,CLADE_2
CCTGTTGTCATAGGCT,Hindbrain,CLADE_2
CCTTCAGAGGACTTCT,Forebrain/midbrain,CLADE_2
CCTTCAGAGGATGGCT,Primitive erythroid cells,CLADE_4
CCTTCAGGTAATTGGA,First heart field,CLADE_2
CCTTCAGGTGAATTGA,Cranial neural crest,CLADE_2
CCTTCAGTCGGTATGT,Lateral plate and intermediate mesoderm,CLADE_2
CCTTGTGAGACGCCCT,Paraxial mesoderm,CLADE_6
CCTTGTGAGCTTGTGT,Surface ectoderm,CLADE_4
CCTTGTGAGGAGGCAG,Surface ectoderm,CLADE_1
CCTTGTGAGGCACTCC,Surface ectoderm,CLADE_2
CCTTGTGAGTTCACTG,Surface ectoderm,CLADE_3
CCTTGTGCAACAGCTT,Hindbrain,CLADE_4
CCTTGTGCAGGAACCA,Surface ectoderm,CLADE_3
CCTTGTGGTCTTCTAT,Allantois,CLADE_2
CCTTGTGGTGACAGCA,Primitive erythroid cells,CLADE_2
CCTTGTGGTGTTCCTC,Primitive erythroid cells,CLADE_35
CCTTGTGTCAAGTAAG,Primitive erythroid cells,CLADE_5
CCTTGTGTCAAGTGGG,Primitive erythroid cells,CLADE_2
CCTTGTGTCCTCAGGG,Primitive erythroid cells,CLADE_2
CCTTGTGTCTCCGATC,Forebrain/midbrain,CLADE_2
CCTTTGGAGACGTCCC,Primitive erythroid cells,CLADE_4
CCTTTGGAGAGCTTTC,NMP,CLADE_2
CCTTTGGAGGTCACAG,Gut endoderm,CLADE_2
CCTTTGGAGTATCCTG,Forebrain/midbrain,CLADE_2
CCTTTGGGTTGAGAGC,Endothelium,CLADE_3
CCTTTGGTCATGAAAG,Forebrain/midbrain,CLADE_5
CGAAGGAAGAGCCATG,Surface ectoderm,CLADE_2
CGAAGGAAGGACGGAG,Surface ectoderm,CLADE_2
CGAAGGACAACAGATA,Hindbrain,CLADE_2
CGAAGGACAACGTTAC,Allantois,CLADE_2
CGAAGGACAGACCTGC,Second heart field,CLADE_2
CGAAGGACAGGCCCTA,Surface ectoderm,CLADE_1
CGAAGGACATCAGCTA,Primitive erythroid cells,CLADE_2
CGAAGGAGTATGCGTT,Surface ectoderm,CLADE_2
CGAAGGAGTCACATTG,Surface ectoderm,CLADE_6
CGAAGGAGTTCCACGG,Primitive erythroid cells,CLADE_2
CGAAGGATCGTTATCT,Lateral plate and intermediate mesoderm,CLADE_2
CGAAGGATCGTTCCCA,Allantois,CLADE_2
CGAAGTTAGACTGAGC,Hindbrain,CLADE_2
CGAAGTTAGCTGTCCG,First heart field,CLADE_2
CGAAGTTAGTAGCATA,Primitive erythroid cells,CLADE_1
CGAAGTTCAACTGCTA,Primitive erythroid cells,CLADE_3
CGAAGTTCAATTGCTG,Gut endoderm,CLADE_3
CGAAGTTCAGCTCTGG,Primitive erythroid cells,CLADE_2
CGAAGTTCAGTCCGTG,Primitive erythroid cells,CLADE_2
CGAAGTTCATCTGGGC,Surface ectoderm,CLADE_1
CGAAGTTGTCGCGTTG,Hindbrain,CLADE_5
CGAAGTTGTGAGAGGG,NMP,CLADE_4
CGAAGTTGTGATAGTA,Lateral plate and intermediate mesoderm,CLADE_3
CGAAGTTGTGCAATAA,Hindbrain,CLADE_2
CGAAGTTGTGTTGACT,Primitive erythroid cells,CLADE_2
CGAAGTTGTTCTCTAT,Primitive erythroid cells,CLADE_1
CGAAGTTTCACTCACC,Lateral plate and intermediate mesoderm,CLADE_2
CGAAGTTTCCACCTCA,Paraxial mesoderm,CLADE_1
CGAAGTTTCGTCGATA,Gut endoderm,CLADE_2
CGAATTGAGAAGTGTT,Primitive erythroid cells,CLADE_3
CGAATTGAGAGGCGGA,Primitive erythroid cells,CLADE_6
CGAATTGAGCAAACAT,Forebrain/midbrain,CLADE_2
CGAATTGAGCCAAGGT,Primitive erythroid cells,CLADE_2
CGAATTGAGCGTCTCG,Endothelium,CLADE_2
CGAATTGAGTCGAAGC,Surface ectoderm,CLADE_2
CGAATTGAGTCTTCCC,Primitive erythroid cells,CLADE_2
CGAATTGCAATGTCTG,Forebrain/midbrain,CLADE_2
CGAATTGCACCCAAGC,Primitive erythroid cells,CLADE_2
CGAATTGGTACACTCA,NMP,CLADE_2
CGAATTGGTATGGAGC,Paraxial mesoderm,CLADE_5
CGAATTGGTGCGCTCA,Surface ectoderm,CLADE_2
CGAATTGGTGGGTTGA,Lateral plate and intermediate mesoderm,CLADE_2
CGAATTGGTTAGTCGT,Cranial neural crest,CLADE_2
CGAATTGGTTCGAACT,Cranial neural crest,CLADE_3
CGAATTGTCATCGGGC,Lateral plate and intermediate mesoderm,CLADE_2
CGAATTGTCGCATAGT,NMP,CLADE_2
CGAATTGTCTAGATCG,Hindbrain,CLADE_2
CGACAGCAGGCTCCCA,Primitive erythroid cells,CLADE_2
CGACAGCCAAGACGGT,Primitive erythroid cells,CLADE_3
CGACAGCCACACCTAA,Forebrain/midbrain,CLADE_2
CGACAGCCAGACCCGT,Primitive erythroid cells,CLADE_2
CGACAGCCAGAGAAAG,Primitive erythroid cells,CLADE_2
CGACAGCCATTAGGAA,Placodal area,CLADE_2
CGACAGCGTCAAATCC,Forebrain/midbrain,CLADE_2
CGACAGCGTGTGTCGC,Primitive erythroid cells,CLADE_2
CGACAGCGTTACGTAC,Primitive erythroid cells,CLADE_4
CGACAGCGTTGCATGT,Lateral plate and intermediate mesoderm,CLADE_2
CGACAGCTCGGATAAA,Gut endoderm,CLADE_2
CGACAGCTCGGCATCG,Gut endoderm,CLADE_4
CGACAGCTCTCGACGG,Primitive erythroid cells,CLADE_2
CGACAGCTCTGTAACG,Lateral plate and intermediate mesoderm,CLADE_2
CGACAGCTCTTACCAT,Gut endoderm,CLADE_2
CGAGAAGAGGTCACCC,NMP,CLADE_2
CGAGAAGCAAACACGG,Hematoendothelial progenitors,CLADE_1
CGAGAAGCACTATGTG,Gut endoderm,CLADE_4
CGAGAAGCATGGCACC,Paraxial mesoderm,CLADE_5
CGAGAAGGTTGGGATG,Primitive erythroid cells,CLADE_5
CGAGAAGTCATGGAGG,Gut endoderm,CLADE_3
CGAGAAGTCCGCTTAC,Placodal area,CLADE_2
CGAGAAGTCGTCACCT,Primitive erythroid cells,CLADE_4
CGAGAAGTCTCAGGCG,Forebrain/midbrain,CLADE_2
CGAGGAAAGAGAAGGT,Primitive erythroid cells,CLADE_2
CGAGGAAAGAGGTGCT,Lateral plate and intermediate mesoderm,CLADE_2
CGAGGAAAGATCCAAA,Lateral plate and intermediate mesoderm,CLADE_2
CGAGGAAAGCAAATCA,Primitive erythroid cells,CLADE_2
CGAGGAAAGCCACCGT,Primitive erythroid cells,CLADE_2
CGAGGAAAGGAAGTGA,Second heart field,CLADE_3
CGAGGAAAGGTCCGAA,Hindbrain,CLADE_2
CGAGGAACAAGTTCCA,Paraxial mesoderm,CLADE_2
CGAGGAACACCCTATC,Primitive erythroid cells,CLADE_2
CGAGGAACAGCTGAGA,Surface ectoderm,CLADE_2
CGAGGAAGTAGGCTGA,Surface ectoderm,CLADE_2
CGAGGAAGTCCGAAAG,Lateral plate and intermediate mesoderm,CLADE_4
CGAGGAAGTTAACCTG,Amniotic ectoderm,CLADE_3
CGAGGAAGTTATCCAG,Primitive erythroid cells,CLADE_2
CGAGGAAGTTTCGGCG,Primitive erythroid cells,CLADE_2
CGAGGAATCAACACCA,Primitive erythroid cells,CLADE_1
CGAGGCTCAATTGAGA,Primitive erythroid cells,CLADE_2
CGAGGCTCACAGAGCA,Lateral plate and intermediate mesoderm,CLADE_3
CGAGGCTCATGAAAGT,NMP,CLADE_3
CGAGGCTGTACCACGC,Primitive erythroid cells,CLADE_1
CGAGGCTGTCACAGTT,Primitive erythroid cells,CLADE_2
CGAGGCTGTCCCGGTA,Primitive erythroid cells,CLADE_2
CGAGGCTGTGGAACAC,Hematoendothelial progenitors,CLADE_2
CGAGGCTGTGGCAACA,Amniotic ectoderm,CLADE_2
CGAGGCTGTTACCGTA,Primitive erythroid cells,CLADE_2
CGAGGCTTCGTTGTAG,Forebrain/midbrain,CLADE_2
CGAGTGCCAAGGCCTC,Surface ectoderm,CLADE_2
CGAGTGCCAGCGACAA,Forebrain/midbrain,CLADE_2
CGAGTGCCAGGCATGA,Primitive erythroid cells,CLADE_2
CGAGTGCCATAGAATG,Lateral plate and intermediate mesoderm,CLADE_2
CGAGTGCCATGCCGCA,NMP,CLADE_1
CGAGTGCGTAAGTTAG,Hematoendothelial progenitors,CLADE_2
CGAGTGCGTAGGGTAC,Cranial neural crest,CLADE_2
CGAGTGCGTATCTCGA,Primitive erythroid cells,CLADE_4
CGAGTGCGTCCAACGC,Primitive erythroid cells,CLADE_2
CGAGTGCGTGGATCAG,Primitive erythroid cells,CLADE_2
CGAGTGCTCACGGGCT,Hindbrain,CLADE_2
CGAGTGCTCAGAGTGG,Second heart field,CLADE_3
CGAGTGCTCAGCTTCC,Forebrain/midbrain,CLADE_2
CGAGTGCTCAGTCAGT,Placodal area,CLADE_2
CGAGTGCTCCCATACC,Primitive erythroid cells,CLADE_2
CGAGTGCTCGTTGTGA,Placodal area,CLADE_2
CGAGTTAAGACCTCAT,Lateral plate and intermediate mesoderm,CLADE_2
CGAGTTAAGGAGGCAG,Surface ectoderm,CLADE_2
CGAGTTAAGTATAGGT,NMP,CLADE_2
CGAGTTAAGTGCTCAT,Lateral plate and intermediate mesoderm,CLADE_2
CGAGTTACAAACCGGA,Primitive erythroid cells,CLADE_2
CGAGTTACACTGCACG,First heart field,CLADE_3
CGAGTTACAGCTCGGT,Hindbrain,CLADE_2
CGAGTTACATAAGCGG,Allantois,CLADE_2
CGAGTTACATATACCG,Forebrain/midbrain,CLADE_2
CGAGTTACATCGGAGA,Primitive erythroid cells,CLADE_2
CGAGTTACATGGTACT,Gut endoderm,CLADE_2
CGAGTTAGTCGCATGC,Primitive erythroid cells,CLADE_3
CGAGTTAGTGGAGGTT,Lateral plate and intermediate mesoderm,CLADE_2
CGAGTTAGTTCCAGGC,Primitive erythroid cells,CLADE_4
CGAGTTATCAATCTCT,NMP,CLADE_2
CGAGTTATCGCCAATA,Forebrain/midbrain,CLADE_3
CGAGTTATCGGTCGGT,Forebrain/midbrain,CLADE_2
CGAGTTATCTGGTGGC,Primitive erythroid cells,CLADE_4
CGATCGGAGAGGTGCT,Primitive erythroid cells,CLADE_1
CGATCGGAGATACAGT,Primitive erythroid cells,CLADE_2
CGATCGGAGTGGATTA,Primitive erythroid cells,CLADE_4
CGATCGGCAACAACAA,Forebrain/midbrain,CLADE_2
CGATCGGCAAGCCTGC,Lateral plate and intermediate mesoderm,CLADE_2
CGATCGGCACATGGTT,Forebrain/midbrain,CLADE_2
CGATCGGGTCATCTAG,Primitive erythroid cells,CLADE_2
CGATCGGGTCGTATGT,Forebrain/midbrain,CLADE_2
CGATCGGGTGAATGAT,Primitive erythroid cells,CLADE_2
CGATCGGGTGAGCGAT,Hematoendothelial progenitors,CLADE_2
CGATCGGGTTACCTGA,Surface ectoderm,CLADE_5
CGATCGGGTTGGAGGT,Allantois,CLADE_2
CGATCGGTCGAGTTGT,Lateral plate and intermediate mesoderm,CLADE_3
CGATGCGAGACAACTA,Primitive erythroid cells,CLADE_4
CGATGCGAGCGGTAAC,Cranial neural crest,CLADE_2
CGATGCGAGGGAGAAT,Hindbrain,CLADE_2
CGATGCGAGTAGACAT,Hindbrain,CLADE_1
CGATGCGAGTAGGGTC,Lateral plate and intermediate mesoderm,CLADE_2
CGATGCGCACGGCACT,Allantois,CLADE_2
CGATGCGCAGAACATA,Primitive erythroid cells,CLADE_4
CGATGCGCAGGCTACC,Primitive erythroid cells,CLADE_2
CGATGCGGTACTCAAC,Primitive erythroid cells,CLADE_2
CGATGCGGTAGCGTCC,Endothelium,CLADE_1
CGATGCGGTAGTGCGA,Primitive erythroid cells,CLADE_2
CGATGCGGTCCACGCA,Primitive erythroid cells,CLADE_2
CGATGCGGTCGCTTGG,Endothelium,CLADE_2
CGATGCGGTTGGTAGG,Hindbrain,CLADE_5
CGATGCGTCTCTGACC,Hindbrain,CLADE_2
CGATGGCAGAGATTCA,Forebrain/midbrain,CLADE_2
CGATGGCAGGTCTACT,Primitive erythroid cells,CLADE_2
CGATGGCCACCTCGTT,Primitive erythroid cells,CLADE_2
CGATGGCCATTCACCC,Hindbrain,CLADE_2
CGATGGCGTATGAAAC,Lateral plate and intermediate mesoderm,CLADE_2
CGATGGCGTTCGGCGT,Primitive erythroid cells,CLADE_4
CGATGGCTCAAGCGTT,Hindbrain,CLADE_1
CGATGGCTCACCCTGT,Primitive erythroid cells,CLADE_4
CGATGGCTCATACAGC,Primitive erythroid cells,CLADE_2
CGATGGCTCCTCCACA,Primitive erythroid cells,CLADE_2
CGATGGCTCCTGGGAC,Surface ectoderm,CLADE_2
CGATGGCTCGAAACAA,Primitive erythroid cells,CLADE_2
CGATGGCTCTCGTCGT,Hindbrain,CLADE_2
CGCAGGTAGAGAGCAA,Primitive erythroid cells,CLADE_2
CGCAGGTAGATCACCT,Primitive erythroid cells,CLADE_4
CGCAGGTAGATCCTAC,Paraxial mesoderm,CLADE_2
CGCAGGTAGCATTGTC,Gut endoderm,CLADE_3
CGCAGGTAGGGAGGTG,Surface ectoderm,CLADE_2
CGCAGGTAGTATGGCG,Primitive erythroid cells,CLADE_2
CGCAGGTCAACCTATG,Primitive erythroid cells,CLADE_2
CGCAGGTGTCAACACT,Forebrain/midbrain,CLADE_2
CGCAGGTGTCATACCA,Forebrain/midbrain,CLADE_2
CGCAGGTGTCTGTGTA,Surface ectoderm,CLADE_2
CGCAGGTGTTTCACTT,Primitive erythroid cells,CLADE_3
CGCAGGTTCCAAAGGG,Lateral plate and intermediate mesoderm,CLADE_2
CGCAGGTTCCATCTCG,Forebrain/midbrain,CLADE_2
CGCAGGTTCCTTGGAA,Forebrain/midbrain,CLADE_4
CGCATAAAGAGGTCGT,Lateral plate and intermediate mesoderm,CLADE_2
CGCATAAAGGAGCTGT,Surface ectoderm,CLADE_2
CGCATAAAGTCACTAC,Hindbrain,CLADE_5
CGCATAACAACACAAA,Forebrain/midbrain,CLADE_4
CGCATAACACCAATTG,Primitive erythroid cells,CLADE_2
CGCATAAGTTCTTCAT,Forebrain/midbrain,CLADE_2
CGCATAATCAACTCTT,Lateral plate and intermediate mesoderm,CLADE_2
CGCATAATCAGTGTGT,Lateral plate and intermediate mesoderm,CLADE_2
CGCATAATCCAGTGCG,Forebrain/midbrain,CLADE_2
CGCATAATCCCTCAAC,Forebrain/midbrain,CLADE_2
CGCATAATCCTTGGAA,Primitive erythroid cells,CLADE_2
CGCATAATCGTTTACT,Forebrain/midbrain,CLADE_2
CGCATGGAGCAACTCT,Primitive erythroid cells,CLADE_2
CGCATGGAGGCCTTGC,Primordial germ cells,CLADE_2
CGCATGGAGTGCGACA,Surface ectoderm,CLADE_2
CGCATGGCAGGACAGT,Primitive erythroid cells,CLADE_2
CGCATGGCATCGAACT,Surface ectoderm,CLADE_2
CGCATGGGTTCGGGTC,Surface ectoderm,CLADE_2
CGCATGGTCCTTCGAC,Surface ectoderm,CLADE_5
CGCATGGTCGTCTAAG,Amniotic ectoderm,CLADE_2
CGCATGGTCTAAGCCA,Surface ectoderm,CLADE_2
CGCATGGTCTGACCCT,Primitive erythroid cells,CLADE_3
CGCCAGAAGGGTACGT,Primitive erythroid cells,CLADE_2
CGCCAGACACAACGAG,Surface ectoderm,CLADE_2
CGCCAGAGTACCCACG,Hindbrain,CLADE_2
CGCCAGAGTTAGAGTA,Paraxial mesoderm,CLADE_3
CGCCAGATCATACGAC,Hindbrain,CLADE_3
CGCCAGATCCGCGATG,Primitive erythroid cells,CLADE_2
CGCCAGATCCTTCAGC,Primitive erythroid cells,CLADE_2
CGCCAGATCTGACGCG,Hindbrain,CLADE_2
CGCCATTAGATACATG,Primitive erythroid cells,CLADE_2
CGCCATTAGTCAAGCG,Surface ectoderm,CLADE_3
CGCCATTGTGCTATTG,Gut endoderm,CLADE_2
CGCCATTGTGGAACAC,Surface ectoderm,CLADE_2
CGCCATTGTTGATGTC,Lateral plate and intermediate mesoderm,CLADE_2
CGCCATTTCACAATGC,Forebrain/midbrain,CLADE_1
CGCCATTTCCTTCACG,Forebrain/midbrain,CLADE_2
CGCCATTTCTCTGCTG,Primitive erythroid cells,CLADE_2
CGCGTGAAGCCTGTGC,First heart field,CLADE_2
CGCGTGAAGCGGGTAT,Primitive erythroid cells,CLADE_2
CGCGTGAAGGCATCTT,Hindbrain,CLADE_2
CGCGTGAAGTAGCATA,Gut endoderm,CLADE_2
CGCGTGACAAAGGCGT,Surface ectoderm,CLADE_2
CGCGTGACACGCGGTT,Endothelium,CLADE_2
CGCGTGACAGTTCACA,Forebrain/midbrain,CLADE_2
CGCGTGAGTATCGTGT,Primitive erythroid cells,CLADE_2
CGCGTGAGTTAGTCGT,Endothelium,CLADE_1
CGCGTGAGTTTCGCTC,First heart field,CLADE_2
CGCGTGATCCGATCTC,Amniotic ectoderm,CLADE_2
CGCGTGATCCGTGGCA,Notochord,CLADE_3
CGCGTGATCTCGACCT,NMP,CLADE_2
CGCGTGATCTGCTAGA,Allantois,CLADE_2
CGGAACCAGAACAGGA,Surface ectoderm,CLADE_5
CGGAACCAGAGTCCGA,NMP,CLADE_2
CGGAACCAGCTCGTGC,Amniotic ectoderm,CLADE_2
CGGAACCAGTAAGAGG,Surface ectoderm,CLADE_5
CGGAACCAGTTGAAAC,Lateral plate and intermediate mesoderm,CLADE_4
CGGAACCCAAAGTATG,Primitive erythroid cells,CLADE_2
CGGAACCCAGCTACTA,Hindbrain,CLADE_2
CGGAACCCATTGTAGC,Primitive erythroid cells,CLADE_2
CGGAACCGTAAGGCTG,Primitive erythroid cells,CLADE_2
CGGAACCGTCGTTCAA,Primitive erythroid cells,CLADE_2
CGGAACCGTGATAGTA,Forebrain/midbrain,CLADE_2
CGGAACCGTGCTTATG,Hematoendothelial progenitors,CLADE_2
CGGAACCGTGTGTGTT,Surface ectoderm,CLADE_2
CGGAACCTCACGATAC,Surface ectoderm,CLADE_2
CGGAATTAGGGCCCTT,Primitive erythroid cells,CLADE_2
CGGAATTCAACCACAT,Forebrain/midbrain,CLADE_2
CGGAATTCAGACATCT,Primitive erythroid cells,CLADE_2
CGGAATTCAGAGAGGG,NMP,CLADE_3
CGGAATTCATAAGCAA,Lateral plate and intermediate mesoderm,CLADE_2
CGGAATTGTACACGCC,Surface ectoderm,CLADE_2
CGGAATTGTACGGTTT,Primitive erythroid cells,CLADE_2
CGGAATTGTCATCACA,Primitive erythroid cells,CLADE_2
CGGAATTGTCCGGACT,NMP,CLADE_2
CGGAATTTCATTGCCC,Primitive erythroid cells,CLADE_2
CGGAATTTCCACAAGT,Paraxial mesoderm,CLADE_5
CGGAATTTCTTCGTAT,Gut endoderm,CLADE_3
CGGACACAGCCTCTTC,Primitive erythroid cells,CLADE_4
CGGACACAGTAATCCC,Primitive erythroid cells,CLADE_2
CGGACACCAATTCGTG,Primitive erythroid cells,CLADE_2
CGGACACGTCCGGACT,Cranial neural crest,CLADE_2
CGGACACGTGGTATGG,Primitive erythroid cells,CLADE_2
CGGACACGTTGGGAAC,Forebrain/midbrain,CLADE_2
CGGACACTCATGTCAG,Primitive erythroid cells,CLADE_3
CGGACACTCTCTATAC,Hematoendothelial progenitors,CLADE_3
CGGAGAAAGAGAGTTT,NMP,CLADE_2
CGGAGAAAGAGCGACT,Placodal area,CLADE_2
CGGAGAAAGAGTTGCG,Hindbrain,CLADE_2
CGGAGAACAACAAGAT,Primitive erythroid cells,CLADE_2
CGGAGAACAATAACCC,Primitive erythroid cells,CLADE_2
CGGAGAACACTTGGCG,NMP,CLADE_2
CGGAGAACAGCTTCGG,First heart field,CLADE_2
CGGAGAACAGGAGGAG,Second heart field,CLADE_2
CGGAGAACATATGAAG,Endothelium,CLADE_2
CGGAGAAGTCAGCTTA,Amniotic ectoderm,CLADE_5
CGGAGAAGTGTGCCTG,Primitive erythroid cells,CLADE_3
CGGAGAATCGAAGCCC,Hindbrain,CLADE_2
CGGCAGTAGCACTCTA,Lateral plate and intermediate mesoderm,CLADE_2
CGGCAGTAGCGGTAGT,Primitive erythroid cells,CLADE_2
CGGCAGTAGTGCCTCG,Forebrain/midbrain,CLADE_2
CGGCAGTCACGTGTGC,Hindbrain,CLADE_2
CGGCAGTCACTCAGAT,Primitive erythroid cells,CLADE_2
CGGCAGTGTAGGACTG,Forebrain/midbrain,CLADE_2
CGGCAGTGTGATTAGA,Primitive erythroid cells,CLADE_2
CGGCAGTGTGCCTACG,Amniotic ectoderm,CLADE_3
CGGCAGTGTTCCATTT,Forebrain/midbrain,CLADE_3
CGGCAGTTCCTCACTG,Paraxial mesoderm,CLADE_2
CGGCAGTTCGGTCGAC,Hindbrain,CLADE_2
CGGCAGTTCTGTGCGG,Hindbrain,CLADE_36
CGGGACTAGAATCGCG,Primitive erythroid cells,CLADE_2
CGGGACTAGCGACCCT,Lateral plate and intermediate mesoderm,CLADE_2
CGGGACTCAACCAACT,Primitive erythroid cells,CLADE_2
CGGGACTCACACCTAA,Hindbrain,CLADE_1
CGGGACTCACCGTCGA,Surface ectoderm,CLADE_2
CGGGACTGTCAAATCC,Primitive erythroid cells,CLADE_2
CGGGACTGTTACGCCG,Gut endoderm,CLADE_1
CGGGACTGTTAGGAGC,NMP,CLADE_2
CGGGACTTCCTCAGGG,Surface ectoderm,CLADE_2
CGGGCATAGCCTAACT,Lateral plate and intermediate mesoderm,CLADE_3
CGGGCATAGCTCCGAC,Placodal area,CLADE_2
CGGGCATCAATGCTCA,Hindbrain,CLADE_2
CGGGCATCACGACGCT,Hindbrain,CLADE_2
CGGGCATCACGTAGTT,Lateral plate and intermediate mesoderm,CLADE_3
CGGGCATCACTCCGAG,Gut endoderm,CLADE_2
CGGGCATCACTTCAAG,Hindbrain,CLADE_2
CGGGCATCATCGGCCA,Primitive erythroid cells,CLADE_2
CGGGCATGTGTCTTCC,Lateral plate and intermediate mesoderm,CLADE_2
CGGGCATGTGTGTCGC,Primitive erythroid cells,CLADE_2
CGGGCATTCCACACCT,Primitive erythroid cells,CLADE_2
CGGGTCAAGAGCCATG,Lateral plate and intermediate mesoderm,CLADE_2
CGGGTCAAGAGGATCC,Second heart field,CLADE_1
CGGGTCAAGCATTTGC,Forebrain/midbrain,CLADE_2
CGGGTCAAGTATGAAC,Primitive erythroid cells,CLADE_2
CGGGTCACAAGACGAC,NMP,CLADE_2
CGGGTCACACGCTGTG,Forebrain/midbrain,CLADE_2
CGGGTCACAGTCAGAG,Forebrain/midbrain,CLADE_3
CGGGTCATCACAAGAA,Lateral plate and intermediate mesoderm,CLADE_1
CGGGTCATCAGACAAA,Surface ectoderm,CLADE_4
CGGGTCATCCGAGCTG,Primitive erythroid cells,CLADE_4
CGGGTCATCTTGGATG,Paraxial mesoderm,CLADE_2
CGGGTGTAGAGCCCAA,Forebrain/midbrain,CLADE_2
CGGGTGTAGCATAGGC,Endothelium,CLADE_2
CGGGTGTAGCTATCTG,Lateral plate and intermediate mesoderm,CLADE_2
CGGGTGTAGTATTCCG,NMP,CLADE_2
CGGGTGTCAACCAACT,Primitive erythroid cells,CLADE_2
CGGGTGTCACTCGATA,Hindbrain,CLADE_2
CGGGTGTCAGCTACAT,Amniotic ectoderm,CLADE_3
CGGGTGTCAGCTATAC,Primitive erythroid cells,CLADE_2
CGGGTGTCAGCTCATA,Hindbrain,CLADE_2
CGGGTGTCAGTAGAAT,Forebrain/midbrain,CLADE_3
CGGGTGTGTCGTACAT,Primitive erythroid cells,CLADE_2
CGGGTGTGTTAACAGA,Hindbrain,CLADE_2
CGGGTGTTCCAGCACG,Primitive erythroid cells,CLADE_5
CGGTCAGAGGGCTGAT,Forebrain/midbrain,CLADE_2
CGGTCAGAGGTATAGT,Hindbrain,CLADE_2
CGGTCAGAGGTCCCTG,NMP,CLADE_2
CGGTCAGAGTAGGCCA,Primitive erythroid cells,CLADE_2
CGGTCAGAGTTGCCCG,Lateral plate and intermediate mesoderm,CLADE_2
CGGTCAGCAACAGATA,Primitive erythroid cells,CLADE_3
CGGTCAGCAACGTTAC,Primitive erythroid cells,CLADE_2
CGGTCAGGTAAGTTAG,Primitive erythroid cells,CLADE_2
CGGTCAGGTATTGAGA,Amniotic ectoderm,CLADE_2
CGGTCAGTCGCACTCT,Primitive erythroid cells,CLADE_2
CGGTCAGTCTGGGATT,Primitive erythroid cells,CLADE_2
CGTAAGTAGGGCCAAT,Surface ectoderm,CLADE_2
CGTAAGTAGTAATCCC,Hindbrain,CLADE_2
CGTAAGTCAAGAAATC,Forebrain/midbrain,CLADE_2
CGTAAGTCACCCTATC,Forebrain/midbrain,CLADE_2
CGTAAGTCACGGTGTC,Endothelium,CLADE_2
CGTAAGTCAGGACGAT,Amniotic ectoderm,CLADE_3
CGTAAGTCATGATGCT,Lateral plate and intermediate mesoderm,CLADE_5
CGTAAGTGTCCTGAAT,Gut endoderm,CLADE_2
CGTAAGTGTGACAGGT,Surface ectoderm,CLADE_2
CGTAAGTGTGATAGTA,Primordial germ cells,CLADE_2
CGTAAGTGTTGCATGT,Forebrain/midbrain,CLADE_2
CGTAAGTTCTGGTGCG,Surface ectoderm,CLADE_2
CGTAAGTTCTTCCCGA,Paraxial mesoderm,CLADE_2
CGTAATGAGCAGTAAT,Second heart field,CLADE_2
CGTAATGCACTTGACA,Primitive erythroid cells,CLADE_2
CGTAATGCAGTAACCT,Primitive erythroid cells,CLADE_2
CGTAATGCAGTCTTCC,Hindbrain,CLADE_2
CGTAATGCATGTAACC,Primitive erythroid cells,CLADE_4
CGTAATGCATTCAGGT,Gut endoderm,CLADE_1
CGTAATGGTCCCTGTT,Surface ectoderm,CLADE_2
CGTAATGGTGCCGGTT,Forebrain/midbrain,CLADE_2
CGTAATGGTTCGGCCA,Surface ectoderm,CLADE_2
CGTAATGGTTGTACGT,Allantois,CLADE_2
CGTAATGTCCACAAGT,Primitive erythroid cells,CLADE_2
CGTAATGTCGTGCATA,Surface ectoderm,CLADE_2
CGTAATGTCGTTGTTT,Hematoendothelial progenitors,CLADE_2
CGTAGTAAGAATTCAG,Paraxial mesoderm,CLADE_2
CGTAGTACACCACTGG,Endothelium,CLADE_2
CGTAGTAGTAACAGGC,Surface ectoderm,CLADE_2
CGTAGTATCATGGATC,Forebrain/midbrain,CLADE_1
CGTAGTATCGTAACAC,Cranial neural crest,CLADE_2
CGTAGTATCTCAGTCC,Primitive erythroid cells,CLADE_2
CGTCAAAAGCTTTCTT,First heart field,CLADE_3
CGTCAAACAAGGCGTA,NMP,CLADE_2
CGTCAAACAGGACTTT,Primitive erythroid cells,CLADE_2
CGTCAAAGTAACCCTA,Surface ectoderm,CLADE_5
CGTCAAAGTGCGAGTA,NMP,CLADE_3
CGTCAAATCCTTCGAC,Forebrain/midbrain,CLADE_2
CGTCAAATCGCCAATA,Allantois,CLADE_2
CGTCAAATCGGAGATG,Primitive erythroid cells,CLADE_2
CGTCAAATCTCAACGA,NMP,CLADE_2
CGTCAAATCTCATGCC,Primitive erythroid cells,CLADE_2
CGTCCATAGGGTTTCT,Lateral plate and intermediate mesoderm,CLADE_2
CGTCCATAGTACAGAT,Lateral plate and intermediate mesoderm,CLADE_2
CGTCCATCACCGTCGA,Forebrain/midbrain,CLADE_4
CGTCCATCAGTAGAGC,Primitive erythroid cells,CLADE_4
CGTCCATCATGTCAGT,Cranial neural crest,CLADE_2
CGTCCATGTCGATTCA,Hindbrain,CLADE_2
CGTCCATGTGATTCTG,Endothelium,CLADE_2
CGTCCATGTTTCGCTC,Gut endoderm,CLADE_3
CGTCCATTCACGGACC,Surface ectoderm,CLADE_6
CGTCCATTCCATACTT,Lateral plate and intermediate mesoderm,CLADE_2
CGTCCATTCGAACCTA,Lateral plate and intermediate mesoderm,CLADE_2
CGTCCATTCGATTCCC,Amniotic ectoderm,CLADE_2
CGTGAATAGACGCAGT,Primitive erythroid cells,CLADE_4
CGTGAATAGAGTGACC,Primitive erythroid cells,CLADE_2
CGTGAATAGATAGGGA,Primitive erythroid cells,CLADE_4
CGTGAATAGATTGGGC,Notochord,CLADE_2
CGTGAATAGGTACTGG,Primitive erythroid cells,CLADE_1
CGTGAATAGTCGGCCT,Lateral plate and intermediate mesoderm,CLADE_2
CGTGAATCAAGAGTAT,Allantois,CLADE_2
CGTGAATCATAATCGC,Primitive erythroid cells,CLADE_2
CGTGAATCATCCGTGG,Allantois,CLADE_3
CGTGAATGTATGGGAC,Endothelium,CLADE_2
CGTGAATTCACTGTCC,Hindbrain,CLADE_2
CGTGAATTCGCCATAA,Cranial neural crest,CLADE_3
CGTGATAAGACATCCT,Spinal cord,CLADE_6
CGTGATAAGCTAGAAT,Primitive erythroid cells,CLADE_2
CGTGATACACACCTAA,Forebrain/midbrain,CLADE_2
CGTGATACACTCCGAG,Primitive erythroid cells,CLADE_3
CGTGATACATAATCCG,Lateral plate and intermediate mesoderm,CLADE_4
CGTGATAGTGCCCTTT,Primitive erythroid cells,CLADE_2
CGTGATAGTGGATCGA,Surface ectoderm,CLADE_2
CGTGATAGTGGGTATG,Forebrain/midbrain,CLADE_2
CGTGATATCCCTCTCC,Paraxial mesoderm,CLADE_2
CGTGATATCTACCTTA,Lateral plate and intermediate mesoderm,CLADE_3
CGTGCTTAGGACGCTA,NMP,CLADE_2
CGTGCTTAGGCATGCA,Primitive erythroid cells,CLADE_4
CGTGCTTAGGTATCTC,Forebrain/midbrain,CLADE_2
CGTGCTTCAATCTCTT,Lateral plate and intermediate mesoderm,CLADE_2
CGTGCTTCACGCTGCA,Primitive erythroid cells,CLADE_2
CGTGCTTCAGTCAACT,Primitive erythroid cells,CLADE_2
CGTGCTTGTCGGCTAC,Allantois,CLADE_2
CGTGCTTGTGACTCTA,Primitive erythroid cells,CLADE_2
CGTGCTTTCGATTTCT,Primitive erythroid cells,CLADE_2
CGTGCTTTCTGTGCGG,Hindbrain,CLADE_2
CGTGTCTAGATGCTTC,Primitive erythroid cells,CLADE_2
CGTGTCTAGTTGAAGT,Primitive erythroid cells,CLADE_2
CGTGTCTCAGGACAGT,Gut endoderm,CLADE_2
CGTGTCTCATGGCACC,Amniotic ectoderm,CLADE_18
CGTGTCTGTAGAGATT,Paraxial mesoderm,CLADE_2
CGTGTCTGTCCTCCAT,Surface ectoderm,CLADE_2
CGTGTCTGTCTGTCCT,NMP,CLADE_2
CGTGTCTGTGTTGATC,Hematoendothelial progenitors,CLADE_2
CGTGTCTTCAGCAATC,Primitive erythroid cells,CLADE_2
CGTTAGAAGAGTTGTA,Primitive erythroid cells,CLADE_4
CGTTAGAAGCACTTTG,Hindbrain,CLADE_2
CGTTAGAAGGTTCCGC,Forebrain/midbrain,CLADE_2
CGTTAGAAGTCGTCTA,NMP,CLADE_3
CGTTAGAAGTGGTTGG,Primitive erythroid cells,CLADE_2
CGTTAGACAGGTGTTT,Cranial neural crest,CLADE_2
CGTTAGACATGATGCT,Primitive erythroid cells,CLADE_2
CGTTAGAGTACGTAGG,Gut endoderm,CLADE_2
CGTTAGAGTACTGCCG,Primitive erythroid cells,CLADE_2
CGTTAGAGTATCGCAT,Hematoendothelial progenitors,CLADE_2
CGTTAGAGTCCAAATC,Primitive erythroid cells,CLADE_2
CGTTAGAGTGTAGTGG,Primitive erythroid cells,CLADE_2
CGTTAGAGTTGAATCC,Primitive erythroid cells,CLADE_2
CGTTAGATCCACCTCA,Primitive erythroid cells,CLADE_3
CGTTAGATCCACTTTA,Paraxial mesoderm,CLADE_2
CGTTAGATCCCATGGG,Endothelium,CLADE_2
CGTTCTGAGAGATGCC,Primitive erythroid cells,CLADE_2
CGTTCTGAGCCTCGTG,Lateral plate and intermediate mesoderm,CLADE_2
CGTTCTGAGGAACTAT,Primitive erythroid cells,CLADE_4
CGTTCTGCAGCTTTCC,Surface ectoderm,CLADE_2
CGTTCTGGTACACGCC,Primitive erythroid cells,CLADE_2
CGTTCTGGTCAGGTAG,Primitive erythroid cells,CLADE_5
CGTTCTGGTCGGTAAG,Hindbrain,CLADE_5
CGTTCTGTCAACCTTT,Surface ectoderm,CLADE_3
CGTTCTGTCCTTTGAT,Gut endoderm,CLADE_1
CGTTCTGTCGTTCCCA,Amniotic ectoderm,CLADE_2
CGTTCTGTCTCTCGCA,Amniotic ectoderm,CLADE_2
CGTTGGGAGAATACAC,Primitive erythroid cells,CLADE_4
CGTTGGGAGACTTCGT,Forebrain/midbrain,CLADE_2
CGTTGGGAGCACGATG,Lateral plate and intermediate mesoderm,CLADE_2
CGTTGGGCACATATCG,Primitive erythroid cells,CLADE_2
CGTTGGGCAGCTACCG,Lateral plate and intermediate mesoderm,CLADE_2
CGTTGGGCAGTTTCGA,Hindbrain,CLADE_2
CGTTGGGCATAGTCGT,Primitive erythroid cells,CLADE_2
CGTTGGGGTATGAAAC,Primitive erythroid cells,CLADE_2
CGTTGGGGTCATATGC,Primitive erythroid cells,CLADE_2
CGTTGGGGTGCCGTTG,Spinal cord,CLADE_2
CGTTGGGTCGCAGTGC,Cranial neural crest,CLADE_2
CGTTGGGTCTGAGAAA,Surface ectoderm,CLADE_3
CTAACCCAGGATTCAA,Lateral plate and intermediate mesoderm,CLADE_2
CTAACCCCACTGTTCC,Paraxial mesoderm,CLADE_2
CTAACCCCAGTTAGGG,Primitive erythroid cells,CLADE_2
CTAACCCCATCAGCGC,Forebrain/midbrain,CLADE_2
CTAACCCTCCAGCTCT,Lateral plate and intermediate mesoderm,CLADE_2
CTAACCCTCTCTCAAT,Primitive erythroid cells,CLADE_2
CTAACTTAGATGAAGG,NMP,CLADE_2
CTAACTTAGCGGTAGT,NMP,CLADE_1
CTAACTTCAGCTGTAT,Primitive erythroid cells,CLADE_2
CTAACTTGTAGCCAGA,Amniotic ectoderm,CLADE_3
CTAACTTGTCCAAGAG,Primitive erythroid cells,CLADE_3
CTAACTTGTGATACTC,First heart field,CLADE_2
CTAACTTGTGGAAGTC,NMP,CLADE_2
CTAACTTGTGTATTGC,Allantois,CLADE_2
CTAACTTTCCGATCGG,Allantois,CLADE_2
CTAACTTTCGGTTGTA,Cranial neural crest,CLADE_2
CTAACTTTCTCCGAGG,Lateral plate and intermediate mesoderm,CLADE_2
CTAAGTGAGTTCAACC,Primitive erythroid cells,CLADE_2
CTAAGTGCACAAATCC,Primitive erythroid cells,CLADE_2
CTAAGTGCACGAGAAC,Cranial neural crest,CLADE_2
CTAAGTGCACGGCACT,Forebrain/midbrain,CLADE_6
CTAAGTGGTCATAGTC,NMP,CLADE_2
CTAAGTGGTTCTAACG,Primitive erythroid cells,CLADE_2
CTAAGTGGTTGTGGAG,NMP,CLADE_2
CTAAGTGTCATCCTGC,Surface ectoderm,CLADE_2
CTACAGAAGACTTGTC,Placodal area,CLADE_2
CTACAGAAGCCTCCAG,NMP,CLADE_2
CTACAGAAGCGTGTCC,Primitive erythroid cells,CLADE_4
CTACAGAAGTTCAACC,NMP,CLADE_2
CTACAGAAGTTTCGAC,Surface ectoderm,CLADE_2
CTACAGACAATCAAGA,NMP,CLADE_2
CTACAGACACTGAATC,Gut endoderm,CLADE_2
CTACAGACAGACGCTC,Primitive erythroid cells,CLADE_2
CTACAGACATTCATCT,Hindbrain,CLADE_2
CTACAGAGTCAAGGCA,Hematoendothelial progenitors,CLADE_2
CTACAGAGTCCAACGC,Lateral plate and intermediate mesoderm,CLADE_3
CTACAGAGTGTGTTTG,Lateral plate and intermediate mesoderm,CLADE_2
CTACAGATCGAGAAGC,Lateral plate and intermediate mesoderm,CLADE_5
CTACATTAGAGAGGGC,Gut endoderm,CLADE_4
CTACATTAGTATTAGG,Primitive erythroid cells,CLADE_2
CTACATTCAAACTCTG,Forebrain/midbrain,CLADE_2
CTACATTCAGGGATAC,Endothelium,CLADE_2
CTACATTGTACACGTT,Hindbrain,CLADE_2
CTACATTGTATAGGGC,Primitive erythroid cells,CLADE_2
CTACATTGTGGGCTCT,Primitive erythroid cells,CLADE_2
CTACATTGTGGTTTAC,Amniotic ectoderm,CLADE_2
CTACATTTCAACGAGG,Forebrain/midbrain,CLADE_2
CTACATTTCAAGTAAG,Lateral plate and intermediate mesoderm,CLADE_2
CTACCCAAGCAATAAC,Primitive erythroid cells,CLADE_2
CTACCCAAGCGGGTAT,Surface ectoderm,CLADE_6
CTACCCAAGGGAGTTC,Primitive erythroid cells,CLADE_2
CTACCCAAGTAATACG,Forebrain/midbrain,CLADE_2
CTACCCAAGTATGGAT,Cranial neural crest,CLADE_2
CTACCCACATACTGTG,Gut endoderm,CLADE_2
CTACCTGAGCGTGCCT,Primitive erythroid cells,CLADE_2
CTACCTGAGGAAAGGT,Primitive erythroid cells,CLADE_3
CTACCTGAGGTAAGTT,Primitive erythroid cells,CLADE_2
CTACCTGAGTTGTAAG,Amniotic ectoderm,CLADE_3
CTACCTGCACATGTTG,Primitive erythroid cells,CLADE_3
CTACCTGCACGCCACA,Cranial neural crest,CLADE_2
CTACCTGCAGCTCATA,Paraxial mesoderm,CLADE_1
CTACCTGGTCTCAGGC,Primitive erythroid cells,CLADE_2
CTACCTGTCACGACTA,Cranial neural crest,CLADE_2
CTACCTGTCAGGCGAA,Lateral plate and intermediate mesoderm,CLADE_2
CTACGGGAGCTCAGAG,First heart field,CLADE_2
CTACGGGAGGTAGATT,Forebrain/midbrain,CLADE_1
CTACGGGCAAATACAG,Gut endoderm,CLADE_2
CTACGGGCACATATGC,Gut endoderm,CLADE_2
CTACGGGCACGCGCAT,Lateral plate and intermediate mesoderm,CLADE_2
CTACGGGCACTGTCGG,Lateral plate and intermediate mesoderm,CLADE_2
CTACGGGCATCCGCGA,Hindbrain,CLADE_2
CTACGGGGTCTCTCCA,Primitive erythroid cells,CLADE_2
CTACGGGTCCATCACC,Primitive erythroid cells,CLADE_5
CTACGGGTCGCTTGCT,Forebrain/midbrain,CLADE_2
CTACGGGTCGTCAACA,Surface ectoderm,CLADE_2
CTACTATAGAACCCGA,Endothelium,CLADE_1
CTACTATAGTGGCAGT,First heart field,CLADE_2
CTACTATCACAACGCC,Hindbrain,CLADE_2
CTACTATCAGAACTTC,Gut endoderm,CLADE_2
CTACTATCAGCGAACA,Amniotic ectoderm,CLADE_5
CTACTATCATTGAGGG,Surface ectoderm,CLADE_2
CTACTATGTGCATTTG,Lateral plate and intermediate mesoderm,CLADE_2
CTACTATTCATCGCCT,Primitive erythroid cells,CLADE_2
CTACTATTCTCGACGG,Primitive erythroid cells,CLADE_2
CTAGACAAGACCAGCA,Surface ectoderm,CLADE_2
CTAGACAAGCTGTTCA,Amniotic ectoderm,CLADE_6
CTAGACACACTTGAAC,Forebrain/midbrain,CLADE_2
CTAGACACATAGAATG,Primitive erythroid cells,CLADE_2
CTAGACAGTACCTATG,Hindbrain,CLADE_5
CTAGACAGTCTCACAA,Primitive erythroid cells,CLADE_2
CTAGACAGTGACATCT,Forebrain/midbrain,CLADE_2
CTAGACAGTGCGTTTA,Primitive erythroid cells,CLADE_2
CTAGACATCTAACGGT,Hindbrain,CLADE_6
CTAGACATCTTGAACG,Surface ectoderm,CLADE_6
CTAGGTAAGACGCTCC,Allantois,CLADE_4
CTAGGTAAGCGTGAGT,Forebrain/midbrain,CLADE_2
CTAGGTACAAATCCCA,Gut endoderm,CLADE_2
CTAGGTAGTCACCGCA,Amniotic ectoderm,CLADE_2
CTAGGTAGTCTCTCAC,Surface ectoderm,CLADE_2
CTAGGTAGTCTGTGTA,Gut endoderm,CLADE_3
CTAGGTAGTTGGGAAC,NMP,CLADE_2
CTAGGTATCAAGAGTA,Forebrain/midbrain,CLADE_4
CTAGGTATCATTTACC,Amniotic ectoderm,CLADE_5
CTATAGGAGAAAGCGA,Primitive erythroid cells,CLADE_2
CTATAGGAGACAACTA,Surface ectoderm,CLADE_2
CTATAGGAGCTACAAA,Primitive erythroid cells,CLADE_4
CTATAGGAGGTAGCCA,Surface ectoderm,CLADE_2
CTATAGGCAAAGGAGA,Hindbrain,CLADE_1
CTATAGGCACATAACC,Surface ectoderm,CLADE_2
CTATAGGCAGGCATGA,Primitive erythroid cells,CLADE_2
CTATAGGCATGAAGCG,Primitive erythroid cells,CLADE_2
CTATAGGGTCTACACA,Hindbrain,CLADE_3
CTATAGGGTTATCTTC,Hindbrain,CLADE_2
CTATAGGTCCATCGTC,Primitive erythroid cells,CLADE_4
CTATAGGTCGACGTCG,Primitive erythroid cells,CLADE_2
CTATAGGTCTAAACGC,Forebrain/midbrain,CLADE_2
CTATCCGAGTTAGTGA,Primitive erythroid cells,CLADE_3
CTATCCGCAACCAACT,Primitive erythroid cells,CLADE_2
CTATCCGCAATCCTTT,Surface ectoderm,CLADE_2
CTATCCGCAGTAGTGG,Primitive erythroid cells,CLADE_2
CTATCCGTCCCTTTGG,Hindbrain,CLADE_2
CTATCCGTCGTCTACC,Lateral plate and intermediate mesoderm,CLADE_1
CTATCCGTCGTTATCT,Gut endoderm,CLADE_2
CTATCCGTCTAGATCG,Gut endoderm,CLADE_4
CTATCTAAGGTACAGC,Primitive erythroid cells,CLADE_4
CTATCTAAGTCCCGAC,Amniotic ectoderm,CLADE_3
CTATCTACAACGTTAC,Hindbrain,CLADE_4
CTATCTACAAGCTGTT,Hindbrain,CLADE_2
CTATCTACAGTCTACA,Primitive erythroid cells,CLADE_2
CTATCTACATAGTCAC,Notochord,CLADE_2
CTATCTAGTCGTGATT,Lateral plate and intermediate mesoderm,CLADE_2
CTATCTAGTGAAGCTG,Hindbrain,CLADE_2
CTATCTAGTGGGCTTC,Gut endoderm,CLADE_2
CTATCTATCCCTCGAT,Lateral plate and intermediate mesoderm,CLADE_4
CTATCTATCCGGTAGC,Forebrain/midbrain,CLADE_2
CTATCTATCGGCAGTC,Hindbrain,CLADE_2
CTCAACCAGAAAGCGA,NMP,CLADE_3
CTCAACCAGCGCATCC,Cranial neural crest,CLADE_1
CTCAACCAGTAGACAT,Endothelium,CLADE_2
CTCAACCCAAGGTCAG,Primitive erythroid cells,CLADE_2
CTCAACCCACAGCCTG,Paraxial mesoderm,CLADE_2
CTCAACCCACAGTACT,Primitive erythroid cells,CLADE_2
CTCAACCCATAGTCAC,Forebrain/midbrain,CLADE_5
CTCAACCGTAGTGATA,Spinal cord,CLADE_37
CTCAACCGTCAACGCC,Endothelium,CLADE_2
CTCAACCGTCGTCGGT,Gut endoderm,CLADE_2
CTCAACCGTGATACTC,Forebrain/midbrain,CLADE_1
CTCAACCGTGCAAGAC,Primitive erythroid cells,CLADE_4
CTCAACCGTGCGGATA,Forebrain/midbrain,CLADE_2
CTCAACCTCAGTGTCA,Forebrain/midbrain,CLADE_2
CTCAACCTCCCAAGTA,NMP,CLADE_2
CTCAACCTCTCGCTTG,Gut endoderm,CLADE_2
CTCAAGAAGGAATGTT,Primitive erythroid cells,CLADE_2
CTCAAGAAGGGACTGT,Hindbrain,CLADE_2
CTCAAGAAGTCCCGAC,Primitive erythroid cells,CLADE_2
CTCAAGAAGTTACGTC,Primitive erythroid cells,CLADE_2
CTCAAGACAAACACCT,Placodal area,CLADE_2
CTCAAGACAAGCCCAC,Hindbrain,CLADE_2
CTCAAGACACCCTTGT,Forebrain/midbrain,CLADE_2
CTCAAGACAGGAGACT,NMP,CLADE_2
CTCAAGACATGAAGCG,NMP,CLADE_3
CTCAAGACATGGAATA,Primitive erythroid cells,CLADE_6
CTCAAGACATGGCACC,Surface ectoderm,CLADE_2
CTCAAGAGTACTGAGG,Lateral plate and intermediate mesoderm,CLADE_2
CTCAAGAGTCACGTGC,Spinal cord,CLADE_2
CTCAAGAGTCTCGACG,Surface ectoderm,CLADE_2
CTCAAGAGTTAAGGAT,Paraxial mesoderm,CLADE_2
CTCAAGAGTTACACAC,Forebrain/midbrain,CLADE_4
CTCAAGATCGAACGGA,Paraxial mesoderm,CLADE_4
CTCAATTAGACCAGAC,Allantois,CLADE_2
CTCAATTAGATAGCAT,Lateral plate and intermediate mesoderm,CLADE_5
CTCAATTAGGGATCGT,Primitive erythroid cells,CLADE_2
CTCAATTAGTCTTGGT,Primitive erythroid cells,CLADE_2
CTCAATTCAACAAGAT,Placodal area,CLADE_2
CTCAATTCAGCGTGCT,Primitive erythroid cells,CLADE_3
CTCAATTCAGCTGGTC,Lateral plate and intermediate mesoderm,CLADE_2
CTCAATTGTAATCAGA,Hematoendothelial progenitors,CLADE_2
CTCAATTGTCATTGCA,Forebrain/midbrain,CLADE_2
CTCAATTGTGGTCTGC,Gut endoderm,CLADE_3
CTCAATTGTTGCCGAC,First heart field,CLADE_2
CTCAATTTCAAGTGGG,Endothelium,CLADE_2
CTCAATTTCAGTCAGT,Primitive erythroid cells,CLADE_4
CTCACTGAGCGACAGT,NMP,CLADE_2
CTCACTGAGGATCATA,Primitive erythroid cells,CLADE_5
CTCACTGAGGTTACCT,NMP,CLADE_2
CTCACTGAGTGAGGCT,Primitive erythroid cells,CLADE_2
CTCACTGAGTTCCAGT,Surface ectoderm,CLADE_5
CTCACTGGTACTCAAC,Primitive erythroid cells,CLADE_6
CTCACTGGTTGCATGT,Primitive erythroid cells,CLADE_2
CTCACTGTCAGTCAGT,Lateral plate and intermediate mesoderm,CLADE_2
CTCACTGTCGAAGCCC,Allantois,CLADE_3
CTCACTGTCGCCGAGT,Forebrain/midbrain,CLADE_2
CTCAGAAAGGACTAAT,Primitive erythroid cells,CLADE_3
CTCAGAACAGAGGACT,Primitive erythroid cells,CLADE_2
CTCAGAAGTCGTTGGC,NMP,CLADE_2
CTCAGAAGTGAGAGGG,Hindbrain,CLADE_2
CTCAGAAGTGCATTTG,Forebrain/midbrain,CLADE_2
CTCAGAAGTTCCAAAC,Surface ectoderm,CLADE_2
CTCAGAATCAACTGGT,Hematoendothelial progenitors,CLADE_2
CTCAGAATCGAGTGAG,Primitive erythroid cells,CLADE_2
CTCAGAATCTAGATCG,NMP,CLADE_3
CTCAGGGAGCGAGGAG,Endothelium,CLADE_2
CTCAGGGAGTATCTGC,Primitive erythroid cells,CLADE_3
CTCAGGGCAGGTGTGA,Hindbrain,CLADE_2
CTCAGGGGTATAATGG,Paraxial mesoderm,CLADE_2
CTCAGGGGTATCTTCT,Primitive erythroid cells,CLADE_4
CTCAGGGGTCACTCGG,Forebrain/midbrain,CLADE_2
CTCAGGGGTTAAACCC,Forebrain/midbrain,CLADE_2
CTCAGGGGTTAGGCTT,Endothelium,CLADE_2
CTCAGGGGTTGCTCGG,Lateral plate and intermediate mesoderm,CLADE_1
CTCAGGGGTTGTGCCG,Paraxial mesoderm,CLADE_2
CTCAGGGTCTCCACTG,Spinal cord,CLADE_2
CTCAGTCAGTCCTGTA,Forebrain/midbrain,CLADE_2
CTCAGTCCAATTTCTC,Gut endoderm,CLADE_2
CTCAGTCCAGCGCGTT,Surface ectoderm,CLADE_3
CTCAGTCCAGGTGAGT,Gut endoderm,CLADE_1
CTCAGTCCAGTGGGTA,Lateral plate and intermediate mesoderm,CLADE_2
CTCAGTCTCCTTTGAT,Primitive erythroid cells,CLADE_4
CTCATCGAGTCTAGAA,NMP,CLADE_2
CTCATCGCAAATCAGA,Surface ectoderm,CLADE_3
CTCATCGCACTCAGAT,Forebrain/midbrain,CLADE_2
CTCATCGCAGACTCTA,Amniotic ectoderm,CLADE_2
CTCATCGCATTGGCAT,Cranial neural crest,CLADE_2
CTCATCGGTGCTAGCC,Lateral plate and intermediate mesoderm,CLADE_2
CTCATCGTCAAGCCCG,Endothelium,CLADE_1
CTCATGCAGACAGCGT,Allantois,CLADE_2
CTCATGCAGACATATG,Cranial neural crest,CLADE_2
CTCATGCAGGGAGATA,Surface ectoderm,CLADE_2
CTCATGCAGTGGTGGT,Hindbrain,CLADE_2
CTCATGCAGTTGCGAG,Lateral plate and intermediate mesoderm,CLADE_2
CTCATGCCAAGGTCGA,Surface ectoderm,CLADE_3
CTCATGCCAGGACTAG,Hematoendothelial progenitors,CLADE_5
CTCATGCCAGGTCAGA,Amniotic ectoderm,CLADE_3
CTCATGCGTAGTATAG,Primitive erythroid cells,CLADE_2
CTCATGCGTGGCTACC,NMP,CLADE_3
CTCATGCGTTCGGCGT,Primitive erythroid cells,CLADE_2
CTCATGCTCATGGTAC,Hindbrain,CLADE_1
CTCATTAAGAGTGAAG,Primitive erythroid cells,CLADE_2
CTCATTAAGCGAATGC,Primitive erythroid cells,CLADE_2
CTCATTAAGTAATTGG,Cranial neural crest,CLADE_2
CTCATTAAGTGGTTGG,Surface ectoderm,CLADE_2
CTCATTACAGCGGTTC,Primitive erythroid cells,CLADE_2
CTCATTACAGTGTACT,Endothelium,CLADE_2
CTCATTAGTTAGAGAT,Paraxial mesoderm,CLADE_2
CTCATTAGTTAGGCCC,Primitive erythroid cells,CLADE_2
CTCATTATCCCTTGGT,Surface ectoderm,CLADE_6
CTCCAACAGAAGTATC,Second heart field,CLADE_2
CTCCAACAGGTTCCAT,Primitive erythroid cells,CLADE_2
CTCCAACCAAGAGTAT,Forebrain/midbrain,CLADE_1
CTCCAACCAGCTGTAT,Primitive erythroid cells,CLADE_2
CTCCAACGTAACCCTA,NMP,CLADE_2
CTCCAACGTAGACACG,Primitive erythroid cells,CLADE_2
CTCCAACGTCAGGAGT,Amniotic ectoderm,CLADE_3
CTCCAACGTCTCTCAC,Primitive erythroid cells,CLADE_2
CTCCAACGTCTGATAC,Primitive erythroid cells,CLADE_4
CTCCAACGTGAGGCAT,Gut endoderm,CLADE_3
CTCCAACTCATTGCTT,Hindbrain,CLADE_5
CTCCAACTCCACCCTA,Primitive erythroid cells,CLADE_5
CTCCAACTCCTGGTCT,Primitive erythroid cells,CLADE_6
CTCCAACTCTCTTGCG,Primitive erythroid cells,CLADE_4
CTCCAACTCTTGAACG,Primitive erythroid cells,CLADE_2
CTCCACAAGAACGTGC,Primitive erythroid cells,CLADE_2
CTCCACAAGACCACGA,Endothelium,CLADE_2
CTCCACAAGAGCAAGA,Primitive erythroid cells,CLADE_2
CTCCACAAGCAGTACG,Cranial neural crest,CLADE_2
CTCCACAAGGCAATGC,Hematoendothelial progenitors,CLADE_2
CTCCACAAGGCGACAT,Primitive erythroid cells,CLADE_3
CTCCACAAGTACCGGA,Lateral plate and intermediate mesoderm,CLADE_2
CTCCACAAGTAGGAAG,Primordial germ cells,CLADE_2
CTCCACACAGATAAAC,Amniotic ectoderm,CLADE_2
CTCCACACATAACGGG,Lateral plate and intermediate mesoderm,CLADE_6
CTCCACACATGGCGCT,Lateral plate and intermediate mesoderm,CLADE_2
CTCCACATCAAACTGC,NMP,CLADE_2
CTCCACATCGTGCACG,Primitive erythroid cells,CLADE_2
CTCCACATCTACTGAG,Cranial neural crest,CLADE_2
CTCCATGAGGGCCTCT,First heart field,CLADE_2
CTCCATGGTGACTGTT,Spinal cord,CLADE_2
CTCCATGGTGTTCGAT,Primitive erythroid cells,CLADE_3
CTCCATGTCAGATGCT,Lateral plate and intermediate mesoderm,CLADE_2
CTCCATGTCCTAGCGG,Primitive erythroid cells,CLADE_2
CTCCATGTCGCCTAGG,Primitive erythroid cells,CLADE_2
CTCCATGTCTAGATCG,Cranial neural crest,CLADE_2
CTCCCAAAGAGCCGAT,Primitive erythroid cells,CLADE_2
CTCCCAAAGAGTGTTA,Gut endoderm,CLADE_2
CTCCCAAAGTAAGAGG,Lateral plate and intermediate mesoderm,CLADE_5
CTCCCAACACCCAACG,Hindbrain,CLADE_3
CTCCCAACACGTCGTG,Endothelium,CLADE_2
CTCCCAACAGTCGTTA,Allantois,CLADE_3
CTCCCAAGTAAGCAAT,Gut endoderm,CLADE_6
CTCCCAAGTGGTTTAC,Forebrain/midbrain,CLADE_6
CTCCCAATCAAGCCAT,Forebrain/midbrain,CLADE_5
CTCCCAATCGAAGCCC,Hindbrain,CLADE_2
CTCCCAATCGACATTG,Primitive erythroid cells,CLADE_2
CTCCCAATCTGCCCTA,Lateral plate and intermediate mesoderm,CLADE_2
CTCCCTCAGCGCTGCT,Primitive erythroid cells,CLADE_1
CTCCCTCAGTATAACG,NMP,CLADE_2
CTCCCTCAGTCGCCCA,Primitive erythroid cells,CLADE_2
CTCCCTCAGTTTGGCT,Primitive erythroid cells,CLADE_2
CTCCCTCCAAAGGCGT,First heart field,CLADE_3
CTCCCTCCAAATCAAG,NMP,CLADE_2
CTCCCTCCAAATCGGG,Surface ectoderm,CLADE_3
CTCCCTCCAATAACGA,Primitive erythroid cells,CLADE_2
CTCCCTCCACCACATA,Spinal cord,CLADE_2
CTCCCTCCACTTGTGA,Amniotic ectoderm,CLADE_2
CTCCCTCGTCCGATCG,Hindbrain,CLADE_2
CTCCCTCGTCGGAAAC,Primitive erythroid cells,CLADE_4
CTCCCTCGTGCCAAGA,Placodal area,CLADE_1
CTCCCTCTCCCGATCT,Primitive erythroid cells,CLADE_2
CTCCCTCTCCGCACTT,Placodal area,CLADE_2
CTCCCTCTCCGCGGAT,Surface ectoderm,CLADE_5
CTCCCTCTCCGGTAAT,Lateral plate and intermediate mesoderm,CLADE_1
CTCCCTCTCCTAGCGG,Primitive erythroid cells,CLADE_6
CTCCGATAGGCATGCA,Primitive erythroid cells,CLADE_2
CTCCGATCAACAGTGG,Primitive erythroid cells,CLADE_3
CTCCGATCACGCGTGT,First heart field,CLADE_5
CTCCGATCAGCAGATG,Primitive erythroid cells,CLADE_2
CTCCGATGTTCATCTT,Primitive erythroid cells,CLADE_2
CTCCGATGTTCTCTAT,Forebrain/midbrain,CLADE_4
CTCCGATTCCATAGGT,Forebrain/midbrain,CLADE_2
CTCCGATTCGACTCCT,Primitive erythroid cells,CLADE_2
CTCCGATTCGGCTGTG,Primitive erythroid cells,CLADE_2
CTCCGATTCGTGGGAA,Forebrain/midbrain,CLADE_2
CTCCGATTCTGGCCGA,NMP,CLADE_1
CTCCTCCAGACCAACG,Primitive erythroid cells,CLADE_2
CTCCTCCAGGTTTGAA,Forebrain/midbrain,CLADE_2
CTCCTCCAGTTTGAGA,Surface ectoderm,CLADE_3
CTCCTCCCAAATGCTC,Lateral plate and intermediate mesoderm,CLADE_2
CTCCTCCCAATCAGCT,Paraxial mesoderm,CLADE_5
CTCCTCCCAGGCCTGT,Forebrain/midbrain,CLADE_3
CTCCTCCCATGGCGCT,Gut endoderm,CLADE_3
CTCCTCCGTACACGCC,Lateral plate and intermediate mesoderm,CLADE_4
CTCCTCCGTCGTGATT,Primitive erythroid cells,CLADE_4
CTCCTCCTCGCTAAAC,Lateral plate and intermediate mesoderm,CLADE_2
CTCCTCCTCGCTGATA,Primitive erythroid cells,CLADE_3
CTCCTTTAGATGTTCC,Paraxial mesoderm,CLADE_1
CTCCTTTAGCCTGAGA,Surface ectoderm,CLADE_2
CTCCTTTAGCGTCGAA,Lateral plate and intermediate mesoderm,CLADE_2
CTCCTTTAGTAACAGT,Primitive erythroid cells,CLADE_2
CTCCTTTCAAGGCGTA,Primitive erythroid cells,CLADE_2
CTCCTTTCATAATGAG,Hindbrain,CLADE_2
CTCCTTTCATGAATCC,Primitive erythroid cells,CLADE_3
CTCCTTTGTCTTTCTA,Primitive erythroid cells,CLADE_2
CTCCTTTGTGAGTGAC,Paraxial mesoderm,CLADE_2
CTCCTTTTCAATCTCT,Forebrain/midbrain,CLADE_2
CTCCTTTTCACCCTTG,Paraxial mesoderm,CLADE_2
CTCCTTTTCCGAAATC,Paraxial mesoderm,CLADE_2
CTCCTTTTCGCAAGAG,Hindbrain,CLADE_2
CTCCTTTTCGGACGTC,Forebrain/midbrain,CLADE_2
CTCCTTTTCTAGACCA,Forebrain/midbrain,CLADE_2
CTCGAGGCAACAACAA,NMP,CLADE_3
CTCGAGGGTGAACGGT,Lateral plate and intermediate mesoderm,CLADE_2
CTCGAGGTCCCAATAG,Forebrain/midbrain,CLADE_3
CTCGAGGTCTCCCAAC,Amniotic ectoderm,CLADE_2
CTCTCAGAGAAGCCAC,Lateral plate and intermediate mesoderm,CLADE_2
CTCTCAGAGCAGCCCT,Forebrain/midbrain,CLADE_2
CTCTCAGAGGCCCGTT,Forebrain/midbrain,CLADE_2
CTCTCAGCACAAAGTA,Primitive erythroid cells,CLADE_2
CTCTCAGCAGGGAATC,Allantois,CLADE_2
CTCTCAGCAGGTGTGA,Surface ectoderm,CLADE_2
CTCTCAGCATATTCGG,Hindbrain,CLADE_5
CTCTCAGCATCGTGCG,Lateral plate and intermediate mesoderm,CLADE_2
CTCTCAGGTGACAGGT,Hindbrain,CLADE_3
CTCTCAGTCCGCCTAT,Surface ectoderm,CLADE_3
CTCTCAGTCCTATTTG,Primitive erythroid cells,CLADE_4
CTCTCAGTCTAGGCAT,Primitive erythroid cells,CLADE_1
CTCTCGAAGGGCTAAC,Placodal area,CLADE_1
CTCTCGAAGTCTACCA,Surface ectoderm,CLADE_3
CTCTCGACAAGTGGCA,Notochord,CLADE_2
CTCTCGACATCCGATA,Gut endoderm,CLADE_2
CTCTCGAGTCGATGCC,Amniotic ectoderm,CLADE_3
CTCTCGAGTGCTCTTC,Primitive erythroid cells,CLADE_2
CTCTCGAGTTACCGTA,Surface ectoderm,CLADE_3
CTCTCGATCATAGCAC,Primitive erythroid cells,CLADE_2
CTCTCGATCGACGACC,Paraxial mesoderm,CLADE_2
CTCTCGATCGATGCTA,Primitive erythroid cells,CLADE_2
CTCTCGATCGGTATGT,Primitive erythroid cells,CLADE_2
CTCTGGTAGAGGGTAA,Allantois,CLADE_3
CTCTGGTAGGCCTGCT,Allantois,CLADE_4
CTCTGGTCACGGCACT,NMP,CLADE_2
CTCTGGTTCATACAGC,Primitive erythroid cells,CLADE_4
CTCTGGTTCCACGAAT,Primitive erythroid cells,CLADE_2
CTCTGGTTCCGGTTCT,NMP,CLADE_2
CTCTGGTTCGCTGACG,Primitive erythroid cells,CLADE_4
CTGAATGAGAGAATCT,Surface ectoderm,CLADE_2
CTGAATGAGATTGCGG,Gut endoderm,CLADE_2
CTGAATGAGCAGAAAG,Forebrain/midbrain,CLADE_2
CTGAATGAGGCTTAAA,NMP,CLADE_3
CTGAATGAGGTGCCAA,Primitive erythroid cells,CLADE_2
CTGAATGAGTCTCCTC,Hematoendothelial progenitors,CLADE_2
CTGAATGCAAGGGTCA,Surface ectoderm,CLADE_1
CTGAATGCACCTCTGT,Primitive erythroid cells,CLADE_2
CTGAATGCACGTACAT,Primitive erythroid cells,CLADE_3
CTGAATGCAGCACACC,Lateral plate and intermediate mesoderm,CLADE_2
CTGAATGGTCTAACTG,Primitive erythroid cells,CLADE_1
CTGAATGGTTGAGGAC,Gut endoderm,CLADE_2
CTGAATGTCACTGATG,Surface ectoderm,CLADE_2
CTGAATGTCCGATGTA,Gut endoderm,CLADE_2
CTGAATGTCTCTCAAT,Primitive erythroid cells,CLADE_2
CTGAATGTCTGGGTCG,NMP,CLADE_3
CTGAGCGAGACGCATG,Primitive erythroid cells,CLADE_2
CTGAGCGAGCCGATCC,Hindbrain,CLADE_3
CTGAGCGAGCGTTCAT,Cranial neural crest,CLADE_2
CTGAGCGAGCTCAGAG,Amniotic ectoderm,CLADE_2
CTGAGCGGTCGGCTAC,Forebrain/midbrain,CLADE_2
CTGAGCGGTGAGCGAT,Endothelium,CLADE_2
CTGAGCGGTTGTTTGG,Paraxial mesoderm,CLADE_2
CTGAGCGTCCAAATGC,Primitive erythroid cells,CLADE_3
CTGAGCGTCGAATCCA,Amniotic ectoderm,CLADE_3
CTGAGGCAGCCACAAG,Primitive erythroid cells,CLADE_2
CTGAGGCAGTCATGCT,Gut endoderm,CLADE_6
CTGAGGCCAGGCTTGC,Forebrain/midbrain,CLADE_1
CTGAGGCGTGCTCCGA,NMP,CLADE_2
CTGAGGCTCCGAGATT,Surface ectoderm,CLADE_2
CTGAGGCTCTTCGTGC,Forebrain/midbrain,CLADE_2
CTGATCCAGGCACTAG,Paraxial mesoderm,CLADE_2
CTGATCCAGGGAGGCA,Primitive erythroid cells,CLADE_38
CTGATCCCAAACCGGA,Primitive erythroid cells,CLADE_2
CTGATCCCAAACTGCT,NMP,CLADE_2
CTGATCCCACAAATAG,Forebrain/midbrain,CLADE_2
CTGATCCCATTCAGCA,Lateral plate and intermediate mesoderm,CLADE_2
CTGATCCGTATCAGCT,Primitive erythroid cells,CLADE_2
CTGATCCGTTAGAAAC,Surface ectoderm,CLADE_2
CTGATCCTCGCTACAA,Primitive erythroid cells,CLADE_2
CTGATCCTCTTCACAT,Primitive erythroid cells,CLADE_2
CTGCAGGAGATTAGTG,Surface ectoderm,CLADE_2
CTGCAGGAGGGCGAGA,Primitive erythroid cells,CLADE_2
CTGCAGGGTACTCCGG,Hindbrain,CLADE_2
CTGCAGGGTGTGACCC,Lateral plate and intermediate mesoderm,CLADE_18
CTGCAGGTCAGCTCTC,Forebrain/midbrain,CLADE_2
CTGCAGGTCCAAGAGG,Allantois,CLADE_2
CTGCAGGTCCCACAGG,Primitive erythroid cells,CLADE_2
CTGCAGGTCTAGTCAG,Primitive erythroid cells,CLADE_2
CTGCATCAGTTTGAGA,Hindbrain,CLADE_1
CTGCATCCAAGAAATC,Amniotic ectoderm,CLADE_2
CTGCATCCAATGAAAC,Cranial neural crest,CLADE_1
CTGCATCCACCCTAGG,Primitive erythroid cells,CLADE_2
CTGCATCCAGCGACAA,Primitive erythroid cells,CLADE_5
CTGCATCGTATTGACC,Lateral plate and intermediate mesoderm,CLADE_4
CTGCATCGTGTCTTCC,Cranial neural crest,CLADE_2
CTGCATCTCCAGTACA,Primitive erythroid cells,CLADE_4
CTGCATCTCTTGGATG,Cranial neural crest,CLADE_2
CTGCCATAGACCTCCG,First heart field,CLADE_3
CTGCCATAGAGATGCC,Placodal area,CLADE_5
CTGCCATAGCCAAGTG,Lateral plate and intermediate mesoderm,CLADE_1
CTGCCATCAAATACGA,Forebrain/midbrain,CLADE_3
CTGCCATCACGACTAT,Paraxial mesoderm,CLADE_2
CTGCCATCACGTTCGG,Forebrain/midbrain,CLADE_2
CTGCCATCAGGTTCGC,NMP,CLADE_2
CTGCCATCAGTAGTGG,Gut endoderm,CLADE_2
CTGCCATCATTGTAGC,Primitive erythroid cells,CLADE_2
CTGCCATGTATTTCCT,Primitive erythroid cells,CLADE_2
CTGCCATGTCTGTCAA,Primitive erythroid cells,CLADE_4
CTGCCATTCTCAACCC,Lateral plate and intermediate mesoderm,CLADE_2
CTGCCTAAGAAAGCGA,Lateral plate and intermediate mesoderm,CLADE_2
CTGCCTAAGATCGCTT,Surface ectoderm,CLADE_2
CTGCCTAAGCAGGGAG,NMP,CLADE_3
CTGCCTAAGCGCCATC,Primitive erythroid cells,CLADE_2
CTGCCTAAGTTGAATG,Primitive erythroid cells,CLADE_2
CTGCCTACACAAGTTC,Hindbrain,CLADE_3
CTGCCTACAGAGGCAT,Lateral plate and intermediate mesoderm,CLADE_2
CTGCCTAGTACATTGC,Hematoendothelial progenitors,CLADE_2
CTGCCTAGTACGATGG,Forebrain/midbrain,CLADE_2
CTGCCTAGTCATGCAT,Primitive erythroid cells,CLADE_4
CTGCCTAGTTGTGGCC,Surface ectoderm,CLADE_2
CTGCGAGAGACAGTCG,Hindbrain,CLADE_5
CTGCGAGAGCTGTGCC,Gut endoderm,CLADE_2
CTGCGAGAGGCGAAGG,Paraxial mesoderm,CLADE_2
CTGCGAGAGGTGAGAA,Forebrain/midbrain,CLADE_2
CTGCGAGCAAGATGGC,Gut endoderm,CLADE_6
CTGCGAGCACGTAGTT,Primitive erythroid cells,CLADE_2
CTGCGAGGTAGGCTGA,Primitive erythroid cells,CLADE_2
CTGCGAGGTCTGCAAT,Forebrain/midbrain,CLADE_2
CTGCGAGGTGCCTAAT,Paraxial mesoderm,CLADE_2
CTGCGAGGTTTGGGTT,Gut endoderm,CLADE_3
CTGCGAGTCCCGATCT,Endothelium,CLADE_1
CTGCGAGTCTTAATCC,Second heart field,CLADE_2
CTGCTCAAGACGACTG,Hematoendothelial progenitors,CLADE_2
CTGCTCAAGAGATCGC,Hindbrain,CLADE_2
CTGCTCACAACTGAAA,Allantois,CLADE_2
CTGCTCACACATTCTT,Hindbrain,CLADE_5
CTGCTCACAGTTAAAG,Hindbrain,CLADE_2
CTGCTCACATCTGTTT,Lateral plate and intermediate mesoderm,CLADE_2
CTGCTCAGTAGACTGG,Lateral plate and intermediate mesoderm,CLADE_2
CTGCTCAGTAGGTCAG,Primitive erythroid cells,CLADE_4
CTGCTCATCACCTGTC,Gut endoderm,CLADE_6
CTGCTCATCTCGCGTT,Gut endoderm,CLADE_2
CTGGACGAGACGTCCC,Primitive erythroid cells,CLADE_3
CTGGACGAGATGGTCG,Amniotic ectoderm,CLADE_3
CTGGACGAGCCACAAG,Primitive erythroid cells,CLADE_2
CTGGACGAGGACTATA,Endothelium,CLADE_2
CTGGACGAGTGCAGGT,Hindbrain,CLADE_2
CTGGACGCAACAAGTA,Lateral plate and intermediate mesoderm,CLADE_2
CTGGACGCACTGGACC,Gut endoderm,CLADE_39
CTGGACGCATACCACA,Primitive erythroid cells,CLADE_4
CTGGACGCATGAGAAT,Forebrain/midbrain,CLADE_2
CTGGACGCATGTTTGG,Hindbrain,CLADE_2
CTGGACGGTCTTGGTA,Hindbrain,CLADE_2
CTGGACGGTGGGTATG,Paraxial mesoderm,CLADE_2
CTGGACGGTTGCGTAT,Primitive erythroid cells,CLADE_2
CTGGACGTCCTACCGT,Primitive erythroid cells,CLADE_3
CTGGACGTCGAACACT,Lateral plate and intermediate mesoderm,CLADE_3
CTGGCAGAGAAGCTCG,Primitive erythroid cells,CLADE_2
CTGGCAGAGCGCGTTC,Hematoendothelial progenitors,CLADE_2
CTGGCAGAGTCGAAGC,Surface ectoderm,CLADE_2
CTGGCAGCACAGAGAC,Primitive erythroid cells,CLADE_2
CTGGCAGCACTATCGA,Surface ectoderm,CLADE_2
CTGGCAGCAGAACTTC,Amniotic ectoderm,CLADE_2
CTGGCAGCAGAAGTTA,Amniotic ectoderm,CLADE_5
CTGGCAGCATGACACT,Endothelium,CLADE_4
CTGGCAGCATGGGAAC,Forebrain/midbrain,CLADE_3
CTGGCAGGTCTTGTCC,Forebrain/midbrain,CLADE_2
CTGGCAGGTTCGGGTC,Primitive erythroid cells,CLADE_4
CTGGTCTAGGCAGTCA,NMP,CLADE_2
CTGGTCTAGTCACTGT,Gut endoderm,CLADE_4
CTGGTCTCAACTTCTT,Notochord,CLADE_2
CTGGTCTCAATCGCGC,First heart field,CLADE_2
CTGGTCTCACAACATC,Primitive erythroid cells,CLADE_2
CTGGTCTCACGCGTGT,Endothelium,CLADE_2
CTGGTCTCACTTACAG,Notochord,CLADE_3
CTGGTCTCAGAGCTAG,Primitive erythroid cells,CLADE_2
CTGGTCTGTACTGGGA,NMP,CLADE_2
CTGGTCTTCTCTGCCA,Lateral plate and intermediate mesoderm,CLADE_2
CTGTACCAGAGGGTCT,Endothelium,CLADE_2
CTGTACCAGCACAAAT,Allantois,CLADE_2
CTGTACCAGGGCGAGA,NMP,CLADE_2
CTGTACCAGTGCACTT,Forebrain/midbrain,CLADE_2
CTGTACCCAGGAGGAG,Forebrain/midbrain,CLADE_2
CTGTACCCAGTCTTCC,Lateral plate and intermediate mesoderm,CLADE_40
CTGTACCGTATGAAGT,Lateral plate and intermediate mesoderm,CLADE_2
CTGTACCGTCCTACAA,Hindbrain,CLADE_2
CTGTACCGTTCGGTTA,Primitive erythroid cells,CLADE_2
CTGTACCTCAGACCCG,Hindbrain,CLADE_2
CTGTACCTCAGCTCTC,Primitive erythroid cells,CLADE_4
CTGTACCTCATTGTTC,Primitive erythroid cells,CLADE_2
CTGTACCTCCCTTGTG,First heart field,CLADE_2
CTGTACCTCTCTAAGG,Hindbrain,CLADE_2
CTGTACCTCTTGAGCA,Primitive erythroid cells,CLADE_2
CTGTAGAAGATTGTGA,Endothelium,CLADE_2
CTGTAGAAGCCTAACT,Lateral plate and intermediate mesoderm,CLADE_2
CTGTAGAAGGGCTGAT,Primitive erythroid cells,CLADE_4
CTGTAGACAACCGACC,First heart field,CLADE_6
CTGTAGACAGACGCTC,Cranial neural crest,CLADE_2
CTGTAGACATCGGCCA,Endothelium,CLADE_2
CTGTAGAGTCAGACTT,Surface ectoderm,CLADE_5
CTGTAGATCCAATCTT,Hindbrain,CLADE_2
CTGTAGATCTGTCGTC,Hindbrain,CLADE_2
CTGTATTAGGGAGGTG,Hindbrain,CLADE_2
CTGTATTAGGGTGAGG,Forebrain/midbrain,CLADE_2
CTGTATTAGTTGGCTT,Gut endoderm,CLADE_2
CTGTATTCAACAGATA,Allantois,CLADE_2
CTGTATTCACGGCGTT,Surface ectoderm,CLADE_2
CTGTATTCAGAAGTTA,Gut endoderm,CLADE_2
CTGTATTGTACTAACC,Primitive erythroid cells,CLADE_2
CTGTATTGTACTCCGG,NMP,CLADE_2
CTGTATTGTGATACAA,Gut endoderm,CLADE_2
CTGTATTGTTCTGAGT,Primitive erythroid cells,CLADE_2
CTGTCGTAGAATCGCG,Endothelium,CLADE_2
CTGTCGTAGCGAGTCA,Primitive erythroid cells,CLADE_2
CTGTCGTAGTAAACAC,Gut endoderm,CLADE_3
CTGTCGTCACTGAGGA,Primitive erythroid cells,CLADE_2
CTGTCGTGTCGATTAC,Endothelium,CLADE_2
CTGTCGTGTTCTTGCC,Primitive erythroid cells,CLADE_2
CTGTCGTTCAGATGCT,Gut endoderm,CLADE_2
CTGTCGTTCCCTTGTG,Second heart field,CLADE_2
CTGTCGTTCCGCAGTG,Hindbrain,CLADE_2
CTGTCGTTCTGTGCAA,Primitive erythroid cells,CLADE_2
CTGTCGTTCTTGAACG,Hindbrain,CLADE_2
CTGTGAAAGACAACAT,Lateral plate and intermediate mesoderm,CLADE_2
CTGTGAAAGCTGTTAC,Hindbrain,CLADE_2
CTGTGAAAGTAGAATC,Surface ectoderm,CLADE_2
CTGTGAAAGTTGTAAG,Surface ectoderm,CLADE_5
CTGTGAACAGCGACAA,Hindbrain,CLADE_5
CTGTGAAGTGAGGCAT,Primitive erythroid cells,CLADE_4
CTGTGAAGTTGCCGCA,Lateral plate and intermediate mesoderm,CLADE_2
CTGTGAATCAAGCGTT,Primitive erythroid cells,CLADE_1
CTGTGAATCAATGCAC,Primitive erythroid cells,CLADE_2
CTGTGAATCACCCTGT,Hindbrain,CLADE_2
CTGTGAATCCGCGGAT,Forebrain/midbrain,CLADE_2
CTGTGAATCTGTCTCG,Primitive erythroid cells,CLADE_2
CTGTGGGAGACCCTTA,Gut endoderm,CLADE_4
CTGTGGGAGGACAACC,Paraxial mesoderm,CLADE_2
CTGTGGGCAGGGACTA,Cranial neural crest,CLADE_2
CTGTGGGGTCTTCCGT,Primitive erythroid cells,CLADE_3
CTGTGGGGTTTCGACA,First heart field,CLADE_2
CTGTGGGTCTCCTGAC,Notochord,CLADE_2
CTGTGGGTCTCGCCTA,NMP,CLADE_2
CTGTGGGTCTGAACGT,Allantois,CLADE_2
CTTACCGAGACATAGT,Primitive erythroid cells,CLADE_2
CTTACCGCAGACGGAT,Primitive erythroid cells,CLADE_3
CTTACCGCAGCGGATA,Hematoendothelial progenitors,CLADE_3
CTTACCGCAGGTCAAG,Primitive erythroid cells,CLADE_2
CTTACCGCATCATCTT,Lateral plate and intermediate mesoderm,CLADE_2
CTTACCGGTACCTATG,Forebrain/midbrain,CLADE_2
CTTACCGGTCGCACGT,Forebrain/midbrain,CLADE_2
CTTACCGGTTATAGAG,Hematoendothelial progenitors,CLADE_1
CTTACCGTCAGTAGGG,Paraxial mesoderm,CLADE_2
CTTACCGTCCCTTGTG,Primitive erythroid cells,CLADE_2
CTTACCGTCGAGTCCG,Allantois,CLADE_2
CTTAGGAAGAGTTCGG,Primitive erythroid cells,CLADE_2
CTTAGGAAGCGACTGA,Lateral plate and intermediate mesoderm,CLADE_3
CTTAGGACAAAGGCGT,Primitive erythroid cells,CLADE_1
CTTAGGACATACCAGT,Surface ectoderm,CLADE_5
CTTAGGACATGCCGAC,Primitive erythroid cells,CLADE_2
CTTAGGAGTAGATGTA,Paraxial mesoderm,CLADE_2
CTTAGGAGTATTGCCA,Primitive erythroid cells,CLADE_2
CTTAGGAGTCCTGGGT,Hindbrain,CLADE_5
CTTAGGAGTGAACCGA,Forebrain/midbrain,CLADE_2
CTTAGGAGTGCCTAAT,Amniotic ectoderm,CLADE_2
CTTAGGATCCACAGGC,Hematoendothelial progenitors,CLADE_2
CTTAGGATCCTCACCA,Lateral plate and intermediate mesoderm,CLADE_2
CTTCAATAGAGAGGTA,Surface ectoderm,CLADE_2
CTTCAATAGCTCCACG,Lateral plate and intermediate mesoderm,CLADE_2
CTTCAATAGGAGGTTC,Primitive erythroid cells,CLADE_2
CTTCAATAGTACAGCG,Primitive erythroid cells,CLADE_2
CTTCAATAGTAGCTCT,Paraxial mesoderm,CLADE_2
CTTCAATCAGCGTTTA,Amniotic ectoderm,CLADE_2
CTTCAATCATTACTCT,Forebrain/midbrain,CLADE_2
CTTCAATGTATAGCTC,Hindbrain,CLADE_2
CTTCAATGTTACGATC,Amniotic ectoderm,CLADE_6
CTTCAATGTTGTATGC,Endothelium,CLADE_3
CTTCAATTCAGTCACA,Forebrain/midbrain,CLADE_2
CTTCAATTCCAACCGG,Hindbrain,CLADE_2
CTTCCGAAGGATTCAA,Hindbrain,CLADE_2
CTTCCGAAGTCATACC,Primitive erythroid cells,CLADE_2
CTTCCGAAGTGCGCTC,Lateral plate and intermediate mesoderm,CLADE_2
CTTCCGACAAATCGTC,Forebrain/midbrain,CLADE_3
CTTCCGACAGAACTTC,Endothelium,CLADE_2
CTTCCGACATCGCCTT,Primitive erythroid cells,CLADE_2
CTTCCGAGTAGCGTTT,Primitive erythroid cells,CLADE_2
CTTCCGAGTATCGCAT,Allantois,CLADE_4
CTTCCGAGTGCGACAA,Primitive erythroid cells,CLADE_2
CTTCCGATCACCTGTC,Primitive erythroid cells,CLADE_2
CTTCCGATCCATAGGT,Primitive erythroid cells,CLADE_2
CTTCCTTAGCACTCCG,Hindbrain,CLADE_2
CTTCCTTAGCCAGTAG,First heart field,CLADE_5
CTTCCTTAGCCTAACT,Spinal cord,CLADE_3
CTTCCTTAGGAGTACC,Primitive erythroid cells,CLADE_2
CTTCCTTAGTCTAGCT,Primitive erythroid cells,CLADE_4
CTTCCTTCAAAGGATT,Paraxial mesoderm,CLADE_3
CTTCCTTCAGAGGTAC,Hindbrain,CLADE_2
CTTCCTTCAGCACCCA,Paraxial mesoderm,CLADE_2
CTTCCTTCAGTCTACA,Primitive erythroid cells,CLADE_2
CTTCCTTGTAGCTGAG,Gut endoderm,CLADE_2
CTTCCTTGTGCACAAG,Lateral plate and intermediate mesoderm,CLADE_2
CTTCCTTGTGCATTAC,Amniotic ectoderm,CLADE_2
CTTCCTTGTTATCTGG,Second heart field,CLADE_3
CTTCCTTGTTGCGGCT,Endothelium,CLADE_3
CTTCCTTGTTTCGGCG,Amniotic ectoderm,CLADE_6
CTTCCTTTCAGCAATC,Lateral plate and intermediate mesoderm,CLADE_2
CTTCGGTAGCAGTAAT,Surface ectoderm,CLADE_2
CTTCGGTCAATCGAAA,Paraxial mesoderm,CLADE_2
CTTCGGTCAGCCGTTG,NMP,CLADE_3
CTTCGGTCATCGGATT,Hindbrain,CLADE_3
CTTCGGTGTATAATGG,Primitive erythroid cells,CLADE_2
CTTCGGTGTATCGTTG,Primitive erythroid cells,CLADE_2
CTTCGGTGTATCTCGA,Second heart field,CLADE_5
CTTCGGTGTGAGTAAT,Surface ectoderm,CLADE_2
CTTCGGTGTTGCGGAA,Paraxial mesoderm,CLADE_2
CTTCGGTTCCACACCT,Surface ectoderm,CLADE_2
CTTCGGTTCCGAAGGA,Lateral plate and intermediate mesoderm,CLADE_2
CTTCGGTTCGCGTAGC,Amniotic ectoderm,CLADE_5
CTTCTAAAGATTAGCA,Primitive erythroid cells,CLADE_4
CTTCTAAAGCATATGA,Lateral plate and intermediate mesoderm,CLADE_2
CTTCTAAAGGCATTTC,Surface ectoderm,CLADE_2
CTTCTAACAATCTCGA,Hematoendothelial progenitors,CLADE_2
CTTCTAACAGAGGGTT,Primitive erythroid cells,CLADE_2
CTTCTAAGTTACGCCG,Primitive erythroid cells,CLADE_2
CTTCTAATCACCTCGT,Hindbrain,CLADE_2
CTTCTAATCTTCTGGC,Primitive erythroid cells,CLADE_2
CTTCTCTAGAGAGCGG,Placodal area,CLADE_2
CTTCTCTAGATACTGA,Gut endoderm,CLADE_1
CTTCTCTAGCCTGGAA,Lateral plate and intermediate mesoderm,CLADE_2
CTTCTCTAGTAAGGGA,Surface ectoderm,CLADE_2
CTTCTCTCAAACTAAG,Lateral plate and intermediate mesoderm,CLADE_2
CTTCTCTCACAAGTGG,NMP,CLADE_2
CTTCTCTCACGGTGTC,Paraxial mesoderm,CLADE_2
CTTCTCTCACTCCTGT,Forebrain/midbrain,CLADE_3
CTTCTCTCAGTATTCG,Paraxial mesoderm,CLADE_1
CTTCTCTCATCGTTCC,Hindbrain,CLADE_2
CTTCTCTGTAAGATAC,Primitive erythroid cells,CLADE_2
CTTGAGAAGAACTCCT,Primitive erythroid cells,CLADE_2
CTTGAGAAGCCTCTTC,Primitive erythroid cells,CLADE_2
CTTGAGAAGTTGTACC,Primitive erythroid cells,CLADE_4
CTTGAGACAGAACTCT,Placodal area,CLADE_2
CTTGAGACAGAGAATT,Hematoendothelial progenitors,CLADE_2
CTTGAGACAGTGGCTC,Gut endoderm,CLADE_2
CTTGAGAGTGGAAATT,NMP,CLADE_2
CTTGAGATCCATGATG,Primitive erythroid cells,CLADE_2
CTTGAGATCCTACAAG,Primitive erythroid cells,CLADE_2
CTTGATTAGCGAGTAC,NMP,CLADE_2
CTTGATTCAGAGGTAC,Paraxial mesoderm,CLADE_3
CTTGATTGTAGCGATG,Primitive erythroid cells,CLADE_4
CTTGATTGTGCCGTAC,Hematoendothelial progenitors,CLADE_2
CTTGATTGTGTGTGTT,Lateral plate and intermediate mesoderm,CLADE_5
CTTGATTTCGGTAGAG,NMP,CLADE_2
CTTTCAAAGCATCTTG,Primitive erythroid cells,CLADE_2
CTTTCAACACTACACA,Endothelium,CLADE_2
CTTTCAACAGGCTACC,Forebrain/midbrain,CLADE_2
CTTTCAACATGTTACG,Amniotic ectoderm,CLADE_2
CTTTCAAGTCAAATCC,Paraxial mesoderm,CLADE_2
CTTTCAAGTTAGGGAC,Lateral plate and intermediate mesoderm,CLADE_2
CTTTCAATCCAACTAG,Primitive erythroid cells,CLADE_2
CTTTCAATCTACCTTA,Primitive erythroid cells,CLADE_2
CTTTCGGAGGACGCTA,Lateral plate and intermediate mesoderm,CLADE_2
CTTTCGGAGGCAGGGA,Primitive erythroid cells,CLADE_4
CTTTCGGCATGAAGCG,Allantois,CLADE_2
CTTTCGGGTATAATGG,Primitive erythroid cells,CLADE_41
CTTTCGGGTCATATGC,Primitive erythroid cells,CLADE_4
CTTTCGGTCACAGAGG,Forebrain/midbrain,CLADE_2
CTTTCGGTCCGCTGTT,Forebrain/midbrain,CLADE_4
CTTTCGGTCGCAACAT,Hindbrain,CLADE_1
CTTTCGGTCGCCGAAC,NMP,CLADE_2
GAAACCTAGAGAGGGC,Placodal area,CLADE_1
GAAACCTAGCAACAAT,Surface ectoderm,CLADE_2
GAAACCTAGCTCCCTT,Hindbrain,CLADE_2
GAAACCTAGGAAGTCC,NMP,CLADE_2
GAAACCTAGGGCAATC,Surface ectoderm,CLADE_2
GAAACCTAGTTCATCG,Allantois,CLADE_2
GAAACCTCATCATTGG,Primitive erythroid cells,CLADE_2
GAAACCTGTGGACTGA,Primitive erythroid cells,CLADE_2
GAAACCTGTGGCAGAT,Primitive erythroid cells,CLADE_2
GAAACCTGTGTCCCTT,Primitive erythroid cells,CLADE_3
GAAACCTGTTACGTAC,Amniotic ectoderm,CLADE_2
GAAACCTTCAGTGCGC,Primitive erythroid cells,CLADE_2
GAAACCTTCGACCTAA,Paraxial mesoderm,CLADE_2
GAAATGAAGCAAATGT,Lateral plate and intermediate mesoderm,CLADE_2
GAAATGAAGCACGTCC,Primitive erythroid cells,CLADE_2
GAAATGAAGGGAACAA,NMP,CLADE_2
GAAATGACAATACCCA,Primitive erythroid cells,CLADE_3
GAAATGACACCGTCGA,Primitive erythroid cells,CLADE_3
GAAATGACACGCGCTA,Lateral plate and intermediate mesoderm,CLADE_2
GAAATGAGTAGAGTTA,Forebrain/midbrain,CLADE_2
GAAATGAGTTAAGAAC,Primitive erythroid cells,CLADE_2
GAAATGATCATTGCTT,Primitive erythroid cells,CLADE_2
GAAATGATCTACAGGT,Lateral plate and intermediate mesoderm,CLADE_2
GAACACTAGACGAAGA,Allantois,CLADE_1
GAACACTAGGCAGTCA,Lateral plate and intermediate mesoderm,CLADE_2
GAACACTCAAATGCGG,Primitive erythroid cells,CLADE_2
GAACACTCAACGCCCA,Allantois,CLADE_2
GAACACTCAGACCTGC,Primitive erythroid cells,CLADE_1
GAACACTCAGCTGTCG,Second heart field,CLADE_2
GAACACTCAGGACAGT,Surface ectoderm,CLADE_4
GAACACTCATGCAGCC,Primitive erythroid cells,CLADE_2
GAACACTGTAAGATCA,Primitive erythroid cells,CLADE_2
GAACACTGTCGTCTCT,Primitive erythroid cells,CLADE_4
GAACACTGTCTACAGT,Hindbrain,CLADE_2
GAACACTGTGCTCGTG,Paraxial mesoderm,CLADE_3
GAACACTGTTCCAAAC,Primitive erythroid cells,CLADE_2
GAACACTGTTGACTGT,Cranial neural crest,CLADE_2
GAACACTGTTGCCGAC,Amniotic ectoderm,CLADE_2
GAACACTTCCTAGCGG,Primitive erythroid cells,CLADE_2
GAACACTTCGCTCTCA,Lateral plate and intermediate mesoderm,CLADE_2
GAACACTTCGGTCGAC,Allantois,CLADE_2
GAACGTTAGTGCCCGT,Lateral plate and intermediate mesoderm,CLADE_2
GAACGTTCAAGAGGTC,Surface ectoderm,CLADE_2
GAACGTTCAATCTAGC,Lateral plate and intermediate mesoderm,CLADE_2
GAACGTTCACCGTGAC,Lateral plate and intermediate mesoderm,CLADE_2
GAACGTTGTATGCTTG,Primitive erythroid cells,CLADE_2
GAACGTTGTTAGGGTG,Lateral plate and intermediate mesoderm,CLADE_2
GAACGTTGTTGACTGT,Lateral plate and intermediate mesoderm,CLADE_1
GAACGTTGTTGTTGTG,Primitive erythroid cells,CLADE_4
GAACGTTTCACGGAGA,First heart field,CLADE_5
GAACGTTTCAGACAAA,Primitive erythroid cells,CLADE_2
GAACGTTTCGCGTCGA,Primitive erythroid cells,CLADE_2
GAACGTTTCGCTGCGA,Forebrain/midbrain,CLADE_2
GAACGTTTCTCTGACC,Amniotic ectoderm,CLADE_2
GAACTGTAGGCTCAAG,Endothelium,CLADE_1
GAACTGTAGGTTGGTG,Endothelium,CLADE_2
GAACTGTCAACGATTC,Forebrain/midbrain,CLADE_1
GAACTGTCAATGACCT,Forebrain/midbrain,CLADE_2
GAACTGTCACAGCATT,Hindbrain,CLADE_2
GAACTGTCAGAGCTAG,Surface ectoderm,CLADE_2
GAACTGTCAGAGGCAT,NMP,CLADE_3
GAACTGTGTCGACTTA,Primitive erythroid cells,CLADE_3
GAACTGTGTTGTTTGG,Lateral plate and intermediate mesoderm,CLADE_2
GAACTGTTCACTCGAA,Placodal area,CLADE_2
GAACTGTTCCCGTAAA,Hematoendothelial progenitors,CLADE_2
GAACTGTTCTCCACTG,NMP,CLADE_2
GAACTGTTCTCCGAAA,Gut endoderm,CLADE_2
GAAGAATAGAGTCAGC,Primitive erythroid cells,CLADE_4
GAAGAATAGAGTTGCG,Allantois,CLADE_2
GAAGAATAGTATGAGT,Lateral plate and intermediate mesoderm,CLADE_2
GAAGAATCACACCAGC,Primitive erythroid cells,CLADE_2
GAAGAATCAGTTAGGG,Allantois,CLADE_2
GAAGAATCATTGTGCA,Primitive erythroid cells,CLADE_4
GAAGAATGTCAGTCGC,Primitive erythroid cells,CLADE_2
GAAGAATTCAGTCCGG,Endothelium,CLADE_2
GAAGAATTCCACCTCA,Primitive erythroid cells,CLADE_4
GAAGAATTCCCTCGTA,Primitive erythroid cells,CLADE_2
GAAGCCCAGGCTTAAA,Hindbrain,CLADE_2
GAAGCCCCAACCCTCT,Lateral plate and intermediate mesoderm,CLADE_2
GAAGCCCCACCCAATA,Primitive erythroid cells,CLADE_2
GAAGCCCCAGCTTCGG,Forebrain/midbrain,CLADE_2
GAAGCCCGTCAGTCGC,Forebrain/midbrain,CLADE_3
GAAGCCCGTGGACTGA,Cranial neural crest,CLADE_5
GAAGCCCTCGGCCTTT,Primitive erythroid cells,CLADE_4
GAAGCCCTCTGACGCG,Forebrain/midbrain,CLADE_3
GAAGCGAAGCGAGGAG,Surface ectoderm,CLADE_3
GAAGCGAAGCGTTGTT,Primitive erythroid cells,CLADE_1
GAAGCGACACTTTAGG,Lateral plate and intermediate mesoderm,CLADE_2
GAAGCGAGTCAAGCCC,Forebrain/midbrain,CLADE_2
GAAGCGAGTCCGATCG,Hematoendothelial progenitors,CLADE_2
GAAGCGAGTGCGACAA,NMP,CLADE_2
GAAGCGATCAGAGTGG,Forebrain/midbrain,CLADE_2
GAAGCGATCCAAACCA,Forebrain/midbrain,CLADE_2
GAAGCGATCCCGAGAC,Placodal area,CLADE_3
GAAGCGATCGCGTGAC,NMP,CLADE_2
GAAGCGATCTGCATGA,Hindbrain,CLADE_2
GAAGGACCAACTGCCG,Primitive erythroid cells,CLADE_2
GAAGGACCACGCGGTT,Surface ectoderm,CLADE_2
GAAGGACCACTGGACC,First heart field,CLADE_2
GAAGGACGTAGCTGTT,Forebrain/midbrain,CLADE_2
GAAGGGTAGAGCAGCT,Paraxial mesoderm,CLADE_2
GAAGGGTAGGGCCTCT,Surface ectoderm,CLADE_2
GAAGGGTAGGTGCAGT,NMP,CLADE_2
GAAGGGTCAACTACGT,NMP,CLADE_2
GAAGGGTCAGCGCTTG,Primitive erythroid cells,CLADE_4
GAAGGGTGTACTCGAT,Primitive erythroid cells,CLADE_6
GAAGGGTGTATAGCTC,Forebrain/midbrain,CLADE_2
GAAGGGTGTATCGAAA,Primitive erythroid cells,CLADE_2
GAAGGGTTCGTGGACC,Lateral plate and intermediate mesoderm,CLADE_2
GAAGGGTTCTAGTGTG,Spinal cord,CLADE_2
GAAGGGTTCTCGCTTG,Surface ectoderm,CLADE_2
GAAGTAAAGAACCGCA,Primitive erythroid cells,CLADE_2
GAAGTAAAGCGATGGT,Primitive erythroid cells,CLADE_2
GAAGTAAAGGACGCTA,Lateral plate and intermediate mesoderm,CLADE_2
GAAGTAAAGGCAGTCA,Forebrain/midbrain,CLADE_2
GAAGTAACAGGTGAGT,Primitive erythroid cells,CLADE_2
GAAGTAAGTCTCTCCA,Forebrain/midbrain,CLADE_2
GAAGTAAGTGCGGATA,Cranial neural crest,CLADE_2
GAAGTAAGTGTTCGAT,Gut endoderm,CLADE_2
GAAGTAATCAGAATAG,Gut endoderm,CLADE_2
GAAGTAATCCACGGGT,Gut endoderm,CLADE_2
GAAGTAATCCTGTAAG,Primitive erythroid cells,CLADE_2
GAAGTAATCGACACTA,Gut endoderm,CLADE_2
GAAGTAATCGTTGTAG,Hindbrain,CLADE_2
GAATAGAAGCAGCACA,Surface ectoderm,CLADE_2
GAATAGAAGCCGATCC,Forebrain/midbrain,CLADE_2
GAATAGACAGCAATTC,Primitive erythroid cells,CLADE_2
GAATAGACATAACAGA,Placodal area,CLADE_2
GAATAGACATATCTCT,Primitive erythroid cells,CLADE_2
GAATAGAGTAGATCCT,Hindbrain,CLADE_3
GAATAGAGTGATGTAA,Hindbrain,CLADE_5
GAATAGAGTTACCGTA,Primitive erythroid cells,CLADE_2
GAATAGAGTTAGGCTT,NMP,CLADE_1
GAATAGATCGCATTGA,Primitive erythroid cells,CLADE_2
GAATAGATCGTGTTCC,Lateral plate and intermediate mesoderm,CLADE_2
GAATCACAGCAGCAGT,Primitive erythroid cells,CLADE_4
GAATCACAGCAGGTCA,Primitive erythroid cells,CLADE_4
GAATCACAGCTAGAGC,Allantois,CLADE_2
GAATCACAGGAATTAC,Gut endoderm,CLADE_2
GAATCACAGGAGCAAA,Lateral plate and intermediate mesoderm,CLADE_3
GAATCACAGGCATCTT,Forebrain/midbrain,CLADE_1
GAATCACAGGGTCTTT,Primitive erythroid cells,CLADE_2
GAATCACCACAGTGAG,Amniotic ectoderm,CLADE_2
GAATCACGTCTGGTTA,Forebrain/midbrain,CLADE_2
GAATCACGTGACCGTC,Endothelium,CLADE_4
GAATCACGTGCCCTTT,Gut endoderm,CLADE_2
GAATCACGTGTGTGTT,Amniotic ectoderm,CLADE_2
GAATCACTCGGACAAG,Lateral plate and intermediate mesoderm,CLADE_3
GAATCACTCGGTGCAC,Primitive erythroid cells,CLADE_2
GAATCACTCTCGTCAC,Lateral plate and intermediate mesoderm,CLADE_2
GAATCGTAGATCGCCC,Hindbrain,CLADE_2
GAATCGTAGTCTCGTA,Gut endoderm,CLADE_2
GAATCGTCAACGTATC,Endothelium,CLADE_2
GAATCGTCAATACAGA,Placodal area,CLADE_2
GAATCGTCACTTGTCC,Gut endoderm,CLADE_2
GAATCGTCAGAACATA,Amniotic ectoderm,CLADE_2
GAATCGTCATGGAATA,Primitive erythroid cells,CLADE_2
GAATCGTGTTATTCCT,NMP,CLADE_2
GAATCGTTCCGTAGTA,Surface ectoderm,CLADE_5
GACACGCAGGATGCGT,Surface ectoderm,CLADE_2
GACACGCAGTCTAACC,Amniotic ectoderm,CLADE_2
GACACGCAGTTCATCG,Primitive erythroid cells,CLADE_2
GACACGCCAAAGCTAA,Primitive erythroid cells,CLADE_3
GACACGCCACAGCGCT,First heart field,CLADE_2
GACACGCCACGCCAGT,Hindbrain,CLADE_2
GACACGCCAGACCCGT,Primitive erythroid cells,CLADE_2
GACACGCCATCTGTTT,Primitive erythroid cells,CLADE_2
GACACGCGTATTTCTC,Hindbrain,CLADE_2
GACACGCGTCATTGCA,Hindbrain,CLADE_2
GACACGCGTCGAAGCA,Primitive erythroid cells,CLADE_3
GACACGCGTCTCGCGA,Paraxial mesoderm,CLADE_2
GACACGCGTTGATGTC,Surface ectoderm,CLADE_5
GACACGCTCCCTCGAT,Surface ectoderm,CLADE_2
GACACGCTCCGCTGTT,Paraxial mesoderm,CLADE_2
GACACGCTCGCCAACG,Allantois,CLADE_2
GACACGCTCGTTCAGA,Second heart field,CLADE_3
GACACGCTCTATGTGG,Hindbrain,CLADE_3
GACACGCTCTTCTGGC,Lateral plate and intermediate mesoderm,CLADE_5
GACAGCCAGATAGTGT,Primitive erythroid cells,CLADE_2
GACAGCCAGCGAGTAC,Surface ectoderm,CLADE_5
GACAGCCAGTGCTCGC,Lateral plate and intermediate mesoderm,CLADE_2
GACAGCCCATATACCG,Primitive erythroid cells,CLADE_3
GACAGCCGTCAATGGG,First heart field,CLADE_2
GACAGCCGTCCACACG,Hindbrain,CLADE_6
GACAGCCTCTAGCATG,NMP,CLADE_2
GACATCACATACAGGG,Primitive erythroid cells,CLADE_2
GACATCACATATTCGG,Hindbrain,CLADE_2
GACATCAGTAGAATAC,Primitive erythroid cells,CLADE_5
GACATCAGTGAGCGAT,Lateral plate and intermediate mesoderm,CLADE_2
GACATCAGTTTGTTGG,Allantois,CLADE_3
GACATCATCCGTAATG,Amniotic ectoderm,CLADE_2
GACCAATAGCAACCAG,Primitive erythroid cells,CLADE_2
GACCAATCAACCGGAA,NMP,CLADE_2
GACCAATCAATTAGGA,Forebrain/midbrain,CLADE_3
GACCAATCACGGATCC,Primitive erythroid cells,CLADE_2
GACCAATCACTGTCGG,NMP,CLADE_2
GACCAATCAGAAGCGT,Forebrain/midbrain,CLADE_2
GACCAATCAGCTGAGA,Lateral plate and intermediate mesoderm,CLADE_2
GACCAATCATCAGCGC,Surface ectoderm,CLADE_2
GACCAATCATGCCATA,Endothelium,CLADE_2
GACCAATGTCTACAGT,Endothelium,CLADE_2
GACCAATTCAAGGACG,NMP,CLADE_2
GACCAATTCATCGACA,Endothelium,CLADE_2
GACCAATTCCATCTAT,Primitive erythroid cells,CLADE_2
GACCAATTCCGAAATC,First heart field,CLADE_2
GACCAATTCGGAAGGT,Hindbrain,CLADE_2
GACCAATTCGTTATCT,Endothelium,CLADE_2
GACCCAGAGATAACGT,Lateral plate and intermediate mesoderm,CLADE_2
GACCCAGAGCGATGCA,Forebrain/midbrain,CLADE_2
GACCCAGCAAGTCATC,Surface ectoderm,CLADE_2
GACCCAGCACAGTATC,NMP,CLADE_2
GACCCAGCACCTTCCA,Forebrain/midbrain,CLADE_2
GACCCAGCACTGCATA,Primitive erythroid cells,CLADE_2
GACCCAGCAGGCGTTC,Primitive erythroid cells,CLADE_6
GACCCAGCATAGACTC,Primitive erythroid cells,CLADE_2
GACCCAGGTACGAAAT,NMP,CLADE_3
GACCCAGGTATCGGTT,Forebrain/midbrain,CLADE_2
GACCCAGGTCCGGTGT,Primitive erythroid cells,CLADE_2
GACCCAGGTCTAATCG,Cranial neural crest,CLADE_2
GACCCAGGTGGCTAGA,Primitive erythroid cells,CLADE_2
GACCCAGGTTCCGTTC,NMP,CLADE_2
GACCCAGTCCTCTCGA,NMP,CLADE_2
GACCCAGTCGCTTGCT,Spinal cord,CLADE_2
GACCCAGTCTAGATCG,Primitive erythroid cells,CLADE_2
GACCCAGTCTCGGTAA,Gut endoderm,CLADE_2
GACCCAGTCTGCGTCT,Primitive erythroid cells,CLADE_2
GACCCAGTCTGGGCAC,Primitive erythroid cells,CLADE_5
GACCCAGTCTTGGAAC,Lateral plate and intermediate mesoderm,CLADE_2
GACCCTTAGCAACTTC,Hindbrain,CLADE_2
GACCCTTAGCATGTTC,Lateral plate and intermediate mesoderm,CLADE_2
GACCCTTAGCGCGTTC,Hindbrain,CLADE_2
GACCCTTCACTGATTG,Endothelium,CLADE_2
GACCCTTCAGAAGCGT,Primitive erythroid cells,CLADE_4
GACCCTTTCCTTCTGG,Surface ectoderm,CLADE_2
GACCCTTTCGACCAAT,Paraxial mesoderm,CLADE_2
GACCCTTTCGAGAGCA,Forebrain/midbrain,CLADE_2
GACCCTTTCTAACGCA,NMP,CLADE_2
GACCCTTTCTAGCCTC,Primitive erythroid cells,CLADE_2
GACCCTTTCTCGTGAA,Surface ectoderm,CLADE_2
GACCCTTTCTGCTTAT,Primitive erythroid cells,CLADE_3
GACCGTGAGAAGATCT,Allantois,CLADE_2
GACCGTGAGAGCCGTA,Gut endoderm,CLADE_2
GACCGTGAGATGACAT,Primitive erythroid cells,CLADE_2
GACCGTGAGCACGTCC,Hindbrain,CLADE_2
GACCGTGAGGCGATAC,Primitive erythroid cells,CLADE_4
GACCGTGAGTGGACTG,Placodal area,CLADE_2
GACCGTGCAACAACAA,Cranial neural crest,CLADE_2
GACCGTGCACTTGAGT,Hindbrain,CLADE_1
GACCGTGCAGCGAGTA,Lateral plate and intermediate mesoderm,CLADE_4
GACCGTGCAGTGGCTC,Forebrain/midbrain,CLADE_2
GACCGTGTCACTGGGC,Paraxial mesoderm,CLADE_3
GACCGTGTCGAGTACT,Primitive erythroid cells,CLADE_2
GACCGTGTCGCGCCAA,Hindbrain,CLADE_2
GACCGTGTCGGTTCAA,Gut endoderm,CLADE_4
GACCTTCCACCACTGG,Primitive erythroid cells,CLADE_2
GACCTTCGTACGTACT,Primitive erythroid cells,CLADE_2
GACCTTCGTAGTAAGT,Lateral plate and intermediate mesoderm,CLADE_3
GACCTTCGTATCATGC,Primitive erythroid cells,CLADE_2
GACCTTCGTGACTCTA,Primitive erythroid cells,CLADE_3
GACCTTCTCCCAAGTA,Primitive erythroid cells,CLADE_5
GACCTTCTCGCGTAGC,Allantois,CLADE_4
GACCTTCTCTGGACCG,Primitive erythroid cells,CLADE_2
GACGCTGAGGCTTAAA,Placodal area,CLADE_5
GACGCTGAGTGCACCC,Hindbrain,CLADE_2
GACGCTGCAATAGTCC,Lateral plate and intermediate mesoderm,CLADE_42
GACGCTGCATGATAGA,Primitive erythroid cells,CLADE_2
GACGCTGGTAACGTTC,Gut endoderm,CLADE_2
GACGCTGGTAGCTGTT,Hindbrain,CLADE_2
GACGCTGGTTTACGTG,Paraxial mesoderm,CLADE_2
GACGCTGTCACGTAGT,Gut endoderm,CLADE_1
GACGCTGTCGTAGTGT,Primitive erythroid cells,CLADE_2
GACGCTGTCTATCCAT,Hematoendothelial progenitors,CLADE_2
GACGTTAAGCTTTCCC,Amniotic ectoderm,CLADE_2
GACGTTAAGTTACGTC,Primitive erythroid cells,CLADE_2
GACGTTAAGTTGTCAC,Paraxial mesoderm,CLADE_2
GACGTTACATCCGTGG,Lateral plate and intermediate mesoderm,CLADE_1
GACGTTAGTGGCTTGC,Forebrain/midbrain,CLADE_2
GACGTTAGTTGTCCCT,Hematoendothelial progenitors,CLADE_2
GACTATGAGCCTGAGA,Paraxial mesoderm,CLADE_2
GACTATGAGTCGCGAA,Lateral plate and intermediate mesoderm,CLADE_2
GACTATGGTATCGCTA,Allantois,CLADE_2
GACTATGTCCATCTAT,Hindbrain,CLADE_2
GACTATGTCGAGTCCG,Hindbrain,CLADE_2
GACTATGTCGCCAGAC,Paraxial mesoderm,CLADE_2
GACTCAAAGACTCTTG,Endothelium,CLADE_2
GACTCAAAGCAGGTCA,Paraxial mesoderm,CLADE_2
GACTCAAAGGTAGCAC,Primitive erythroid cells,CLADE_4
GACTCAACACACCTAA,Primitive erythroid cells,CLADE_2
GACTCAACAGAGATGC,Lateral plate and intermediate mesoderm,CLADE_3
GACTCAACAGGTCAAG,Primitive erythroid cells,CLADE_2
GACTCAACAGTTTCGA,Primitive erythroid cells,CLADE_2
GACTCAACATCGTGCG,Gut endoderm,CLADE_2
GACTCAACATGACTAC,Primitive erythroid cells,CLADE_2
GACTCAAGTATGTCTG,Paraxial mesoderm,CLADE_2
GACTCAAGTTTCGACA,Lateral plate and intermediate mesoderm,CLADE_2
GACTCAATCCATTCGC,Surface ectoderm,CLADE_5
GACTCAATCCTTCTAA,Hematoendothelial progenitors,CLADE_4
GACTCAATCGATAACC,NMP,CLADE_2
GACTCAATCGGCAGTC,Amniotic ectoderm,CLADE_6
GACTCAATCGTTGTTT,Hindbrain,CLADE_2
GACTCTCAGAAACCAT,NMP,CLADE_2
GACTCTCAGCATGTTC,Primitive erythroid cells,CLADE_4
GACTCTCAGCTACTGT,Lateral plate and intermediate mesoderm,CLADE_2
GACTCTCAGGCTGGAT,Surface ectoderm,CLADE_2
GACTCTCCAAATGGTA,Hindbrain,CLADE_2
GACTCTCCAATCCTAG,Gut endoderm,CLADE_2
GACTCTCCACTTCAAG,Primitive erythroid cells,CLADE_2
GACTCTCCATAGGTTC,Hindbrain,CLADE_4
GACTCTCGTAATGCGG,Primitive erythroid cells,CLADE_2
GACTCTCGTAGGGAGG,Hindbrain,CLADE_2
GACTCTCGTATGCAAA,Primitive erythroid cells,CLADE_4
GACTCTCGTCAAAGCG,Forebrain/midbrain,CLADE_2
GACTCTCGTTTGTGGT,Surface ectoderm,CLADE_2
GACTCTCTCCGTAGGC,Gut endoderm,CLADE_3
GACTGATAGCGACTAG,Hindbrain,CLADE_3
GACTGATAGCTTTGTG,Allantois,CLADE_2
GACTGATCAAGCTCTA,Primitive erythroid cells,CLADE_2
GACTGATCACAAATGA,Hindbrain,CLADE_2
GACTGATCATACGCAT,Amniotic ectoderm,CLADE_2
GACTGATGTAGATCCT,Primitive erythroid cells,CLADE_2
GACTGATGTCGACGCT,Lateral plate and intermediate mesoderm,CLADE_5
GACTGATGTTCTTCAT,Primitive erythroid cells,CLADE_2
GACTGATGTTTCACTT,NMP,CLADE_2
GACTGATTCGGACTGC,Hindbrain,CLADE_1
GACTTCCAGAATTCAG,NMP,CLADE_2
GACTTCCAGAGGCTGT,Paraxial mesoderm,CLADE_2
GACTTCCAGTTGGCTT,NMP,CLADE_2
GACTTCCCAGGTTCAT,Lateral plate and intermediate mesoderm,CLADE_2
GACTTCCGTCACGTGC,Surface ectoderm,CLADE_2
GACTTCCGTCCCACGA,Amniotic ectoderm,CLADE_3
GACTTCCGTTCCACAA,Hindbrain,CLADE_2
GACTTCCTCCATCTCG,Primitive erythroid cells,CLADE_2
GAGAAATAGAGAGGGC,Surface ectoderm,CLADE_2
GAGAAATCAAGAGTAT,Surface ectoderm,CLADE_1
GAGAAATCACTGCGAC,Forebrain/midbrain,CLADE_2
GAGAAATCAGCTGTAT,Lateral plate and intermediate mesoderm,CLADE_2
GAGAAATGTATCCCTC,Hindbrain,CLADE_2
GAGAAATGTCTTCGAA,NMP,CLADE_2
GAGAAATGTGAAGCGT,Primitive erythroid cells,CLADE_4
GAGAAATGTGGTCTAT,Primitive erythroid cells,CLADE_2
GAGAAATGTTGGGTTT,Endothelium,CLADE_2
GAGAAATTCAGGACGA,Forebrain/midbrain,CLADE_2
GAGAAATTCGACATAC,Primitive erythroid cells,CLADE_2
GAGAAATTCTATACGG,Cranial neural crest,CLADE_2
GAGAAATTCTTACGTT,Hindbrain,CLADE_2
GAGACCCAGCTGGCTC,Forebrain/midbrain,CLADE_2
GAGACCCAGCTTTCTT,Lateral plate and intermediate mesoderm,CLADE_2
GAGACCCAGTGGCAGT,Primitive erythroid cells,CLADE_4
GAGACCCCAATTTCCT,Hindbrain,CLADE_3
GAGACCCCATAGGTTC,Primitive erythroid cells,CLADE_2
GAGACCCGTCTTTCAT,NMP,CLADE_1
GAGACCCGTTTGCAGT,Forebrain/midbrain,CLADE_2
GAGACCCTCAAGTCTG,Forebrain/midbrain,CLADE_2
GAGACCCTCATGACAC,Gut endoderm,CLADE_4
GAGACCCTCGTGGACC,Paraxial mesoderm,CLADE_2
GAGACCCTCTCTAAGG,Surface ectoderm,CLADE_2
GAGACCCTCTGTGCGG,Primitive erythroid cells,CLADE_2
GAGACCCTCTTTCCAA,Notochord,CLADE_2
GAGACTTAGACATCCT,Primitive erythroid cells,CLADE_2
GAGACTTAGCACACCC,Primitive erythroid cells,CLADE_2
GAGACTTAGCCAGACA,Paraxial mesoderm,CLADE_2
GAGACTTAGGCAGTCA,NMP,CLADE_2
GAGACTTCAAGATTGA,Cranial neural crest,CLADE_2
GAGACTTCAAGTTTGC,Primitive erythroid cells,CLADE_2
GAGACTTGTCAACATC,Allantois,CLADE_2
GAGACTTGTCGAAGCA,Hindbrain,CLADE_2
GAGACTTTCAAGAATG,Lateral plate and intermediate mesoderm,CLADE_3
GAGACTTTCATGGATC,Primitive erythroid cells,CLADE_6
GAGACTTTCTTCTCAA,Gut endoderm,CLADE_2
GAGAGGTAGCGCCGTT,Paraxial mesoderm,CLADE_2
GAGAGGTAGGAGGGTG,Cranial neural crest,CLADE_2
GAGAGGTAGGTAGGCT,NMP,CLADE_2
GAGAGGTCAAGAGAGA,Primitive erythroid cells,CLADE_2
GAGAGGTCAATAGTAG,Surface ectoderm,CLADE_2
GAGAGGTCACTTCTCG,Forebrain/midbrain,CLADE_2
GAGAGGTCAGGAGACT,Second heart field,CLADE_2
GAGAGGTCATGGAAGC,Allantois,CLADE_2
GAGAGGTCATTAAGCC,Primitive erythroid cells,CLADE_2
GAGAGGTGTAATGTGA,Hindbrain,CLADE_2
GAGAGGTGTGCATTTG,Allantois,CLADE_1
GAGAGGTTCAACCTCC,Placodal area,CLADE_1
GAGAGGTTCAATGTCG,Placodal area,CLADE_2
GAGAGGTTCGCGCCAA,Forebrain/midbrain,CLADE_2
GAGAGGTTCTTTCTAG,Amniotic ectoderm,CLADE_1
GAGATGGAGAGCCTGA,Primitive erythroid cells,CLADE_4
GAGATGGAGGGCAAGG,Primitive erythroid cells,CLADE_4
GAGATGGAGTAGACCG,Forebrain/midbrain,CLADE_1
GAGATGGCAACCTATG,Primitive erythroid cells,CLADE_6
GAGATGGCACTGTGTA,Primitive erythroid cells,CLADE_2
GAGATGGGTATGACAA,Primitive erythroid cells,CLADE_4
GAGATGGTCAACACGT,Primitive erythroid cells,CLADE_3
GAGATGGTCCTAGCCT,Amniotic ectoderm,CLADE_2
GAGCCTGAGATCCTAC,Primitive erythroid cells,CLADE_3
GAGCCTGAGCATGATA,Hindbrain,CLADE_3
GAGCCTGCACGGTAGA,Surface ectoderm,CLADE_2
GAGCCTGCATCCAATG,Surface ectoderm,CLADE_2
GAGCCTGGTCACGTGC,Second heart field,CLADE_2
GAGCCTGGTGAGTTTC,Forebrain/midbrain,CLADE_2
GAGCCTGGTGCAATGG,Primitive erythroid cells,CLADE_4
GAGCCTGGTTCCACGG,Lateral plate and intermediate mesoderm,CLADE_2
GAGCCTGTCACTGGTA,Gut endoderm,CLADE_1
GAGCCTGTCGTTGCCT,Gut endoderm,CLADE_2
GAGCTGCAGAAGCTCG,Primitive erythroid cells,CLADE_2
GAGCTGCAGTTGGCGA,Allantois,CLADE_1
GAGCTGCCAGAGTTCT,Primitive erythroid cells,CLADE_2
GAGCTGCCATGGAATA,Allantois,CLADE_1
GAGCTGCGTACGGTTT,Lateral plate and intermediate mesoderm,CLADE_1
GAGCTGCGTAGATCGG,Amniotic ectoderm,CLADE_5
GAGCTGCGTCGTCGGT,Lateral plate and intermediate mesoderm,CLADE_2
GAGCTGCGTCTCAGAT,Hindbrain,CLADE_2
GAGCTGCGTGGAACAC,Surface ectoderm,CLADE_2
GAGCTGCGTGGAATGC,Spinal cord,CLADE_2
GAGCTGCTCTCAATCT,Primitive erythroid cells,CLADE_2
GAGGCAAAGTGCACTT,Primitive erythroid cells,CLADE_2
GAGGCAACACGCTGTG,Primitive erythroid cells,CLADE_2
GAGGCAACATACCATG,Allantois,CLADE_2
GAGGCAAGTCGCCTAG,Primitive erythroid cells,CLADE_2
GAGGCAATCCGTACGG,Primitive erythroid cells,CLADE_2
GAGGCCTCAACAAAGT,Lateral plate and intermediate mesoderm,CLADE_1
GAGGCCTCACATAACC,Primitive erythroid cells,CLADE_4
GAGGCCTCACCGTCGA,Spinal cord,CLADE_2
GAGGCCTCACGTCATA,Primitive erythroid cells,CLADE_2
GAGGCCTCAGATACCT,Forebrain/midbrain,CLADE_2
GAGGCCTCAGATACTC,First heart field,CLADE_2
GAGGCCTGTTCACCGG,Allantois,CLADE_2
GAGGCCTGTTTGAAAG,NMP,CLADE_2
GAGGCCTTCCCTAGGG,Primitive erythroid cells,CLADE_4
GAGGCCTTCCGAGGCT,Surface ectoderm,CLADE_2
GAGGGATAGTTCTACG,Second heart field,CLADE_2
GAGGGATGTGCGTTTA,Primitive erythroid cells,CLADE_2
GAGGGATGTGCTCTTC,Primitive erythroid cells,CLADE_2
GAGGGATTCGCCTTGT,Primitive erythroid cells,CLADE_2
GAGGGTAAGAGCATAT,Primitive erythroid cells,CLADE_4
GAGGGTAAGCAGGCAT,Hindbrain,CLADE_2
GAGGGTACACTTCATT,Primitive erythroid cells,CLADE_2
GAGGGTAGTAAGATTG,Endothelium,CLADE_2
GAGGGTAGTAGGAAAG,Hindbrain,CLADE_2
GAGGGTAGTATACCCA,Gut endoderm,CLADE_2
GAGGGTAGTCTACAAC,Second heart field,CLADE_2
GAGTCATAGCGTTCAT,Endothelium,CLADE_2
GAGTCATCACCGGTCA,Surface ectoderm,CLADE_2
GAGTCATCACCTAAAC,NMP,CLADE_2
GAGTCATGTCCAGCAC,Primitive erythroid cells,CLADE_2
GAGTCATGTCGCGTTG,Paraxial mesoderm,CLADE_2
GAGTCATGTGCAGATG,Forebrain/midbrain,CLADE_2
GAGTCATGTGGCGCTT,Surface ectoderm,CLADE_3
GAGTCATGTTAAAGTG,Forebrain/midbrain,CLADE_2
GAGTCATGTTCTCTCG,Forebrain/midbrain,CLADE_2
GAGTCATGTTTGGGTT,Primitive erythroid cells,CLADE_2
GAGTCATTCACCATGA,Primitive erythroid cells,CLADE_2
GAGTCATTCATGCTAG,Lateral plate and intermediate mesoderm,CLADE_2
GAGTCATTCCACCTGT,Allantois,CLADE_2
GAGTCATTCGTTCAGA,Primitive erythroid cells,CLADE_2
GAGTCTAAGACTCAAA,Gut endoderm,CLADE_2
GAGTCTAAGCTAATGA,Surface ectoderm,CLADE_2
GAGTCTAAGTTTCGGT,Primitive erythroid cells,CLADE_2
GAGTCTAGTCAAAGTA,Hindbrain,CLADE_2
GAGTCTAGTCACTACA,NMP,CLADE_2
GAGTCTAGTCGTGTTA,Surface ectoderm,CLADE_2
GAGTCTAGTGTTCGAT,Gut endoderm,CLADE_2
GAGTCTAGTTCTCGTC,Hindbrain,CLADE_2
GAGTCTATCGCTACGG,Surface ectoderm,CLADE_2
GAGTGAGAGAACCCGA,NMP,CLADE_1
GAGTGAGAGTTGTCGT,NMP,CLADE_3
GAGTGAGCAAAGCAAT,Primitive erythroid cells,CLADE_4
GAGTGAGCACAATGAA,Lateral plate and intermediate mesoderm,CLADE_2
GAGTGAGCACCAGTAT,Gut endoderm,CLADE_2
GAGTGAGCAGCAGACA,Lateral plate and intermediate mesoderm,CLADE_1
GAGTGAGCAGCTGAAG,Forebrain/midbrain,CLADE_2
GAGTGAGCATTCTTCA,Hindbrain,CLADE_2
GAGTGAGGTAACACCT,Primitive erythroid cells,CLADE_2
GAGTGAGGTAAGAACT,Primitive erythroid cells,CLADE_2
GAGTGAGGTACTAGCT,Primitive erythroid cells,CLADE_2
GAGTGAGGTCCGCAGT,Primitive erythroid cells,CLADE_2
GAGTGAGGTCGAGCTC,Amniotic ectoderm,CLADE_5
GAGTGAGGTGTGCTTA,Forebrain/midbrain,CLADE_2
GAGTGAGTCCGTCACT,Primitive erythroid cells,CLADE_2
GAGTGAGTCGGTAGGA,Primitive erythroid cells,CLADE_2
GAGTGAGTCTGATGGT,Gut endoderm,CLADE_2
GAGTGAGTCTTCGACC,Hindbrain,CLADE_2
GAGTGTTAGCGACTGA,Cranial neural crest,CLADE_5
GAGTGTTAGGGACACT,Forebrain/midbrain,CLADE_2
GAGTGTTAGGTCGTAG,Hindbrain,CLADE_2
GAGTGTTCAGAACATA,Surface ectoderm,CLADE_3
GAGTGTTCAGTGTACT,NMP,CLADE_2
GAGTGTTCATTGAGGG,Primitive erythroid cells,CLADE_2
GAGTGTTGTGAACGGT,Surface ectoderm,CLADE_2
GAGTGTTGTTAAGCAA,Lateral plate and intermediate mesoderm,CLADE_3
GAGTGTTTCAGCTGAT,Hindbrain,CLADE_2
GAGTGTTTCCCTATTA,Hindbrain,CLADE_2
GAGTGTTTCCCTTGTG,Placodal area,CLADE_2
GAGTGTTTCGGACGTC,Paraxial mesoderm,CLADE_4
GAGTGTTTCGGTAAGG,Primitive erythroid cells,CLADE_6
GAGTGTTTCTATCCAT,Primitive erythroid cells,CLADE_2
GAGTTACAGACTCAAA,Hindbrain,CLADE_2
GAGTTACAGCAACTTC,Hindbrain,CLADE_2
GAGTTACAGGGCAGAG,NMP,CLADE_2
GAGTTACAGGGTAGCT,Hematoendothelial progenitors,CLADE_2
GAGTTACAGTGGGAAA,Endothelium,CLADE_3
GAGTTACCACGACGAA,First heart field,CLADE_2
GAGTTACCAGATTCGT,Placodal area,CLADE_2
GAGTTACGTTACACTG,Amniotic ectoderm,CLADE_2
GAGTTACGTTGGAGAC,Lateral plate and intermediate mesoderm,CLADE_2
GAGTTGTAGAGTACCG,Paraxial mesoderm,CLADE_2
GAGTTGTAGTAGCAAT,Hindbrain,CLADE_2
GAGTTGTAGTCGCCCA,Primitive erythroid cells,CLADE_2
GAGTTGTCAAGGACAC,NMP,CLADE_3
GAGTTGTCAATACAGA,Second heart field,CLADE_5
GAGTTGTCACATATGC,Primitive erythroid cells,CLADE_2
GAGTTGTCACGTAGTT,Paraxial mesoderm,CLADE_2
GAGTTGTCAGTCTACA,Placodal area,CLADE_2
GAGTTGTGTAATTGGA,Primitive erythroid cells,CLADE_2
GAGTTGTGTTGGGATG,Hindbrain,CLADE_1
GAGTTGTTCCTCATAT,Surface ectoderm,CLADE_2
GAGTTGTTCTAGGAAA,Primitive erythroid cells,CLADE_2
GAGTTGTTCTGACCCT,Hindbrain,CLADE_2
GAGTTTGCAATGTCAC,Primitive erythroid cells,CLADE_2
GAGTTTGCAATGTCTG,Surface ectoderm,CLADE_3
GAGTTTGCACCGGCTA,Surface ectoderm,CLADE_2
GAGTTTGCACTCGATA,Primitive erythroid cells,CLADE_2
GAGTTTGCAGCCCACA,Hindbrain,CLADE_2
GAGTTTGCATCCGATA,Hindbrain,CLADE_2
GAGTTTGCATGAAGCG,Primitive erythroid cells,CLADE_2
GAGTTTGGTCTCTCAC,Primitive erythroid cells,CLADE_3
GAGTTTGGTGATTGGG,Amniotic ectoderm,CLADE_3
GAGTTTGGTTCTTGTT,Primitive erythroid cells,CLADE_2
GAGTTTGGTTGTTGCA,Surface ectoderm,CLADE_2
GAGTTTGTCATTACGG,Notochord,CLADE_2
GAGTTTGTCTCATTAC,Primitive erythroid cells,CLADE_4
GATAGAAAGAGTGTTA,Lateral plate and intermediate mesoderm,CLADE_2
GATAGAAAGGATACCG,NMP,CLADE_2
GATAGAAAGGCTGGAT,Primitive erythroid cells,CLADE_2
GATAGAAAGTCGAAAT,Surface ectoderm,CLADE_2
GATAGAACAATGCAGG,Endothelium,CLADE_2
GATAGAACACCCTTGT,Primitive erythroid cells,CLADE_2
GATAGAACACTGCACG,Primitive erythroid cells,CLADE_2
GATAGAACATACAGAA,Lateral plate and intermediate mesoderm,CLADE_2
GATAGAACATGTCAGT,Allantois,CLADE_4
GATAGAAGTCACGCTG,Endothelium,CLADE_2
GATAGAAGTTAATGAG,Primitive erythroid cells,CLADE_2
GATAGAAGTTCGGTAT,NMP,CLADE_1
GATAGAATCCACGGGT,NMP,CLADE_2
GATAGAATCCTACGGG,Surface ectoderm,CLADE_3
GATAGAATCCTCCACA,Primitive erythroid cells,CLADE_2
GATAGAATCTCAAAGC,Paraxial mesoderm,CLADE_2
GATAGCTAGAATCCCT,Forebrain/midbrain,CLADE_2
GATAGCTAGTGCTCAT,Forebrain/midbrain,CLADE_2
GATAGCTAGTTACGGG,Gut endoderm,CLADE_2
GATAGCTCACATCCCT,Lateral plate and intermediate mesoderm,CLADE_2
GATAGCTCAGAGGCTA,Lateral plate and intermediate mesoderm,CLADE_2
GATAGCTCAGGCCTGT,NMP,CLADE_2
GATAGCTCATGATCTG,Primitive erythroid cells,CLADE_2
GATAGCTGTCTTCGAA,Primitive erythroid cells,CLADE_4
GATAGCTTCCAGTTCC,NMP,CLADE_2
GATAGCTTCCCAATAG,Primitive erythroid cells,CLADE_2
GATAGCTTCCCTCAAC,Hindbrain,CLADE_5
GATAGCTTCGAGTGAG,Primitive erythroid cells,CLADE_2
GATAGCTTCGATCCAA,Primitive erythroid cells,CLADE_3
GATAGCTTCGGCTGAC,Primitive erythroid cells,CLADE_2
GATAGCTTCTCCCATG,Primitive erythroid cells,CLADE_18
GATCACAAGAGTCTTC,Primitive erythroid cells,CLADE_4
GATCACAAGATGCGAC,NMP,CLADE_3
GATCACAAGCATGCAG,Surface ectoderm,CLADE_2
GATCACAAGTACTCGT,Forebrain/midbrain,CLADE_5
GATCACACACAAAGTA,Amniotic ectoderm,CLADE_2
GATCACACACTACAGT,Hindbrain,CLADE_2
GATCACACAGGGACTA,Hindbrain,CLADE_7
GATCACAGTCTGTAGT,Primitive erythroid cells,CLADE_2
GATCACAGTTCCGCAG,Primitive erythroid cells,CLADE_2
GATCACATCTGGAGAG,Endothelium,CLADE_2
GATCAGTAGAGGTTTA,Primitive erythroid cells,CLADE_2
GATCAGTAGCATCCTA,Lateral plate and intermediate mesoderm,CLADE_2
GATCAGTAGTCGGGAT,Paraxial mesoderm,CLADE_2
GATCAGTCATACAGGG,Primitive erythroid cells,CLADE_2
GATCAGTCATCGCTCT,Primitive erythroid cells,CLADE_2
GATCAGTGTAGGAAAG,Paraxial mesoderm,CLADE_2
GATCAGTGTAGGATAT,Lateral plate and intermediate mesoderm,CLADE_2
GATCAGTTCTTCACGC,Endothelium,CLADE_2
GATCATGAGCTGACCC,Forebrain/midbrain,CLADE_2
GATCATGCACTAAACC,Primitive erythroid cells,CLADE_2
GATCATGCATGACGAG,Primitive erythroid cells,CLADE_2
GATCATGGTGTCGCTG,Gut endoderm,CLADE_2
GATCCCTAGATGGCAC,Surface ectoderm,CLADE_6
GATCCCTAGCTACGTT,Hindbrain,CLADE_2
GATCCCTAGTCCCGAC,Primitive erythroid cells,CLADE_2
GATCCCTAGTCGAATA,Cranial neural crest,CLADE_2
GATCCCTCAAGAGGCT,Forebrain/midbrain,CLADE_2
GATCCCTCAAGTCCCG,Endothelium,CLADE_2
GATCCCTCATGGATCT,Lateral plate and intermediate mesoderm,CLADE_2
GATCCCTGTACCCAGC,Primitive erythroid cells,CLADE_2
GATCCCTGTCATCAGT,Primitive erythroid cells,CLADE_2
GATCCCTGTCCCGGTA,Amniotic ectoderm,CLADE_2
GATCCCTGTGAATTGA,Amniotic ectoderm,CLADE_2
GATCCCTGTGGCTGCT,Primitive erythroid cells,CLADE_4
GATCCCTGTGTCTCCT,Paraxial mesoderm,CLADE_2
GATCCCTGTTCGTAAC,Primitive erythroid cells,CLADE_2
GATCCCTTCCTAAGTG,Lateral plate and intermediate mesoderm,CLADE_2
GATCGTAAGAAACTGT,NMP,CLADE_2
GATCGTAAGATACAGT,Hindbrain,CLADE_2
GATCGTAAGGTTCCGC,Paraxial mesoderm,CLADE_3
GATCGTACAATCAGCT,Surface ectoderm,CLADE_6
GATCGTACAGAAGCTG,Lateral plate and intermediate mesoderm,CLADE_2
GATCGTACAGAGTTCT,Forebrain/midbrain,CLADE_2
GATCGTACATGCAGGA,Forebrain/midbrain,CLADE_2
GATCGTAGTAGGACCA,Amniotic ectoderm,CLADE_2
GATCGTAGTCAGTCTA,NMP,CLADE_2
GATCGTAGTCTATGAC,Primitive erythroid cells,CLADE_2
GATCGTAGTGATTAGA,Forebrain/midbrain,CLADE_2
GATCGTATCCTATTTG,Hematoendothelial progenitors,CLADE_2
GATCGTATCGGTCTAA,Lateral plate and intermediate mesoderm,CLADE_6
GATCGTATCTCCGAAA,Surface ectoderm,CLADE_2
GATCGTATCTCGACCT,Forebrain/midbrain,CLADE_2
GATGACTAGCTCAGAG,Primitive erythroid cells,CLADE_2
GATGACTAGGCAATGC,Hindbrain,CLADE_2
GATGACTAGGTCCTGC,Cranial neural crest,CLADE_2
GATGACTCAACGTTAC,Paraxial mesoderm,CLADE_2
GATGACTCATACAGCT,Endothelium,CLADE_2
GATGACTCATTCTGTT,Primitive erythroid cells,CLADE_2
GATGACTGTAGGACTG,Primitive erythroid cells,CLADE_2
GATGACTGTATCACCA,Lateral plate and intermediate mesoderm,CLADE_2
GATGACTTCAGTGTGT,Primitive erythroid cells,CLADE_2
GATGACTTCCACGTGG,Paraxial mesoderm,CLADE_1
GATGACTTCCACTGGG,Hindbrain,CLADE_2
GATGACTTCCGCACTT,Amniotic ectoderm,CLADE_2
GATGACTTCGCGCCAA,NMP,CLADE_2
GATGACTTCTCTCTTC,Primitive erythroid cells,CLADE_2
GATGAGGAGGGTACGT,Cranial neural crest,CLADE_4
GATGAGGAGTCAGCCC,Hindbrain,CLADE_2
GATGAGGCACAAACGG,Primitive erythroid cells,CLADE_2
GATGAGGCACTGTCGG,Primitive erythroid cells,CLADE_2
GATGAGGCATCCCACT,Primitive erythroid cells,CLADE_2
GATGAGGGTCCTTTGC,Lateral plate and intermediate mesoderm,CLADE_4
GATGAGGTCAGAGTGG,Forebrain/midbrain,CLADE_2
GATGAGGTCATCCTGC,Forebrain/midbrain,CLADE_2
GATGAGGTCGACCATA,Endothelium,CLADE_2
GATGAGGTCTGCGAGC,Paraxial mesoderm,CLADE_2
GATGATCAGTAATCCC,Lateral plate and intermediate mesoderm,CLADE_2
GATGATCCACTGCATA,Surface ectoderm,CLADE_2
GATGATCCACTTGAAC,Hindbrain,CLADE_5
GATGATCCATGACGGA,Primitive erythroid cells,CLADE_2
GATGATCGTAATTAGG,Primitive erythroid cells,CLADE_5
GATGATCGTACGGCAA,Paraxial mesoderm,CLADE_2
GATGATCGTATGTGTC,Primitive erythroid cells,CLADE_2
GATGATCGTGTTTGCA,Primitive erythroid cells,CLADE_4
GATGATCGTTACAGCT,Primitive erythroid cells,CLADE_2
GATGATCTCAAAGCCT,Forebrain/midbrain,CLADE_2
GATGATCTCAGGCGAA,NMP,CLADE_2
GATGATCTCAGTCACA,Primitive erythroid cells,CLADE_2
GATGATCTCGCCGAAC,Primitive erythroid cells,CLADE_2
GATGATCTCGCGAAGA,Forebrain/midbrain,CLADE_2
GATGATCTCTACGGGC,Surface ectoderm,CLADE_2
GATGCTAAGAAACTAC,Forebrain/midbrain,CLADE_2
GATGCTAAGCAGCACA,Primitive erythroid cells,CLADE_3
GATGCTAAGTTGGAGC,NMP,CLADE_2
GATGCTACAATTGCGT,Hindbrain,CLADE_5
GATGCTACACTGGATT,Cranial neural crest,CLADE_2
GATGCTACAGACGCTC,Hindbrain,CLADE_3
GATGCTACATGACGAG,Hindbrain,CLADE_2
GATGCTAGTTGTACGT,Placodal area,CLADE_2
GATGCTATCCTCACCA,Endothelium,CLADE_2
GATGCTATCGGATAAA,Lateral plate and intermediate mesoderm,CLADE_3
GATGCTATCTATCACT,Primitive erythroid cells,CLADE_2
GATGCTATCTCATGGA,NMP,CLADE_2
GATGGAGAGCAACTCT,Hindbrain,CLADE_2
GATGGAGAGGTGCCTC,Forebrain/midbrain,CLADE_5
GATGGAGCAGGAGGAG,Primitive erythroid cells,CLADE_2
GATGGAGCATGTGACT,Forebrain/midbrain,CLADE_2
GATGGAGTCAGTCAGT,Surface ectoderm,CLADE_2
GATGTTGAGACGGAAA,Placodal area,CLADE_2
GATGTTGAGAGCCTGA,Lateral plate and intermediate mesoderm,CLADE_4
GATGTTGAGAGTACCG,NMP,CLADE_3
GATGTTGAGGATCATA,Hindbrain,CLADE_2
GATGTTGAGTTTGAGA,Primitive erythroid cells,CLADE_2
GATGTTGCAACTGGTT,Lateral plate and intermediate mesoderm,CLADE_4
GATGTTGCACTCTCGT,Primitive erythroid cells,CLADE_3
GATGTTGCAGCTTCGG,Forebrain/midbrain,CLADE_2
GATGTTGGTAACGATA,Primitive erythroid cells,CLADE_2
GATGTTGGTGTGCCTG,Primitive erythroid cells,CLADE_2
GATGTTGGTTCTCGTC,Cranial neural crest,CLADE_3
GATGTTGTCGCCTTTG,Surface ectoderm,CLADE_2
GATTCGAAGCATTTGC,Primitive erythroid cells,CLADE_2
GATTCGAAGGAGAGGC,Lateral plate and intermediate mesoderm,CLADE_2
GATTCGAAGGCCACCT,Forebrain/midbrain,CLADE_2
GATTCGAAGGGTAGCT,NMP,CLADE_2
GATTCGACAAGCGAGT,Primitive erythroid cells,CLADE_3
GATTCGACAATTGCTG,Forebrain/midbrain,CLADE_3
GATTCGACACAGTGAG,Amniotic ectoderm,CLADE_4
GATTCGACACCTAAAC,Primitive erythroid cells,CLADE_2
GATTCGACATAGGTTC,Amniotic ectoderm,CLADE_4
GATTCGAGTCTTTCTA,Placodal area,CLADE_2
GATTCGAGTTCCCAAA,Cranial neural crest,CLADE_4
GATTCGAGTTCGGTTA,Primitive erythroid cells,CLADE_2
GATTCGAGTTTGGAAA,Lateral plate and intermediate mesoderm,CLADE_1
GATTCGATCTCCCTAG,Primitive erythroid cells,CLADE_2
GATTCTTAGACTCAAA,Allantois,CLADE_2
GATTCTTAGCACTCAT,Primitive erythroid cells,CLADE_4
GATTCTTAGCAGTAAT,Paraxial mesoderm,CLADE_2
GATTCTTAGGAAAGGT,Surface ectoderm,CLADE_1
GATTCTTCACCCAATA,Notochord,CLADE_2
GATTCTTCACTGGAAG,Hindbrain,CLADE_2
GATTCTTCAGAGAAAG,Forebrain/midbrain,CLADE_2
GATTCTTCAGTCAGCC,Amniotic ectoderm,CLADE_2
GATTCTTTCTTCTGGC,Primitive erythroid cells,CLADE_14
GATTGGTAGATGTTAG,Primitive erythroid cells,CLADE_2
GATTGGTAGCCAAGCA,Primitive erythroid cells,CLADE_2
GATTGGTCAAGGTTGG,Lateral plate and intermediate mesoderm,CLADE_2
GATTGGTCAAGTACCT,Hindbrain,CLADE_2
GATTGGTCACAACGTT,Primitive erythroid cells,CLADE_2
GATTGGTCAGAGGACT,Lateral plate and intermediate mesoderm,CLADE_2
GATTGGTCATTCCTCG,Forebrain/midbrain,CLADE_3
GATTGGTGTGTCATGT,Hindbrain,CLADE_2
GATTGGTGTTAAACCC,Endothelium,CLADE_2
GATTGGTTCATTCTTG,Primitive erythroid cells,CLADE_2
GATTGGTTCCGTCACT,Lateral plate and intermediate mesoderm,CLADE_2
GATTTCTAGCATAGGC,Lateral plate and intermediate mesoderm,CLADE_1
GATTTCTCAATTGCGT,Primitive erythroid cells,CLADE_2
GATTTCTCATCCTTGC,Forebrain/midbrain,CLADE_2
GATTTCTGTCAGATTC,Primitive erythroid cells,CLADE_2
GATTTCTGTGTCCAAT,Paraxial mesoderm,CLADE_2
GATTTCTGTTTCCATT,Hindbrain,CLADE_5
GATTTCTTCCGTAGGC,Primitive erythroid cells,CLADE_2
GATTTCTTCTTAGGAC,Gut endoderm,CLADE_1
GCAACATCAACAGATA,Amniotic ectoderm,CLADE_2
GCAACATCACGGTCTG,Amniotic ectoderm,CLADE_5
GCAACATCAGCTTTCC,Gut endoderm,CLADE_2
GCAACATCATCCGATA,Surface ectoderm,CLADE_6
GCAACATGTAACATGA,Placodal area,CLADE_2
GCAACATGTAAGTTAG,Primitive erythroid cells,CLADE_1
GCAACATGTACTTGTG,Surface ectoderm,CLADE_2
GCAACATGTCGCACAC,Lateral plate and intermediate mesoderm,CLADE_4
GCAACATGTCGCTGCA,NMP,CLADE_2
GCAACATGTGCATACT,First heart field,CLADE_2
GCAACATTCCGTTTCG,Lateral plate and intermediate mesoderm,CLADE_2
GCAACATTCGGTAACT,Primitive erythroid cells,CLADE_6
GCAACATTCTCAACCC,Primitive erythroid cells,CLADE_2
GCAACCGAGATTCGAA,Primitive erythroid cells,CLADE_2
GCAACCGAGGTTGAGC,Lateral plate and intermediate mesoderm,CLADE_2
GCAACCGCACTGGAAG,Primitive erythroid cells,CLADE_2
GCAACCGCATGACTGT,Forebrain/midbrain,CLADE_2
GCAACCGGTCAACACT,Primitive erythroid cells,CLADE_2
GCAACCGGTCTCACAA,Hindbrain,CLADE_2
GCAACCGGTGAGAACC,Allantois,CLADE_2
GCAACCGGTGCACGCT,Primitive erythroid cells,CLADE_2
GCAACCGGTGGCTCTG,Second heart field,CLADE_2
GCAACCGGTTCTCTAT,Primitive erythroid cells,CLADE_2
GCAACCGTCAGAGTGG,Primitive erythroid cells,CLADE_3
GCAACCGTCCACAAGT,Endothelium,CLADE_2
GCAACCGTCCACTAGA,Amniotic ectoderm,CLADE_2
GCAACCGTCCCGTTCA,Hindbrain,CLADE_2
GCAACCGTCGTTGTGA,Lateral plate and intermediate mesoderm,CLADE_3
GCAACCGTCTTTGCTA,Hindbrain,CLADE_2
GCACATAAGGAACGAA,Primitive erythroid cells,CLADE_2
GCACATACAGAGGTAC,Hindbrain,CLADE_2
GCACATACAGGCCTGT,Cranial neural crest,CLADE_2
GCACATACATATGCGT,First heart field,CLADE_2
GCACATACATCAGTCA,NMP,CLADE_2
GCACATACATCGTCCT,NMP,CLADE_2
GCACATAGTGGCATCC,Surface ectoderm,CLADE_2
GCACATATCCGTTTCG,Forebrain/midbrain,CLADE_2
GCACATATCTCTCAAT,Hindbrain,CLADE_2
GCACGGTAGAGAGTGA,Cranial neural crest,CLADE_2
GCACGGTAGATTCGCT,Forebrain/midbrain,CLADE_2
GCACGGTAGGGTCTTT,Lateral plate and intermediate mesoderm,CLADE_2
GCACGGTAGTATCCTG,Cranial neural crest,CLADE_2
GCACGGTCAGGAGGTT,Lateral plate and intermediate mesoderm,CLADE_5
GCACGGTGTACAGAAT,Primitive erythroid cells,CLADE_2
GCACGGTGTGAGGAAA,Primitive erythroid cells,CLADE_1
GCACGGTGTTAATGAG,Primitive erythroid cells,CLADE_2
GCACGGTGTTACCTTT,Surface ectoderm,CLADE_2
GCACGGTGTTAGGAGC,Primitive erythroid cells,CLADE_11
GCACGGTGTTCGCGTG,Primitive erythroid cells,CLADE_2
GCACGGTGTTTCTATC,Primitive erythroid cells,CLADE_4
GCACGGTTCCAGCACG,Hindbrain,CLADE_2
GCACGGTTCCGTAGTA,Hematoendothelial progenitors,CLADE_2
GCACGGTTCGGAGTGA,Forebrain/midbrain,CLADE_2
GCACGGTTCTAAGAAG,Hindbrain,CLADE_1
GCACGTGAGATCCTAC,Gut endoderm,CLADE_2
GCACGTGAGGAACATT,NMP,CLADE_2
GCACGTGCAACTTGCA,Primitive erythroid cells,CLADE_2
GCACGTGCATGTCTAG,First heart field,CLADE_2
GCACGTGGTCTTAGTG,Surface ectoderm,CLADE_2
GCACGTGTCAGCCTTC,First heart field,CLADE_6
GCACGTGTCGTAGGAG,Gut endoderm,CLADE_2
GCACTAAAGACTCAAA,Lateral plate and intermediate mesoderm,CLADE_2
GCACTAAAGAGTTGTA,Cranial neural crest,CLADE_2
GCACTAAAGCACTTTG,Lateral plate and intermediate mesoderm,CLADE_2
GCACTAAAGGTAGCAC,Hindbrain,CLADE_2
GCACTAAAGTCCGTCG,Forebrain/midbrain,CLADE_4
GCACTAACACCCTATC,Primitive erythroid cells,CLADE_2
GCACTAACACTCCGGA,Primitive erythroid cells,CLADE_2
GCACTAAGTAAGTTGA,Allantois,CLADE_1
GCACTAAGTCAATCTG,Forebrain/midbrain,CLADE_3
GCACTAAGTCACCACG,Hindbrain,CLADE_2
GCACTAAGTGGACTAG,NMP,CLADE_2
GCACTAAGTTGTAAAG,Primitive erythroid cells,CLADE_3
GCACTAATCCCAGGCA,Forebrain/midbrain,CLADE_2
GCACTAATCGTGTGGC,Paraxial mesoderm,CLADE_2
GCAGCCAAGAGTCTGG,Placodal area,CLADE_2
GCAGCCAAGATACAGT,NMP,CLADE_2
GCAGCCAAGCAGGCTA,Primitive erythroid cells,CLADE_2
GCAGCCAAGCGGGTAT,Endothelium,CLADE_2
GCAGCCACAATTAGGA,Surface ectoderm,CLADE_2
GCAGCCACAGATTAAG,Hindbrain,CLADE_2
GCAGCCAGTAACAGGC,Forebrain/midbrain,CLADE_2
GCAGCCAGTCACATTG,Primitive erythroid cells,CLADE_3
GCAGCCATCAACACCA,Lateral plate and intermediate mesoderm,CLADE_2
GCAGCCATCCGTTGGG,Gut endoderm,CLADE_1
GCAGCCATCGACTCCT,Lateral plate and intermediate mesoderm,CLADE_2
GCAGCCATCGCTATTT,Amniotic ectoderm,CLADE_2
GCAGCTGAGCACTCCG,Primitive erythroid cells,CLADE_2
GCAGCTGAGGTCCCTG,Forebrain/midbrain,CLADE_5
GCAGCTGAGGTTAAAC,Primitive erythroid cells,CLADE_2
GCAGCTGCACACCGCA,Hematoendothelial progenitors,CLADE_2
GCAGCTGCACCAAAGG,Forebrain/midbrain,CLADE_2
GCAGCTGCAGAGATTA,Lateral plate and intermediate mesoderm,CLADE_2
GCAGCTGCAGGCACAA,Primitive erythroid cells,CLADE_2
GCAGCTGCATAGACTC,Primitive erythroid cells,CLADE_2
GCAGCTGGTCGATTCA,Primitive erythroid cells,CLADE_4
GCAGCTGTCACTCGAA,Primitive erythroid cells,CLADE_3
GCAGCTGTCAGGTAAA,Surface ectoderm,CLADE_1
GCAGCTGTCCAAGCTA,Lateral plate and intermediate mesoderm,CLADE_2
GCAGGCTAGTGACACG,Paraxial mesoderm,CLADE_2
GCAGGCTCACTTGGGC,Hindbrain,CLADE_2
GCAGGCTGTAACACGG,Paraxial mesoderm,CLADE_2
GCAGGCTTCCGCCTAT,Gut endoderm,CLADE_2
GCAGTTAAGCTGCCAC,Hindbrain,CLADE_2
GCAGTTAAGGACGCAT,Primitive erythroid cells,CLADE_2
GCAGTTACAAGCTGTT,Allantois,CLADE_3
GCAGTTACACGCAGTC,NMP,CLADE_2
GCAGTTACAGACAAAT,Primitive erythroid cells,CLADE_2
GCAGTTACAGACCGCT,Forebrain/midbrain,CLADE_2
GCAGTTAGTAGCGTTT,Hematoendothelial progenitors,CLADE_3
GCAGTTAGTATACCTG,Paraxial mesoderm,CLADE_2
GCAGTTAGTCCAGCGT,Allantois,CLADE_2
GCAGTTAGTGAGTCAG,Lateral plate and intermediate mesoderm,CLADE_2
GCAGTTAGTGATTCTG,Paraxial mesoderm,CLADE_1
GCAGTTAGTTACTCAG,Primitive erythroid cells,CLADE_2
GCAGTTATCATTCGGA,Forebrain/midbrain,CLADE_2
GCATCGGAGGCCTTGC,Spinal cord,CLADE_2
GCATCGGAGGCTGAAC,Forebrain/midbrain,CLADE_2
GCATCGGAGTAAGCAT,Allantois,CLADE_2
GCATCGGAGTAGGCCA,Amniotic ectoderm,CLADE_2
GCATCGGAGTGATTCC,Cranial neural crest,CLADE_2
GCATCGGCAAATTGCC,Cranial neural crest,CLADE_4
GCATCGGCAAGCGATG,Primitive erythroid cells,CLADE_2
GCATCGGCACCTCGTT,Lateral plate and intermediate mesoderm,CLADE_2
GCATCGGCAGAGGAAA,Primitive erythroid cells,CLADE_2
GCATCGGCATATGCGT,First heart field,CLADE_2
GCATCGGCATCATCCC,Forebrain/midbrain,CLADE_1
GCATCGGGTAGCTGAG,Lateral plate and intermediate mesoderm,CLADE_3
GCATCGGGTATGTCCA,Gut endoderm,CLADE_2
GCATCGGGTGCCGAAA,NMP,CLADE_2
GCATCGGGTTCTCACC,Gut endoderm,CLADE_2
GCATCGGTCGACATAC,Cranial neural crest,CLADE_2
GCATCGGTCTCCAAGA,Surface ectoderm,CLADE_2
GCATCTCAGTAGCCAG,Lateral plate and intermediate mesoderm,CLADE_5
GCATCTCCAAGATTGA,Primitive erythroid cells,CLADE_2
GCATCTCCACATTCGA,Primitive erythroid cells,CLADE_2
GCATCTCCACTTGGCG,Amniotic ectoderm,CLADE_2
GCATCTCGTACGATGG,Placodal area,CLADE_2
GCATCTCGTAGCTAAA,Primitive erythroid cells,CLADE_2
GCATCTCGTATGTCTG,Hindbrain,CLADE_3
GCATCTCTCATTGGTG,NMP,CLADE_4
GCATCTCTCGGCCAAC,Gut endoderm,CLADE_3
GCATGATAGTACTGTC,Primitive erythroid cells,CLADE_2
GCATGATAGTCTACCA,Primitive erythroid cells,CLADE_2
GCATGATAGTTGCTCA,Lateral plate and intermediate mesoderm,CLADE_1
GCATGATCACTTCCTG,Endothelium,CLADE_2
GCATGATCACTTTATC,Lateral plate and intermediate mesoderm,CLADE_2
GCATGATCATACCACA,Primitive erythroid cells,CLADE_6
GCATGATCATCCAATG,Surface ectoderm,CLADE_2
GCATGATGTGGATTTC,Surface ectoderm,CLADE_3
GCATGATGTGTACAGG,Paraxial mesoderm,CLADE_1
GCATGATGTTTGTTGG,Primitive erythroid cells,CLADE_3
GCATGATTCAAGAATG,Primitive erythroid cells,CLADE_2
GCATGATTCACTTTGT,Primitive erythroid cells,CLADE_2
GCATGATTCCCTATTA,Primitive erythroid cells,CLADE_2
GCATGATTCTCGTGGG,Hindbrain,CLADE_2
GCATTAGAGAAACCAT,Primitive erythroid cells,CLADE_2
GCATTAGAGAGCCGAT,Amniotic ectoderm,CLADE_4
GCATTAGAGCCAGAGT,Primitive erythroid cells,CLADE_2
GCATTAGAGGCCATAG,Forebrain/midbrain,CLADE_2
GCATTAGGTACGAGCA,Primitive erythroid cells,CLADE_2
GCCAACGAGCGCCTCA,Lateral plate and intermediate mesoderm,CLADE_2
GCCAACGCAAATGATG,Primitive erythroid cells,CLADE_2
GCCAACGGTCTGGTTA,Primitive erythroid cells,CLADE_2
GCCAACGGTGTGTTTG,Lateral plate and intermediate mesoderm,CLADE_2
GCCAACGGTTAACAGA,Hematoendothelial progenitors,CLADE_2
GCCAACGGTTCGGCGT,Hindbrain,CLADE_5
GCCAACGGTTCGTTCC,Primitive erythroid cells,CLADE_2
GCCAACGTCTATACGG,Primitive erythroid cells,CLADE_2
GCCAGCAAGGACATCG,Lateral plate and intermediate mesoderm,CLADE_2
GCCAGCAAGGCACTAG,Primitive erythroid cells,CLADE_2
GCCAGCAAGTACCATC,Primitive erythroid cells,CLADE_2
GCCAGCAAGTTTCGGT,Hindbrain,CLADE_2
GCCAGCACAAGATGTA,Placodal area,CLADE_2
GCCAGCACACGACGAA,Cranial neural crest,CLADE_2
GCCAGCACAGCGCTTG,Primitive erythroid cells,CLADE_2
GCCAGCAGTTAACCTG,Placodal area,CLADE_2
GCCAGCATCAAGCTGT,NMP,CLADE_2
GCCAGGTAGCTTTCCC,Surface ectoderm,CLADE_2
GCCAGGTAGGTCATCT,Hindbrain,CLADE_5
GCCAGGTAGTGATAGT,Forebrain/midbrain,CLADE_2
GCCAGGTAGTTGCGAG,Amniotic ectoderm,CLADE_5
GCCAGGTCAACCGACC,Surface ectoderm,CLADE_2
GCCAGGTCATATACCG,Primitive erythroid cells,CLADE_2
GCCAGGTCATTGGATC,Lateral plate and intermediate mesoderm,CLADE_2
GCCAGGTGTAATACCC,NMP,CLADE_2
GCCAGGTGTATTGGCT,Primitive erythroid cells,CLADE_2
GCCAGGTGTGGTCCCA,Primitive erythroid cells,CLADE_2
GCCAGGTTCACTTGTT,Primitive erythroid cells,CLADE_2
GCCAGGTTCAGACAAA,Hindbrain,CLADE_2
GCCAGGTTCCTTGACC,Amniotic ectoderm,CLADE_2
GCCAGGTTCGAGCCTG,Primitive erythroid cells,CLADE_2
GCCAGGTTCTACTGCC,Allantois,CLADE_4
GCCAGTGAGGCTATCT,Forebrain/midbrain,CLADE_2
GCCAGTGAGGGTCACA,NMP,CLADE_1
GCCAGTGAGTGTACCT,Surface ectoderm,CLADE_2
GCCAGTGCAACACACT,Primitive erythroid cells,CLADE_4
GCCAGTGCAAGACGGT,Lateral plate and intermediate mesoderm,CLADE_2
GCCAGTGCAATCGAAA,Paraxial mesoderm,CLADE_5
GCCAGTGCAGATCACT,Primitive erythroid cells,CLADE_2
GCCAGTGCAGTTAAAG,Hindbrain,CLADE_2
GCCAGTGCATTCAGGT,Primitive erythroid cells,CLADE_4
GCCAGTGGTGCTTCAA,Allantois,CLADE_2
GCCAGTGTCACCCATC,Endothelium,CLADE_2
GCCAGTGTCCCAGGAC,Primitive erythroid cells,CLADE_2
GCCATGGAGAATAACC,Endothelium,CLADE_2
GCCATGGAGCATGAAT,Primitive erythroid cells,CLADE_3
GCCATGGAGGCGCTCT,Placodal area,CLADE_2
GCCATGGAGGGTGGGA,Surface ectoderm,CLADE_2
GCCATGGCAACCCTAA,Hindbrain,CLADE_2
GCCATGGCACATAACC,Lateral plate and intermediate mesoderm,CLADE_2
GCCATGGGTTAAGTCC,Forebrain/midbrain,CLADE_2
GCCATGGGTTGCCTAA,Amniotic ectoderm,CLADE_2
GCCATGGTCACCTCGT,NMP,CLADE_2
GCCATGGTCCTTCTGG,Forebrain/midbrain,CLADE_2
GCCATTCAGGTTGTTC,Amniotic ectoderm,CLADE_4
GCCATTCAGTACCCTA,Lateral plate and intermediate mesoderm,CLADE_2
GCCATTCCAATCACGT,Primitive erythroid cells,CLADE_2
GCCATTCCACGCTGAC,Primitive erythroid cells,CLADE_2
GCCATTCCACTGATTG,Lateral plate and intermediate mesoderm,CLADE_2
GCCATTCCAGGTCAGA,Primitive erythroid cells,CLADE_2
GCCATTCCATTGCTTT,Second heart field,CLADE_6
GCCATTCGTAGTTCCA,Hindbrain,CLADE_6
GCCATTCGTGGACCAA,Gut endoderm,CLADE_1
GCCATTCGTTGTGGAG,Allantois,CLADE_3
GCCATTCTCAAAGACA,NMP,CLADE_2
GCCATTCTCCATCAGA,Forebrain/midbrain,CLADE_2
GCCCAGAAGAAGGTAG,Primitive erythroid cells,CLADE_2
GCCCAGAAGGCGCTTC,Primitive erythroid cells,CLADE_2
GCCCAGAAGTGGATTA,Allantois,CLADE_3
GCCCAGACAAGTGATA,NMP,CLADE_2
GCCCAGACACATTCGA,Lateral plate and intermediate mesoderm,CLADE_2
GCCCAGACAGGAGGTT,Forebrain/midbrain,CLADE_5
GCCCAGACAGGCTATT,Hindbrain,CLADE_2
GCCCAGACATCGGCCA,Surface ectoderm,CLADE_2
GCCCAGACATGAGGGT,Primitive erythroid cells,CLADE_2
GCCCAGAGTCAGCGTC,Primitive erythroid cells,CLADE_2
GCCCAGAGTCGGCACT,Lateral plate and intermediate mesoderm,CLADE_2
GCCCAGAGTGAGTAAT,Surface ectoderm,CLADE_2
GCCCAGATCCCGAACG,NMP,CLADE_1
GCCCAGATCTGCGGCA,Primitive erythroid cells,CLADE_3
GCCCGAAAGCCTCTCT,Second heart field,CLADE_2
GCCCGAACAAAGGATT,Surface ectoderm,CLADE_2
GCCCGAAGTAAGATAC,Primitive erythroid cells,CLADE_6
GCCCGAAGTATGTGTC,Surface ectoderm,CLADE_2
GCCCGAAGTGAACTAA,Primitive erythroid cells,CLADE_2
GCCCGAAGTGTCGATT,Hindbrain,CLADE_2
GCCCGAAGTTACGTAC,Primitive erythroid cells,CLADE_2
GCCCGAATCAAACGAA,Forebrain/midbrain,CLADE_2
GCCCGAATCAAGATAG,Surface ectoderm,CLADE_2
GCCCGAATCACTCACC,Placodal area,CLADE_1
GCCCGAATCCTTCAGC,Surface ectoderm,CLADE_2
GCCCGAATCTTCCCGA,NMP,CLADE_43
GCCGATGAGCTAGAAT,Surface ectoderm,CLADE_2
GCCGATGAGGTCGTGA,Primitive erythroid cells,CLADE_2
GCCGATGCACGGCCAT,Primitive erythroid cells,CLADE_3
GCCGATGCACTCACTC,Second heart field,CLADE_2
GCCGATGCAGAAGCTG,Endothelium,CLADE_4
GCCGATGCAGGAATCG,Surface ectoderm,CLADE_2
GCCGATGCATCTCAAG,Forebrain/midbrain,CLADE_2
GCCGATGCATTGGCAT,Primitive erythroid cells,CLADE_2
GCCGATGGTTGCGAAG,NMP,CLADE_2
GCCGATGTCCTACCAC,NMP,CLADE_2
GCCGATGTCTAAGCCA,Primitive erythroid cells,CLADE_2
GCCGTGAAGGACAGTC,Primitive erythroid cells,CLADE_2
GCCGTGAAGGCGCTCT,Primitive erythroid cells,CLADE_2
GCCGTGAAGTTTGCTG,Forebrain/midbrain,CLADE_2
GCCGTGACATGGCCCA,Endothelium,CLADE_2
GCCGTGAGTAGGTCAG,Surface ectoderm,CLADE_2
GCCGTGATCATTGCCC,Surface ectoderm,CLADE_2
GCCTGTTAGACGAAGA,Hindbrain,CLADE_2
GCCTGTTAGGTATTGA,Lateral plate and intermediate mesoderm,CLADE_6
GCCTGTTAGTATGAAC,Primitive erythroid cells,CLADE_2
GCCTGTTCAAATCAGA,Hindbrain,CLADE_1
GCCTGTTCAAGGGTCA,Hindbrain,CLADE_2
GCCTGTTCACTTGACA,Gut endoderm,CLADE_3
GCCTGTTCATCCTTGC,Hindbrain,CLADE_2
GCCTGTTCATGGAAGC,Hindbrain,CLADE_5
GCCTGTTGTACGAGTG,Primitive erythroid cells,CLADE_2
GCCTGTTGTATGCGGA,Primitive erythroid cells,CLADE_2
GCCTGTTGTGCTCCGA,Endothelium,CLADE_2
GCCTGTTTCCGTTGAA,Primitive erythroid cells,CLADE_2
GCCTGTTTCGCCATAA,Primitive erythroid cells,CLADE_2
GCCTGTTTCGCTAGCG,Lateral plate and intermediate mesoderm,CLADE_2
GCCTGTTTCTAACGCA,Forebrain/midbrain,CLADE_2
GCCTGTTTCTAGGCCG,Primitive erythroid cells,CLADE_6
GCGAGAAAGATGAAGG,Gut endoderm,CLADE_2
GCGAGAACACAAGCTT,Amniotic ectoderm,CLADE_2
GCGAGAACACAATGTC,Primitive erythroid cells,CLADE_2
GCGAGAACACATAACC,Primitive erythroid cells,CLADE_4
GCGAGAACACTCTCGT,Lateral plate and intermediate mesoderm,CLADE_3
GCGAGAACACTTTAGG,Cranial neural crest,CLADE_2
GCGAGAACAGCGACAA,NMP,CLADE_2
GCGAGAAGTGAGAACC,Hindbrain,CLADE_2
GCGAGAAGTGCAACAG,Forebrain/midbrain,CLADE_2
GCGAGAAGTTGCCAAT,Lateral plate and intermediate mesoderm,CLADE_2
GCGAGAATCTCACCCA,Primitive erythroid cells,CLADE_4
GCGATCGAGATAGGGA,Cranial neural crest,CLADE_3
GCGATCGAGTAATCCC,Primitive erythroid cells,CLADE_2
GCGATCGCATAGGCGA,Placodal area,CLADE_2
GCGATCGGTACTCCGG,Cranial neural crest,CLADE_2
GCGATCGGTTGGTGTT,Cranial neural crest,CLADE_2
GCGATCGTCACCCATC,Gut endoderm,CLADE_2
GCGATCGTCATCACCC,Endothelium,CLADE_2
GCGGAAAAGCACGGAT,Amniotic ectoderm,CLADE_3
GCGGAAAAGGTTCTTG,Primitive erythroid cells,CLADE_2
GCGGAAACAAGTCATC,Primitive erythroid cells,CLADE_3
GCGGAAACAGCTACAT,Primitive erythroid cells,CLADE_2
GCGGAAACAGCTGTGC,Primitive erythroid cells,CLADE_3
GCGGAAAGTCATCGCG,Primitive erythroid cells,CLADE_4
GCGGAAAGTGGCTTAT,Primitive erythroid cells,CLADE_3
GCGGAAATCACTCTTA,Primitive erythroid cells,CLADE_2
GCGGAAATCATTCCTA,Primitive erythroid cells,CLADE_4
GCGGAAATCCACTGAA,Forebrain/midbrain,CLADE_3
GCGGAAATCCATGCAA,Primitive erythroid cells,CLADE_2
GCGGAAATCTACTCAT,Gut endoderm,CLADE_2
GCGGAAATCTGTGTGA,Gut endoderm,CLADE_2
GCGGATCAGAAGGGAT,Primitive erythroid cells,CLADE_2
GCGGATCAGCACACCC,Primitive erythroid cells,CLADE_2
GCGGATCCAACAACAA,Primitive erythroid cells,CLADE_4
GCGGATCCACATGGTT,Primitive erythroid cells,CLADE_2
GCGGATCCACGCTGAC,Forebrain/midbrain,CLADE_44
GCGGATCCATTACTCT,Hindbrain,CLADE_2
GCGGATCGTAGTCGGA,Surface ectoderm,CLADE_3
GCGGATCGTCCAGGTC,Paraxial mesoderm,CLADE_2
GCGGATCGTCTTACAG,Forebrain/midbrain,CLADE_2
GCGGATCTCGAGTGGA,Primitive erythroid cells,CLADE_2
GCGTGCAAGAATTGTG,Lateral plate and intermediate mesoderm,CLADE_28
GCGTGCAAGGACAGCT,Primitive erythroid cells,CLADE_2
GCGTGCAAGGCTAGCA,Cranial neural crest,CLADE_2
GCGTGCACAACAGAGC,Primitive erythroid cells,CLADE_6
GCGTGCACAACGGCTC,Amniotic ectoderm,CLADE_1
GCGTGCACATGAGATA,Allantois,CLADE_16
GCGTGCATCCTCAGGG,Cranial neural crest,CLADE_11
GCGTGCATCTATCACT,Forebrain/midbrain,CLADE_2
GCGTTTCAGCATCAGG,Lateral plate and intermediate mesoderm,CLADE_2
GCGTTTCAGTCGAAGC,NMP,CLADE_2
GCGTTTCAGTCGTTAC,Endothelium,CLADE_2
GCGTTTCCACAGCTTA,Lateral plate and intermediate mesoderm,CLADE_2
GCGTTTCGTAACTGCT,Primitive erythroid cells,CLADE_6
GCGTTTCGTGTCTAAC,Amniotic ectoderm,CLADE_2
GCGTTTCGTTGCATAC,Primitive erythroid cells,CLADE_2
GCGTTTCTCTAGATCG,Gut endoderm,CLADE_2
GCTACAAAGGGAACAA,Allantois,CLADE_4
GCTACAAAGTCAGAGC,Paraxial mesoderm,CLADE_2
GCTACAAGTAGCACAG,Endothelium,CLADE_2
GCTACAAGTCATGGCC,Primitive erythroid cells,CLADE_2
GCTACAAGTGTCTCCT,Hindbrain,CLADE_3
GCTACAATCAAGTCGT,Paraxial mesoderm,CLADE_2
GCTACAATCTGGCCTT,Forebrain/midbrain,CLADE_2
GCTACCTAGCACCTGC,Primitive erythroid cells,CLADE_2
GCTACCTAGGCTGAAC,Hindbrain,CLADE_5
GCTACCTAGGTACAGC,Amniotic ectoderm,CLADE_2
GCTACCTAGGTACATA,Primitive erythroid cells,CLADE_2
GCTACCTAGTCAGAGC,Primitive erythroid cells,CLADE_2
GCTACCTCAGACCATT,Forebrain/midbrain,CLADE_2
GCTACCTCAGCACCCA,First heart field,CLADE_2
GCTACCTCAGTGTGGA,Primitive erythroid cells,CLADE_2
GCTACCTGTGCTGTCG,Amniotic ectoderm,CLADE_2
GCTACCTTCCAGTACA,Lateral plate and intermediate mesoderm,CLADE_5
GCTACCTTCCTAAGTG,Forebrain/midbrain,CLADE_2
GCTACCTTCCTGTTAT,Hindbrain,CLADE_2
GCTCAAAAGAAGGATG,Cranial neural crest,CLADE_2
GCTCAAAAGTAGGATT,Hindbrain,CLADE_5
GCTCAAAAGTTGGCTT,Endothelium,CLADE_1
GCTCAAACAACGTAAA,Primitive erythroid cells,CLADE_2
GCTCAAACAATGTGGG,Gut endoderm,CLADE_2
GCTCAAACACATCCCT,Primitive erythroid cells,CLADE_4
GCTCAAACATGGTGGA,Paraxial mesoderm,CLADE_2
GCTCAAAGTTCGGGTC,Primitive erythroid cells,CLADE_4
GCTCAAATCAAACCTG,Endothelium,CLADE_2
GCTCAAATCCGATCTC,Primitive erythroid cells,CLADE_2
GCTCAAATCCTACGAA,Primitive erythroid cells,CLADE_2
GCTGAATAGTAAACAC,Hindbrain,CLADE_2
GCTGAATAGTACTGTC,Lateral plate and intermediate mesoderm,CLADE_5
GCTGAATAGTGTACAA,Primitive erythroid cells,CLADE_2
GCTGAATGTACTCGCG,Surface ectoderm,CLADE_2
GCTGAATGTAGATTGA,Forebrain/midbrain,CLADE_2
GCTGAATGTGTTGATC,Primitive erythroid cells,CLADE_2
GCTGAATTCACAAGAA,Allantois,CLADE_4
GCTGAATTCACCTCGT,Primitive erythroid cells,CLADE_2
GCTGAATTCATCGCAA,Surface ectoderm,CLADE_2
GCTGAATTCTATCACT,Primitive erythroid cells,CLADE_2
GCTGAATTCTGTACAG,Primitive erythroid cells,CLADE_2
GCTGCAGAGAATTGTG,Primitive erythroid cells,CLADE_2
GCTGCAGAGAGAGTTT,Placodal area,CLADE_2
GCTGCAGAGGTAGGCT,Gut endoderm,CLADE_2
GCTGCAGAGTGAGGTC,Primitive erythroid cells,CLADE_4
GCTGCAGCAAATCCCA,Primitive erythroid cells,CLADE_2
GCTGCAGCACGTATAC,Allantois,CLADE_2
GCTGCAGGTCAGGAGT,Endothelium,CLADE_2
GCTGCAGGTCCACTCT,Notochord,CLADE_3
GCTGCAGGTGCTCCGA,Forebrain/midbrain,CLADE_1
GCTGCAGGTGGCGCTT,Primitive erythroid cells,CLADE_3
GCTGCAGGTTAGGCCC,Gut endoderm,CLADE_45
GCTGCAGGTTCCGCGA,Surface ectoderm,CLADE_2
GCTGCAGTCGAACCTA,Lateral plate and intermediate mesoderm,CLADE_2
GCTGCAGTCGGATACT,Primitive erythroid cells,CLADE_2
GCTGGGTAGGCACTCC,Cranial neural crest,CLADE_2
GCTGGGTAGGCTCAAG,Lateral plate and intermediate mesoderm,CLADE_4
GCTGGGTCAAACTCGT,Lateral plate and intermediate mesoderm,CLADE_3
GCTGGGTCACCGCTAG,Lateral plate and intermediate mesoderm,CLADE_2
GCTGGGTCACGAGAAC,Surface ectoderm,CLADE_2
GCTGGGTCAGGTGTGA,Primitive erythroid cells,CLADE_2
GCTGGGTTCTGACCCT,Hindbrain,CLADE_2
GCTTCACAGAATTGCA,Primitive erythroid cells,CLADE_2
GCTTCACAGCACTCGC,Endothelium,CLADE_2
GCTTCACAGCCAACCC,Surface ectoderm,CLADE_2
GCTTCACAGTCGCCAC,Cranial neural crest,CLADE_2
GCTTCACAGTGACACG,Forebrain/midbrain,CLADE_2
GCTTCACCAAATGGCG,NMP,CLADE_2
GCTTCACCAGGCCCTA,Primitive erythroid cells,CLADE_2
GCTTCACTCCTCTCGA,Forebrain/midbrain,CLADE_1
GCTTCACTCTCCTGAC,Forebrain/midbrain,CLADE_4
GCTTGGGAGCTTTGTG,Allantois,CLADE_2
GCTTGGGAGTGAGGTC,First heart field,CLADE_2
GCTTGGGCATAGATCC,Primitive erythroid cells,CLADE_2
GCTTGGGCATAGTCGT,Forebrain/midbrain,CLADE_2
GCTTGGGCATGTGACT,Forebrain/midbrain,CLADE_2
GCTTGGGGTCGTTCAA,Primordial germ cells,CLADE_2
GCTTGGGTCCCATTCG,Primitive erythroid cells,CLADE_2
GCTTGGGTCTCGCCTA,Paraxial mesoderm,CLADE_2
GCTTTCGAGACGCAGT,Lateral plate and intermediate mesoderm,CLADE_2
GCTTTCGAGTGCACTT,Hindbrain,CLADE_1
GCTTTCGCACCTCGTT,Forebrain/midbrain,CLADE_2
GCTTTCGCAGCAGACA,Surface ectoderm,CLADE_46
GCTTTCGCAGCTACCG,Primitive erythroid cells,CLADE_6
GCTTTCGCATATCTCT,Surface ectoderm,CLADE_3
GCTTTCGGTTGCTGAT,Primitive erythroid cells,CLADE_3
GCTTTCGGTTGTGCAT,Gut endoderm,CLADE_2
GCTTTCGGTTTGTTGG,Cranial neural crest,CLADE_2
GCTTTCGTCAGCCTCT,Allantois,CLADE_2
GGAACCCAGCCTCTCT,Primitive erythroid cells,CLADE_3
GGAACCCAGCTGTTAC,Endothelium,CLADE_1
GGAACCCAGGATACAT,Primitive erythroid cells,CLADE_2
GGAACCCAGGTTTACC,Primitive erythroid cells,CLADE_3
GGAACCCAGTAAAGCT,Primitive erythroid cells,CLADE_2
GGAACCCCAATAGGAT,Allantois,CLADE_4
GGAACCCCACACACTA,Hindbrain,CLADE_2
GGAACCCCAGAGGTAC,Primitive erythroid cells,CLADE_2
GGAACCCCAGTCAGTT,Amniotic ectoderm,CLADE_2
GGAACCCCATCCAACA,Cranial neural crest,CLADE_2
GGAACCCCATGAATAG,Notochord,CLADE_2
GGAACCCGTAGATCCT,Forebrain/midbrain,CLADE_2
GGAACCCGTATGCAAA,NMP,CLADE_2
GGAACCCGTCGAACGA,Primitive erythroid cells,CLADE_2
GGAACCCGTCTCAAGT,Hindbrain,CLADE_2
GGAACCCGTCTGCATA,Second heart field,CLADE_5
GGAACCCGTCTGTAGT,NMP,CLADE_2
GGAACCCGTGGAGAAA,Hindbrain,CLADE_2
GGAACCCGTTATTCCT,Primitive erythroid cells,CLADE_2
GGAACCCTCACGGGAA,Placodal area,CLADE_2
GGAAGTGAGACTTAAG,Primitive erythroid cells,CLADE_2
GGAAGTGAGCGCCATC,Allantois,CLADE_2
GGAAGTGAGTTACGAA,Primitive erythroid cells,CLADE_2
GGAAGTGCACCCATAA,Surface ectoderm,CLADE_2
GGAAGTGCATAGAAAC,Primitive erythroid cells,CLADE_2
GGAAGTGGTAGGCAAC,Gut endoderm,CLADE_2
GGAAGTGGTCTACACA,Primordial germ cells,CLADE_2
GGAAGTGGTTGTCCCT,Gut endoderm,CLADE_3
GGAAGTGTCTCGAACA,NMP,CLADE_2
GGAATCTAGCAACTTC,Primitive erythroid cells,CLADE_4
GGAATCTAGCATCGAG,Primitive erythroid cells,CLADE_2
GGAATCTAGCGCCCAT,Forebrain/midbrain,CLADE_2
GGAATCTAGGCGCTTC,Hindbrain,CLADE_2
GGAATCTCACTTCAGA,Lateral plate and intermediate mesoderm,CLADE_2
GGAATCTCATCGCCTT,Primitive erythroid cells,CLADE_2
GGAATCTCATTCGGGC,Surface ectoderm,CLADE_2
GGAATCTCATTGCCGG,Surface ectoderm,CLADE_2
GGAATCTGTAACATGA,Primitive erythroid cells,CLADE_2
GGAATCTGTGTATACC,Forebrain/midbrain,CLADE_2
GGAATCTGTGTCCTAA,Endothelium,CLADE_2
GGAATCTGTGTCTTAG,NMP,CLADE_2
GGAATGGAGACAACAT,Primitive erythroid cells,CLADE_2
GGAATGGAGGTAGCCA,Lateral plate and intermediate mesoderm,CLADE_2
GGAATGGAGGTGGCTA,Amniotic ectoderm,CLADE_2
GGAATGGAGGTTGGTG,Primitive erythroid cells,CLADE_2
GGAATGGCAACTGTGT,Lateral plate and intermediate mesoderm,CLADE_2
GGAATGGCAACTTGGT,Paraxial mesoderm,CLADE_2
GGAATGGCACTTGACA,Endothelium,CLADE_2
GGAATGGCAGCTGGTC,Amniotic ectoderm,CLADE_5
GGAATGGCATGTGCTA,Forebrain/midbrain,CLADE_2
GGAATGGCATTGTACG,Primitive erythroid cells,CLADE_2
GGAATGGGTTGTTGCA,Lateral plate and intermediate mesoderm,CLADE_3
GGAATGGTCCCAATAG,NMP,CLADE_4
GGAATGGTCGAGAAGC,Paraxial mesoderm,CLADE_2
GGAATGGTCGAGAATA,Placodal area,CLADE_2
GGACGTCAGACTTGTC,Gut endoderm,CLADE_2
GGACGTCAGGATGAGA,Primitive erythroid cells,CLADE_2
GGACGTCCACAAGGTG,Primitive erythroid cells,CLADE_2
GGACGTCCACTTGAAC,Primitive erythroid cells,CLADE_2
GGACGTCCAGAAGTTA,Gut endoderm,CLADE_2
GGACGTCCATTGAAGA,Cranial neural crest,CLADE_2
GGACGTCGTCGTGGAA,Surface ectoderm,CLADE_2
GGACGTCGTGCATTAC,Primitive erythroid cells,CLADE_2
GGACGTCGTGCTGCAC,Surface ectoderm,CLADE_2
GGACGTCTCATGTCTT,Primitive erythroid cells,CLADE_2
GGACGTCTCCCATACC,Paraxial mesoderm,CLADE_2
GGACGTCTCCTACCGT,Hindbrain,CLADE_2
GGACGTCTCGGTGTAT,Lateral plate and intermediate mesoderm,CLADE_2
GGACGTCTCTCTAGGA,Hindbrain,CLADE_2
GGAGAACAGGAACGCT,Hindbrain,CLADE_2
GGAGAACAGGTCCCTG,Amniotic ectoderm,CLADE_2
GGAGAACAGTAACGAT,Primitive erythroid cells,CLADE_2
GGAGAACCAACCCTCT,Paraxial mesoderm,CLADE_5
GGAGAACCACCGTGGT,Primitive erythroid cells,CLADE_2
GGAGAACCAGGCGATA,Primitive erythroid cells,CLADE_2
GGAGAACGTCACTGAT,Lateral plate and intermediate mesoderm,CLADE_2
GGAGAACGTCTACTGA,Forebrain/midbrain,CLADE_5
GGAGAACGTGGACTGA,Surface ectoderm,CLADE_2
GGAGAACTCGACCATA,First heart field,CLADE_2
GGAGATGAGACCATAA,Lateral plate and intermediate mesoderm,CLADE_2
GGAGATGAGTGAGGTC,Lateral plate and intermediate mesoderm,CLADE_2
GGAGATGCAGATCATC,Primitive erythroid cells,CLADE_3
GGAGATGGTCACCGCA,Primitive erythroid cells,CLADE_2
GGAGATGGTCCAGCCA,Gut endoderm,CLADE_6
GGAGATGGTCGAAGCA,Primitive erythroid cells,CLADE_2
GGAGATGGTGATCGTT,Hindbrain,CLADE_2
GGAGATGGTGTCATTG,Primitive erythroid cells,CLADE_2
GGAGATGTCCACTTCG,Forebrain/midbrain,CLADE_2
GGAGATGTCGTGTGAT,Forebrain/midbrain,CLADE_2
GGAGATGTCTTCTTCC,Allantois,CLADE_2
GGAGATGTCTTTCCGG,NMP,CLADE_2
GGAGCAAAGAATCGTA,NMP,CLADE_2
GGAGCAAAGACCTTTG,Primitive erythroid cells,CLADE_2
GGAGCAAAGATGTTAG,Primitive erythroid cells,CLADE_2
GGAGCAAAGGCAGTCA,Lateral plate and intermediate mesoderm,CLADE_2
GGAGCAAAGGCGTCCT,Paraxial mesoderm,CLADE_2
GGAGCAACAACGATTC,NMP,CLADE_2
GGAGCAACAATTGAGA,Surface ectoderm,CLADE_2
GGAGCAACAGTCTGGC,Lateral plate and intermediate mesoderm,CLADE_1
GGAGCAACATTGACTG,Lateral plate and intermediate mesoderm,CLADE_2
GGAGCAAGTGGCTGCT,Gut endoderm,CLADE_2
GGAGCAATCGCTTGCT,Primitive erythroid cells,CLADE_2
GGAGCAATCGGACCAC,Primitive erythroid cells,CLADE_2
GGAGCAATCTAGTCAG,Primitive erythroid cells,CLADE_2
GGAGCAATCTCATTTG,Hindbrain,CLADE_2
GGAGCAATCTCTCCGA,Hindbrain,CLADE_2
GGAGGATAGATGATTG,Primitive erythroid cells,CLADE_2
GGAGGATAGGACAGTC,Lateral plate and intermediate mesoderm,CLADE_2
GGAGGATAGTAATTGG,Lateral plate and intermediate mesoderm,CLADE_2
GGAGGATCAATACCTG,Lateral plate and intermediate mesoderm,CLADE_2
GGAGGATCAATCAGCT,Hematoendothelial progenitors,CLADE_2
GGAGGATCAGAGGAAA,Hindbrain,CLADE_3
GGAGGATCATGTGCCG,Primitive erythroid cells,CLADE_2
GGAGGATCATTCAGGT,Primitive erythroid cells,CLADE_2
GGAGGATGTAACACCT,Hindbrain,CLADE_2
GGAGGATGTGTCCGTG,Primitive erythroid cells,CLADE_2
GGAGGATGTTAAGTCC,Primitive erythroid cells,CLADE_2
GGAGGATGTTGCAACT,Endothelium,CLADE_2
GGAGGATTCAAACTGC,NMP,CLADE_2
GGAGGATTCAAGTCGT,Forebrain/midbrain,CLADE_2
GGAGGATTCGAGTACT,NMP,CLADE_2
GGAGGATTCGATGCTA,Surface ectoderm,CLADE_2
GGAGGATTCTAGACCA,Primitive erythroid cells,CLADE_2
GGAGGTAAGACCAGAC,Primitive erythroid cells,CLADE_2
GGAGGTAAGTTTGCTG,NMP,CLADE_3
GGAGGTACACTTACAG,Paraxial mesoderm,CLADE_2
GGAGGTACATCTAGAC,Gut endoderm,CLADE_3
GGAGGTAGTAGACTGG,Surface ectoderm,CLADE_2
GGAGGTAGTAGCTGTT,Primitive erythroid cells,CLADE_3
GGAGGTAGTCAGCGTC,Amniotic ectoderm,CLADE_2
GGAGGTAGTGAGGCAT,Surface ectoderm,CLADE_3
GGAGGTAGTTCCCAAA,Primitive erythroid cells,CLADE_2
GGAGGTATCAATCTCT,Primitive erythroid cells,CLADE_2
GGAGGTATCCTTGGAA,Cranial neural crest,CLADE_2
GGAGGTATCGTAACAC,Primitive erythroid cells,CLADE_2
GGATCTAAGAATTCAG,Primitive erythroid cells,CLADE_3
GGATCTACACCTCAGG,Primitive erythroid cells,CLADE_3
GGATCTACATCTCAAG,NMP,CLADE_2
GGATCTAGTCTCGGAC,Forebrain/midbrain,CLADE_1
GGATCTAGTGCCCTTT,Surface ectoderm,CLADE_3
GGATCTAGTTGGCTAT,Primitive erythroid cells,CLADE_2
GGATCTATCCGATGCG,Primitive erythroid cells,CLADE_2
GGATCTATCGGCTATA,Lateral plate and intermediate mesoderm,CLADE_3
GGATCTATCTGCACCT,NMP,CLADE_3
GGATGTTAGATACTGA,Primitive erythroid cells,CLADE_2
GGATGTTAGCCACAAG,Hindbrain,CLADE_2
GGATGTTAGCTGACTT,Cranial neural crest,CLADE_2
GGATGTTCAAACACCT,Paraxial mesoderm,CLADE_2
GGATGTTCAAGAGGTC,Hindbrain,CLADE_2
GGATGTTCACACAGCC,Hindbrain,CLADE_2
GGATGTTCACTTACAG,Primitive erythroid cells,CLADE_2
GGATGTTCATCGGCCA,Forebrain/midbrain,CLADE_3
GGATGTTGTAAGATCA,Primitive erythroid cells,CLADE_6
GGATGTTTCTGGGTCG,Primitive erythroid cells,CLADE_2
GGCACGTAGAGAGCGG,Forebrain/midbrain,CLADE_2
GGCACGTAGATTTGCC,NMP,CLADE_2
GGCACGTCAGACACAG,First heart field,CLADE_2
GGCACGTGTCTTAGTG,First heart field,CLADE_2
GGCACGTGTGTCGCTG,Gut endoderm,CLADE_2
GGCACGTGTGTTCGAT,Hematoendothelial progenitors,CLADE_2
GGCACGTTCATTTACC,Primitive erythroid cells,CLADE_4
GGCAGTCAGCACTAGG,Forebrain/midbrain,CLADE_1
GGCAGTCAGCTCACTA,First heart field,CLADE_3
GGCAGTCAGGCACTAG,Surface ectoderm,CLADE_2
GGCAGTCAGTAGGCCA,Cranial neural crest,CLADE_2
GGCAGTCAGTGTTGTC,Lateral plate and intermediate mesoderm,CLADE_3
GGCAGTCCAGTCGGAA,Hindbrain,CLADE_2
GGCAGTCCATCCTCAC,NMP,CLADE_2
GGCAGTCGTCCTCAGG,Gut endoderm,CLADE_2
GGCAGTCGTTGTTGAC,Lateral plate and intermediate mesoderm,CLADE_3
GGCAGTCTCGAACCTA,Lateral plate and intermediate mesoderm,CLADE_2
GGCAGTCTCGACGTCG,Placodal area,CLADE_2
GGCGTCAAGACAGCTG,Forebrain/midbrain,CLADE_2
GGCGTCACACCCAACG,Cranial neural crest,CLADE_2
GGCGTCACACTGTGTA,Primitive erythroid cells,CLADE_2
GGCGTCACAGGAGACT,Primitive erythroid cells,CLADE_2
GGCGTCACAGTAGAAT,Primitive erythroid cells,CLADE_2
GGCGTCAGTCACCCTT,Primitive erythroid cells,CLADE_2
GGCGTCAGTCGTCGGT,Lateral plate and intermediate mesoderm,CLADE_2
GGCGTCAGTTCTCCAC,Hindbrain,CLADE_3
GGCGTCATCATACAGC,Surface ectoderm,CLADE_3
GGCGTCATCGAATCCA,Primordial germ cells,CLADE_2
GGCGTCATCGGTAGAG,Paraxial mesoderm,CLADE_2
GGCTGTGAGATTGAGT,Surface ectoderm,CLADE_2
GGCTGTGAGGATATAC,Gut endoderm,CLADE_2
GGCTGTGAGGTACAAT,NMP,CLADE_2
GGCTGTGAGTCATGGG,Hindbrain,CLADE_2
GGCTGTGCAAGCACAG,Primitive erythroid cells,CLADE_4
GGCTGTGGTGGACTAG,Primitive erythroid cells,CLADE_2
GGCTGTGTCTAGCCAA,Lateral plate and intermediate mesoderm,CLADE_2
GGCTTGGAGACGACTG,Surface ectoderm,CLADE_2
GGCTTGGAGACTCTAC,Gut endoderm,CLADE_2
GGCTTGGAGCTCACTA,Forebrain/midbrain,CLADE_2
GGCTTGGAGTAACCGG,Allantois,CLADE_2
GGCTTGGGTCCTGTCT,Forebrain/midbrain,CLADE_2
GGCTTGGTCATCGCTC,First heart field,CLADE_5
GGCTTGGTCCCATAGA,Endothelium,CLADE_2
GGCTTGGTCTCGTGAA,Allantois,CLADE_4
GGCTTTCAGATTGGGC,Paraxial mesoderm,CLADE_1
GGCTTTCAGCGACTTT,Primitive erythroid cells,CLADE_4
GGCTTTCAGGTTCACT,Cranial neural crest,CLADE_3
GGCTTTCCAAGCCCAC,Endothelium,CLADE_2
GGCTTTCCAGTTAAAG,Primitive erythroid cells,CLADE_4
GGCTTTCGTACAAGCG,Surface ectoderm,CLADE_2
GGCTTTCGTACTCCCT,Cranial neural crest,CLADE_2
GGCTTTCTCTTTGCGC,Primitive erythroid cells,CLADE_5
GGGAAGTAGGACTGGT,Primitive erythroid cells,CLADE_4
GGGAAGTAGTCATCCA,Allantois,CLADE_2
GGGAAGTCACACGGAA,Primitive erythroid cells,CLADE_3
GGGAAGTGTATGGTTC,Forebrain/midbrain,CLADE_1
GGGAAGTGTCCACTCT,Endothelium,CLADE_2
GGGAAGTGTCTCAAGT,Primitive erythroid cells,CLADE_3
GGGAAGTGTGAGTCAG,Lateral plate and intermediate mesoderm,CLADE_3
GGGAAGTGTGTCATGT,Primitive erythroid cells,CLADE_4
GGGAAGTTCATAGGCT,Forebrain/midbrain,CLADE_2
GGGAAGTTCGAGCACC,Forebrain/midbrain,CLADE_6
GGGAAGTTCGCTGTCT,Primitive erythroid cells,CLADE_2
GGGACAAAGAGGGCGA,Primitive erythroid cells,CLADE_2
GGGACAAAGTGATCGG,Primitive erythroid cells,CLADE_2
GGGACAAAGTGCTCGC,Lateral plate and intermediate mesoderm,CLADE_2
GGGACAACAGAAGTTA,Hindbrain,CLADE_3
GGGACAACATCGTGCG,First heart field,CLADE_1
GGGACAAGTCGAAACG,Hindbrain,CLADE_3
GGGACAAGTGAGGATC,Surface ectoderm,CLADE_1
GGGACAAGTGTAACGG,Hindbrain,CLADE_1
GGGACAAGTGTATACC,Lateral plate and intermediate mesoderm,CLADE_4
GGGACAAGTGTTCCTC,Endothelium,CLADE_4
GGGACAAGTTGAGAGC,Gut endoderm,CLADE_2
GGGACAATCCACCTGT,Endothelium,CLADE_2
GGGACAATCTGCGTCT,Lateral plate and intermediate mesoderm,CLADE_2
GGGACAATCTTCCTAA,Primitive erythroid cells,CLADE_3
GGGACCTAGAGTCAGC,Endothelium,CLADE_2
GGGACCTAGCAATAGT,Allantois,CLADE_2
GGGACCTAGCTGACTT,Lateral plate and intermediate mesoderm,CLADE_2
GGGACCTCACGATTCA,NMP,CLADE_2
GGGACCTCAGCTTTCC,Hematoendothelial progenitors,CLADE_2
GGGACCTGTAGGTACG,Forebrain/midbrain,CLADE_2
GGGACCTGTGTAAATG,Hindbrain,CLADE_3
GGGACCTTCAACCTTT,Lateral plate and intermediate mesoderm,CLADE_2
GGGACTCAGGAACATT,Primitive erythroid cells,CLADE_2
GGGACTCAGTGGCCTC,Hindbrain,CLADE_2
GGGACTCCATTGTCGA,Paraxial mesoderm,CLADE_2
GGGACTCGTAGCGCCT,Primitive erythroid cells,CLADE_2
GGGACTCGTAGCGTCC,Primitive erythroid cells,CLADE_2
GGGACTCGTCCAGCCA,Primitive erythroid cells,CLADE_4
GGGACTCGTCCTACGG,Hindbrain,CLADE_3
GGGACTCGTGTAACGG,Surface ectoderm,CLADE_3
GGGACTCTCAAACGAA,Endothelium,CLADE_2
GGGACTCTCCAATCCC,Amniotic ectoderm,CLADE_2
GGGACTCTCCGTGACG,Primitive erythroid cells,CLADE_3
GGGACTCTCGACGATT,Gut endoderm,CLADE_2
GGGACTCTCTCTTGCG,Primitive erythroid cells,CLADE_2
GGGAGATAGAACTCCT,First heart field,CLADE_3
GGGAGATAGCACGTCC,Primitive erythroid cells,CLADE_3
GGGAGATCACACCGCA,Gut endoderm,CLADE_2
GGGAGATCACAGCTGC,Primitive erythroid cells,CLADE_2
GGGAGATCATGAAGCG,Allantois,CLADE_2
GGGAGATCATTGTAGC,Surface ectoderm,CLADE_2
GGGAGATGTAGCGCCT,Forebrain/midbrain,CLADE_2
GGGAGATGTATCATGC,Endothelium,CLADE_3
GGGAGATGTATGAAAC,Primitive erythroid cells,CLADE_2
GGGAGATGTGAAGCTG,Forebrain/midbrain,CLADE_2
GGGAGATGTGCCCAGT,Surface ectoderm,CLADE_2
GGGAGATGTTACGCCG,Hematoendothelial progenitors,CLADE_2
GGGAGATTCAGCAATC,Lateral plate and intermediate mesoderm,CLADE_2
GGGAGATTCCACTGGG,NMP,CLADE_2
GGGAGATTCCTGTTGC,Surface ectoderm,CLADE_2
GGGAGATTCTTGATTC,Amniotic ectoderm,CLADE_5
GGGAGTAAGATCGCCC,Primitive erythroid cells,CLADE_2
GGGAGTAAGCCTGAAG,Endothelium,CLADE_2
GGGAGTACATAAGATG,Primitive erythroid cells,CLADE_3
GGGAGTAGTACAGAGC,Hindbrain,CLADE_2
GGGAGTAGTCCAAGAG,Primitive erythroid cells,CLADE_2
GGGAGTAGTGAACTAA,Surface ectoderm,CLADE_2
GGGAGTATCCACCTGT,Surface ectoderm,CLADE_5
GGGAGTATCGTAACCA,Primitive erythroid cells,CLADE_2
GGGAGTATCTAGCCAA,Forebrain/midbrain,CLADE_1
GGGATCCAGAAACCCG,Endothelium,CLADE_2
GGGATCCAGAAGCCAC,Cranial neural crest,CLADE_2
GGGATCCAGACGTCGA,Cranial neural crest,CLADE_2
GGGATCCCACGGTGAA,Lateral plate and intermediate mesoderm,CLADE_2
GGGATCCCAGGCGAAT,Surface ectoderm,CLADE_2
GGGATCCCAGTCTTCC,Primitive erythroid cells,CLADE_4
GGGATCCCATGTTACG,Forebrain/midbrain,CLADE_2
GGGATCCGTATGGTTC,Surface ectoderm,CLADE_2
GGGATCCGTCGAGCAA,Allantois,CLADE_2
GGGATCCGTGCGGCTT,Surface ectoderm,CLADE_2
GGGATCCGTGCGTGCT,NMP,CLADE_2
GGGATCCGTGGTCCGT,Forebrain/midbrain,CLADE_2
GGGATCCTCCGCTTAC,Gut endoderm,CLADE_2
GGGATCCTCTTCGTGC,Endothelium,CLADE_2
GGGATGAAGAATTCAG,Primitive erythroid cells,CLADE_2
GGGATGACAAGCGATG,Surface ectoderm,CLADE_2
GGGATGACAGGTAGTG,Paraxial mesoderm,CLADE_2
GGGATGAGTTCTCCTG,Primitive erythroid cells,CLADE_2
GGGATGATCCATCCGT,Paraxial mesoderm,CLADE_3
GGGATGATCGAACCAT,Forebrain/midbrain,CLADE_4
GGGATGATCGCTTGCT,Primitive erythroid cells,CLADE_2
GGGATGATCTCGCGTT,Primitive erythroid cells,CLADE_2
GGGATGATCTCTAGGA,Lateral plate and intermediate mesoderm,CLADE_2
GGGCCATAGATTTGCC,Primitive erythroid cells,CLADE_2
GGGCCATAGGTTCATC,Primitive erythroid cells,CLADE_2
GGGCCATAGTTCATGC,Paraxial mesoderm,CLADE_2
GGGCCATGTCCTTGTC,Hindbrain,CLADE_2
GGGCCATGTCGACTTA,Primitive erythroid cells,CLADE_6
GGGCCATGTTAAGAAC,NMP,CLADE_2
GGGCCATGTTATGTCG,Primitive erythroid cells,CLADE_2
GGGCCATGTTTGCCGG,Primitive erythroid cells,CLADE_2
GGGCCATTCCACCTGT,Hindbrain,CLADE_2
GGGCCATTCGTGGCTG,Hindbrain,CLADE_2
GGGCCATTCTCCCAAC,Paraxial mesoderm,CLADE_2
GGGCCATTCTGCTAGA,Primitive erythroid cells,CLADE_2
GGGCGTTAGACCAAGC,Forebrain/midbrain,CLADE_2
GGGCGTTAGCTGTTAC,Lateral plate and intermediate mesoderm,CLADE_2
GGGCGTTAGGATACCG,Cranial neural crest,CLADE_2
GGGCGTTAGGGTTTCT,Forebrain/midbrain,CLADE_2
GGGCGTTAGTGCAAAT,Hindbrain,CLADE_2
GGGCGTTAGTTCAACC,Primitive erythroid cells,CLADE_2
GGGCGTTCAGCCCAGT,Hindbrain,CLADE_2
GGGCGTTGTGCAACGA,Primitive erythroid cells,CLADE_2
GGGCTACAGCCAGTAG,Primitive erythroid cells,CLADE_2
GGGCTACAGCTGACTT,Forebrain/midbrain,CLADE_2
GGGCTACAGGAAGTCC,Forebrain/midbrain,CLADE_4
GGGCTACAGGCGAACT,Gut endoderm,CLADE_2
GGGCTACAGGCTAGCA,Primitive erythroid cells,CLADE_2
GGGCTACCACAAATAG,Gut endoderm,CLADE_2
GGGCTACCATTCCTAT,Surface ectoderm,CLADE_2
GGGCTACGTGGACCTC,Primitive erythroid cells,CLADE_2
GGGCTACGTGGTCCCA,Paraxial mesoderm,CLADE_3
GGGCTACGTTCTTAGG,Surface ectoderm,CLADE_2
GGGCTACTCCTTATAC,Primitive erythroid cells,CLADE_2
GGGCTCAAGACTTCCA,NMP,CLADE_2
GGGCTCAAGTTCCGGC,Gut endoderm,CLADE_1
GGGCTCAAGTTGGCGA,Lateral plate and intermediate mesoderm,CLADE_5
GGGCTCACAAGTTTGC,Primitive erythroid cells,CLADE_2
GGGCTCACAATGCAAA,Forebrain/midbrain,CLADE_2
GGGCTCACATAGCTGT,Primitive erythroid cells,CLADE_2
GGGCTCACATCTGTTT,Surface ectoderm,CLADE_6
GGGCTCACATGTGTCA,Forebrain/midbrain,CLADE_2
GGGCTCAGTATTGAGA,Primitive erythroid cells,CLADE_3
GGGCTCAGTGTCTTAG,NMP,CLADE_2
GGGCTCAGTGTTACAC,Surface ectoderm,CLADE_2
GGGCTCAGTTCGGTCG,Hindbrain,CLADE_3
GGGCTCATCAGATTGC,Surface ectoderm,CLADE_2
GGGTAGAAGGACGCAT,Lateral plate and intermediate mesoderm,CLADE_2
GGGTAGAAGTCTAACC,Primitive erythroid cells,CLADE_2
GGGTAGACAAAGCTAA,Primitive erythroid cells,CLADE_3
GGGTAGACAAGAGGCT,Forebrain/midbrain,CLADE_1
GGGTAGACAATAGAGT,Placodal area,CLADE_3
GGGTAGACACGTAGAG,Amniotic ectoderm,CLADE_2
GGGTAGAGTGAGGAAA,Primitive erythroid cells,CLADE_3
GGGTAGAGTTACACAC,Primitive erythroid cells,CLADE_2
GGGTAGATCATGCCAA,Primitive erythroid cells,CLADE_2
GGGTAGATCCGCAAAT,Cranial neural crest,CLADE_2
GGGTAGATCCGCGATG,Primitive erythroid cells,CLADE_2
GGGTAGATCGCCATAA,Primitive erythroid cells,CLADE_2
GGGTATTAGCCAAGGT,NMP,CLADE_1
GGGTATTCAGCTGCCA,Primitive erythroid cells,CLADE_2
GGGTATTGTCCGTTTC,Gut endoderm,CLADE_2
GGGTATTGTCCTGTTC,Endothelium,CLADE_2
GGGTATTGTGCCTAAT,Lateral plate and intermediate mesoderm,CLADE_3
GGGTATTGTGGAATGC,Lateral plate and intermediate mesoderm,CLADE_2
GGGTCACAGATAGGGA,Forebrain/midbrain,CLADE_2
GGGTCACCAAAGGATT,Forebrain/midbrain,CLADE_2
GGGTCACGTATCAAGA,Placodal area,CLADE_2
GGGTCACGTCCGTTTC,Forebrain/midbrain,CLADE_2
GGGTCACGTGAAAGTT,Gut endoderm,CLADE_2
GGGTCACGTTCCACAA,Gut endoderm,CLADE_2
GGGTCACGTTCGGTTA,Primitive erythroid cells,CLADE_2
GGGTCACTCAAAGGTA,Gut endoderm,CLADE_2
GGGTCACTCCCAAGTA,Surface ectoderm,CLADE_2
GGGTCACTCGCATTAG,Forebrain/midbrain,CLADE_2
GGGTCTGAGCCTGGAA,Surface ectoderm,CLADE_2
GGGTCTGAGTATGAGT,Lateral plate and intermediate mesoderm,CLADE_2
GGGTCTGAGTTAACGA,Primitive erythroid cells,CLADE_2
GGGTCTGCACTTGAAC,Hindbrain,CLADE_2
GGGTCTGCAGTAGAGC,Primitive erythroid cells,CLADE_2
GGGTCTGCATCCTCAC,Hindbrain,CLADE_2
GGGTCTGGTAAGGAGA,First heart field,CLADE_2
GGGTCTGGTCAGTCTA,Surface ectoderm,CLADE_2
GGGTCTGGTCGGTACC,Primitive erythroid cells,CLADE_3
GGGTCTGTCATGGATC,Hindbrain,CLADE_6
GGGTCTGTCCTGGTCT,NMP,CLADE_2
GGGTGAAAGCTGTGCC,Lateral plate and intermediate mesoderm,CLADE_2
GGGTGAAAGGAGGCAG,Paraxial mesoderm,CLADE_2
GGGTGAACACTATCGA,Gut endoderm,CLADE_1
GGGTGAACAGCAGACA,Primitive erythroid cells,CLADE_2
GGGTGAACAGCTGTCG,Allantois,CLADE_2
GGGTGAAGTCAACGCC,Endothelium,CLADE_2
GGGTGAAGTCGGCACT,Primitive erythroid cells,CLADE_6
GGGTGAAGTGTTATCG,Primitive erythroid cells,CLADE_2
GGGTGAATCAGAGTGG,Primitive erythroid cells,CLADE_2
GGGTGAATCCAACCGG,Hindbrain,CLADE_2
GGGTGAATCTACGCAA,Primitive erythroid cells,CLADE_3
GGGTGTCAGAATGTTG,Amniotic ectoderm,CLADE_33
GGGTGTCAGACTCAAA,Hindbrain,CLADE_3
GGGTGTCAGATGAAGG,Primitive erythroid cells,CLADE_2
GGGTGTCAGGATTTGA,Primitive erythroid cells,CLADE_2
GGGTGTCAGTTCAACC,Amniotic ectoderm,CLADE_2
GGGTGTCCATTGTCGA,Cranial neural crest,CLADE_2
GGGTGTCGTATAGGAT,Surface ectoderm,CLADE_2
GGGTGTCGTTCGTACA,Forebrain/midbrain,CLADE_2
GGGTGTCGTTGCCATA,Forebrain/midbrain,CLADE_2
GGGTGTCTCCAACTGA,Paraxial mesoderm,CLADE_2
GGGTGTCTCTGTTGGA,Lateral plate and intermediate mesoderm,CLADE_2
GGGTTATAGTTACGAA,Lateral plate and intermediate mesoderm,CLADE_2
GGGTTATCACGAAGAC,Primordial germ cells,CLADE_2
GGGTTATCAGCTGTCG,Forebrain/midbrain,CLADE_2
GGGTTATGTGGGATTG,Gut endoderm,CLADE_2
GGGTTATGTGTCATGT,Primitive erythroid cells,CLADE_3
GGGTTATGTTGCTTGA,Endothelium,CLADE_3
GGGTTATTCCGTGTCT,Endothelium,CLADE_2
GGGTTATTCGTTAGTG,Forebrain/midbrain,CLADE_2
GGGTTATTCTTTGCGC,Placodal area,CLADE_2
GGGTTTAAGCCACAAG,Lateral plate and intermediate mesoderm,CLADE_2
GGGTTTAAGGGTCTTT,Primitive erythroid cells,CLADE_3
GGGTTTACACCATATG,Amniotic ectoderm,CLADE_3
GGGTTTACAGATGCGA,Placodal area,CLADE_2
GGGTTTACAGGCTACC,Primitive erythroid cells,CLADE_1
GGGTTTACATGACTCA,Primitive erythroid cells,CLADE_2
GGGTTTAGTACTCCGG,Forebrain/midbrain,CLADE_3
GGGTTTAGTTAGGCTT,Forebrain/midbrain,CLADE_2
GGGTTTATCTCAATCT,Lateral plate and intermediate mesoderm,CLADE_2
GGTAACTAGATGGCAC,Primitive erythroid cells,CLADE_2
GGTAACTCACTCCGAG,Endothelium,CLADE_2
GGTAACTGTACCGTGC,Paraxial mesoderm,CLADE_2
GGTAACTGTCAGACGA,Surface ectoderm,CLADE_2
GGTAACTGTGTTCGAT,Cranial neural crest,CLADE_2
GGTAACTTCCCGAATA,Primitive erythroid cells,CLADE_4
GGTAACTTCCGAACGC,Lateral plate and intermediate mesoderm,CLADE_3
GGTAATCAGGGTTAAT,Paraxial mesoderm,CLADE_2
GGTAATCAGTGCTCGC,Forebrain/midbrain,CLADE_2
GGTAATCCACACAGAG,NMP,CLADE_2
GGTAATCCACACTTAG,Surface ectoderm,CLADE_2
GGTAATCGTCGCAGTC,Forebrain/midbrain,CLADE_2
GGTAATCGTCTAGTGT,Forebrain/midbrain,CLADE_5
GGTAATCGTCTGATAC,First heart field,CLADE_2
GGTAATCGTGTATTCG,Forebrain/midbrain,CLADE_2
GGTAATCTCAAGAATG,NMP,CLADE_1
GGTAATCTCGAGTGGA,Forebrain/midbrain,CLADE_2
GGTAATCTCTCGTCGT,Hindbrain,CLADE_2
GGTAATCTCTGCCTCA,Primitive erythroid cells,CLADE_2
GGTAGAGAGATTAGAC,Hindbrain,CLADE_5
GGTAGAGAGCCTGGAA,Hematoendothelial progenitors,CLADE_2
GGTAGAGAGTAAAGCT,Primitive erythroid cells,CLADE_2
GGTAGAGCACGCTATA,Lateral plate and intermediate mesoderm,CLADE_2
GGTAGAGCAGGCTTGC,Primitive erythroid cells,CLADE_5
GGTAGAGCAGTTAGAA,Primitive erythroid cells,CLADE_4
GGTAGAGGTATGGTAA,NMP,CLADE_2
GGTAGAGTCCACGAAT,Lateral plate and intermediate mesoderm,CLADE_2
GGTCACGAGAGCCGTA,NMP,CLADE_2
GGTCACGAGGACCCAA,Primitive erythroid cells,CLADE_2
GGTCACGAGGCTTAGG,Primitive erythroid cells,CLADE_2
GGTCACGCACGAAAGC,Forebrain/midbrain,CLADE_2
GGTCACGCATCTGTTT,Gut endoderm,CLADE_2
GGTCACGCATGTTCAG,Paraxial mesoderm,CLADE_2
GGTCACGTCCACTAGA,Hindbrain,CLADE_2
GGTCACGTCCGTGACG,Gut endoderm,CLADE_3
GGTCACGTCGATTGGT,Paraxial mesoderm,CLADE_1
GGTCACGTCTTAATCC,Forebrain/midbrain,CLADE_2
GGTCTGGAGGGAGATA,Primitive erythroid cells,CLADE_2
GGTCTGGAGGTCGTCC,Primitive erythroid cells,CLADE_2
GGTCTGGAGTCCGCGT,Primitive erythroid cells,CLADE_5
GGTCTGGCACGGTGTC,Surface ectoderm,CLADE_32
GGTCTGGCACTGTTCC,Gut endoderm,CLADE_2
GGTCTGGCATCACAGT,Endothelium,CLADE_2
GGTCTGGGTGACTCTA,Hematoendothelial progenitors,CLADE_2
GGTCTGGGTTATAGCC,Primitive erythroid cells,CLADE_4
GGTCTGGTCCATACAG,Primitive erythroid cells,CLADE_2
GGTCTGGTCCCTAGGG,Amniotic ectoderm,CLADE_1
GGTCTGGTCTGACCCT,Gut endoderm,CLADE_2
GGTCTGGTCTTTACAC,Cranial neural crest,CLADE_2
GGTGAAGAGAAATCCA,Primitive erythroid cells,CLADE_2
GGTGAAGAGCAATTCC,Lateral plate and intermediate mesoderm,CLADE_2
GGTGAAGCAATGAAAC,Endothelium,CLADE_3
GGTGAAGCACCTTCGT,Placodal area,CLADE_3
GGTGAAGGTGGTTCTA,Forebrain/midbrain,CLADE_2
GGTGAAGTCATATGGC,Amniotic ectoderm,CLADE_3
GGTGAAGTCTTTACAC,Placodal area,CLADE_2
GGTGATTAGCTACAAA,Surface ectoderm,CLADE_2
GGTGATTCAACACACT,NMP,CLADE_3
GGTGATTGTCCAGCCA,Paraxial mesoderm,CLADE_5
GGTGATTGTGAATAAC,Lateral plate and intermediate mesoderm,CLADE_2
GGTGATTGTGCAGGAT,Lateral plate and intermediate mesoderm,CLADE_1
GGTGATTGTGTGGACA,Surface ectoderm,CLADE_5
GGTGATTTCGCCTTTG,Primitive erythroid cells,CLADE_2
GGTGATTTCGGAAGGT,Primitive erythroid cells,CLADE_3
GGTGGCTAGATAACAC,Surface ectoderm,CLADE_4
GGTGGCTAGCAACTTC,Hindbrain,CLADE_3
GGTGGCTAGTTTGCTG,NMP,CLADE_2
GGTGGCTCAGGTACGA,Primitive erythroid cells,CLADE_2
GGTGGCTGTCACTAGT,Primitive erythroid cells,CLADE_2
GGTGGCTGTCGTTTCC,Lateral plate and intermediate mesoderm,CLADE_2
GGTGGCTTCATAGAGA,Primitive erythroid cells,CLADE_2
GGTGGCTTCTCCTGTG,Primitive erythroid cells,CLADE_1
GGTGTCGAGGTGGGTT,Gut endoderm,CLADE_2
GGTGTCGAGTGCAAAT,Gut endoderm,CLADE_5
GGTGTCGCAATACCCA,Endothelium,CLADE_1
GGTGTCGCAGGAATAT,Gut endoderm,CLADE_5
GGTGTCGGTTCGTAAC,Surface ectoderm,CLADE_2
GGTGTCGGTTTACGAC,Lateral plate and intermediate mesoderm,CLADE_2
GGTGTCGTCACTGTTT,Primitive erythroid cells,CLADE_2
GGTGTCGTCAGCATTG,Primitive erythroid cells,CLADE_2
GGTGTCGTCCTGCTAC,Paraxial mesoderm,CLADE_2
GGTGTCGTCGGTCGAC,Primitive erythroid cells,CLADE_2
GGTGTCGTCTACACTT,Primitive erythroid cells,CLADE_2
GGTGTTAAGACTCGAG,Hindbrain,CLADE_2
GGTGTTAAGAGAGAAC,Primitive erythroid cells,CLADE_2
GGTGTTACAAAGACTA,Gut endoderm,CLADE_2
GGTGTTACAATGCAGG,Gut endoderm,CLADE_2
GGTGTTAGTAAGGTCG,First heart field,CLADE_2
GGTGTTAGTACTGAGG,Cranial neural crest,CLADE_3
GGTGTTAGTAGAGCTG,Primitive erythroid cells,CLADE_2
GGTGTTAGTGACCGAA,Surface ectoderm,CLADE_2
GGTGTTAGTGCACAAG,Spinal cord,CLADE_2
GGTGTTAGTGTCTTCC,Lateral plate and intermediate mesoderm,CLADE_3
GGTGTTATCCCATGGG,Primitive erythroid cells,CLADE_4
GGTGTTATCCTTTGAT,Lateral plate and intermediate mesoderm,CLADE_2
GGTTAACAGTGACACG,Surface ectoderm,CLADE_2
GGTTAACCATTCGGGC,Lateral plate and intermediate mesoderm,CLADE_2
GGTTAACCATTCTTCA,Lateral plate and intermediate mesoderm,CLADE_2
GGTTAACGTGCATTTG,Hindbrain,CLADE_3
GGTTAACGTGTCCAAT,Placodal area,CLADE_2
GGTTAACTCACGAGGA,Gut endoderm,CLADE_2
GGTTAACTCCACTAGA,Gut endoderm,CLADE_2
GGTTAACTCCTCTGCA,Primitive erythroid cells,CLADE_4
GGTTAACTCTCCGAAA,Primitive erythroid cells,CLADE_2
GGTTCTCAGAGTCGAC,Primitive erythroid cells,CLADE_2
GGTTCTCAGCATTGTC,Gut endoderm,CLADE_2
GGTTCTCAGGACACTG,Cranial neural crest,CLADE_2
GGTTCTCCAATTGCGT,Primitive erythroid cells,CLADE_2
GGTTCTCCACAAGTGG,Lateral plate and intermediate mesoderm,CLADE_5
GGTTCTCCACATGTTG,Primitive erythroid cells,CLADE_3
GGTTCTCCAGTCTCTC,NMP,CLADE_2
GGTTCTCCATCCAATG,Primitive erythroid cells,CLADE_2
GGTTCTCGTATACCCA,Allantois,CLADE_2
GGTTCTCGTCATCGCG,Placodal area,CLADE_2
GGTTCTCGTGTTCCTC,Lateral plate and intermediate mesoderm,CLADE_2
GGTTCTCTCAAACTGC,NMP,CLADE_1
GGTTCTCTCAGTGTCA,Primitive erythroid cells,CLADE_2
GGTTCTCTCCTATGGA,Primitive erythroid cells,CLADE_4
GGTTCTCTCGTCAACA,Forebrain/midbrain,CLADE_3
GGTTCTCTCTACCTTA,Surface ectoderm,CLADE_2
GGTTGTAAGACGATAT,Surface ectoderm,CLADE_6
GGTTGTAAGCATACTC,Primitive erythroid cells,CLADE_4
GGTTGTAAGCCTGAGA,Primitive erythroid cells,CLADE_2
GGTTGTACATTGTCGA,Forebrain/midbrain,CLADE_2
GGTTGTAGTCAGATTC,Forebrain/midbrain,CLADE_2
GGTTGTAGTCTTCCGT,Lateral plate and intermediate mesoderm,CLADE_2
GGTTGTAGTTAAGCAA,Amniotic ectoderm,CLADE_2
GGTTGTATCAATCAGC,Lateral plate and intermediate mesoderm,CLADE_2
GGTTGTATCCCAGGAC,Primitive erythroid cells,CLADE_2
GTAACACAGAAACTGT,Endothelium,CLADE_5
GTAACACCACCGGCTA,Second heart field,CLADE_2
GTAACACCACGGGTAA,Lateral plate and intermediate mesoderm,CLADE_3
GTAACACCAGATAAAC,Primitive erythroid cells,CLADE_4
GTAACACGTGACACAG,Endothelium,CLADE_3
GTAACACGTGGCTGAA,Placodal area,CLADE_2
GTAACACGTGTCACAT,Primitive erythroid cells,CLADE_2
GTAACACGTTACTCAG,Lateral plate and intermediate mesoderm,CLADE_2
GTAACACTCAACTTTC,Lateral plate and intermediate mesoderm,CLADE_2
GTAACACTCTGAGTCA,Primitive erythroid cells,CLADE_1
GTAACCACAATTGGTC,Hindbrain,CLADE_2
GTAACCACAGGGCTTC,Surface ectoderm,CLADE_6
GTAACCACATGACTAC,Cranial neural crest,CLADE_2
GTAACCATCCTGGCTT,Primitive erythroid cells,CLADE_2
GTAACCATCTCAGTCC,Forebrain/midbrain,CLADE_2
GTAAGTCAGGGTATAT,Forebrain/midbrain,CLADE_2
GTAAGTCAGTACAACA,Forebrain/midbrain,CLADE_2
GTAAGTCCACCATTCC,Primitive erythroid cells,CLADE_2
GTAAGTCCAGAGAATT,Cranial neural crest,CLADE_2
GTAAGTCCAGGGTCTC,Forebrain/midbrain,CLADE_2
GTAAGTCGTCGTTGCG,Surface ectoderm,CLADE_3
GTAAGTCGTGTTACAC,Paraxial mesoderm,CLADE_6
GTAAGTCGTTACCGTA,NMP,CLADE_1
GTAAGTCGTTGCATAC,Forebrain/midbrain,CLADE_2
GTAAGTCTCGACACTA,Primitive erythroid cells,CLADE_2
GTAAGTCTCGAGATAA,Lateral plate and intermediate mesoderm,CLADE_2
GTAAGTCTCTAGACCA,NMP,CLADE_2
GTAAGTCTCTCAGAAC,NMP,CLADE_2
GTAAGTCTCTCTATGT,Amniotic ectoderm,CLADE_2
GTAATCGAGAGTTGTA,Primitive erythroid cells,CLADE_2
GTAATCGAGCTGAGTG,Forebrain/midbrain,CLADE_3
GTAATCGAGGTTATAG,Lateral plate and intermediate mesoderm,CLADE_2
GTAATCGAGTCGTTAC,Forebrain/midbrain,CLADE_2
GTAATCGCACGCTATA,Primitive erythroid cells,CLADE_2
GTAATCGCACTAGAGG,Paraxial mesoderm,CLADE_3
GTAATCGCATCCTGTC,Primitive erythroid cells,CLADE_2
GTAATCGGTGAGGATC,Primitive erythroid cells,CLADE_2
GTAATCGTCCGTTGGG,Lateral plate and intermediate mesoderm,CLADE_5
GTAATGCAGACGCTCC,Primitive erythroid cells,CLADE_4
GTAATGCAGGTTGTTC,Forebrain/midbrain,CLADE_2
GTAATGCCAAATAAGC,Primitive erythroid cells,CLADE_2
GTAATGCCAAATCCCA,NMP,CLADE_2
GTAATGCCAGCGGTTC,Hindbrain,CLADE_2
GTAATGCCATCCTCAC,Primitive erythroid cells,CLADE_2
GTAATGCGTCCAGTTA,Primitive erythroid cells,CLADE_2
GTACAACAGATCCCAT,Amniotic ectoderm,CLADE_22
GTACAACAGCAGTAAT,Primitive erythroid cells,CLADE_2
GTACAACAGGAATGTT,Cranial neural crest,CLADE_4
GTACAACAGGTAAGGA,Paraxial mesoderm,CLADE_1
GTACAACAGGTCATAA,Surface ectoderm,CLADE_2
GTACAACAGGTGATCG,Surface ectoderm,CLADE_6
GTACAACAGTTCGCAT,Endothelium,CLADE_2
GTACAACCAGCTGAAG,Cranial neural crest,CLADE_2
GTACAACCATCACCAA,Primitive erythroid cells,CLADE_2
GTACAACGTCTCTCTG,Amniotic ectoderm,CLADE_1
GTACAACGTTGCTGAT,Allantois,CLADE_2
GTACAACTCGTGCGAC,Forebrain/midbrain,CLADE_4
GTACAACTCTAGTGAC,Lateral plate and intermediate mesoderm,CLADE_2
GTACAGTAGAAACCCG,Surface ectoderm,CLADE_33
GTACAGTAGAGAGAAC,Cranial neural crest,CLADE_2
GTACAGTAGGAACGAA,Lateral plate and intermediate mesoderm,CLADE_2
GTACAGTAGTACTGGG,Endothelium,CLADE_4
GTACAGTAGTTGAATG,Hindbrain,CLADE_2
GTACAGTGTAGACAAT,Paraxial mesoderm,CLADE_6
GTACAGTGTCAAAGAT,Primitive erythroid cells,CLADE_2
GTACAGTGTGAGTAGC,Lateral plate and intermediate mesoderm,CLADE_2
GTACAGTGTGCTGATT,Primitive erythroid cells,CLADE_2
GTACAGTTCGCATGAT,Primitive erythroid cells,CLADE_2
GTACAGTTCGTTATCT,Primitive erythroid cells,CLADE_2
GTAGAAACACAGCATT,Lateral plate and intermediate mesoderm,CLADE_2
GTAGAAACACGCGCTA,Gut endoderm,CLADE_2
GTAGAAACACGGCGTT,Surface ectoderm,CLADE_2
GTAGAAACATGACACT,Paraxial mesoderm,CLADE_2
GTAGAAAGTCGGTAAG,Hindbrain,CLADE_2
GTAGAAAGTTCGTAAC,Primitive erythroid cells,CLADE_4
GTAGAAATCATGGTAC,Hindbrain,CLADE_2
GTAGAGGAGACCAAAT,Primitive erythroid cells,CLADE_2
GTAGAGGAGGCGCTTC,Paraxial mesoderm,CLADE_2
GTAGAGGAGGTAGACC,Primitive erythroid cells,CLADE_2
GTAGAGGAGTGCCCGT,Primitive erythroid cells,CLADE_2
GTAGAGGCACAATTCG,Lateral plate and intermediate mesoderm,CLADE_2
GTAGAGGCATGAATCC,Forebrain/midbrain,CLADE_2
GTAGAGGGTAGCTTTG,Forebrain/midbrain,CLADE_2
GTAGAGGGTGCTCTCT,Surface ectoderm,CLADE_2
GTAGAGGTCATCTACT,Primitive erythroid cells,CLADE_2
GTAGAGGTCGCAGTGC,Endothelium,CLADE_2
GTAGAGGTCTGAGGTT,Forebrain/midbrain,CLADE_2
GTAGAGGTCTTTGCTA,Primitive erythroid cells,CLADE_3
GTAGATCAGACCGTTT,Primitive erythroid cells,CLADE_3
GTAGATCAGGAGAGGC,Allantois,CLADE_1
GTAGATCAGGTTTGAA,Primitive erythroid cells,CLADE_6
GTAGATCAGTCTCCTC,Paraxial mesoderm,CLADE_2
GTAGATCCAACTAGAA,Surface ectoderm,CLADE_2
GTAGATCCAAGGTACG,Hindbrain,CLADE_2
GTAGATCCAGAAACCG,Lateral plate and intermediate mesoderm,CLADE_2
GTAGATCGTGCGAACA,Primitive erythroid cells,CLADE_2
GTAGATCTCATACGAC,Primitive erythroid cells,CLADE_2
GTAGATCTCCGACAGC,Hindbrain,CLADE_2
GTAGCTAAGAAGTGTT,Forebrain/midbrain,CLADE_2
GTAGCTACACGAGAAC,Forebrain/midbrain,CLADE_2
GTAGCTACAGGGAGAG,Primitive erythroid cells,CLADE_2
GTAGCTAGTGAGATTA,Surface ectoderm,CLADE_2
GTAGCTAGTTTCGTGA,Primitive erythroid cells,CLADE_2
GTAGCTATCAGTGTTG,Lateral plate and intermediate mesoderm,CLADE_2
GTAGGAGAGACTTAAG,Hindbrain,CLADE_2
GTAGGAGAGATGAAGG,Gut endoderm,CLADE_6
GTAGGAGAGGCACAAC,First heart field,CLADE_3
GTAGGAGCAAGAATGT,Endothelium,CLADE_2
GTAGGAGCAAGTTCCA,Primitive erythroid cells,CLADE_2
GTAGGAGCACTGATTG,Gut endoderm,CLADE_2
GTAGGAGCATCGTGCG,Lateral plate and intermediate mesoderm,CLADE_3
GTAGGAGTCAGCTGAT,Amniotic ectoderm,CLADE_2
GTAGGAGTCTCTGACC,Lateral plate and intermediate mesoderm,CLADE_1
GTAGGAGTCTTTGCTA,Placodal area,CLADE_2
GTAGGTTAGAAGTATC,Hematoendothelial progenitors,CLADE_2
GTAGGTTAGATACATG,Primitive erythroid cells,CLADE_2
GTAGGTTAGCTACGTT,Hindbrain,CLADE_2
GTAGGTTAGGCTGGAT,Primitive erythroid cells,CLADE_2
GTAGGTTCAAGGGTCA,Hindbrain,CLADE_2
GTAGGTTCAGTTCACA,Hematoendothelial progenitors,CLADE_2
GTAGGTTGTACTCCGG,Spinal cord,CLADE_2
GTAGGTTGTAGTCTTG,Primitive erythroid cells,CLADE_4
GTAGGTTGTCACATTG,Lateral plate and intermediate mesoderm,CLADE_2
GTAGGTTTCCCTTGGT,Primitive erythroid cells,CLADE_2
GTAGGTTTCCTACTGC,Amniotic ectoderm,CLADE_2
GTAGGTTTCGATGCAT,Forebrain/midbrain,CLADE_2
GTAGGTTTCGGACCAC,Primitive erythroid cells,CLADE_1
GTAGGTTTCGTCTACC,Primitive erythroid cells,CLADE_2
GTAGGTTTCTCCAATT,Paraxial mesoderm,CLADE_2
GTAGTACAGGACGCAT,Forebrain/midbrain,CLADE_1
GTAGTACAGTGAGTGC,Gut endoderm,CLADE_2
GTAGTACAGTTCCGTA,Primitive erythroid cells,CLADE_2
GTAGTACCACACCTTC,Forebrain/midbrain,CLADE_2
GTAGTACCACTATCCC,Lateral plate and intermediate mesoderm,CLADE_2
GTAGTACCATTCGGGC,Primitive erythroid cells,CLADE_2
GTAGTACGTACGATGG,Surface ectoderm,CLADE_3
GTAGTACTCATGAGTC,Forebrain/midbrain,CLADE_2
GTATTGGAGAGCCGAT,Forebrain/midbrain,CLADE_2
GTATTGGAGATACTGA,Surface ectoderm,CLADE_2
GTATTGGAGGTCCCTG,Primitive erythroid cells,CLADE_2
GTATTGGAGTCGGCAA,Primitive erythroid cells,CLADE_2
GTATTGGCAACTGAAA,Forebrain/midbrain,CLADE_2
GTATTGGCACAAAGCG,Primitive erythroid cells,CLADE_2
GTATTGGCATAAGCAA,Surface ectoderm,CLADE_2
GTATTGGGTCTACGAT,Hematoendothelial progenitors,CLADE_2
GTATTGGGTGAGAACC,Primitive erythroid cells,CLADE_2
GTATTGGGTGAGATTA,NMP,CLADE_2
GTATTGGTCGAATCCA,Second heart field,CLADE_2
GTATTGGTCGTAGCTA,Surface ectoderm,CLADE_2
GTATTTCCACGAAGAC,Primitive erythroid cells,CLADE_2
GTATTTCCAGGGTCTC,Primitive erythroid cells,CLADE_2
GTATTTCCAGTCGCTG,Primitive erythroid cells,CLADE_2
GTATTTCGTCGATTTG,Lateral plate and intermediate mesoderm,CLADE_2
GTATTTCGTGGCTTGC,Hindbrain,CLADE_2
GTATTTCGTTACCGTA,Primitive erythroid cells,CLADE_6
GTATTTCGTTGCCGAC,Lateral plate and intermediate mesoderm,CLADE_2
GTATTTCTCTCGCGTT,Surface ectoderm,CLADE_2
GTCAAACAGCCAAGTG,Forebrain/midbrain,CLADE_5
GTCAAACCACTAAACC,Hindbrain,CLADE_2
GTCAAACCAGCGTAGA,Amniotic ectoderm,CLADE_2
GTCAAACCAGGACTAG,Cranial neural crest,CLADE_1
GTCAAACGTCCTACAA,Primitive erythroid cells,CLADE_3
GTCAAACGTCTAACTG,Hindbrain,CLADE_2
GTCAAACTCTTCTTCC,Lateral plate and intermediate mesoderm,CLADE_2
GTCAAGTAGCCTCTGG,Primitive erythroid cells,CLADE_2
GTCAAGTAGCGTTCCG,Gut endoderm,CLADE_2
GTCAAGTCAACGCATT,Amniotic ectoderm,CLADE_2
GTCAAGTCAATTTCCT,Primitive erythroid cells,CLADE_4
GTCAAGTCACACCGAC,Lateral plate and intermediate mesoderm,CLADE_2
GTCAAGTCATCACAGT,Paraxial mesoderm,CLADE_2
GTCAAGTCATTGGCAT,Primitive erythroid cells,CLADE_2
GTCAAGTGTCACTCTC,Primitive erythroid cells,CLADE_2
GTCAAGTGTTATGACC,Hindbrain,CLADE_2
GTCAAGTGTTCGTGCG,Hindbrain,CLADE_2
GTCAAGTGTTGCGGCT,NMP,CLADE_2
GTCAAGTTCCGTAATG,Paraxial mesoderm,CLADE_2
GTCACGGAGGTGCAGT,Primitive erythroid cells,CLADE_2
GTCACGGAGGTTGGAC,Surface ectoderm,CLADE_2
GTCACGGCAGCGGTTC,Amniotic ectoderm,CLADE_3
GTCACGGCATGTACGT,Primitive erythroid cells,CLADE_2
GTCACGGGTAACGGTG,Lateral plate and intermediate mesoderm,CLADE_2
GTCACGGGTAGCTGTT,Lateral plate and intermediate mesoderm,CLADE_3
GTCACGGGTATAGGAT,Hindbrain,CLADE_2
GTCACGGGTCAAACGG,Endothelium,CLADE_2
GTCACGGGTCACCCTT,Primitive erythroid cells,CLADE_2
GTCACGGGTCTGTAAC,Hindbrain,CLADE_2
GTCACGGGTGGCTGAA,Lateral plate and intermediate mesoderm,CLADE_2
GTCACGGGTGGGCTCT,Primitive erythroid cells,CLADE_2
GTCACGGTCAACTCTT,Hindbrain,CLADE_5
GTCACGGTCGGTGAAG,Lateral plate and intermediate mesoderm,CLADE_2
GTCACGGTCTCCAAGA,Hindbrain,CLADE_2
GTCACTCAGAAATTGC,Lateral plate and intermediate mesoderm,CLADE_4
GTCACTCAGACCAGAC,Primitive erythroid cells,CLADE_4
GTCACTCAGATGGCGT,Primitive erythroid cells,CLADE_4
GTCACTCAGCATGCAG,Gut endoderm,CLADE_11
GTCACTCAGGTAAGGA,Primitive erythroid cells,CLADE_2
GTCACTCAGTTAGTGA,Primitive erythroid cells,CLADE_2
GTCACTCCAAATCAAG,Gut endoderm,CLADE_2
GTCACTCCACTTACAG,NMP,CLADE_2
GTCACTCGTGCATGTT,NMP,CLADE_1
GTCACTCTCAAGGCTT,Surface ectoderm,CLADE_3
GTCACTCTCATGCCAA,Surface ectoderm,CLADE_2
GTCACTCTCCTATGGA,Primitive erythroid cells,CLADE_2
GTCACTCTCGTTTACT,Primitive erythroid cells,CLADE_2
GTCAGCGAGAGCAACC,Surface ectoderm,CLADE_2
GTCAGCGAGCAAGTCG,Hindbrain,CLADE_2
GTCAGCGGTCACTCGG,Lateral plate and intermediate mesoderm,CLADE_3
GTCAGCGGTCGCTTGG,Forebrain/midbrain,CLADE_2
GTCAGCGTCGCCGATG,Placodal area,CLADE_3
GTCAGCGTCGCTTTAT,Surface ectoderm,CLADE_5
GTCAGCGTCGGCCTTT,Forebrain/midbrain,CLADE_2
GTCATCCAGCAGGCTA,Endothelium,CLADE_2
GTCATCCAGCGCCTCA,Primitive erythroid cells,CLADE_2
GTCATCCCAAATCCCA,Primitive erythroid cells,CLADE_2
GTCATCCCAGATTCGT,Primitive erythroid cells,CLADE_2
GTCATCCGTAGAATGT,Primitive erythroid cells,CLADE_2
GTCATCCGTCCTTGTC,Surface ectoderm,CLADE_2
GTCATCCGTCTTGGTA,Hindbrain,CLADE_2
GTCATCCGTGCGTTTA,Primitive erythroid cells,CLADE_4
GTCATCCGTTGCATAC,Amniotic ectoderm,CLADE_2
GTCATCCTCACCGGTG,Primitive erythroid cells,CLADE_2
GTCATCCTCAGTGGGA,Surface ectoderm,CLADE_37
GTCATCCTCCCTCGAT,Hindbrain,CLADE_2
GTCATGAAGAGTCTTC,Primitive erythroid cells,CLADE_2
GTCATGAAGCATCTTG,Gut endoderm,CLADE_1
GTCATGAAGGACAGCT,Gut endoderm,CLADE_2
GTCATGACACAACGTT,Placodal area,CLADE_2
GTCATGACAGCACACC,Allantois,CLADE_3
GTCATGAGTAATGATG,Gut endoderm,CLADE_2
GTCATGAGTCCAAAGG,Hindbrain,CLADE_2
GTCATGAGTCCGGATC,Primitive erythroid cells,CLADE_2
GTCATGAGTTGCACGC,Lateral plate and intermediate mesoderm,CLADE_2
GTCATGATCATTTGTC,Primitive erythroid cells,CLADE_1
GTCATGATCTGGAGAG,Surface ectoderm,CLADE_2
GTCATTTAGGCCTAAG,Gut endoderm,CLADE_2
GTCATTTAGTTGGCTT,Surface ectoderm,CLADE_6
GTCATTTGTACGATGG,Surface ectoderm,CLADE_2
GTCATTTGTGTGGACA,Hindbrain,CLADE_2
GTCATTTGTTAAACCC,Forebrain/midbrain,CLADE_2
GTCATTTGTTAAGTCC,Forebrain/midbrain,CLADE_2
GTCATTTGTTCCTAAG,Paraxial mesoderm,CLADE_3
GTCATTTGTTGTTGTG,Surface ectoderm,CLADE_2
GTCATTTTCAAGTCTG,Gut endoderm,CLADE_2
GTCATTTTCCTCTAGC,NMP,CLADE_2
GTCATTTTCTTTGCTA,Allantois,CLADE_2
GTCCACTAGCGAAACC,Endothelium,CLADE_2
GTCCACTAGGCGAAGG,Allantois,CLADE_2
GTCCACTAGGTTATAG,Surface ectoderm,CLADE_2
GTCCACTAGTTACGTC,Surface ectoderm,CLADE_2
GTCCACTCAAGGATGC,Surface ectoderm,CLADE_3
GTCCACTCACCTCGTT,Primitive erythroid cells,CLADE_3
GTCCACTGTCGTGTTA,Primitive erythroid cells,CLADE_3
GTCCACTGTTATGTCG,Primitive erythroid cells,CLADE_4
GTCCACTGTTCCTAGA,Surface ectoderm,CLADE_2
GTCCACTTCCCAGCGA,Cranial neural crest,CLADE_2
GTCCACTTCTGGCCTT,Forebrain/midbrain,CLADE_3
GTCCCATAGGGTAGCT,Lateral plate and intermediate mesoderm,CLADE_2
GTCCCATCAAGACCGA,Primitive erythroid cells,CLADE_2
GTCCCATCAATGTTGC,Surface ectoderm,CLADE_2
GTCCCATCACCGTGAC,Primitive erythroid cells,CLADE_5
GTCCCATCACGGAAGT,Lateral plate and intermediate mesoderm,CLADE_2
GTCCCATCAGGTATGG,Forebrain/midbrain,CLADE_4
GTCCCATCATATGGCT,Primitive erythroid cells,CLADE_2
GTCCCATTCCTAAGTG,Gut endoderm,CLADE_2
GTCCCATTCGAAGCCC,Lateral plate and intermediate mesoderm,CLADE_2
GTCCTCAAGGCTCTCG,Primitive erythroid cells,CLADE_2
GTCCTCAAGTCACTGT,Endothelium,CLADE_2
GTCCTCAAGTCTGGTT,Forebrain/midbrain,CLADE_3
GTCCTCACAAGTCATC,Amniotic ectoderm,CLADE_5
GTCCTCACACCTGCAG,Placodal area,CLADE_2
GTCCTCACAGAGGGTT,Primitive erythroid cells,CLADE_20
GTCCTCAGTGAGGATC,Lateral plate and intermediate mesoderm,CLADE_2
GTCCTCAGTTCAGGTT,Paraxial mesoderm,CLADE_2
GTCCTCAGTTTGGCTA,Lateral plate and intermediate mesoderm,CLADE_2
GTCCTCATCAAGTTGC,Primitive erythroid cells,CLADE_2
GTCCTCATCATGTCTT,Primitive erythroid cells,CLADE_3
GTCCTCATCCTCGCAT,Surface ectoderm,CLADE_2
GTCCTCATCTGCATAG,Forebrain/midbrain,CLADE_2
GTCGAATAGTCGAATA,Forebrain/midbrain,CLADE_2
GTCGAATCAATAGTGA,Surface ectoderm,CLADE_2
GTCGAATCAGCGACAA,Surface ectoderm,CLADE_2
GTCGAATGTACCGTCG,Primitive erythroid cells,CLADE_2
GTCGAATGTCATAGTC,NMP,CLADE_2
GTCGAATGTGTAGGAC,Second heart field,CLADE_2
GTCGAATTCACTTATC,Surface ectoderm,CLADE_4
GTCGAATTCCTGTAGA,Forebrain/midbrain,CLADE_2
GTCGCGAAGCGGTAGT,Primitive erythroid cells,CLADE_2
GTCGCGAAGGTAGTAT,Forebrain/midbrain,CLADE_3
GTCGCGACAAGAGTGC,Spinal cord,CLADE_2
GTCGCGACAAGGCAAC,Forebrain/midbrain,CLADE_2
GTCGCGACAATACCCA,Hematoendothelial progenitors,CLADE_1
GTCGCGACACATTGTG,Endothelium,CLADE_2
GTCGCGAGTGACTGTT,Surface ectoderm,CLADE_2
GTCGCGATCGAAGCCC,Hindbrain,CLADE_2
GTCGCGATCGGCGATC,Forebrain/midbrain,CLADE_2
GTCGTAAAGATGCTTC,Surface ectoderm,CLADE_2
GTCGTAAAGGTGGTTG,Hindbrain,CLADE_2
GTCGTAAAGTAATCCC,NMP,CLADE_2
GTCGTAACAAGGACAC,Forebrain/midbrain,CLADE_2
GTCGTAACAGATTTCG,Lateral plate and intermediate mesoderm,CLADE_2
GTCGTAACAGCTTCCT,Primitive erythroid cells,CLADE_5
GTCGTAAGTAATGATG,Primitive erythroid cells,CLADE_2
GTCGTAAGTCTGTTAG,Primitive erythroid cells,CLADE_2
GTCGTAAGTTAGAAGT,NMP,CLADE_2
GTCGTAAGTTGCTCCT,Lateral plate and intermediate mesoderm,CLADE_2
GTCGTAAGTTGCTGAT,Allantois,CLADE_2
GTCGTAATCAATCTTC,Primitive erythroid cells,CLADE_2
GTCGTAATCGAAGAAT,Primitive erythroid cells,CLADE_2
GTCGTTCAGAGCACTG,Primitive erythroid cells,CLADE_2
GTCGTTCAGGTCACTT,Lateral plate and intermediate mesoderm,CLADE_2
GTCGTTCCACGCAGTC,NMP,CLADE_2
GTCGTTCCAGCATACT,Lateral plate and intermediate mesoderm,CLADE_47
GTCGTTCCATCCAATG,NMP,CLADE_2
GTCGTTCGTGACACGA,Gut endoderm,CLADE_2
GTCGTTCGTTGTCTAG,Endothelium,CLADE_1
GTCGTTCTCTGTTCAT,Primitive erythroid cells,CLADE_2
GTCGTTCTCTTGGGCG,Primitive erythroid cells,CLADE_2
GTCTACCAGAAGCGCT,Surface ectoderm,CLADE_3
GTCTACCAGACGGAAA,Forebrain/midbrain,CLADE_3
GTCTACCAGCGACCCT,Amniotic ectoderm,CLADE_2
GTCTACCAGGAAGTGA,Amniotic ectoderm,CLADE_2
GTCTACCAGGTCGTCC,Primitive erythroid cells,CLADE_2
GTCTACCAGTCTCTGA,Primitive erythroid cells,CLADE_2
GTCTACCAGTGGTGAC,Primitive erythroid cells,CLADE_2
GTCTACCCAACCCTCT,Surface ectoderm,CLADE_5
GTCTACCCACTCCTTG,Endothelium,CLADE_2
GTCTACCCAGAGTGAC,Lateral plate and intermediate mesoderm,CLADE_2
GTCTACCCAGCCCAGT,Primitive erythroid cells,CLADE_2
GTCTACCCATATCTGG,Forebrain/midbrain,CLADE_2
GTCTACCCATATGGCT,Forebrain/midbrain,CLADE_2
GTCTACCCATCGGATT,Hindbrain,CLADE_2
GTCTACCGTCAGTTTG,Hindbrain,CLADE_2
GTCTACCGTGCATTAC,Surface ectoderm,CLADE_2
GTCTACCGTTCCGTTC,Forebrain/midbrain,CLADE_2
GTCTACCTCAAATAGG,Primitive erythroid cells,CLADE_1
GTCTACCTCATTATCC,Forebrain/midbrain,CLADE_1
GTCTACCTCCATTTAC,Gut endoderm,CLADE_2
GTCTACCTCCGAAGGA,NMP,CLADE_2
GTCTACCTCGGCATTA,Allantois,CLADE_2
GTCTAGAAGCCGATAG,Hindbrain,CLADE_2
GTCTAGAAGCGACTTT,Amniotic ectoderm,CLADE_2
GTCTAGAAGGGCCTCT,Paraxial mesoderm,CLADE_2
GTCTAGAAGTAGCATA,Primitive erythroid cells,CLADE_3
GTCTAGAAGTCCCTAA,Lateral plate and intermediate mesoderm,CLADE_2
GTCTAGAAGTTCGGTT,Cranial neural crest,CLADE_1
GTCTAGACAATGAGCG,Primitive erythroid cells,CLADE_2
GTCTAGACATAGCACT,NMP,CLADE_2
GTCTAGACATGTACGT,Primitive erythroid cells,CLADE_2
GTCTAGAGTAGATCCT,Primitive erythroid cells,CLADE_4
GTCTAGAGTCTAATCG,Surface ectoderm,CLADE_2
GTCTAGATCAGCATTG,Gut endoderm,CLADE_2
GTCTAGATCCCTATTA,Gut endoderm,CLADE_2
GTCTAGATCGACCATA,Primitive erythroid cells,CLADE_2
GTCTAGATCGCGCCAA,Primitive erythroid cells,CLADE_2
GTCTAGATCGCTACAA,Hindbrain,CLADE_2
GTCTAGATCGGAATTC,Forebrain/midbrain,CLADE_2
GTCTCACAGCCTGAGA,Primitive erythroid cells,CLADE_2
GTCTCACAGGTGTGAC,Primitive erythroid cells,CLADE_2
GTCTCACAGTTTGAGA,Primitive erythroid cells,CLADE_6
GTCTCACCAAGCCTGC,Primitive erythroid cells,CLADE_2
GTCTCACCAATGGCAG,Primitive erythroid cells,CLADE_2
GTCTCACCAGCATGCC,Primitive erythroid cells,CLADE_2
GTCTCACCAGGTTACT,Lateral plate and intermediate mesoderm,CLADE_2
GTCTCACCAGTGCCTG,Endothelium,CLADE_2
GTCTCACCATGACTGT,NMP,CLADE_1
GTCTCACCATTCAGCA,Primitive erythroid cells,CLADE_4
GTCTCACGTGCTGATT,Gut endoderm,CLADE_2
GTCTCACTCATCGCTC,Lateral plate and intermediate mesoderm,CLADE_2
GTCTCACTCGAAATCC,Cranial neural crest,CLADE_2
GTCTCACTCTTAGGAC,Hindbrain,CLADE_2
GTCTGTCAGAAGTCTA,Gut endoderm,CLADE_2
GTCTGTCCAGCCCACA,Lateral plate and intermediate mesoderm,CLADE_3
GTCTGTCCAGCGACAA,Forebrain/midbrain,CLADE_2
GTCTGTCCATATACCG,Primitive erythroid cells,CLADE_2
GTCTGTCCATGGATCT,Surface ectoderm,CLADE_2
GTCTGTCCATGGCCCA,Primitive erythroid cells,CLADE_2
GTCTGTCGTAAGTTGA,Lateral plate and intermediate mesoderm,CLADE_2
GTCTGTCGTGCCTTCT,Lateral plate and intermediate mesoderm,CLADE_5
GTCTGTCTCCAGTGCG,NMP,CLADE_2
GTCTTTAAGAACTTCC,Surface ectoderm,CLADE_2
GTCTTTAAGGTCATCT,Paraxial mesoderm,CLADE_2
GTCTTTAAGTAGTCTC,Primitive erythroid cells,CLADE_2
GTCTTTAAGTTGAAAC,Allantois,CLADE_2
GTCTTTACAGTAGGAC,Lateral plate and intermediate mesoderm,CLADE_2
GTCTTTAGTAACAAGT,Primitive erythroid cells,CLADE_2
GTCTTTAGTAACGATA,Hindbrain,CLADE_2
GTCTTTAGTATGGTAA,Primitive erythroid cells,CLADE_2
GTCTTTAGTGAAGCTG,Allantois,CLADE_3
GTCTTTAGTTCCTTGC,Primitive erythroid cells,CLADE_4
GTCTTTATCGTGGACC,Primitive erythroid cells,CLADE_2
GTGACGCAGAAATTGC,Lateral plate and intermediate mesoderm,CLADE_2
GTGACGCAGCTACTAC,Endothelium,CLADE_2
GTGACGCCAACACAGG,Hindbrain,CLADE_2
GTGACGCCAAGCGGAT,Allantois,CLADE_3
GTGACGCCATACGCAT,Endothelium,CLADE_2
GTGACGCCATCGGTTA,Primordial germ cells,CLADE_4
GTGACGCGTTAACAGA,Cranial neural crest,CLADE_2
GTGACGCTCCAAGGGA,Hematoendothelial progenitors,CLADE_2
GTGACGCTCCATCGTC,Gut endoderm,CLADE_2
GTGACGCTCGCGTAGC,Surface ectoderm,CLADE_5
GTGACGCTCGTGGCGT,Gut endoderm,CLADE_2
GTGACGCTCTCCTACG,Paraxial mesoderm,CLADE_2
GTGAGCCAGCCATTCA,Primitive erythroid cells,CLADE_2
GTGAGCCAGCTTTCCC,Surface ectoderm,CLADE_3
GTGAGCCAGGGTGGGA,Primitive erythroid cells,CLADE_4
GTGAGCCCAGAGGACT,Primitive erythroid cells,CLADE_2
GTGAGCCGTCAAGTTC,Surface ectoderm,CLADE_2
GTGAGCCGTCGCAGTC,Surface ectoderm,CLADE_2
GTGAGCCGTCGTCATA,NMP,CLADE_2
GTGAGCCGTGAGATAT,Spinal cord,CLADE_2
GTGAGCCTCAAGCGTT,Primitive erythroid cells,CLADE_2
GTGAGCCTCATCTATC,Primitive erythroid cells,CLADE_2
GTGAGCCTCCCAGGAC,Paraxial mesoderm,CLADE_2
GTGAGCCTCGGAATTC,Primitive erythroid cells,CLADE_2
GTGAGCCTCGGATTAC,Cranial neural crest,CLADE_2
GTGAGCCTCTGACAGT,Gut endoderm,CLADE_2
GTGAGGAAGAACTGAT,First heart field,CLADE_2
GTGAGGAAGATGGGCT,NMP,CLADE_2
GTGAGGAAGGGTCTTT,Primitive erythroid cells,CLADE_2
GTGAGGACAACGATCT,Cranial neural crest,CLADE_2
GTGAGGACAGCCTATA,Primitive erythroid cells,CLADE_2
GTGAGGACATACAGGG,Primitive erythroid cells,CLADE_4
GTGAGGAGTGTCCATA,Amniotic ectoderm,CLADE_2
GTGAGGAGTTTGTTCT,Surface ectoderm,CLADE_1
GTGAGGATCACTCGAA,Lateral plate and intermediate mesoderm,CLADE_4
GTGAGGATCGATACTG,Primitive erythroid cells,CLADE_6
GTGAGGATCGCTCTAC,Endothelium,CLADE_2
GTGAGGATCTACGCAA,NMP,CLADE_2
GTGAGTTAGGCGCTTC,Amniotic ectoderm,CLADE_1
GTGAGTTAGTAGTCAA,Primitive erythroid cells,CLADE_2
GTGAGTTAGTCTCCTC,Surface ectoderm,CLADE_2
GTGAGTTCAACTGCTA,Primitive erythroid cells,CLADE_3
GTGAGTTCAAGATCCT,NMP,CLADE_2
GTGAGTTCAGATTAAG,Forebrain/midbrain,CLADE_2
GTGAGTTGTAGCTTGT,Paraxial mesoderm,CLADE_2
GTGAGTTGTCGGCCTA,Primitive erythroid cells,CLADE_2
GTGAGTTGTTGCATTG,Paraxial mesoderm,CLADE_2
GTGAGTTTCAACGAGG,Cranial neural crest,CLADE_1
GTGAGTTTCCTCACCA,Surface ectoderm,CLADE_5
GTGAGTTTCTCGTCAC,Placodal area,CLADE_2
GTGATGTAGCGCATCC,Primitive erythroid cells,CLADE_2
GTGATGTCAATCAAGA,Primitive erythroid cells,CLADE_2
GTGATGTCAGGAGGAG,Endothelium,CLADE_2
GTGATGTCAGGTGGAT,Primitive erythroid cells,CLADE_2
GTGATGTCAGTAGTTC,Primitive erythroid cells,CLADE_3
GTGATGTGTCGATTAC,Forebrain/midbrain,CLADE_2
GTGATGTGTCTTGAGT,Primitive erythroid cells,CLADE_2
GTGCACGAGATACCAA,Cranial neural crest,CLADE_2
GTGCACGAGTCACTGT,Hematoendothelial progenitors,CLADE_2
GTGCACGCAAGCGCAA,Cranial neural crest,CLADE_3
GTGCACGCAAGTGATA,Forebrain/midbrain,CLADE_2
GTGCACGCACGCGCTA,Primitive erythroid cells,CLADE_2
GTGCACGCAGGACTTT,Hematoendothelial progenitors,CLADE_2
GTGCACGCAGGTGGAT,Forebrain/midbrain,CLADE_2
GTGCACGCATGAGATA,Paraxial mesoderm,CLADE_2
GTGCACGCATTCATCT,Gut endoderm,CLADE_2
GTGCACGGTCGAATTC,Primitive erythroid cells,CLADE_4
GTGCACGGTGCTCTTC,Primitive erythroid cells,CLADE_2
GTGCACGGTGGCTGCT,Primitive erythroid cells,CLADE_2
GTGCACGTCACATCAG,Allantois,CLADE_2
GTGCACGTCCGGCAAC,Lateral plate and intermediate mesoderm,CLADE_2
GTGCACGTCGTAGGGA,Primitive erythroid cells,CLADE_2
GTGCAGCAGATTACCC,Endothelium,CLADE_2
GTGCAGCAGCTTGTTG,Surface ectoderm,CLADE_2
GTGCAGCAGGATTTAG,Placodal area,CLADE_2
GTGCAGCCACCTGCTT,Surface ectoderm,CLADE_2
GTGCAGCGTACCCACG,Paraxial mesoderm,CLADE_2
GTGCAGCGTACCGGCT,Primitive erythroid cells,CLADE_2
GTGCAGCGTGTTTACG,Primitive erythroid cells,CLADE_2
GTGCAGCTCAAGATAG,Hindbrain,CLADE_6
GTGCGTGAGGCTTAGG,Forebrain/midbrain,CLADE_2
GTGCGTGAGTCGGCAA,Gut endoderm,CLADE_2
GTGCGTGCAACAAGAT,Hindbrain,CLADE_2
GTGCGTGCAACTGTGT,Primitive erythroid cells,CLADE_4
GTGCGTGCACGCACCA,Forebrain/midbrain,CLADE_2
GTGCGTGGTACGGGAT,Surface ectoderm,CLADE_5
GTGCGTGGTCCGGACT,Allantois,CLADE_2
GTGCGTGGTGTCTTAG,Forebrain/midbrain,CLADE_4
GTGCGTGGTTAAGACA,Cranial neural crest,CLADE_2
GTGCGTGGTTATCCAG,NMP,CLADE_2
GTGCGTGTCACTCACC,Primitive erythroid cells,CLADE_4
GTGCTGGAGAGGATGA,Endothelium,CLADE_2
GTGCTGGCAGGAGGAG,Allantois,CLADE_1
GTGCTGGCATCGGATT,Primitive erythroid cells,CLADE_2
GTGCTGGGTCCACGCA,Hindbrain,CLADE_2
GTGCTGGTCAAACGAA,Primitive erythroid cells,CLADE_2
GTGCTGGTCACATACG,Forebrain/midbrain,CLADE_2
GTGCTGGTCATGCCAA,Primitive erythroid cells,CLADE_2
GTGCTGGTCGCAGTGC,Hindbrain,CLADE_2
GTGCTGGTCGTCTACC,Hindbrain,CLADE_2
GTGCTGGTCTAAACGC,Primitive erythroid cells,CLADE_2
GTGCTTCAGAAATTCG,First heart field,CLADE_6
GTGCTTCAGAGCCTGA,Primitive erythroid cells,CLADE_2
GTGCTTCAGCTGAGTG,Primitive erythroid cells,CLADE_2
GTGCTTCAGGCAGGGA,Primitive erythroid cells,CLADE_5
GTGCTTCCAAATGCTC,Surface ectoderm,CLADE_3
GTGCTTCCAATCAAGA,Primitive erythroid cells,CLADE_3
GTGCTTCCAGCTACCG,Gut endoderm,CLADE_2
GTGCTTCCAGGAGGAG,Primitive erythroid cells,CLADE_4
GTGCTTCGTAACCCGC,NMP,CLADE_2
GTGCTTCGTAGGTAGC,Notochord,CLADE_2
GTGCTTCGTCTCTCTG,Gut endoderm,CLADE_2
GTGCTTCTCGACCTAA,Primitive erythroid cells,CLADE_2
GTGCTTCTCTAGTGTG,Surface ectoderm,CLADE_2
GTGGAAGAGACCAGAC,Primitive erythroid cells,CLADE_4
GTGGAAGCACTGTCCT,Surface ectoderm,CLADE_1
GTGGAAGCAGTTTCGA,Forebrain/midbrain,CLADE_2
GTGGAAGGTAGATGTA,Surface ectoderm,CLADE_2
GTGGAAGGTATCTCGA,Primitive erythroid cells,CLADE_2
GTGGAAGGTATTGCCA,Hindbrain,CLADE_6
GTGGAAGGTGATGGCA,Hindbrain,CLADE_2
GTGGAAGTCCATGCAA,Notochord,CLADE_2
GTGGAAGTCGAGTTGT,Lateral plate and intermediate mesoderm,CLADE_2
GTGGAAGTCGGCATCG,Primitive erythroid cells,CLADE_2
GTGGAAGTCTCCTGAC,Primitive erythroid cells,CLADE_3
GTGGAAGTCTTCGTAT,Primitive erythroid cells,CLADE_3
GTGGAGAAGAGTGGCT,Surface ectoderm,CLADE_2
GTGGAGAAGATGACAT,Surface ectoderm,CLADE_2
GTGGAGAAGTCACAGG,Gut endoderm,CLADE_5
GTGGAGAAGTTCCGTA,Paraxial mesoderm,CLADE_5
GTGGAGACACGACAGA,Paraxial mesoderm,CLADE_2
GTGGAGACACTCTGCT,NMP,CLADE_2
GTGGAGAGTATCCCTC,Cranial neural crest,CLADE_2
GTGGAGAGTTACAGCT,Forebrain/midbrain,CLADE_2
GTGGAGATCGCAGTTA,NMP,CLADE_2
GTGGAGATCTGATTCT,Paraxial mesoderm,CLADE_2
GTGGCGTAGAGTCTGG,Forebrain/midbrain,CLADE_3
GTGGCGTAGGAATCGC,Hindbrain,CLADE_3
GTGGCGTGTATGCGTT,Surface ectoderm,CLADE_2
GTGGCGTGTGATTCAC,First heart field,CLADE_2
GTGGCGTGTGCGCTCA,Forebrain/midbrain,CLADE_2
GTGGCGTGTGTCTTCC,Lateral plate and intermediate mesoderm,CLADE_3
GTGGCGTTCGCACGGT,Forebrain/midbrain,CLADE_2
GTGGCGTTCGGTAGAG,Surface ectoderm,CLADE_4
GTGGGAAAGACAGCTG,Forebrain/midbrain,CLADE_1
GTGGGAAAGTCCCAGC,Forebrain/midbrain,CLADE_2
GTGGGAAAGTCCTGTA,Primitive erythroid cells,CLADE_2
GTGGGAAAGTGGACTG,Hematoendothelial progenitors,CLADE_2
GTGGGAAAGTTAGTGA,Hindbrain,CLADE_2
GTGGGAACACACGTGC,Primitive erythroid cells,CLADE_4
GTGGGAACAGAACTCT,Primitive erythroid cells,CLADE_3
GTGGGAACATCGAAGG,First heart field,CLADE_2
GTGGGAAGTGGGATTG,Forebrain/midbrain,CLADE_1
GTGGGAATCGAGTGAG,First heart field,CLADE_1
GTGGGAATCGGCCAAC,Amniotic ectoderm,CLADE_5
GTGGGAATCTAATTCC,NMP,CLADE_2
GTGGTTAAGCTAGAGC,Gut endoderm,CLADE_2
GTGGTTAAGGAACATT,Primitive erythroid cells,CLADE_2
GTGGTTACAGTCAGAG,Forebrain/midbrain,CLADE_2
GTGGTTAGTAGACAAT,Primitive erythroid cells,CLADE_2
GTGGTTATCGAGCACC,Hindbrain,CLADE_2
GTGGTTATCTAGTCAG,NMP,CLADE_2
GTGGTTATCTGGAAGG,Primordial germ cells,CLADE_3
GTGTAACAGGAGGGTG,Primitive erythroid cells,CLADE_2
GTGTAACAGGTGCCTC,Primitive erythroid cells,CLADE_3
GTGTAACAGTCAACAA,Primitive erythroid cells,CLADE_2
GTGTAACAGTCAAGCG,Allantois,CLADE_3
GTGTAACAGTCACTAC,Placodal area,CLADE_3
GTGTAACCAGACAATA,Endothelium,CLADE_1
GTGTAACCAGTTACCA,Endothelium,CLADE_2
GTGTAACGTCATACCA,Primitive erythroid cells,CLADE_2
GTGTAACGTTAGGCCC,Placodal area,CLADE_2
GTGTCCTAGCAGCCTC,Forebrain/midbrain,CLADE_2
GTGTCCTAGCAGGCAT,Primitive erythroid cells,CLADE_2
GTGTCCTAGCGATTCT,Primitive erythroid cells,CLADE_3
GTGTCCTAGTACGTCT,Gut endoderm,CLADE_2
GTGTCCTCACGTTGGC,Surface ectoderm,CLADE_3
GTGTCCTCAGACGATG,Hindbrain,CLADE_2
GTGTCCTCATAGCTGT,Allantois,CLADE_2
GTGTCCTCATGGGAAC,Surface ectoderm,CLADE_2
GTGTCCTCATTGTGCA,Surface ectoderm,CLADE_3
GTGTCCTGTGCCCGTA,Lateral plate and intermediate mesoderm,CLADE_2
GTGTCCTGTGTCATTG,Endothelium,CLADE_3
GTGTCCTGTTCGGTTA,Surface ectoderm,CLADE_2
GTGTCCTTCAAGTGTC,Forebrain/midbrain,CLADE_2
GTGTCCTTCTCTGCCA,Primitive erythroid cells,CLADE_2
GTGTGATAGTTTCTTC,Endothelium,CLADE_2
GTGTGATCACAAGCCC,Primitive erythroid cells,CLADE_4
GTGTGATCAGATAAAC,Primitive erythroid cells,CLADE_4
GTGTGATGTACACGTT,Lateral plate and intermediate mesoderm,CLADE_2
GTGTGATGTCACCTTC,Hindbrain,CLADE_2
GTGTGATGTCTTCATT,Allantois,CLADE_2
GTGTGATTCGCGTGCA,Hindbrain,CLADE_2
GTGTGATTCTATACTC,Primitive erythroid cells,CLADE_2
GTGTGGCAGGCATCTT,Primitive erythroid cells,CLADE_2
GTGTGGCAGTGAGTTA,Hindbrain,CLADE_2
GTGTGGCAGTTGTAAG,Primitive erythroid cells,CLADE_37
GTGTGGCCACTAAACC,Surface ectoderm,CLADE_5
GTGTGGCCATACGCAT,Forebrain/midbrain,CLADE_2
GTGTGGCCATAGGAGC,Gut endoderm,CLADE_2
GTGTGGCCATCCGGTG,Lateral plate and intermediate mesoderm,CLADE_2
GTGTGGCGTACGGATG,Gut endoderm,CLADE_5
GTGTGGCGTAGACAAT,NMP,CLADE_5
GTGTGGCGTAGCGATG,Endothelium,CLADE_2
GTGTGGCGTCAACCAT,Allantois,CLADE_2
GTGTGGCGTCAAGTTC,Endothelium,CLADE_2
GTGTGGCGTCCGGATC,Primitive erythroid cells,CLADE_2
GTGTGGCTCCATCGTC,Forebrain/midbrain,CLADE_2
GTGTGGCTCGCACGAC,Primitive erythroid cells,CLADE_2
GTGTTAGAGACATGCG,Primitive erythroid cells,CLADE_2
GTGTTAGAGAGCTTTC,Primitive erythroid cells,CLADE_2
GTGTTAGAGCGAACTG,Primitive erythroid cells,CLADE_2
GTGTTAGAGGTGAGAA,Primitive erythroid cells,CLADE_4
GTGTTAGCAATCGCAT,Primitive erythroid cells,CLADE_4
GTGTTAGCACAGTGTT,Gut endoderm,CLADE_2
GTGTTAGCATGACTCA,Primitive erythroid cells,CLADE_3
GTGTTAGGTCAGTCGC,Forebrain/midbrain,CLADE_2
GTGTTAGGTGTTCCTC,NMP,CLADE_2
GTGTTAGGTTCGTTCC,Primitive erythroid cells,CLADE_2
GTGTTAGGTTGGCCGT,Surface ectoderm,CLADE_2
GTGTTAGGTTTCAGAC,Primitive erythroid cells,CLADE_5
GTGTTAGTCACCTTAT,Primitive erythroid cells,CLADE_2
GTGTTAGTCCACTTCG,Gut endoderm,CLADE_2
GTGTTAGTCGATCCCT,Primitive erythroid cells,CLADE_2
GTGTTAGTCGGACGTC,Primitive erythroid cells,CLADE_2
GTGTTAGTCTCGGCTT,Surface ectoderm,CLADE_2
GTGTTAGTCTGCCCTA,NMP,CLADE_2
GTGTTCCAGTTTCGGT,Primitive erythroid cells,CLADE_2
GTGTTCCCACGAAGAC,Primitive erythroid cells,CLADE_5
GTGTTCCCATAGAGGC,Primitive erythroid cells,CLADE_2
GTGTTCCGTGATATAG,NMP,CLADE_2
GTGTTCCGTTTCCAAG,Forebrain/midbrain,CLADE_2
GTGTTCCTCAGACAAA,Forebrain/midbrain,CLADE_2
GTGTTCCTCCCTGGTT,Forebrain/midbrain,CLADE_2
GTGTTCCTCGATTGAC,Lateral plate and intermediate mesoderm,CLADE_2
GTGTTCCTCGCTACAA,NMP,CLADE_2
GTGTTCCTCTCGAACA,Primitive erythroid cells,CLADE_2
GTTACAGAGCAAGTGC,Gut endoderm,CLADE_2
GTTACAGAGCTATCCA,Gut endoderm,CLADE_5
GTTACAGAGCTTAGTC,Forebrain/midbrain,CLADE_2
GTTACAGAGGAGAATG,Primitive erythroid cells,CLADE_2
GTTACAGCAACTTCTT,Surface ectoderm,CLADE_2
GTTACAGCAGAGGACT,NMP,CLADE_2
GTTACAGGTACAGTAA,Endothelium,CLADE_2
GTTACAGGTCTATGAC,NMP,CLADE_2
GTTACAGGTGCCTATA,First heart field,CLADE_4
GTTACAGGTGTTCGAT,Primitive erythroid cells,CLADE_2
GTTACAGGTTAAAGTG,Amniotic ectoderm,CLADE_2
GTTACAGGTTCCTTGC,Primitive erythroid cells,CLADE_2
GTTACAGTCACGGACC,Primitive erythroid cells,CLADE_2
GTTACAGTCGAAGTGG,Hindbrain,CLADE_4
GTTACAGTCTTACGGA,Lateral plate and intermediate mesoderm,CLADE_2
GTTACCCAGATTGTGA,NMP,CLADE_2
GTTACCCAGTAATACG,NMP,CLADE_2
GTTACCCAGTGCACAG,Lateral plate and intermediate mesoderm,CLADE_3
GTTACCCCAAATAAGC,Forebrain/midbrain,CLADE_3
GTTACCCTCGAGTCTA,Endothelium,CLADE_2
GTTACCCTCGGTCATA,NMP,CLADE_2
GTTACCCTCTGCTAGA,Primitive erythroid cells,CLADE_2
GTTACGAAGACATACA,Lateral plate and intermediate mesoderm,CLADE_6
GTTACGAAGACGACTG,Cranial neural crest,CLADE_2
GTTACGAAGGCTCCCA,Lateral plate and intermediate mesoderm,CLADE_3
GTTACGACATACGCAT,Notochord,CLADE_2
GTTACGATCCTTGAAG,Primitive erythroid cells,CLADE_2
GTTACGATCGATTCCC,Amniotic ectoderm,CLADE_3
GTTACGATCGCAGAGA,Primitive erythroid cells,CLADE_2
GTTACGATCGCGAAGA,Primitive erythroid cells,CLADE_2
GTTACGATCTTGTGCC,NMP,CLADE_2
GTTAGACAGCTCGGCT,Cranial neural crest,CLADE_1
GTTAGACCAACCACGC,Paraxial mesoderm,CLADE_2
GTTAGACCACATGGTT,NMP,CLADE_2
GTTAGACCATTGGATC,Allantois,CLADE_2
GTTAGACGTCTTGCTC,Forebrain/midbrain,CLADE_2
GTTAGTGAGGTCATCT,NMP,CLADE_2
GTTAGTGGTTCCTTGC,Primitive erythroid cells,CLADE_2
GTTAGTGTCAAACGTC,Primitive erythroid cells,CLADE_2
GTTAGTGTCATCGCAA,Primitive erythroid cells,CLADE_1
GTTAGTGTCCAAATGC,Hindbrain,CLADE_2
GTTAGTGTCGCTGACG,Hindbrain,CLADE_2
GTTAGTGTCTACCACC,Surface ectoderm,CLADE_1
GTTAGTGTCTGAGGTT,Primitive erythroid cells,CLADE_2
GTTATGGAGGATGGCT,Hindbrain,CLADE_2
GTTATGGCAAGAAATC,Forebrain/midbrain,CLADE_4
GTTATGGCATCCAACA,Lateral plate and intermediate mesoderm,CLADE_5
GTTATGGGTATCTCTT,Hindbrain,CLADE_2
GTTATGGGTCCGTTTC,Forebrain/midbrain,CLADE_2
GTTATGGGTCTGTAGT,Lateral plate and intermediate mesoderm,CLADE_3
GTTATGGGTTGGCTAT,Primitive erythroid cells,CLADE_2
GTTATGGTCATCACAG,Primitive erythroid cells,CLADE_2
GTTATGGTCGAGAGAC,Paraxial mesoderm,CLADE_2
GTTATGGTCTCCACTG,Lateral plate and intermediate mesoderm,CLADE_4
GTTCATTAGACCATGG,Forebrain/midbrain,CLADE_2
GTTCATTAGATGGCAC,Primitive erythroid cells,CLADE_2
GTTCATTAGCTAAACA,Primitive erythroid cells,CLADE_2
GTTCATTAGTTGTAAG,Gut endoderm,CLADE_2
GTTCATTCATCGAACT,Primitive erythroid cells,CLADE_2
GTTCATTGTGTGTTTG,Primitive erythroid cells,CLADE_2
GTTCATTGTTCCGTTC,Primitive erythroid cells,CLADE_2
GTTCATTTCACCTGGG,Forebrain/midbrain,CLADE_2
GTTCATTTCATTGTTC,Primitive erythroid cells,CLADE_6
GTTCCGTAGCATGATA,Primitive erythroid cells,CLADE_4
GTTCCGTAGCGTGTTT,Primitive erythroid cells,CLADE_2
GTTCCGTAGGTTACCT,Allantois,CLADE_4
GTTCCGTAGTCTCTGA,Amniotic ectoderm,CLADE_2
GTTCCGTCACTAACGT,Endothelium,CLADE_2
GTTCCGTGTCCTACGG,Primitive erythroid cells,CLADE_2
GTTCCGTGTGCATGAG,Cranial neural crest,CLADE_3
GTTCCGTTCCTGCTAC,Lateral plate and intermediate mesoderm,CLADE_1
GTTCCGTTCTCTCGCA,Endothelium,CLADE_2
GTTCGCTAGACTGGGT,Lateral plate and intermediate mesoderm,CLADE_3
GTTCGCTCAACAGAGC,Surface ectoderm,CLADE_2
GTTCGCTCACGACGCT,Cranial neural crest,CLADE_1
GTTCGCTCATCCGTGG,Forebrain/midbrain,CLADE_5
GTTCGCTCATTGAAGA,Forebrain/midbrain,CLADE_2
GTTCGCTGTAGAGATT,Primitive erythroid cells,CLADE_3
GTTCTATAGAACCGCA,Primitive erythroid cells,CLADE_2
GTTCTATAGCTATCCA,Hindbrain,CLADE_3
GTTCTATAGGCACTAG,Lateral plate and intermediate mesoderm,CLADE_2
GTTCTATAGGTCCCTG,Hindbrain,CLADE_2
GTTCTATAGTACTGGG,NMP,CLADE_1
GTTCTATCATCGGCCA,Forebrain/midbrain,CLADE_3
GTTCTATCATGGCTAT,Lateral plate and intermediate mesoderm,CLADE_2
GTTCTATGTGGTCTCG,Surface ectoderm,CLADE_2
GTTCTATGTTCGGTTA,Primitive erythroid cells,CLADE_2
GTTCTATTCGATTCCC,Cranial neural crest,CLADE_2
GTTCTATTCGGTCTAA,Allantois,CLADE_2
GTTGAACAGACTTGTC,Primitive erythroid cells,CLADE_2
GTTGAACAGAGAGGTA,Gut endoderm,CLADE_2
GTTGAACAGCATAGGC,Surface ectoderm,CLADE_2
GTTGAACCACCGGTCA,Cranial neural crest,CLADE_2
GTTGAACCACGGTGCT,Endothelium,CLADE_2
GTTGAACCAGAGCCCT,Primitive erythroid cells,CLADE_2
GTTGAACGTAATCAAG,Forebrain/midbrain,CLADE_2
GTTGAACGTCCGGTGT,Surface ectoderm,CLADE_5
GTTGAACGTTGCCATA,Surface ectoderm,CLADE_2
GTTGAACTCAAGGCTT,Hematoendothelial progenitors,CLADE_2
GTTGAACTCACCCTTG,Gut endoderm,CLADE_2
GTTGAACTCGGACCAC,Primitive erythroid cells,CLADE_2
GTTGAACTCGTACCTC,Forebrain/midbrain,CLADE_3
GTTGCGGAGAAGCTGC,Primitive erythroid cells,CLADE_4
GTTGCGGAGAGAACCC,Placodal area,CLADE_2
GTTGCGGAGCATGGGT,Surface ectoderm,CLADE_2
GTTGCGGGTGACGCCT,Endothelium,CLADE_2
GTTGCGGGTTAGCTAC,Primitive erythroid cells,CLADE_3
GTTGCGGTCATGTCTT,Amniotic ectoderm,CLADE_2
GTTGCTCAGTCAGCCC,Forebrain/midbrain,CLADE_4
GTTGCTCAGTCATCGT,NMP,CLADE_2
GTTGCTCAGTCATGGG,Cranial neural crest,CLADE_2
GTTGCTCTCCGAAATC,Primitive erythroid cells,CLADE_3
GTTGCTCTCTCTCTTC,Forebrain/midbrain,CLADE_2
GTTGTAGAGATCCCAT,Primitive erythroid cells,CLADE_2
GTTGTAGAGGTATTGA,Hindbrain,CLADE_2
GTTGTAGCACCTTCCA,Primitive erythroid cells,CLADE_2
GTTGTAGGTCCCAAAT,Endothelium,CLADE_2
GTTGTAGGTGGAGAAA,Primitive erythroid cells,CLADE_2
GTTGTAGGTTTCTATC,Endothelium,CLADE_2
GTTGTAGTCAGGTAAA,Lateral plate and intermediate mesoderm,CLADE_2
GTTGTAGTCGGAACTT,Primitive erythroid cells,CLADE_2
GTTGTCCAGGATCACG,Forebrain/midbrain,CLADE_5
GTTGTCCAGTTCACTG,Primitive erythroid cells,CLADE_2
GTTGTCCCAAGATCCT,Primitive erythroid cells,CLADE_4
GTTGTCCCACACACGC,Amniotic ectoderm,CLADE_2
GTTGTCCCACATGTTG,Surface ectoderm,CLADE_2
GTTGTCCCACGCTGTG,Placodal area,CLADE_2
GTTGTCCCACTCTCGT,Paraxial mesoderm,CLADE_2
GTTGTCCGTGGACCTC,Primitive erythroid cells,CLADE_2
GTTGTCCGTTGCAACT,Primitive erythroid cells,CLADE_2
GTTGTCCTCAGACAAA,Amniotic ectoderm,CLADE_2
GTTGTCCTCGGTATGT,Endothelium,CLADE_2
GTTGTCCTCTACTTCA,Primitive erythroid cells,CLADE_4
GTTGTGAAGAAACACT,Gut endoderm,CLADE_2
GTTGTGAAGAGTAACT,Forebrain/midbrain,CLADE_3
GTTGTGAAGGAATTAC,Primitive erythroid cells,CLADE_2
GTTGTGAAGTAAAGCT,Hindbrain,CLADE_2
GTTGTGAAGTGCTCAT,Primitive erythroid cells,CLADE_4
GTTGTGACACCTGTCT,Paraxial mesoderm,CLADE_2
GTTGTGACACTAACCA,Primitive erythroid cells,CLADE_4
GTTGTGACATTCGATG,Primitive erythroid cells,CLADE_2
GTTGTGACATTCTTCA,Endothelium,CLADE_2
GTTGTGAGTAGTAAGT,Gut endoderm,CLADE_5
GTTGTGAGTCGACGCT,Hindbrain,CLADE_2
GTTGTGATCAATGTCG,Primitive erythroid cells,CLADE_6
GTTGTGATCAGCACCG,Surface ectoderm,CLADE_2
GTTTACTAGAGTCCGA,NMP,CLADE_3
GTTTACTAGGCAATGC,NMP,CLADE_2
GTTTACTAGGCTGAAC,Paraxial mesoderm,CLADE_2
GTTTACTCAACCCTCT,Paraxial mesoderm,CLADE_2
GTTTACTCACAGCATT,Lateral plate and intermediate mesoderm,CLADE_5
GTTTACTCACCGGTCA,Primitive erythroid cells,CLADE_3
GTTTACTCAGTTTCGA,Primitive erythroid cells,CLADE_2
GTTTACTCATATCTCT,Paraxial mesoderm,CLADE_2
GTTTACTGTACAGGTG,Placodal area,CLADE_2
GTTTACTGTTTCTATC,Surface ectoderm,CLADE_2
GTTTACTTCATTGCCC,Paraxial mesoderm,CLADE_2
GTTTACTTCCGACAGC,Allantois,CLADE_2
GTTTACTTCGTTCCCA,NMP,CLADE_2
GTTTGGAAGAGCTGAC,Gut endoderm,CLADE_1
GTTTGGAAGGATGCGT,NMP,CLADE_2
GTTTGGAAGGCCTAAG,NMP,CLADE_2
GTTTGGACACATTGTG,Gut endoderm,CLADE_2
GTTTGGACACGATTCA,Surface ectoderm,CLADE_3
GTTTGGACATTCTGTT,Hematoendothelial progenitors,CLADE_2
GTTTGGAGTATTGAGA,Primitive erythroid cells,CLADE_2
GTTTGGAGTCGCTCGA,Primitive erythroid cells,CLADE_2
GTTTGGAGTGGTTCTA,Surface ectoderm,CLADE_2
GTTTGGATCATAAGGA,Surface ectoderm,CLADE_1
GTTTGGATCCTGCCAT,Hematoendothelial progenitors,CLADE_3
GTTTGGATCTCCTGAC,Hematoendothelial progenitors,CLADE_2
GTTTGGATCTCTCGCA,Hindbrain,CLADE_2
GTTTGGATCTTTCGAT,Lateral plate and intermediate mesoderm,CLADE_2
TAACACGAGAGATTCA,Second heart field,CLADE_5
TAACACGAGCGACATG,Primitive erythroid cells,CLADE_2
TAACACGAGGCGAACT,Primitive erythroid cells,CLADE_2
TAACACGCAGATTCGT,Primitive erythroid cells,CLADE_4
TAACACGCATACAGCT,Primitive erythroid cells,CLADE_3
TAACACGGTCCGTTTC,Primitive erythroid cells,CLADE_2
TAACACGGTTTACCTT,Lateral plate and intermediate mesoderm,CLADE_2
TAACACGTCAAATGCC,Lateral plate and intermediate mesoderm,CLADE_2
TAACACGTCCAACTGA,Hindbrain,CLADE_2
TAACACGTCCCGAGTG,Primitive erythroid cells,CLADE_3
TAACACGTCGGCATAT,Amniotic ectoderm,CLADE_2
TAACACGTCTGGGAGA,First heart field,CLADE_5
TAACCAGAGCGTTACT,Forebrain/midbrain,CLADE_2
TAACCAGAGGCGAACT,Primitive erythroid cells,CLADE_4
TAACCAGCACTGATTG,Endothelium,CLADE_2
TAACCAGTCAAGCGTT,Primitive erythroid cells,CLADE_2
TAACCAGTCCTCAGGG,NMP,CLADE_2
TAACCAGTCTGGCCTT,Hindbrain,CLADE_2
TAACGACAGAGTTCGG,Primitive erythroid cells,CLADE_2
TAACGACAGCCTCTGG,Hindbrain,CLADE_2
TAACGACCAACAAAGT,Primitive erythroid cells,CLADE_4
TAACGACCACCGTCTT,Forebrain/midbrain,CLADE_4
TAACGACCAGCTCTGG,Primitive erythroid cells,CLADE_2
TAACGACGTAGACTGG,Lateral plate and intermediate mesoderm,CLADE_2
TAACGACTCCGAGGCT,Amniotic ectoderm,CLADE_2
TAACGACTCGCGAAGA,Primitive erythroid cells,CLADE_2
TAACGACTCGCGATCG,Allantois,CLADE_3
TAACGACTCTATCGGA,Forebrain/midbrain,CLADE_2
TAACGACTCTCGACGG,Primitive erythroid cells,CLADE_2
TAACGACTCTGTCAGA,Primitive erythroid cells,CLADE_4
TAACTTCAGCGGGTTA,Surface ectoderm,CLADE_2
TAACTTCAGGAACGTC,Surface ectoderm,CLADE_5
TAACTTCAGTCACGAG,Lateral plate and intermediate mesoderm,CLADE_2
TAACTTCAGTCCCAAT,Paraxial mesoderm,CLADE_2
TAACTTCCAAAGCAAT,Cranial neural crest,CLADE_3
TAACTTCCAGAATTCC,First heart field,CLADE_2
TAACTTCCATTGACCA,Lateral plate and intermediate mesoderm,CLADE_2
TAACTTCGTACGATTC,Primitive erythroid cells,CLADE_2
TAACTTCGTGGTCCGT,Cranial neural crest,CLADE_2
TAACTTCGTTCCGGTG,Primitive erythroid cells,CLADE_2
TAACTTCTCACAATGC,Placodal area,CLADE_2
TAACTTCTCAGCAGAG,Forebrain/midbrain,CLADE_2
TAACTTCTCGTCGATA,Forebrain/midbrain,CLADE_2
TAAGCACAGGCCTTGC,Primitive erythroid cells,CLADE_2
TAAGCACAGGGTTAAT,Primitive erythroid cells,CLADE_2
TAAGCACAGTCAGGGT,Surface ectoderm,CLADE_2
TAAGCACAGTTCGCAT,Second heart field,CLADE_1
TAAGCACCAATTAGGA,Primitive erythroid cells,CLADE_4
TAAGCACCAGACGATG,Primitive erythroid cells,CLADE_3
TAAGCACCATCCTTCG,Gut endoderm,CLADE_2
TAAGCACGTGATGAAT,Primitive erythroid cells,CLADE_2
TAAGCACGTGCATTTG,Forebrain/midbrain,CLADE_2
TAAGCACGTGCCGGTT,Surface ectoderm,CLADE_2
TAAGCACTCGAGAGCA,Primitive erythroid cells,CLADE_2
TAAGCACTCGATTTCT,Primitive erythroid cells,CLADE_4
TAAGCACTCTGTCGCT,Primitive erythroid cells,CLADE_4
TAAGCCAAGACGGTCA,Endothelium,CLADE_1
TAAGCCAAGAGTTCGG,Lateral plate and intermediate mesoderm,CLADE_3
TAAGCCAAGATGGTAT,First heart field,CLADE_2
TAAGCCAAGCTCGACC,Allantois,CLADE_2
TAAGCCACACAAATCC,Surface ectoderm,CLADE_2
TAAGCCACACGGGTAA,Hindbrain,CLADE_3
TAAGCCACAGACCAAG,Cranial neural crest,CLADE_1
TAAGCCACAGGTTACT,Hindbrain,CLADE_2
TAAGCCAGTATTCCGA,Endothelium,CLADE_2
TAAGCCAGTGAGACGT,Primitive erythroid cells,CLADE_2
TAAGCCATCAGACAAA,NMP,CLADE_2
TAAGCCATCCTACACC,NMP,CLADE_4
TAAGCGTAGCCTGTCG,Cranial neural crest,CLADE_3
TAAGCGTAGCGTTAGG,Primitive erythroid cells,CLADE_2
TAAGCGTAGTTTGAGA,Primitive erythroid cells,CLADE_2
TAAGCGTCAAGTGATA,Gut endoderm,CLADE_2
TAAGCGTCAATGTTGC,NMP,CLADE_2
TAAGCGTCACATATGC,Primitive erythroid cells,CLADE_42
TAAGCGTCATTGCTTT,Primitive erythroid cells,CLADE_2
TAAGCGTGTCTCCCTA,Hindbrain,CLADE_3
TAAGCGTGTCTTGCGG,Primitive erythroid cells,CLADE_2
TAAGCGTTCTCTAGGA,Hematoendothelial progenitors,CLADE_2
TAAGTCGAGAGGGTGG,Forebrain/midbrain,CLADE_2
TAAGTCGAGGTGGCTA,Primitive erythroid cells,CLADE_2
TAAGTCGCAGCGTGCT,Cranial neural crest,CLADE_2
TAAGTCGCAGTCGCTG,Amniotic ectoderm,CLADE_2
TAAGTCGCATTCTTCA,Primitive erythroid cells,CLADE_2
TAAGTCGGTACAAACA,Gut endoderm,CLADE_2
TAAGTCGGTCGTACAT,Spinal cord,CLADE_2
TAAGTCGTCACCTGGG,Cranial neural crest,CLADE_2
TAAGTCGTCGCGTGCA,Primitive erythroid cells,CLADE_4
TAATCTCAGCATCCTA,Surface ectoderm,CLADE_2
TAATCTCCAATGAGCG,Gut endoderm,CLADE_2
TAATCTCCACACAGAG,Gut endoderm,CLADE_2
TAATCTCCAGTCAGCC,Primitive erythroid cells,CLADE_2
TAATCTCGTAGTGATA,Lateral plate and intermediate mesoderm,CLADE_2
TAATCTCGTGGACTAG,Cranial neural crest,CLADE_2
TAATCTCGTTAAGCAA,NMP,CLADE_2
TAATCTCTCCACGGGT,Gut endoderm,CLADE_2
TAATTCCAGAAGCTGC,First heart field,CLADE_2
TAATTCCAGAAGGATG,Hindbrain,CLADE_2
TAATTCCAGCTAGTTC,NMP,CLADE_3
TAATTCCAGCTATCCA,Allantois,CLADE_2
TAATTCCAGGTCCCGT,Primitive erythroid cells,CLADE_3
TAATTCCAGTCATCCA,Paraxial mesoderm,CLADE_2
TAATTCCAGTGGTGAC,Primitive erythroid cells,CLADE_3
TAATTCCGTGCAATGG,Primitive erythroid cells,CLADE_2
TAATTCCGTTTCAGAC,Cranial neural crest,CLADE_4
TAATTCCTCAAGAGGC,Surface ectoderm,CLADE_2
TAATTCCTCCTGTAAG,Placodal area,CLADE_2
TAATTCCTCTACGGGC,Hindbrain,CLADE_2
TAATTCCTCTATACTC,Primitive erythroid cells,CLADE_2
TACAACGAGCAATAGT,Primitive erythroid cells,CLADE_4
TACAACGAGCACCTGC,Forebrain/midbrain,CLADE_2
TACAACGAGCCTATTG,Hindbrain,CLADE_2
TACAACGAGCTGGCTC,Placodal area,CLADE_2
TACAACGAGTAGATCA,Primitive erythroid cells,CLADE_3
TACAACGCACGGGTAA,Lateral plate and intermediate mesoderm,CLADE_2
TACAACGCATGACTGT,Primitive erythroid cells,CLADE_2
TACAACGGTAAGGCCA,Surface ectoderm,CLADE_2
TACAACGGTACAGGTG,NMP,CLADE_4
TACAACGGTCACTTCC,Lateral plate and intermediate mesoderm,CLADE_2
TACAACGGTGGAACCA,Amniotic ectoderm,CLADE_2
TACAACGGTTGGGACA,Endothelium,CLADE_2
TACAACGTCAACCTCC,Surface ectoderm,CLADE_6
TACACCCAGGGAGATA,Surface ectoderm,CLADE_2
TACACCCAGGGATCTG,Surface ectoderm,CLADE_2
TACACCCCAAATGAGT,Cranial neural crest,CLADE_2
TACACCCCAATGCAGG,Surface ectoderm,CLADE_2
TACACCCCACCCTATC,Primitive erythroid cells,CLADE_2
TACACCCGTACTGCGC,First heart field,CLADE_1
TACACCCGTCCATCTC,Forebrain/midbrain,CLADE_2
TACACCCGTCTTGAAC,Lateral plate and intermediate mesoderm,CLADE_2
TACACCCGTGAGACGT,Primitive erythroid cells,CLADE_2
TACACCCGTTGTCAGT,Forebrain/midbrain,CLADE_2
TACACCCGTTTCCATT,Lateral plate and intermediate mesoderm,CLADE_2
TACACCCTCAGCGCAC,Paraxial mesoderm,CLADE_2
TACACCCTCCAAAGGG,Primitive erythroid cells,CLADE_3
TACACCCTCCCATTCG,Primitive erythroid cells,CLADE_2
TACACCCTCCGCCTAT,Primitive erythroid cells,CLADE_2
TACACCCTCTACTGAG,Lateral plate and intermediate mesoderm,CLADE_2
TACAGGTAGAGTTGAT,Surface ectoderm,CLADE_6
TACAGGTAGCATTTCG,Primitive erythroid cells,CLADE_3
TACAGGTAGCTGACAG,NMP,CLADE_2
TACAGGTAGGGCTTCC,NMP,CLADE_2
TACAGGTAGTATAGAC,Primitive erythroid cells,CLADE_3
TACAGGTAGTTCACTG,Forebrain/midbrain,CLADE_2
TACAGGTCAACACGTT,Primitive erythroid cells,CLADE_2
TACAGGTCAGCGTAGA,Hindbrain,CLADE_2
TACAGGTCATCTTAGG,Surface ectoderm,CLADE_2
TACAGGTGTATACAGA,Notochord,CLADE_2
TACAGGTGTGGGATTG,Spinal cord,CLADE_2
TACAGGTTCACCTCTG,Surface ectoderm,CLADE_2
TACAGGTTCCCATGGG,Forebrain/midbrain,CLADE_2
TACATTCAGCCGTCGT,Forebrain/midbrain,CLADE_2
TACATTCCAAGGCAAC,Primitive erythroid cells,CLADE_2
TACATTCCACTTCCTG,Primitive erythroid cells,CLADE_2
TACATTCCATGGAATA,Primitive erythroid cells,CLADE_2
TACATTCCATTGAAAG,Primitive erythroid cells,CLADE_2
TACATTCGTACAAGCG,Primitive erythroid cells,CLADE_2
TACATTCGTACAGTCT,Primitive erythroid cells,CLADE_2
TACATTCGTATCGCAT,Second heart field,CLADE_2
TACATTCGTCCTCATC,Lateral plate and intermediate mesoderm,CLADE_2
TACATTCGTGATCGTT,Primitive erythroid cells,CLADE_2
TACATTCGTTCTGAGT,Cranial neural crest,CLADE_2
TACATTCTCCGAACGC,Paraxial mesoderm,CLADE_2
TACATTCTCCGACATA,Primitive erythroid cells,CLADE_2
TACATTCTCTTACCGC,Primitive erythroid cells,CLADE_2
TACCCACAGCGTGTCC,Hematoendothelial progenitors,CLADE_2
TACCCACAGGCGAAGG,Amniotic ectoderm,CLADE_3
TACCCACAGGGCCAAT,Primitive erythroid cells,CLADE_2
TACCCACAGTTGGGAC,Primitive erythroid cells,CLADE_3
TACCCACGTAAGATAC,Hindbrain,CLADE_3
TACCCACGTGCAGATG,Lateral plate and intermediate mesoderm,CLADE_2
TACCCACGTGGAAGTC,Forebrain/midbrain,CLADE_2
TACCCACTCAGTCATG,Primitive erythroid cells,CLADE_2
TACCCACTCCCGAAAT,Surface ectoderm,CLADE_2
TACCCACTCCGTATGA,Hindbrain,CLADE_2
TACCCACTCCTAGCGG,Endothelium,CLADE_2
TACCCACTCGATTTCT,Amniotic ectoderm,CLADE_3
TACCCACTCTACTATC,NMP,CLADE_2
TACCCACTCTGTAAGC,Allantois,CLADE_2
TACCCGTAGAAATTCG,NMP,CLADE_2
TACCCGTAGGGCCTCT,Hindbrain,CLADE_2
TACCCGTCACAACGAG,Primitive erythroid cells,CLADE_2
TACCCGTCACACAGAG,Primitive erythroid cells,CLADE_2
TACCCGTCACACCGCA,Primitive erythroid cells,CLADE_2
TACCCGTCAGCGTTTA,Amniotic ectoderm,CLADE_5
TACCCGTCATCGGAGA,Primitive erythroid cells,CLADE_2
TACCCGTGTGTTATCG,Gut endoderm,CLADE_2
TACCCGTGTTACCTGA,Lateral plate and intermediate mesoderm,CLADE_1
TACCCGTGTTCGAGCC,Primitive erythroid cells,CLADE_2
TACCCGTGTTCTCTAT,Primitive erythroid cells,CLADE_2
TACCCGTTCAAAGCCT,Surface ectoderm,CLADE_1
TACCCGTTCAGAGCAG,Hindbrain,CLADE_2
TACCCGTTCTCGGGAC,Primitive erythroid cells,CLADE_2
TACCGAAAGACCTGGA,Forebrain/midbrain,CLADE_2
TACCGAAAGAGTGAAG,Forebrain/midbrain,CLADE_2
TACCGAAAGCGCCCAT,Placodal area,CLADE_3
TACCGAACAATCCAGT,Hindbrain,CLADE_2
TACCGAACACTCACTC,Primitive erythroid cells,CLADE_3
TACCGAACATCAGCGC,Placodal area,CLADE_6
TACCGAAGTCAGGAGT,Hindbrain,CLADE_3
TACCGAAGTCCAAAGG,NMP,CLADE_2
TACCGAAGTGTCTCCT,Cranial neural crest,CLADE_2
TACCGAATCATTACGG,Hindbrain,CLADE_2
TACCGAATCCAAGCTA,Amniotic ectoderm,CLADE_6
TACCGAATCTCATTTG,NMP,CLADE_1
TACCGGGCAAGGTTGG,Primitive erythroid cells,CLADE_4
TACCGGGCACGATTCA,Forebrain/midbrain,CLADE_2
TACCGGGTCATATGGC,Amniotic ectoderm,CLADE_1
TACCTCGAGAGCGACT,Primitive erythroid cells,CLADE_2
TACCTCGAGCAGCCTC,Forebrain/midbrain,CLADE_2
TACCTCGAGCAGCGAT,Paraxial mesoderm,CLADE_2
TACCTCGAGGATCACG,Cranial neural crest,CLADE_2
TACCTCGAGGCGAACT,Endothelium,CLADE_2
TACCTCGAGGTACTGG,Allantois,CLADE_2
TACCTCGCACCTATCC,Paraxial mesoderm,CLADE_2
TACCTCGCAGGCTCTG,Primitive erythroid cells,CLADE_2
TACCTCGGTGGAACCA,Primitive erythroid cells,CLADE_6
TACCTCGGTGGTTTAC,Primitive erythroid cells,CLADE_2
TACCTCGGTGTGTCCG,Hindbrain,CLADE_2
TACCTCGGTTTGGGAG,Primitive erythroid cells,CLADE_2
TACCTCGTCTAAACGC,Surface ectoderm,CLADE_2
TACCTCGTCTACCAGA,Primitive erythroid cells,CLADE_4
TACCTCGTCTTGGATG,Surface ectoderm,CLADE_6
TACCTCGTCTTGGGCG,Primitive erythroid cells,CLADE_2
TACCTGCAGCACGATG,Primitive erythroid cells,CLADE_1
TACCTGCAGCTGCCAC,Primitive erythroid cells,CLADE_4
TACCTGCAGGTCCCGT,Lateral plate and intermediate mesoderm,CLADE_2
TACCTGCAGTAAACAC,Paraxial mesoderm,CLADE_1
TACCTGCAGTAGCTCT,Forebrain/midbrain,CLADE_2
TACCTGCAGTTCATGC,Primitive erythroid cells,CLADE_2
TACCTGCCAAGAAATC,NMP,CLADE_2
TACCTGCCATACAGAA,Endothelium,CLADE_2
TACCTGCGTTACCCAA,Placodal area,CLADE_2
TACCTGCTCCTGGTCT,Endothelium,CLADE_2
TACGCTCAGCTCAGAG,Primitive erythroid cells,CLADE_2
TACGCTCAGGATTCAA,Surface ectoderm,CLADE_2
TACGCTCAGTTGAAGT,NMP,CLADE_2
TACGCTCCACATAGCT,Lateral plate and intermediate mesoderm,CLADE_2
TACGCTCCATGAAGCG,Lateral plate and intermediate mesoderm,CLADE_2
TACGCTCGTTATCCAG,Primitive erythroid cells,CLADE_2
TACGCTCTCCCTCGTA,Gut endoderm,CLADE_2
TACGCTCTCCGTATGA,Forebrain/midbrain,CLADE_2
TACGCTCTCCTTCACG,Lateral plate and intermediate mesoderm,CLADE_1
TACGGGCAGGTACAGC,Primitive erythroid cells,CLADE_2
TACGGGCCACGACAGA,Gut endoderm,CLADE_2
TACGGGCGTACACGTT,Primitive erythroid cells,CLADE_2
TACGGGCGTACGCTAT,Hindbrain,CLADE_2
TACGGGCGTAGGTACG,Primitive erythroid cells,CLADE_2
TACGGGCGTCGGTGAA,Primitive erythroid cells,CLADE_2
TACGGGCGTGTTCATG,Spinal cord,CLADE_1
TACGGGCGTTTGAACC,Primitive erythroid cells,CLADE_4
TACGGGCTCCGGGACT,Primitive erythroid cells,CLADE_2
TACGGGCTCGTAGCTA,Hindbrain,CLADE_1
TACGGGCTCTTGGCTC,Forebrain/midbrain,CLADE_2
TACGGTACAAATACAG,Primitive erythroid cells,CLADE_2
TACGGTACAACGCCCA,Primitive erythroid cells,CLADE_2
TACGGTACATACCACA,Paraxial mesoderm,CLADE_2
TACGGTACATGACTGT,Forebrain/midbrain,CLADE_2
TACGGTAGTAACAGTA,Hindbrain,CLADE_2
TACGGTAGTAGAGATT,Lateral plate and intermediate mesoderm,CLADE_3
TACGGTAGTCGCTTGG,Paraxial mesoderm,CLADE_2
TACGGTATCGTCGACG,Surface ectoderm,CLADE_2
TACGGTATCGTTCATT,Forebrain/midbrain,CLADE_2
TACGGTATCTCCAAGA,Forebrain/midbrain,CLADE_2
TACGTCCAGATGACAT,Hindbrain,CLADE_2
TACGTCCAGCGACTTT,Forebrain/midbrain,CLADE_2
TACGTCCAGGGTGAAA,Amniotic ectoderm,CLADE_6
TACGTCCTCCAACCGG,Primitive erythroid cells,CLADE_2
TACGTCCTCGAGATGG,Primitive erythroid cells,CLADE_2
TACTGCCAGCTGGAGT,Allantois,CLADE_2
TACTGCCAGTCACGAG,Lateral plate and intermediate mesoderm,CLADE_2
TACTGCCAGTTCTCTT,Primitive erythroid cells,CLADE_2
TACTGCCCAGAGTCAG,Surface ectoderm,CLADE_2
TACTGCCCAGATTTCG,Primitive erythroid cells,CLADE_2
TACTGCCCAGCTGAGA,Hindbrain,CLADE_3
TACTGCCCATTCAGGT,Primitive erythroid cells,CLADE_2
TACTGCCGTGTTCAGT,Primitive erythroid cells,CLADE_3
TACTGCCGTTGCCTAA,Second heart field,CLADE_3
TACTGCCTCAGCTGAT,Forebrain/midbrain,CLADE_2
TACTGCCTCCTGCTAC,NMP,CLADE_2
TACTGCCTCGAGAACG,Primitive erythroid cells,CLADE_2
TACTGCCTCGTAGGGA,Primitive erythroid cells,CLADE_2
TACTGCCTCTCTCGAC,Amniotic ectoderm,CLADE_3
TACTTACAGGAAAGAC,Gut endoderm,CLADE_2
TACTTACAGTGGAAGA,Primitive erythroid cells,CLADE_2
TACTTACCAATCTAGC,Endothelium,CLADE_2
TACTTACCACTCCTGT,Forebrain/midbrain,CLADE_2
TACTTACGTTAATCGC,Placodal area,CLADE_2
TACTTACTCGTTGTTT,Primitive erythroid cells,CLADE_2
TACTTCAAGCCATTGT,Hematoendothelial progenitors,CLADE_1
TACTTCACAAAGAGTT,Hindbrain,CLADE_2
TACTTCACAAATACAG,Primitive erythroid cells,CLADE_3
TACTTCACAGCTGAAG,Lateral plate and intermediate mesoderm,CLADE_2
TACTTCAGTCACTCAA,Endothelium,CLADE_2
TACTTCAGTCTAATCG,Hindbrain,CLADE_2
TACTTCATCTGGTCAA,Lateral plate and intermediate mesoderm,CLADE_2
TACTTGTAGCGCCTCA,Primitive erythroid cells,CLADE_2
TACTTGTAGGATTTAG,Lateral plate and intermediate mesoderm,CLADE_2
TACTTGTAGGTAGCCA,Primitive erythroid cells,CLADE_2
TACTTGTAGTGAGGCT,Forebrain/midbrain,CLADE_2
TACTTGTAGTGGCAGT,Forebrain/midbrain,CLADE_2
TACTTGTAGTTGCGAG,Primitive erythroid cells,CLADE_2
TACTTGTCAAGGAGTC,Paraxial mesoderm,CLADE_2
TACTTGTCACCGGAAA,Primitive erythroid cells,CLADE_2
TACTTGTGTAACATGA,Primitive erythroid cells,CLADE_2
TACTTGTGTAAGTTAG,Paraxial mesoderm,CLADE_2
TACTTGTGTTGCCGCA,Lateral plate and intermediate mesoderm,CLADE_2
TACTTGTTCAAGGAGC,Forebrain/midbrain,CLADE_3
TACTTGTTCGCAAGAG,Amniotic ectoderm,CLADE_5
TACTTGTTCGTTACCC,Paraxial mesoderm,CLADE_2
TAGACCAAGAAGGTAG,Lateral plate and intermediate mesoderm,CLADE_2
TAGACCAAGCACACCC,Primitive erythroid cells,CLADE_2
TAGACCACAAGCCATT,Primitive erythroid cells,CLADE_4
TAGACCACACGACGTC,Hematoendothelial progenitors,CLADE_4
TAGACCACAGCTGTAT,Primitive erythroid cells,CLADE_3
TAGACCACATAGGCGA,Surface ectoderm,CLADE_2
TAGACCATCCTATGGA,Primitive erythroid cells,CLADE_4
TAGACCATCCTGTACC,NMP,CLADE_2
TAGACCATCGGTGTAT,Primitive erythroid cells,CLADE_2
TAGACTGAGGCTAACG,Surface ectoderm,CLADE_2
TAGACTGAGTAAGACT,Cranial neural crest,CLADE_2
TAGACTGAGTCTAACC,Allantois,CLADE_2
TAGACTGCACTCCCTA,Lateral plate and intermediate mesoderm,CLADE_2
TAGACTGCAGATTTCG,Paraxial mesoderm,CLADE_3
TAGACTGCAGGGCTTC,Cranial neural crest,CLADE_2
TAGACTGGTCCTTGTC,Paraxial mesoderm,CLADE_2
TAGACTGGTTCGAGCC,Primitive erythroid cells,CLADE_2
TAGACTGTCCAATCCC,Forebrain/midbrain,CLADE_2
TAGACTGTCCTAAACG,Lateral plate and intermediate mesoderm,CLADE_2
TAGAGTCAGACTCTAC,Primitive erythroid cells,CLADE_2
TAGAGTCAGCGGTATG,First heart field,CLADE_2
TAGAGTCAGTGATGGC,Surface ectoderm,CLADE_2
TAGAGTCCAACACGAG,Primitive erythroid cells,CLADE_2
TAGAGTCCACTTGAGT,Primitive erythroid cells,CLADE_2
TAGAGTCCATAGAAAC,Forebrain/midbrain,CLADE_2
TAGAGTCCATGAGTAA,Primitive erythroid cells,CLADE_2
TAGAGTCGTCCCTAAA,Hindbrain,CLADE_2
TAGAGTCGTGACACAG,Second heart field,CLADE_1
TAGAGTCTCGGTCAGC,NMP,CLADE_2
TAGAGTCTCTCCGAGG,Forebrain/midbrain,CLADE_3
TAGATCGAGATGCGAC,Gut endoderm,CLADE_2
TAGATCGAGCTTCGTA,Lateral plate and intermediate mesoderm,CLADE_2
TAGATCGAGGGAGTGG,Allantois,CLADE_2
TAGATCGAGTCATACC,Hindbrain,CLADE_2
TAGATCGAGTGTACCT,Hindbrain,CLADE_2
TAGATCGCAGCTAACT,Hindbrain,CLADE_3
TAGATCGGTCTGTGAT,Endothelium,CLADE_2
TAGATCGGTTGCAAGG,Endothelium,CLADE_2
TAGATCGGTTGTGCAT,Lateral plate and intermediate mesoderm,CLADE_1
TAGATCGTCGAACACT,Hematoendothelial progenitors,CLADE_3
TAGCACAAGAGCCTGA,Surface ectoderm,CLADE_1
TAGCACAAGCTGCCTG,Primitive erythroid cells,CLADE_4
TAGCACAAGGAATGTT,Lateral plate and intermediate mesoderm,CLADE_2
TAGCACAAGGTTCCGC,Lateral plate and intermediate mesoderm,CLADE_3
TAGCACAAGGTTGCCC,Primitive erythroid cells,CLADE_3
TAGCACAAGTCTCCTC,Forebrain/midbrain,CLADE_3
TAGCACACAACGACAG,NMP,CLADE_2
TAGCACACACCGGAAA,Lateral plate and intermediate mesoderm,CLADE_3
TAGCACACATGGATCT,Primitive erythroid cells,CLADE_4
TAGCACAGTACAAGCG,Surface ectoderm,CLADE_2
TAGCACAGTCAAGGCA,Hindbrain,CLADE_3
TAGCACAGTGATGTAA,Hindbrain,CLADE_2
TAGCACATCGATTTCT,Gut endoderm,CLADE_2
TAGCACATCGCTCTCA,Primitive erythroid cells,CLADE_2
TAGCACATCTCTCTAA,Surface ectoderm,CLADE_3
TAGGAGGAGCGCATCC,NMP,CLADE_3
TAGGAGGAGCTGTGCC,Primitive erythroid cells,CLADE_2
TAGGAGGCACGAAGAC,Lateral plate and intermediate mesoderm,CLADE_2
TAGGAGGCAGTAACAA,Primitive erythroid cells,CLADE_4
TAGGAGGGTATCACGT,Cranial neural crest,CLADE_2
TAGGAGGGTGACCTGC,Hindbrain,CLADE_2
TAGGAGGTCGGACAAG,Primitive erythroid cells,CLADE_1
TAGGGTTAGAATGTTG,Primitive erythroid cells,CLADE_4
TAGGGTTAGGGCTGAT,Lateral plate and intermediate mesoderm,CLADE_1
TAGGGTTAGTCACTGT,Lateral plate and intermediate mesoderm,CLADE_2
TAGGGTTCAAGTGTCT,Primitive erythroid cells,CLADE_2
TAGGGTTCACACACTA,Lateral plate and intermediate mesoderm,CLADE_3
TAGGGTTCAGACACAG,Primitive erythroid cells,CLADE_2
TAGGGTTCATCATCTT,Paraxial mesoderm,CLADE_3
TAGGGTTGTAATTGGA,Endothelium,CLADE_2
TAGGGTTTCCGTGCGA,Hindbrain,CLADE_2
TAGGGTTTCCTGGCTT,Forebrain/midbrain,CLADE_1
TAGGGTTTCGGCAGTC,Primitive erythroid cells,CLADE_2
TAGGGTTTCTATCACT,Surface ectoderm,CLADE_2
TAGGTACAGACATGCG,Amniotic ectoderm,CLADE_2
TAGGTACAGAGCAACC,Lateral plate and intermediate mesoderm,CLADE_2
TAGGTACAGGCCCACT,Hindbrain,CLADE_2
TAGGTACCAACTTCTT,Primitive erythroid cells,CLADE_2
TAGGTACCAATCTCGA,Placodal area,CLADE_2
TAGGTACCACCTCAGG,Hindbrain,CLADE_4
TAGGTACCACTCCACT,Endothelium,CLADE_2
TAGGTACCAGTATACC,Primitive erythroid cells,CLADE_2
TAGGTACGTATAGGAT,NMP,CLADE_2
TAGGTACGTCCACTCT,Surface ectoderm,CLADE_2
TAGGTACGTCTACACA,Paraxial mesoderm,CLADE_2
TAGGTACGTGACACGA,Forebrain/midbrain,CLADE_2
TAGGTACGTGTGCTTA,Notochord,CLADE_2
TAGGTACTCCAATCCC,Lateral plate and intermediate mesoderm,CLADE_5
TAGGTACTCTTTCTAG,Cranial neural crest,CLADE_2
TAGGTTGCACAAATGA,Gut endoderm,CLADE_2
TAGGTTGCACTACAGT,Second heart field,CLADE_2
TAGGTTGCAGACGGAT,Surface ectoderm,CLADE_2
TAGGTTGCAGCTATTG,Surface ectoderm,CLADE_2
TAGGTTGGTACTTCCC,Endothelium,CLADE_2
TAGGTTGTCATCCCGT,Gut endoderm,CLADE_2
TAGGTTGTCCGCAACG,NMP,CLADE_3
TAGTGCAAGCGATGAC,Hindbrain,CLADE_2
TAGTGCAAGGAAAGGT,Primitive erythroid cells,CLADE_3
TAGTGCAAGGATAATC,Forebrain/midbrain,CLADE_2
TAGTGCAAGGGCGAGA,Lateral plate and intermediate mesoderm,CLADE_2
TAGTGCAAGTATTCCG,Lateral plate and intermediate mesoderm,CLADE_2
TAGTGCACATGGTGGA,Hindbrain,CLADE_2
TAGTGCACATGTAACC,NMP,CLADE_2
TAGTGCATCCGCGGAT,Surface ectoderm,CLADE_1
TAGTGCATCTACCTTA,Primitive erythroid cells,CLADE_4
TATACCTAGACATATG,Paraxial mesoderm,CLADE_2
TATACCTCAAGACAAT,Amniotic ectoderm,CLADE_2
TATACCTCAAGCCTGC,Lateral plate and intermediate mesoderm,CLADE_2
TATACCTCAATAGTAG,Primitive erythroid cells,CLADE_2
TATACCTCACTCCACT,Forebrain/midbrain,CLADE_2
TATACCTCAGGACGAT,Lateral plate and intermediate mesoderm,CLADE_2
TATACCTCATACTGAC,First heart field,CLADE_2
TATACCTGTTAATGAG,Forebrain/midbrain,CLADE_1
TATACCTTCGGAACTT,Primitive erythroid cells,CLADE_2
TATACCTTCTCGGGAC,Amniotic ectoderm,CLADE_2
TATACCTTCTTGCAAG,Forebrain/midbrain,CLADE_2
TATATCCAGCACTAGG,Amniotic ectoderm,CLADE_2
TATATCCAGCCATGCC,Primitive erythroid cells,CLADE_2
TATATCCAGCCTCCAG,Primitive erythroid cells,CLADE_3
TATATCCAGTAAGAGG,Forebrain/midbrain,CLADE_6
TATATCCCAACTTCTT,Lateral plate and intermediate mesoderm,CLADE_1
TATATCCCAAGAATAC,NMP,CLADE_2
TATATCCCAATTTCTC,Primitive erythroid cells,CLADE_4
TATATCCCACATGGTT,Primitive erythroid cells,CLADE_2
TATATCCGTTGTACGT,NMP,CLADE_2
TATATCCTCTATTCGT,Forebrain/midbrain,CLADE_2
TATCAGGAGAACTCCT,Primitive erythroid cells,CLADE_2
TATCAGGAGAAGTCTA,Primitive erythroid cells,CLADE_2
TATCAGGCAGTCGCAC,Hematoendothelial progenitors,CLADE_2
TATCAGGCATGCAGGA,Primitive erythroid cells,CLADE_2
TATCAGGCATTGTGCA,Primitive erythroid cells,CLADE_2
TATCAGGGTAACTGCT,Forebrain/midbrain,CLADE_2
TATCAGGGTAATGCTC,Hindbrain,CLADE_2
TATCAGGGTGAGGCAT,Lateral plate and intermediate mesoderm,CLADE_2
TATCAGGTCACATCAG,Primitive erythroid cells,CLADE_2
TATCAGGTCGACATCA,Hindbrain,CLADE_2
TATCCTAAGAGCAGAA,Primitive erythroid cells,CLADE_2
TATCCTAAGTGTGTTC,Lateral plate and intermediate mesoderm,CLADE_2
TATCCTACAGACCAGA,Endothelium,CLADE_2
TATCCTACATTGTAGC,Hematoendothelial progenitors,CLADE_2
TATCCTAGTCGAATGG,Primitive erythroid cells,CLADE_2
TATCCTAGTTACAGCT,Gut endoderm,CLADE_2
TATCCTAGTTTGGGTT,Primitive erythroid cells,CLADE_3
TATCCTATCGCTCCTA,Primitive erythroid cells,CLADE_4
TATCCTATCGTACCTC,First heart field,CLADE_2
TATCGCCAGAACTTCC,Lateral plate and intermediate mesoderm,CLADE_2
TATCGCCAGCACTCGC,Primitive erythroid cells,CLADE_2
TATCGCCAGGTGCAGT,Allantois,CLADE_2
TATCGCCAGTTCCAGT,Hindbrain,CLADE_2
TATCGCCCATACCAGT,Amniotic ectoderm,CLADE_2
TATCGCCGTGACCTGC,Allantois,CLADE_2
TATCGCCGTTCTCGTC,Hindbrain,CLADE_3
TATCGCCTCGCTGACG,Endothelium,CLADE_1
TATCGCCTCTACGGTA,Surface ectoderm,CLADE_2
TATCTGTCACAGAGAC,Primitive erythroid cells,CLADE_12
TATCTGTCACAGCTGC,Primitive erythroid cells,CLADE_2
TATCTGTCAGTGTGGA,Primitive erythroid cells,CLADE_2
TATCTGTGTGGTCTAT,Primitive erythroid cells,CLADE_2
TATCTGTGTGTTCAGT,Lateral plate and intermediate mesoderm,CLADE_2
TATCTGTTCTAGCAAC,Gut endoderm,CLADE_6
TATCTTGAGGTGATAT,Forebrain/midbrain,CLADE_2
TATCTTGCAAATACAG,Hindbrain,CLADE_2
TATCTTGCATCATTTC,Surface ectoderm,CLADE_2
TATCTTGGTAGGTGCA,Primitive erythroid cells,CLADE_2
TATCTTGGTCGCATCG,Forebrain/midbrain,CLADE_4
TATCTTGGTGACTCGC,Primitive erythroid cells,CLADE_2
TATCTTGGTGCTCTCT,Amniotic ectoderm,CLADE_2
TATCTTGGTGTGAGCA,Primitive erythroid cells,CLADE_2
TATCTTGGTTCTCACC,Primitive erythroid cells,CLADE_2
TATCTTGTCATGAGTC,Paraxial mesoderm,CLADE_2
TATCTTGTCATTCGGA,Primitive erythroid cells,CLADE_2
TATCTTGTCCACAAGT,Primitive erythroid cells,CLADE_2
TATCTTGTCCATTGCC,Surface ectoderm,CLADE_5
TATCTTGTCTCCGTGT,NMP,CLADE_2
TATGTTCAGAGTCTGG,Amniotic ectoderm,CLADE_2
TATGTTCAGTAGCTCT,Hindbrain,CLADE_2
TATGTTCAGTTCCGTA,Primitive erythroid cells,CLADE_2
TATGTTCCAACGATCT,Placodal area,CLADE_4
TATGTTCCAGACTCTA,Primitive erythroid cells,CLADE_4
TATGTTCCAGTTGGTT,Amniotic ectoderm,CLADE_2
TATGTTCCATTGGCAT,Forebrain/midbrain,CLADE_2
TATGTTCCATTGGGAG,Cranial neural crest,CLADE_2
TATGTTCGTCGTCAGC,Hindbrain,CLADE_2
TATGTTCGTGCGACAA,Primitive erythroid cells,CLADE_2
TATGTTCTCACTGTCC,Forebrain/midbrain,CLADE_4
TATGTTCTCCGTATAG,Hindbrain,CLADE_2
TATGTTCTCGTTCCTG,Endothelium,CLADE_3
TATGTTCTCTACACTT,Hindbrain,CLADE_2
TATTCCAAGCACTCCG,Forebrain/midbrain,CLADE_2
TATTCCAAGTGATGGC,Surface ectoderm,CLADE_5
TATTCCAGTACGATTC,Primitive erythroid cells,CLADE_2
TATTCCAGTGGCAACA,Gut endoderm,CLADE_2
TATTCCATCGATACGT,Primitive erythroid cells,CLADE_3
TATTCCATCGATGGAG,Surface ectoderm,CLADE_2
TATTCCATCGCAATTG,Primitive erythroid cells,CLADE_2
TATTGCTAGCACTCGC,Paraxial mesoderm,CLADE_2
TATTGCTAGCGCTTCG,Primitive erythroid cells,CLADE_2
TATTGCTAGGCTCACC,Primitive erythroid cells,CLADE_2
TATTGCTCACAAACGG,Lateral plate and intermediate mesoderm,CLADE_2
TATTGCTCACCCATAA,Hindbrain,CLADE_1
TATTGCTCATATCGGT,Paraxial mesoderm,CLADE_4
TATTGCTTCCGATCTC,Amniotic ectoderm,CLADE_3
TATTGCTTCTCTCTTC,Primitive erythroid cells,CLADE_2
TATTGGGAGTCTGTAC,Forebrain/midbrain,CLADE_2
TATTGGGCAACACAGG,Gut endoderm,CLADE_2
TATTGGGCAGCACACC,Placodal area,CLADE_2
TATTGGGCAGTATGAA,Hindbrain,CLADE_2
TATTGGGCATACTGAC,Primitive erythroid cells,CLADE_3
TATTGGGCATGACTAC,Primitive erythroid cells,CLADE_2
TATTGGGTCGACCATA,Primitive erythroid cells,CLADE_3
TATTGGGTCGAGTTGT,Endothelium,CLADE_2
TATTGGGTCTATCGTT,Primitive erythroid cells,CLADE_6
TATTGGGTCTCAATCT,Primitive erythroid cells,CLADE_2
TATTGGGTCTCCAATT,Primitive erythroid cells,CLADE_2
TATTTCGCAAATGGTA,Primitive erythroid cells,CLADE_3
TATTTCGCATCCGAGC,Primitive erythroid cells,CLADE_2
TATTTCGCATCCTTGC,Paraxial mesoderm,CLADE_2
TATTTCGGTCATCTAG,Primitive erythroid cells,CLADE_4
TATTTCGTCGACATCA,Lateral plate and intermediate mesoderm,CLADE_3
TATTTCGTCGCGGACT,NMP,CLADE_2
TATTTCGTCTGTTCAT,Allantois,CLADE_2
TCAAGACAGACCATTC,Endothelium,CLADE_3
TCAAGACAGATGAATC,Allantois,CLADE_2
TCAAGACAGCAATTAG,Hindbrain,CLADE_3
TCAAGACAGCAGGTCA,NMP,CLADE_3
TCAAGACCAAAGGCTG,Surface ectoderm,CLADE_3
TCAAGACCACAAATGA,Primitive erythroid cells,CLADE_2
TCAAGACGTACTGGGA,Forebrain/midbrain,CLADE_2
TCAAGACGTAGACAAT,Surface ectoderm,CLADE_2
TCAAGACGTTGGAGGT,Endothelium,CLADE_2
TCAAGCAAGAGGGTCT,Hindbrain,CLADE_2
TCAAGCACAAAGCTAA,Lateral plate and intermediate mesoderm,CLADE_2
TCAAGCACAACCAATC,Primitive erythroid cells,CLADE_2
TCAAGCACAGGACATG,Primitive erythroid cells,CLADE_2
TCAAGCACAGTATACC,Primitive erythroid cells,CLADE_2
TCAAGCAGTGAGCTCC,Second heart field,CLADE_2
TCAAGCATCAAAGCCT,Endothelium,CLADE_2
TCAAGCATCAGGTGTT,Cranial neural crest,CLADE_2
TCAAGCATCATTGTGG,Lateral plate and intermediate mesoderm,CLADE_2
TCAAGCATCGCTTGAA,Cranial neural crest,CLADE_5
TCAAGCATCGGCATAT,Paraxial mesoderm,CLADE_2
TCAAGTGAGACTAGAT,Paraxial mesoderm,CLADE_2
TCAAGTGAGCAAATCA,NMP,CLADE_2
TCAAGTGCAACCACAT,Paraxial mesoderm,CLADE_2
TCAAGTGCATCTCATT,Primitive erythroid cells,CLADE_2
TCAAGTGGTGGCTCTG,Primitive erythroid cells,CLADE_2
TCAAGTGTCACTTCTA,Forebrain/midbrain,CLADE_3
TCAAGTGTCCCAACTC,Paraxial mesoderm,CLADE_1
TCAAGTGTCGCTCTAC,Hindbrain,CLADE_2
TCAATCTAGAGTTGTA,Primitive erythroid cells,CLADE_2
TCAATCTAGGATGTTA,Forebrain/midbrain,CLADE_2
TCAATCTAGGGACCAT,Forebrain/midbrain,CLADE_2
TCAATCTAGTAGTCCT,Lateral plate and intermediate mesoderm,CLADE_2
TCAATCTCAAAGCTCT,Primitive erythroid cells,CLADE_2
TCAATCTCAAATGCTC,Lateral plate and intermediate mesoderm,CLADE_1
TCAATCTCAGATTCGT,Gut endoderm,CLADE_2
TCAATCTCAGCTGTGC,Surface ectoderm,CLADE_2
TCAATCTGTCGACGCT,Primordial germ cells,CLADE_2
TCAATCTGTGTTGACT,Lateral plate and intermediate mesoderm,CLADE_2
TCAATCTTCATCACAG,Lateral plate and intermediate mesoderm,CLADE_2
TCAATCTTCGTGTGAT,Lateral plate and intermediate mesoderm,CLADE_2
TCAATCTTCTTAGGAC,Forebrain/midbrain,CLADE_5
TCAATTCAGACAACTA,Primitive erythroid cells,CLADE_2
TCAATTCAGATGAACT,Surface ectoderm,CLADE_2
TCAATTCAGCCGATTT,Lateral plate and intermediate mesoderm,CLADE_4
TCAATTCAGCTTTCCC,Primitive erythroid cells,CLADE_4
TCAATTCAGTATGATG,Primitive erythroid cells,CLADE_2
TCAATTCCAGCCATTA,Hindbrain,CLADE_2
TCAATTCGTGTATTGC,Endothelium,CLADE_4
TCAATTCTCACAGAGG,Primitive erythroid cells,CLADE_2
TCAATTCTCCTGTAGA,Hematoendothelial progenitors,CLADE_2
TCACAAGAGACGGATC,Lateral plate and intermediate mesoderm,CLADE_2
TCACAAGAGGAGGTTC,Amniotic ectoderm,CLADE_2
TCACAAGAGTAAACTG,Allantois,CLADE_2
TCACAAGCAATTTCGG,Gut endoderm,CLADE_1
TCACAAGCACGAGGAT,Primitive erythroid cells,CLADE_2
TCACAAGCAGCTGTCG,Primitive erythroid cells,CLADE_2
TCACAAGCATGATCTG,Gut endoderm,CLADE_2
TCACAAGGTCCTGGTG,Surface ectoderm,CLADE_2
TCACAAGGTGGAACAC,Allantois,CLADE_2
TCACAAGGTGTTTACG,First heart field,CLADE_2
TCACAAGTCATTGGTG,Primitive erythroid cells,CLADE_2
TCACAAGTCGAGTGAG,Forebrain/midbrain,CLADE_2
TCACAAGTCGATCCCT,Paraxial mesoderm,CLADE_2
TCACAAGTCTAAGGAA,Primitive erythroid cells,CLADE_2
TCACAAGTCTGGGATT,Allantois,CLADE_2
TCACAAGTCTTCTGTA,Primitive erythroid cells,CLADE_4
TCACACCAGACAGCTG,Forebrain/midbrain,CLADE_2
TCACACCAGTCACTGT,NMP,CLADE_3
TCACACCCACATACGT,Primitive erythroid cells,CLADE_6
TCACACCCACTTCCTG,Hindbrain,CLADE_5
TCACACCCATTGAGGG,Primitive erythroid cells,CLADE_1
TCACACCGTACTGTTG,Hindbrain,CLADE_2
TCACACCGTGCCTGCA,Primitive erythroid cells,CLADE_2
TCACACCGTTGTAGCT,Surface ectoderm,CLADE_3
TCACACCGTTTCACAG,NMP,CLADE_3
TCACACCTCCTACACC,Forebrain/midbrain,CLADE_2
TCACACCTCTGCGGCA,Amniotic ectoderm,CLADE_2
TCACATTAGCAACTTC,Primitive erythroid cells,CLADE_4
TCACATTAGCACGTCC,Forebrain/midbrain,CLADE_2
TCACATTAGCAGCACA,Surface ectoderm,CLADE_2
TCACATTAGCTAGCCC,Amniotic ectoderm,CLADE_2
TCACATTCAAATAGCA,Primitive erythroid cells,CLADE_2
TCACATTCAACAAAGT,Endothelium,CLADE_2
TCACATTCAATTGAGA,First heart field,CLADE_2
TCACATTCACGATTCA,Gut endoderm,CLADE_2
TCACATTGTCTAGTGT,Endothelium,CLADE_2
TCACATTGTTGAAGTA,Hindbrain,CLADE_2
TCACATTTCCCATAAG,Primitive erythroid cells,CLADE_4
TCACGCTAGCATTTGC,Primitive erythroid cells,CLADE_2
TCACGCTAGCCTCCAG,Primitive erythroid cells,CLADE_2
TCACGCTCAGGTCTCG,Primitive erythroid cells,CLADE_2
TCACGCTGTGGTCTAT,Surface ectoderm,CLADE_2
TCACGCTTCAGTGGGA,Forebrain/midbrain,CLADE_2
TCACGCTTCATCTCTA,Surface ectoderm,CLADE_2
TCACGCTTCTAGGCAT,Primitive erythroid cells,CLADE_2
TCACGGGAGCTGCCAC,Primitive erythroid cells,CLADE_6
TCACGGGAGGCCACCT,Primitive erythroid cells,CLADE_2
TCACGGGAGGGAGGCA,Primitive erythroid cells,CLADE_2
TCACGGGCACGCTATA,Gut endoderm,CLADE_2
TCACGGGGTAACAGGC,Forebrain/midbrain,CLADE_6
TCACGGGGTCCTTAAG,Hindbrain,CLADE_2
TCACGGGGTTGATCGT,Gut endoderm,CLADE_2
TCACGGGTCCCTTTGG,Hindbrain,CLADE_2
TCACGGGTCCTCAGAA,Lateral plate and intermediate mesoderm,CLADE_46
TCACGGGTCGGTTCAA,Gut endoderm,CLADE_2
TCACGGGTCTCTCTTC,Second heart field,CLADE_5
TCACTATAGTCCCGGT,Surface ectoderm,CLADE_2
TCACTATCAACCCGCA,Surface ectoderm,CLADE_2
TCACTATCAATTGAGA,Primitive erythroid cells,CLADE_2
TCACTATCACCTGCAG,NMP,CLADE_2
TCACTATGTAGTTACC,Placodal area,CLADE_2
TCACTATGTGCCCGTA,Placodal area,CLADE_2
TCACTATGTTATGTCG,Primitive erythroid cells,CLADE_2
TCACTATTCCGAGAAG,Second heart field,CLADE_5
TCACTATTCCGCAGTG,Amniotic ectoderm,CLADE_2
TCACTATTCTACGGGC,Hindbrain,CLADE_2
TCACTCGCACTCATAG,Second heart field,CLADE_2
TCACTCGGTAGGAGGG,Paraxial mesoderm,CLADE_2
TCACTCGGTTCTAAGC,Hindbrain,CLADE_2
TCAGCAACAAATAAGC,Primitive erythroid cells,CLADE_4
TCAGCAACAACTCCAA,NMP,CLADE_2
TCAGCAACAGATCCAT,Forebrain/midbrain,CLADE_2
TCAGCAACAGCAAGAC,Primitive erythroid cells,CLADE_2
TCAGCAACAGGATTCT,Paraxial mesoderm,CLADE_2
TCAGCAATCCAATGCA,Primitive erythroid cells,CLADE_4
TCAGCAATCCTGTTGC,Gut endoderm,CLADE_2
TCAGCAATCGGCCTTT,Primitive erythroid cells,CLADE_2
TCAGCAATCGGTGAAG,NMP,CLADE_2
TCAGCCTAGACTCCGC,Paraxial mesoderm,CLADE_2
TCAGCCTAGAGTCTGG,Primitive erythroid cells,CLADE_4
TCAGCCTAGTATCTGC,Primitive erythroid cells,CLADE_2
TCAGCCTCAAGTGATA,Surface ectoderm,CLADE_2
TCAGCCTCAGCGACAA,Primitive erythroid cells,CLADE_2
TCAGCCTCAGGACAGT,Hindbrain,CLADE_2
TCAGCCTCATTGAGCT,Primitive erythroid cells,CLADE_2
TCAGCCTGTATGAGCG,Hindbrain,CLADE_2
TCAGCCTGTCACTAGT,Primitive erythroid cells,CLADE_2
TCAGCCTGTCTGTCCT,Paraxial mesoderm,CLADE_2
TCAGCCTGTGAGCTCC,Gut endoderm,CLADE_2
TCAGCCTGTGTTAACC,Forebrain/midbrain,CLADE_2
TCAGCCTGTTAATCGC,Primitive erythroid cells,CLADE_2
TCAGCCTTCAAGCTGT,Primitive erythroid cells,CLADE_2
TCAGCCTTCGCCTTTG,Primitive erythroid cells,CLADE_2
TCAGCCTTCTCTGGTC,Primitive erythroid cells,CLADE_2
TCAGCCTTCTTGGAAC,Primitive erythroid cells,CLADE_2
TCAGGGCAGATTCGAA,Spinal cord,CLADE_5
TCAGGGCAGGGCAATC,Primitive erythroid cells,CLADE_3
TCAGGGCCAACCGACC,NMP,CLADE_2
TCAGGGCCAATCGAAA,Hindbrain,CLADE_2
TCAGGGCGTCCATCTC,Forebrain/midbrain,CLADE_2
TCAGGGCGTCCGGCAT,Lateral plate and intermediate mesoderm,CLADE_2
TCAGGGCGTCGAGATG,NMP,CLADE_2
TCAGGGCGTGAGTGAC,Allantois,CLADE_1
TCAGGGCGTTTCAGAC,Primitive erythroid cells,CLADE_2
TCAGGGCTCATATGGC,Primitive erythroid cells,CLADE_2
TCAGGGCTCTATTGTC,Paraxial mesoderm,CLADE_2
TCAGGTAAGAAATTCG,Spinal cord,CLADE_2
TCAGGTAAGGCTTAGG,Primitive erythroid cells,CLADE_2
TCAGGTAAGTATGGAT,Hindbrain,CLADE_2
TCAGGTAAGTTGCTCA,Gut endoderm,CLADE_2
TCAGGTACAACGACTT,Gut endoderm,CLADE_2
TCAGGTACACTGTCGG,Hematoendothelial progenitors,CLADE_2
TCAGGTACAGTCGCTG,Forebrain/midbrain,CLADE_5
TCAGGTACATGACCCG,Endothelium,CLADE_2
TCAGGTAGTAGCCCTG,Primitive erythroid cells,CLADE_2
TCAGGTAGTCCTTGTC,Primitive erythroid cells,CLADE_2
TCAGGTAGTTTACGTG,Primitive erythroid cells,CLADE_2
TCAGGTATCAGCCTTC,Amniotic ectoderm,CLADE_2
TCAGGTATCTGCGTCT,Paraxial mesoderm,CLADE_2
TCAGTCCAGGTAGCCA,Surface ectoderm,CLADE_2
TCAGTCCAGGTCCGAA,Surface ectoderm,CLADE_2
TCAGTCCCAAAGTATG,NMP,CLADE_2
TCAGTCCCAACGACTT,Amniotic ectoderm,CLADE_3
TCAGTCCCAGGAACCA,Paraxial mesoderm,CLADE_2
TCAGTCCCATTGCTGA,Paraxial mesoderm,CLADE_2
TCAGTCCGTAACAAGT,Forebrain/midbrain,CLADE_2
TCAGTCCGTCACAGTT,Primitive erythroid cells,CLADE_2
TCAGTCCGTCTCCCTA,Allantois,CLADE_2
TCAGTCCTCACTACTT,Amniotic ectoderm,CLADE_2
TCAGTGAAGAGTCCGA,Surface ectoderm,CLADE_2
TCAGTGAAGATTGGGC,Hindbrain,CLADE_1
TCAGTGAAGGCACGAT,Paraxial mesoderm,CLADE_2
TCAGTGAAGTATGACA,Paraxial mesoderm,CLADE_2
TCAGTGACAAGTCCAT,Primitive erythroid cells,CLADE_2
TCAGTGACAGTAGGAC,Lateral plate and intermediate mesoderm,CLADE_4
TCAGTGACATGAGGGT,Paraxial mesoderm,CLADE_2
TCAGTGAGTAAGGAGA,Primitive erythroid cells,CLADE_2
TCAGTGAGTGATTAGA,Second heart field,CLADE_6
TCAGTGAGTTCCGGTG,Surface ectoderm,CLADE_3
TCAGTGAGTTGGACTT,Amniotic ectoderm,CLADE_3
TCAGTGATCACCCTCA,Lateral plate and intermediate mesoderm,CLADE_3
TCAGTGATCAGTGTGT,Forebrain/midbrain,CLADE_2
TCAGTGATCCTCACCA,Primitive erythroid cells,CLADE_3
TCAGTGATCGACCCAG,Forebrain/midbrain,CLADE_2
TCAGTGATCTACCTTA,Primitive erythroid cells,CLADE_2
TCAGTGATCTACGCAA,Endothelium,CLADE_2
TCAGTTTAGGGAGAAT,Primitive erythroid cells,CLADE_2
TCAGTTTAGGGCTGAT,Cranial neural crest,CLADE_2
TCAGTTTAGTCCGTCG,Lateral plate and intermediate mesoderm,CLADE_2
TCAGTTTCAAACGAGC,Primitive erythroid cells,CLADE_2
TCAGTTTCACCCTGAG,Lateral plate and intermediate mesoderm,CLADE_2
TCAGTTTCACGAAAGC,Primitive erythroid cells,CLADE_2
TCAGTTTGTACGTACT,Lateral plate and intermediate mesoderm,CLADE_2
TCAGTTTGTGAATTGA,Hindbrain,CLADE_2
TCAGTTTGTTGCGGCT,Primitive erythroid cells,CLADE_2
TCATACTAGAAGGATG,Primitive erythroid cells,CLADE_4
TCATACTAGAATCGAT,Hindbrain,CLADE_2
TCATACTAGATGCTTC,Lateral plate and intermediate mesoderm,CLADE_2
TCATACTAGTCGAATA,Lateral plate and intermediate mesoderm,CLADE_3
TCATACTCAAGCACAG,Lateral plate and intermediate mesoderm,CLADE_2
TCATACTCAGCCATTA,Forebrain/midbrain,CLADE_3
TCATACTCAGCTTCCT,Primitive erythroid cells,CLADE_4
TCATACTGTAAGATTG,Second heart field,CLADE_2
TCATACTGTAGCTAAA,Lateral plate and intermediate mesoderm,CLADE_1
TCATACTGTAGTCCTA,Forebrain/midbrain,CLADE_3
TCATACTGTAGTCTTG,Primitive erythroid cells,CLADE_2
TCATACTGTCCACTTC,Lateral plate and intermediate mesoderm,CLADE_6
TCATACTGTGCGCTCA,Forebrain/midbrain,CLADE_2
TCATACTGTTCTCTAT,Primitive erythroid cells,CLADE_4
TCATACTTCATTTGGG,Primitive erythroid cells,CLADE_1
TCATACTTCCACATAG,Surface ectoderm,CLADE_2
TCATATCAGAGTGAAG,Forebrain/midbrain,CLADE_2
TCATATCAGGAACGAA,Amniotic ectoderm,CLADE_2
TCATATCCAAGGCGTA,Primitive erythroid cells,CLADE_1
TCATATCCACGAAAGC,Lateral plate and intermediate mesoderm,CLADE_2
TCATATCCATTATGCG,Primitive erythroid cells,CLADE_2
TCATATCGTCTCAGGC,Primitive erythroid cells,CLADE_2
TCATATCTCTCAGTCC,Lateral plate and intermediate mesoderm,CLADE_2
TCATATCTCTGGACTA,Primitive erythroid cells,CLADE_6
TCATATCTCTGTCAGA,Forebrain/midbrain,CLADE_2
TCATCATAGAGCAACC,Surface ectoderm,CLADE_2
TCATCATCAAATGGTA,Hindbrain,CLADE_1
TCATCATCAACTCCCT,Endothelium,CLADE_2
TCATCATGTGACGCCT,Primitive erythroid cells,CLADE_2
TCATCATGTGGAACCA,Lateral plate and intermediate mesoderm,CLADE_2
TCATCATTCATTGTTC,Surface ectoderm,CLADE_2
TCATCATTCGGTGCAC,Amniotic ectoderm,CLADE_2
TCATCCGAGAGGGTCT,Primitive erythroid cells,CLADE_4
TCATCCGAGGAGGTTC,Lateral plate and intermediate mesoderm,CLADE_2
TCATCCGAGTATGGCG,Allantois,CLADE_2
TCATCCGCAATACCTG,Cranial neural crest,CLADE_2
TCATCCGCAATCGAAA,Lateral plate and intermediate mesoderm,CLADE_2
TCATCCGCACTCCGGA,Hindbrain,CLADE_2
TCATCCGCAGCTATTG,NMP,CLADE_3
TCATCCGCATCATCCC,Primitive erythroid cells,CLADE_2
TCATCCGGTGAGCCAA,Primitive erythroid cells,CLADE_2
TCATCCGTCATCACAG,Primitive erythroid cells,CLADE_2
TCATCCGTCCAGGACC,Hindbrain,CLADE_1
TCATCCGTCCGTATGA,Endothelium,CLADE_2
TCATGAGAGAGAGCAA,Gut endoderm,CLADE_2
TCATGAGAGGAGATAG,Hindbrain,CLADE_2
TCATGAGCACGTCTCT,Primitive erythroid cells,CLADE_5
TCATGAGCAGGCAATG,Primitive erythroid cells,CLADE_2
TCATGAGGTAAGTTAG,Lateral plate and intermediate mesoderm,CLADE_2
TCATGAGGTAGAGCTG,Surface ectoderm,CLADE_4
TCATGAGGTTGTTGAC,Surface ectoderm,CLADE_2
TCATGAGTCAACACGT,Forebrain/midbrain,CLADE_2
TCATGAGTCAGGACGA,Cranial neural crest,CLADE_4
TCATGAGTCCATGAGT,Hindbrain,CLADE_5
TCATGAGTCCCGAGTG,NMP,CLADE_2
TCATGAGTCCGAGGCT,Gut endoderm,CLADE_2
TCATGAGTCCGCACTT,Forebrain/midbrain,CLADE_2
TCATGAGTCCTCTCGA,Hindbrain,CLADE_2
TCATGCCAGACGGTTG,Forebrain/midbrain,CLADE_37
TCATGCCAGGGATCGT,Primitive erythroid cells,CLADE_3
TCATGCCAGTTGAAAC,Paraxial mesoderm,CLADE_2
TCATGCCCAAGAAACT,Spinal cord,CLADE_2
TCATGCCCACCTGATA,Primitive erythroid cells,CLADE_2
TCATGCCCATATACCG,Lateral plate and intermediate mesoderm,CLADE_34
TCATGCCGTACCCGCA,Primitive erythroid cells,CLADE_2
TCATGCCGTAGTAAGT,Forebrain/midbrain,CLADE_1
TCATGCCGTCTTGCTC,Primitive erythroid cells,CLADE_2
TCATGCCGTTCTCCTG,Endothelium,CLADE_2
TCATGCCTCAAGTTGC,Lateral plate and intermediate mesoderm,CLADE_2
TCATGCCTCGCTTAAG,Lateral plate and intermediate mesoderm,CLADE_3
TCATGCCTCTATCACT,Hindbrain,CLADE_2
TCATGCCTCTGAACGT,Lateral plate and intermediate mesoderm,CLADE_4
TCATGGAAGACAAGCC,Forebrain/midbrain,CLADE_2
TCATGGAAGGTCATTC,Surface ectoderm,CLADE_2
TCATGGAAGTACTCGT,Placodal area,CLADE_2
TCATGGAAGTATGTAG,Hematoendothelial progenitors,CLADE_2
TCATGGAAGTCTGCAT,Allantois,CLADE_3
TCATGGAAGTGTACCT,Spinal cord,CLADE_2
TCATGGACACTATGTG,Forebrain/midbrain,CLADE_2
TCATGGACATGGAACG,Hindbrain,CLADE_3
TCATGGACATGGTACT,Forebrain/midbrain,CLADE_2
TCATGGAGTACCCAGC,NMP,CLADE_2
TCATGGAGTACTGAGG,Hindbrain,CLADE_2
TCATGGAGTATGGAGC,Surface ectoderm,CLADE_2
TCATGGAGTGCATTTG,Primitive erythroid cells,CLADE_1
TCATGGAGTTAGGAGC,NMP,CLADE_2
TCATGGATCAACCTCC,Lateral plate and intermediate mesoderm,CLADE_2
TCATGGATCAGGAAGC,Forebrain/midbrain,CLADE_2
TCATGGATCGAGTTGT,First heart field,CLADE_2
TCATGGATCTGGAGAG,Primitive erythroid cells,CLADE_2
TCATGTTAGATCGACG,Lateral plate and intermediate mesoderm,CLADE_2
TCATGTTAGTGTAGTA,Primitive erythroid cells,CLADE_4
TCATGTTCAGATCATC,Cranial neural crest,CLADE_2
TCATGTTGTACGTTCA,Amniotic ectoderm,CLADE_2
TCATGTTGTAGGGAGG,Primitive erythroid cells,CLADE_6
TCATGTTGTGTTGACT,Second heart field,CLADE_2
TCATGTTTCGACATCA,Lateral plate and intermediate mesoderm,CLADE_2
TCATTACAGTAGTCTC,NMP,CLADE_2
TCATTACAGTCTGCGC,NMP,CLADE_2
TCATTACCACATGGTT,NMP,CLADE_2
TCATTACCAGGATCTT,Primitive erythroid cells,CLADE_1
TCATTACCAGTTGTTG,Placodal area,CLADE_2
TCATTACGTCTTCTAT,NMP,CLADE_2
TCATTACGTGAATTAG,Primitive erythroid cells,CLADE_2
TCATTACTCAACCTTT,Cranial neural crest,CLADE_2
TCATTACTCGGAGTGA,Cranial neural crest,CLADE_2
TCATTACTCGTGGCGT,Gut endoderm,CLADE_2
TCATTCAAGAGGACTC,Amniotic ectoderm,CLADE_2
TCATTCAAGGACGCAT,Forebrain/midbrain,CLADE_6
TCATTCACACTTGACA,Hindbrain,CLADE_5
TCATTCACAGCGCGTT,Primitive erythroid cells,CLADE_2
TCATTCACATGACCCG,Forebrain/midbrain,CLADE_2
TCATTCACATTCTTCA,Paraxial mesoderm,CLADE_5
TCATTCAGTCTTCGAA,Cranial neural crest,CLADE_2
TCATTCATCATTCATC,Cranial neural crest,CLADE_2
TCATTGTAGAATACAC,Primitive erythroid cells,CLADE_2
TCATTGTAGCACACCC,Forebrain/midbrain,CLADE_2
TCATTGTCACTGTCGG,Forebrain/midbrain,CLADE_2
TCATTGTCAGAACATA,Forebrain/midbrain,CLADE_2
TCATTGTCATCTGGGC,Paraxial mesoderm,CLADE_2
TCATTGTGTACGAGTG,Paraxial mesoderm,CLADE_2
TCATTGTGTCGGAACA,Primitive erythroid cells,CLADE_2
TCATTGTGTTTATGCG,Lateral plate and intermediate mesoderm,CLADE_2
TCATTGTTCCTGGCTT,Hindbrain,CLADE_2
TCATTGTTCCTGGTCT,Forebrain/midbrain,CLADE_2
TCATTTGAGCATAGGC,Lateral plate and intermediate mesoderm,CLADE_3
TCATTTGAGCATGAAT,Primitive erythroid cells,CLADE_2
TCATTTGAGCCAGACA,Primitive erythroid cells,CLADE_4
TCATTTGAGGTAGATT,Primitive erythroid cells,CLADE_2
TCATTTGAGGTAGTCG,NMP,CLADE_2
TCATTTGAGTGGACGT,Forebrain/midbrain,CLADE_2
TCATTTGCACAGCCAC,Primitive erythroid cells,CLADE_2
TCATTTGCAGTTGCGC,Surface ectoderm,CLADE_2
TCATTTGCATGTTACG,Paraxial mesoderm,CLADE_2
TCATTTGGTATTTCCT,NMP,CLADE_2
TCATTTGGTCTGCATA,Endothelium,CLADE_2
TCATTTGTCAGCGGAA,Primitive erythroid cells,CLADE_2
TCATTTGTCGGTGTAT,Gut endoderm,CLADE_2
TCATTTGTCGTCTAAG,Primitive erythroid cells,CLADE_2
TCCACCAAGTGTACCT,NMP,CLADE_1
TCCACCACAAATTGGA,Primitive erythroid cells,CLADE_3
TCCACCACAGCTATAC,Surface ectoderm,CLADE_2
TCCACCAGTGGACAGT,Primitive erythroid cells,CLADE_2
TCCACCATCACCATGA,Primitive erythroid cells,CLADE_2
TCCACCATCATCCCGT,Forebrain/midbrain,CLADE_5
TCCACCATCCCATAAG,Surface ectoderm,CLADE_2
TCCACCATCGCTACAA,Surface ectoderm,CLADE_4
TCCACCATCGGAATTC,NMP,CLADE_2
TCCACCATCGTCACCT,Hindbrain,CLADE_2
TCCACGTAGCCGATAG,NMP,CLADE_2
TCCACGTAGGTCACAG,Primitive erythroid cells,CLADE_2
TCCACGTAGTAATACG,Surface ectoderm,CLADE_2
TCCACGTCAAATTGCC,Second heart field,CLADE_2
TCCACGTCAACGACAG,Surface ectoderm,CLADE_2
TCCACGTCAAGTTCCA,Paraxial mesoderm,CLADE_2
TCCACGTCAGAAACCG,Primitive erythroid cells,CLADE_4
TCCACGTCAGCACAGA,Placodal area,CLADE_2
TCCACGTCAGCTCCTT,Lateral plate and intermediate mesoderm,CLADE_3
TCCACGTCATGTGGTT,Primitive erythroid cells,CLADE_2
TCCACGTTCACTTGTT,Primitive erythroid cells,CLADE_2
TCCACGTTCATTGTTC,Hindbrain,CLADE_2
TCCACGTTCTCGGGAC,Primitive erythroid cells,CLADE_2
TCCAGAAAGATTGCGG,Allantois,CLADE_2
TCCAGAAAGCGTGAGT,Surface ectoderm,CLADE_1
TCCAGAAAGCTCTATG,Forebrain/midbrain,CLADE_2
TCCAGAAAGGACGCAT,Primitive erythroid cells,CLADE_2
TCCAGAAAGGGACCAT,Forebrain/midbrain,CLADE_2
TCCAGAAAGTTATGGA,Hindbrain,CLADE_2
TCCAGAACAACGGCCT,Hindbrain,CLADE_2
TCCAGAACAGTGTACT,Lateral plate and intermediate mesoderm,CLADE_3
TCCAGAAGTAAGACCG,Primitive erythroid cells,CLADE_2
TCCAGAAGTACGAGTG,Primitive erythroid cells,CLADE_2
TCCAGAAGTCAAGGCA,First heart field,CLADE_2
TCCAGAAGTGTTAGCT,Primitive erythroid cells,CLADE_2
TCCAGAAGTTACACAC,Primitive erythroid cells,CLADE_2
TCCAGAATCCTCTCTT,First heart field,CLADE_37
TCCAGAATCGTGCTCT,Surface ectoderm,CLADE_2
TCCAGAATCTTACTGT,Forebrain/midbrain,CLADE_2
TCCATCGAGATGGGCT,Gut endoderm,CLADE_1
TCCATCGAGCCGAACA,Paraxial mesoderm,CLADE_3
TCCATCGAGTGCAAAT,Primitive erythroid cells,CLADE_6
TCCATCGAGTGCACCC,Surface ectoderm,CLADE_6
TCCATCGCAAGGTACG,Hindbrain,CLADE_2
TCCATCGGTACTCAAC,Hindbrain,CLADE_2
TCCATCGGTATACGGG,Endothelium,CLADE_2
TCCATCGGTATAGGAT,Primitive erythroid cells,CLADE_2
TCCATCGGTTAGAGAT,First heart field,CLADE_2
TCCATCGGTTCTCGCT,Endothelium,CLADE_3
TCCATGCAGAGGCGTT,Amniotic ectoderm,CLADE_2
TCCATGCAGCGTCAAG,Primitive erythroid cells,CLADE_2
TCCATGCAGTGCGTCC,Gut endoderm,CLADE_2
TCCATGCAGTTGCTGT,Primitive erythroid cells,CLADE_3
TCCATGCCAATTTCTC,Primitive erythroid cells,CLADE_2
TCCATGCCACCCTCTA,Lateral plate and intermediate mesoderm,CLADE_2
TCCATGCCACCTATCC,Primitive erythroid cells,CLADE_2
TCCATGCCAGGACGAT,Primitive erythroid cells,CLADE_4
TCCATGCGTTGAGAGC,Surface ectoderm,CLADE_2
TCCATGCTCTCCAATT,Gut endoderm,CLADE_2
TCCCACAAGACATGCG,Lateral plate and intermediate mesoderm,CLADE_2
TCCCACAAGCGTTAGG,Placodal area,CLADE_2
TCCCACAAGGATTACA,Lateral plate and intermediate mesoderm,CLADE_2
TCCCACAAGTCGCCCA,First heart field,CLADE_3
TCCCACACAACTCCCT,Primitive erythroid cells,CLADE_2
TCCCACACACAAGCTT,Primitive erythroid cells,CLADE_2
TCCCACACACACACTA,Surface ectoderm,CLADE_2
TCCCACACACTCCACT,Gut endoderm,CLADE_2
TCCCACACACTCTGCT,Forebrain/midbrain,CLADE_2
TCCCACACATTGAGCT,Allantois,CLADE_2
TCCCACAGTAGAATAC,First heart field,CLADE_6
TCCCAGTAGAAAGTCT,Forebrain/midbrain,CLADE_2
TCCCAGTCAACCAATC,Paraxial mesoderm,CLADE_2
TCCCAGTCACACTTAG,Primitive erythroid cells,CLADE_2
TCCCAGTCACTTCATT,Endothelium,CLADE_2
TCCCAGTGTTACCGTA,Lateral plate and intermediate mesoderm,CLADE_2
TCCCAGTTCCACGTAA,NMP,CLADE_2
TCCCAGTTCCTCACTG,Primitive erythroid cells,CLADE_2
TCCCAGTTCGAGGCAA,Surface ectoderm,CLADE_2
TCCCAGTTCGCAGTGC,Allantois,CLADE_2
TCCCATGAGAAGTCCG,Forebrain/midbrain,CLADE_2
TCCCATGAGGATCACG,Hindbrain,CLADE_2
TCCCATGAGTGTTCAC,Lateral plate and intermediate mesoderm,CLADE_2
TCCCATGCAATGCAAA,NMP,CLADE_2
TCCCATGCAGTTTCAG,Forebrain/midbrain,CLADE_2
TCCCATGGTCTCTCCA,Primitive erythroid cells,CLADE_2
TCCCATGGTGTGCTTA,Forebrain/midbrain,CLADE_2
TCCCATGGTTGTGGCC,NMP,CLADE_2
TCCGAAAAGACATAAC,Gut endoderm,CLADE_2
TCCGAAAAGCGTCTCG,Hindbrain,CLADE_2
TCCGAAAAGCTTCTAG,Forebrain/midbrain,CLADE_2
TCCGAAAAGTAGACAT,Surface ectoderm,CLADE_6
TCCGAAAAGTCGCTAT,Paraxial mesoderm,CLADE_2
TCCGAAAAGTTAGTAG,Amniotic ectoderm,CLADE_2
TCCGAAACACTGCTTC,Forebrain/midbrain,CLADE_2
TCCGAAACATTCATCT,Surface ectoderm,CLADE_2
TCCGAAAGTAAGCGGT,Surface ectoderm,CLADE_2
TCCGAAAGTACAGCGA,Primitive erythroid cells,CLADE_2
TCCGAAAGTCAAGTTC,Forebrain/midbrain,CLADE_2
TCCGAAAGTCGAGCAA,Paraxial mesoderm,CLADE_4
TCCGAAATCCTTCTTC,Lateral plate and intermediate mesoderm,CLADE_2
TCCGAAATCGCAGTTA,Surface ectoderm,CLADE_3
TCCGATCAGAATCCCT,Hindbrain,CLADE_2
TCCGATCAGACCATTC,Hindbrain,CLADE_2
TCCGATCAGGCCACCT,Surface ectoderm,CLADE_2
TCCGATCAGTCGGCAA,Primitive erythroid cells,CLADE_2
TCCGATCCAAGGACAC,Hematoendothelial progenitors,CLADE_2
TCCGATCCATGTTTGG,Primitive erythroid cells,CLADE_6
TCCGATCGTACGAGTG,Paraxial mesoderm,CLADE_2
TCCGATCGTCACCCTT,Hematoendothelial progenitors,CLADE_2
TCCGATCGTCACTCAA,Primitive erythroid cells,CLADE_2
TCCGATCGTCTCCCTA,Surface ectoderm,CLADE_5
TCCGATCTCAACACCA,Forebrain/midbrain,CLADE_2
TCCGATCTCAACTGGT,Forebrain/midbrain,CLADE_2
TCCGATCTCCTCAGAA,Endothelium,CLADE_5
TCCGATCTCTTGTTAC,Primitive erythroid cells,CLADE_4
TCCGATCTCTTTGCAT,Hindbrain,CLADE_2
TCCGGGAAGAGCACTG,NMP,CLADE_2
TCCGGGAAGCACTTTG,Forebrain/midbrain,CLADE_2
TCCGGGAAGTAGACCG,Primitive erythroid cells,CLADE_2
TCCGGGAAGTCTTGGT,Paraxial mesoderm,CLADE_2
TCCGGGACACCCTATC,Hindbrain,CLADE_3
TCCGGGACACTCAGAT,Forebrain/midbrain,CLADE_2
TCCGGGAGTCTGGTTA,NMP,CLADE_2
TCCGGGATCAGTCCGG,Gut endoderm,CLADE_2
TCCGGGATCCACGGAC,Primitive erythroid cells,CLADE_3
TCCGGGATCCCTGTTG,Second heart field,CLADE_5
TCCGGGATCGTTGTTT,Hindbrain,CLADE_2
TCCGGGATCTATCGTT,NMP,CLADE_2
TCCGTGTCAATACCCA,Endothelium,CLADE_2
TCCGTGTCACAGTCAT,First heart field,CLADE_38
TCCGTGTGTGTTTCTT,Hematoendothelial progenitors,CLADE_2
TCCGTGTTCCAAATGC,Lateral plate and intermediate mesoderm,CLADE_2
TCCGTGTTCGGCTTCT,Hindbrain,CLADE_2
TCCTAATAGCAATAAC,Primitive erythroid cells,CLADE_2
TCCTAATCACGACAAG,Amniotic ectoderm,CLADE_3
TCCTAATCACGGTAGA,Placodal area,CLADE_2
TCCTAATCATCAGTCA,Forebrain/midbrain,CLADE_2
TCCTAATCATGGAACG,Surface ectoderm,CLADE_3
TCCTAATGTAGTGTGG,Primitive erythroid cells,CLADE_2
TCCTAATTCGTGGCGT,Forebrain/midbrain,CLADE_1
TCCTCCCAGAGTGAAG,Gut endoderm,CLADE_2
TCCTCCCAGCACTTTG,Amniotic ectoderm,CLADE_5
TCCTCCCAGCGCCATC,Amniotic ectoderm,CLADE_2
TCCTCCCAGCGGGTAT,Primitive erythroid cells,CLADE_11
TCCTCCCAGGGCATGT,Lateral plate and intermediate mesoderm,CLADE_2
TCCTCCCCAATGCAGG,Forebrain/midbrain,CLADE_2
TCCTCCCCACGTACTA,Hematoendothelial progenitors,CLADE_2
TCCTCCCCACTACAGT,Placodal area,CLADE_2
TCCTCCCCATCCGTGG,Primitive erythroid cells,CLADE_2
TCCTCCCGTGTTAAAG,Forebrain/midbrain,CLADE_2
TCCTCCCGTTAAGACA,Primitive erythroid cells,CLADE_2
TCCTCCCGTTAGGCTT,Surface ectoderm,CLADE_5
TCCTCCCTCATCTCTA,Primitive erythroid cells,CLADE_3
TCCTCCCTCGTGCTCT,Surface ectoderm,CLADE_5
TCCTCCCTCTGTGCAA,Paraxial mesoderm,CLADE_2
TCCTCGAAGTCGTTAC,NMP,CLADE_2
TCCTCGAAGTTATGGA,Primitive erythroid cells,CLADE_2
TCCTCGAGTGGATTTC,Lateral plate and intermediate mesoderm,CLADE_2
TCCTCGAGTTGCTCAA,Surface ectoderm,CLADE_3
TCCTCGAGTTTGAACC,Notochord,CLADE_2
TCCTCGATCCTACGAA,Surface ectoderm,CLADE_2
TCCTCGATCGGCAGTC,Lateral plate and intermediate mesoderm,CLADE_1
TCCTCGATCTTTCTAG,Forebrain/midbrain,CLADE_2
TCCTCTTAGAGATGCC,Primitive erythroid cells,CLADE_2
TCCTCTTAGGAGCTGT,Endothelium,CLADE_1
TCCTCTTAGGGTACAC,Amniotic ectoderm,CLADE_3
TCCTCTTAGGTCACAG,Endothelium,CLADE_2
TCCTCTTAGTCAAGCG,Primitive erythroid cells,CLADE_3
TCCTCTTAGTGAGGCT,Cranial neural crest,CLADE_2
TCCTCTTCACCGGTCA,Surface ectoderm,CLADE_2
TCCTCTTCATCAACCA,NMP,CLADE_2
TCCTCTTCATCGAACT,Amniotic ectoderm,CLADE_3
TCCTCTTCATTCTCCG,Hindbrain,CLADE_2
TCCTCTTGTATCATGC,Gut endoderm,CLADE_2
TCCTCTTGTCGCAACC,Primitive erythroid cells,CLADE_2
TCCTCTTGTCTGTAAC,Cranial neural crest,CLADE_2
TCCTCTTGTGAGAACC,Primitive erythroid cells,CLADE_2
TCCTCTTGTTATTCCT,Primitive erythroid cells,CLADE_2
TCCTCTTGTTCTCCCA,Spinal cord,CLADE_2
TCCTCTTGTTTGTGGT,Paraxial mesoderm,CLADE_1
TCCTCTTTCACCTGGG,Lateral plate and intermediate mesoderm,CLADE_2
TCCTCTTTCACTGGTA,Hindbrain,CLADE_3
TCCTCTTTCATCGCAA,Paraxial mesoderm,CLADE_2
TCCTGCAAGATGCAGC,Forebrain/midbrain,CLADE_2
TCCTGCAAGCAAATGT,Hindbrain,CLADE_2
TCCTGCAAGCTCACTA,Primitive erythroid cells,CLADE_2
TCCTGCAAGTCCCAAT,Hindbrain,CLADE_2
TCCTGCACACATTACG,Primitive erythroid cells,CLADE_2
TCCTGCACACCCGTAG,Primitive erythroid cells,CLADE_4
TCCTGCATCACCTTAT,Primitive erythroid cells,CLADE_2
TCCTGCATCATGCATG,Primitive erythroid cells,CLADE_2
TCCTGCATCCTTTGAT,Lateral plate and intermediate mesoderm,CLADE_2
TCCTTCTAGAGGTGCT,NMP,CLADE_3
TCCTTCTAGCTGTACT,Lateral plate and intermediate mesoderm,CLADE_2
TCCTTCTAGTTACGTC,Paraxial mesoderm,CLADE_2
TCCTTCTCAATTGCGT,Endothelium,CLADE_4
TCCTTCTCAGTAACGG,Hematoendothelial progenitors,CLADE_2
TCCTTCTCATAGCACT,Primitive erythroid cells,CLADE_2
TCCTTCTGTACAACGG,Surface ectoderm,CLADE_5
TCCTTCTTCAAACCCA,Placodal area,CLADE_2
TCCTTCTTCACTTATC,Cranial neural crest,CLADE_3
TCCTTCTTCCGGCAAC,Hindbrain,CLADE_2
TCCTTCTTCGGAAACG,Forebrain/midbrain,CLADE_1
TCCTTTCAGCAACAAT,Allantois,CLADE_2
TCCTTTCAGCCGATCC,Amniotic ectoderm,CLADE_2
TCCTTTCAGGAATTAC,Hindbrain,CLADE_2
TCCTTTCAGTGCCGAA,Allantois,CLADE_4
TCCTTTCAGTGTGTTC,Hindbrain,CLADE_1
TCCTTTCCAATAGTGA,Amniotic ectoderm,CLADE_48
TCCTTTCCACCCTTGT,Surface ectoderm,CLADE_3
TCCTTTCGTATCGATC,Surface ectoderm,CLADE_2
TCCTTTCGTCCTTTGC,Paraxial mesoderm,CLADE_3
TCCTTTCGTCGACTGC,Gut endoderm,CLADE_2
TCCTTTCTCAAGCTTG,NMP,CLADE_2
TCCTTTCTCACTACGA,NMP,CLADE_2
TCCTTTCTCACTTTGT,Amniotic ectoderm,CLADE_6
TCCTTTCTCATGCCCT,Placodal area,CLADE_2
TCCTTTCTCGTTGCCT,Lateral plate and intermediate mesoderm,CLADE_2
TCGAACAAGCTCACTA,NMP,CLADE_2
TCGAACAAGGACTTCT,First heart field,CLADE_2
TCGAACAAGTGACCTT,Primitive erythroid cells,CLADE_1
TCGAACACAACCAGAG,Primitive erythroid cells,CLADE_2
TCGAACACACAAATCC,Primitive erythroid cells,CLADE_1
TCGAACACACGTACTA,Forebrain/midbrain,CLADE_6
TCGAACACAGAAATTG,Primitive erythroid cells,CLADE_3
TCGAACAGTCTAGATC,Surface ectoderm,CLADE_2
TCGAACATCAATCCGA,Endothelium,CLADE_6
TCGAACATCTAGCAAC,First heart field,CLADE_2
TCGAAGTAGAAACCAT,Hindbrain,CLADE_2
TCGAAGTAGATGGCGT,Gut endoderm,CLADE_2
TCGAAGTAGGGATCTG,First heart field,CLADE_2
TCGAAGTAGTGCAACG,Primitive erythroid cells,CLADE_2
TCGAAGTTCGATCCCT,Paraxial mesoderm,CLADE_2
TCGACCTAGAACTTCC,Primitive erythroid cells,CLADE_2
TCGACCTAGATTAGCA,Gut endoderm,CLADE_2
TCGACCTAGCGTCAAG,Surface ectoderm,CLADE_2
TCGACCTAGTCGGGAT,NMP,CLADE_2
TCGACCTAGTTCCGGC,Endothelium,CLADE_2
TCGACCTAGTTGAATG,Forebrain/midbrain,CLADE_2
TCGACCTCAGCTGTCG,Primitive erythroid cells,CLADE_2
TCGACCTCATCGTTCC,Primitive erythroid cells,CLADE_2
TCGACCTGTCACTCAA,Lateral plate and intermediate mesoderm,CLADE_2
TCGACCTGTCGATTCA,Placodal area,CLADE_2
TCGACCTGTCTTGCGG,Hematoendothelial progenitors,CLADE_2
TCGACCTGTGTCCCTT,Hindbrain,CLADE_2
TCGACCTGTTTGAACC,Surface ectoderm,CLADE_2
TCGACCTTCTATCCAT,Lateral plate and intermediate mesoderm,CLADE_2
TCGACCTTCTCACCCA,NMP,CLADE_2
TCGACGGAGTAAACGT,Primitive erythroid cells,CLADE_4
TCGACGGCACCAAATC,Forebrain/midbrain,CLADE_2
TCGACGGCACCCTCTA,Hindbrain,CLADE_2
TCGACGGCAGCGTATT,Lateral plate and intermediate mesoderm,CLADE_2
TCGACGGCAGCTGGTC,Hindbrain,CLADE_2
TCGACGGCAGGTTCAT,Paraxial mesoderm,CLADE_2
TCGACGGCAGTCTCTC,Lateral plate and intermediate mesoderm,CLADE_2
TCGACGGGTAAGGTCG,Primitive erythroid cells,CLADE_4
TCGACGGGTCGCATCG,Surface ectoderm,CLADE_2
TCGACGGGTTATGTGC,Gut endoderm,CLADE_2
TCGACGGGTTCGGTTA,Primitive erythroid cells,CLADE_2
TCGACGGTCGGTCACG,Primitive erythroid cells,CLADE_2
TCGACGGTCGTCTCAC,Primitive erythroid cells,CLADE_2
TCGACGGTCGTGTGAT,Spinal cord,CLADE_2
TCGACGGTCTAGAGCT,Gut endoderm,CLADE_3
TCGATTTAGACAGCTG,Hindbrain,CLADE_2
TCGATTTAGCGTTAGG,Primitive erythroid cells,CLADE_3
TCGATTTAGGCATCAG,Forebrain/midbrain,CLADE_10
TCGATTTGTACTGGGA,Forebrain/midbrain,CLADE_2
TCGATTTGTCTTCCGT,Hindbrain,CLADE_6
TCGATTTGTGTACATC,Primitive erythroid cells,CLADE_2
TCGATTTTCCGGACTG,Primitive erythroid cells,CLADE_2
TCGATTTTCGTCTCAC,Cranial neural crest,CLADE_2
TCGCACTAGCAATAGT,Forebrain/midbrain,CLADE_2
TCGCACTAGGAAACGA,Primitive erythroid cells,CLADE_2
TCGCACTAGGTCTACT,NMP,CLADE_2
TCGCACTCACAACATC,Surface ectoderm,CLADE_4
TCGCACTCACAACGAG,Endothelium,CLADE_6
TCGCACTCAGACCATT,Surface ectoderm,CLADE_2
TCGCACTCAGCGTAGA,Primitive erythroid cells,CLADE_2
TCGCACTGTACCCAGC,Lateral plate and intermediate mesoderm,CLADE_2
TCGCACTGTAGCGTCC,Primitive erythroid cells,CLADE_3
TCGCACTGTGACACGA,Paraxial mesoderm,CLADE_3
TCGCACTGTTGCTTGA,Primitive erythroid cells,CLADE_2
TCGCACTTCACGATCA,Primitive erythroid cells,CLADE_4
TCGCACTTCATGCGGC,Primitive erythroid cells,CLADE_2
TCGCACTTCGTGCTCT,NMP,CLADE_2
TCGCAGGAGAACAAGG,Second heart field,CLADE_3
TCGCAGGAGACATAAC,Surface ectoderm,CLADE_2
TCGCAGGAGATGCTAA,Primitive erythroid cells,CLADE_2
TCGCAGGAGGCCTAAG,Paraxial mesoderm,CLADE_1
TCGCAGGAGTAAACGT,Surface ectoderm,CLADE_2
TCGCAGGAGTGATAGT,Hindbrain,CLADE_3
TCGCAGGCACAAGCCC,Lateral plate and intermediate mesoderm,CLADE_2
TCGCAGGCACGAAAGC,Surface ectoderm,CLADE_2
TCGCAGGCATCGTGCG,Primitive erythroid cells,CLADE_2
TCGCAGGCATCTTAGG,Lateral plate and intermediate mesoderm,CLADE_1
TCGCAGGGTAATGCTC,Primitive erythroid cells,CLADE_2
TCGCAGGGTCTGTAGT,Forebrain/midbrain,CLADE_2
TCGCAGGGTGACGTCC,Forebrain/midbrain,CLADE_4
TCGCAGGGTGTCATTG,Primitive erythroid cells,CLADE_2
TCGCAGGTCACGGAGA,Primitive erythroid cells,CLADE_2
TCGCAGGTCTTCCCGA,Hindbrain,CLADE_2
TCGCTCACAACGACTT,Forebrain/midbrain,CLADE_2
TCGCTCACACACACTA,Paraxial mesoderm,CLADE_2
TCGCTCACACACCGAC,Gut endoderm,CLADE_2
TCGCTCACACACCTAA,Primitive erythroid cells,CLADE_4
TCGCTCACAGCAGGAT,Lateral plate and intermediate mesoderm,CLADE_2
TCGCTCACATGAAGGC,Primitive erythroid cells,CLADE_5
TCGCTCAGTAGGAAAG,Second heart field,CLADE_3
TCGCTCAGTATGAGGC,Primitive erythroid cells,CLADE_2
TCGCTCAGTGCCCTTT,Hematoendothelial progenitors,CLADE_4
TCGCTCATCCATCTCG,Lateral plate and intermediate mesoderm,CLADE_2
TCGCTCATCGGTTCAA,Forebrain/midbrain,CLADE_2
TCGCTCATCTAGAGCT,Gut endoderm,CLADE_2
TCGCTTGAGCCAACCC,Surface ectoderm,CLADE_3
TCGCTTGAGGAATTAC,Amniotic ectoderm,CLADE_2
TCGCTTGAGTGCAACG,Primitive erythroid cells,CLADE_2
TCGCTTGGTCAGACGA,Amniotic ectoderm,CLADE_2
TCGCTTGGTTCTATCT,Endothelium,CLADE_2
TCGCTTGTCAATCTTC,Hindbrain,CLADE_2
TCGCTTGTCCATCGTC,Hindbrain,CLADE_2
TCGCTTGTCGTACACA,Primitive erythroid cells,CLADE_1
TCGGATAAGAACAAGG,Hindbrain,CLADE_2
TCGGATAAGACAAGCC,Lateral plate and intermediate mesoderm,CLADE_2
TCGGATAAGACGATAT,Surface ectoderm,CLADE_2
TCGGATAAGAGAGTGA,Lateral plate and intermediate mesoderm,CLADE_2
TCGGATAAGCACTAAA,NMP,CLADE_2
TCGGATACAGTATACC,NMP,CLADE_2
TCGGATAGTCAACGCC,Hematoendothelial progenitors,CLADE_2
TCGGATAGTGTCATTG,Primordial germ cells,CLADE_4
TCGGATATCATCACTT,Forebrain/midbrain,CLADE_2
TCGGATATCCCGTGAG,Lateral plate and intermediate mesoderm,CLADE_2
TCGGATATCGGCATCG,Primitive erythroid cells,CLADE_3
TCGGATATCTGAATCG,Lateral plate and intermediate mesoderm,CLADE_1
TCGGGACCAAACGTGG,NMP,CLADE_2
TCGGGACCAACCACAT,Allantois,CLADE_2
TCGGGACCAATCAAGA,Allantois,CLADE_2
TCGGGACCATCCTTGC,Primitive erythroid cells,CLADE_3
TCGGGACGTAACAGTA,Hindbrain,CLADE_2
TCGGGACGTACAGAAT,First heart field,CLADE_4
TCGGGACGTCTGCGCA,Cranial neural crest,CLADE_2
TCGGGACGTGACACGA,Paraxial mesoderm,CLADE_4
TCGGGACGTTAGAGAT,Allantois,CLADE_3
TCGGGACGTTGAGGAC,Surface ectoderm,CLADE_2
TCGGGACTCAAGCCTA,NMP,CLADE_3
TCGGGACTCACTTTGT,NMP,CLADE_2
TCGGGACTCCATCTGC,Surface ectoderm,CLADE_3
TCGGGACTCCGACAGC,Primitive erythroid cells,CLADE_4
TCGGGACTCGAGTGAG,Lateral plate and intermediate mesoderm,CLADE_4
TCGGGACTCTCTATAC,Hematoendothelial progenitors,CLADE_3
TCGGGACTCTTGAGCA,Primitive erythroid cells,CLADE_2
TCGGGCAAGCCTGACC,NMP,CLADE_2
TCGGGCAAGGCTGTAG,Hematoendothelial progenitors,CLADE_2
TCGGGCAAGTCTAGCT,Notochord,CLADE_2
TCGGGCACAGCGGTTC,Allantois,CLADE_2
TCGGGCACATGTTCAG,Primitive erythroid cells,CLADE_2
TCGGGCAGTAAGCTCT,Primitive erythroid cells,CLADE_2
TCGGGCAGTATGGAGC,First heart field,CLADE_2
TCGGGCAGTGCATTAC,Hematoendothelial progenitors,CLADE_4
TCGGGCATCATCGCAA,Primitive erythroid cells,CLADE_2
TCGGGCATCCCGTAAA,Primitive erythroid cells,CLADE_2
TCGGGTGAGCTGAGTG,Allantois,CLADE_2
TCGGGTGAGGTGCTAG,Paraxial mesoderm,CLADE_2
TCGGGTGAGTCACGAG,Primitive erythroid cells,CLADE_4
TCGGGTGAGTTGAAAC,Lateral plate and intermediate mesoderm,CLADE_2
TCGGGTGCAACACAAA,Primitive erythroid cells,CLADE_2
TCGGGTGCAAGAAATC,Paraxial mesoderm,CLADE_2
TCGGGTGCAGCTGTTA,NMP,CLADE_2
TCGGGTGCAGTTGGTT,Cranial neural crest,CLADE_2
TCGGGTGCATCAGTGT,Forebrain/midbrain,CLADE_2
TCGGGTGCATGCCGCA,Spinal cord,CLADE_2
TCGGGTGGTCAGTCCG,Endothelium,CLADE_2
TCGGGTGGTCCAGAAG,Primitive erythroid cells,CLADE_2
TCGGGTGGTCCGGTGT,Amniotic ectoderm,CLADE_2
TCGGTCTAGACAACTA,Paraxial mesoderm,CLADE_2
TCGGTCTAGACTCCGC,Primitive erythroid cells,CLADE_2
TCGGTCTCACGCAAAG,Lateral plate and intermediate mesoderm,CLADE_2
TCGGTCTCAGGGCTTC,Forebrain/midbrain,CLADE_1
TCGGTCTGTCAGTCCG,Gut endoderm,CLADE_2
TCGGTCTGTGCTAGCC,Hematoendothelial progenitors,CLADE_2
TCGGTCTGTTAAGCAA,Paraxial mesoderm,CLADE_2
TCGGTCTGTTATAGAG,Primitive erythroid cells,CLADE_2
TCGTAGAAGATCGGTG,Primitive erythroid cells,CLADE_2
TCGTAGACACCATATG,Lateral plate and intermediate mesoderm,CLADE_2
TCGTAGACAGACGGAT,Primitive erythroid cells,CLADE_2
TCGTAGACAGTTAAAG,Surface ectoderm,CLADE_5
TCGTAGAGTCGCGGTT,Placodal area,CLADE_6
TCGTAGAGTGCAATGG,Allantois,CLADE_4
TCGTAGATCCCGTTGT,Forebrain/midbrain,CLADE_3
TCGTAGATCGTCCATC,Cranial neural crest,CLADE_2
TCGTAGATCGTTTACT,Primitive erythroid cells,CLADE_2
TCGTAGATCTCCAAGA,Primitive erythroid cells,CLADE_1
TCGTAGATCTCTGCCA,NMP,CLADE_2
TCGTCCAAGATTAGCA,Hindbrain,CLADE_2
TCGTCCAAGCAAATGT,Primitive erythroid cells,CLADE_2
TCGTCCAAGCATAGGC,Primitive erythroid cells,CLADE_4
TCGTCCAGTCGTCGGT,Hindbrain,CLADE_1
TCGTCCATCGACGCGT,Primitive erythroid cells,CLADE_2
TCGTGCTCACGGTAGA,Primitive erythroid cells,CLADE_3
TCGTGCTCAGTCGCTG,NMP,CLADE_2
TCGTGCTGTACCCGCA,Lateral plate and intermediate mesoderm,CLADE_2
TCGTGCTGTGCACATT,Primitive erythroid cells,CLADE_2
TCGTGGGAGAACAAGG,Paraxial mesoderm,CLADE_2
TCGTGGGAGGGAGGGT,NMP,CLADE_2
TCGTGGGCAATGTGGG,Primitive erythroid cells,CLADE_2
TCGTGGGCACACGTGC,Forebrain/midbrain,CLADE_1
TCGTGGGCACTTACAG,Surface ectoderm,CLADE_1
TCGTGGGGTAAGATCA,Lateral plate and intermediate mesoderm,CLADE_2
TCGTGGGGTCCGATCG,Paraxial mesoderm,CLADE_3
TCGTGGGGTCCGGACT,Endothelium,CLADE_2
TCGTGGGTCCCACAGG,Lateral plate and intermediate mesoderm,CLADE_3
TCGTGGGTCGGCTGAC,Lateral plate and intermediate mesoderm,CLADE_2
TCGTGGGTCTCTCTTC,Notochord,CLADE_2
TCTAACTAGAATCGAT,Forebrain/midbrain,CLADE_3
TCTAACTAGCCGCTTG,NMP,CLADE_2
TCTAACTAGCGCATCC,Primitive erythroid cells,CLADE_4
TCTAACTAGGAGAATG,Paraxial mesoderm,CLADE_2
TCTAACTAGTGCTAGG,Hematoendothelial progenitors,CLADE_2
TCTAACTCAAGACTGG,NMP,CLADE_2
TCTAACTCATGACAAA,Primitive erythroid cells,CLADE_2
TCTAACTCATGGCCCA,First heart field,CLADE_4
TCTAACTGTACAGAGC,Amniotic ectoderm,CLADE_2
TCTAACTGTAGCCAGA,Paraxial mesoderm,CLADE_2
TCTAACTGTAGCGTTT,Primitive erythroid cells,CLADE_2
TCTAACTGTCTACACA,NMP,CLADE_4
TCTAACTTCCATAGAC,Forebrain/midbrain,CLADE_2
TCTAACTTCCATCCGT,Paraxial mesoderm,CLADE_2
TCTACATAGAGAGTGA,Placodal area,CLADE_2
TCTACATAGCTTAGTC,Surface ectoderm,CLADE_2
TCTACATAGGAAGAAC,Surface ectoderm,CLADE_2
TCTACATCACAGTACT,Primitive erythroid cells,CLADE_2
TCTACATCAGGTTACT,Hematoendothelial progenitors,CLADE_2
TCTACATCATACTGTG,Primitive erythroid cells,CLADE_6
TCTACATGTAAGTAGT,Forebrain/midbrain,CLADE_2
TCTACATGTACGACAG,Primitive erythroid cells,CLADE_2
TCTACATTCCATCAGA,Lateral plate and intermediate mesoderm,CLADE_2
TCTACATTCGGAATGG,Cranial neural crest,CLADE_2
TCTACATTCTACACTT,Amniotic ectoderm,CLADE_2
TCTACCGAGACCATAA,Primitive erythroid cells,CLADE_2
TCTACCGAGACTTCCA,Primitive erythroid cells,CLADE_6
TCTACCGAGGACAGTC,Gut endoderm,CLADE_2
TCTACCGCAGTCAGAG,Surface ectoderm,CLADE_2
TCTACCGGTAGTCGTT,Forebrain/midbrain,CLADE_2
TCTACCGGTCATTCCC,Surface ectoderm,CLADE_2
TCTACCGGTCTTTATC,Surface ectoderm,CLADE_2
TCTACCGGTGAGGATC,Gut endoderm,CLADE_3
TCTACCGGTGGCTTGC,Forebrain/midbrain,CLADE_4
TCTACCGGTTCTAAGC,Primitive erythroid cells,CLADE_2
TCTACCGGTTGTATGC,Hematoendothelial progenitors,CLADE_2
TCTACCGTCATCAGTG,Primitive erythroid cells,CLADE_4
TCTACCGTCCATGCAA,Paraxial mesoderm,CLADE_2
TCTACCGTCCTGTTGC,NMP,CLADE_2
TCTACCGTCGAATGCT,Forebrain/midbrain,CLADE_2
TCTACCGTCGCTACAA,Paraxial mesoderm,CLADE_2
TCTACCGTCGTCAACA,Forebrain/midbrain,CLADE_2
TCTACCGTCTCACCCA,Amniotic ectoderm,CLADE_2
TCTATACAGCATGATA,Primitive erythroid cells,CLADE_2
TCTATACAGTGAGTTA,Primitive erythroid cells,CLADE_2
TCTATACAGTTAACGA,Surface ectoderm,CLADE_3
TCTATACCAGCTTCCT,Surface ectoderm,CLADE_2
TCTATACCAGTATGAA,Primitive erythroid cells,CLADE_2
TCTATACGTCCTTGTC,Hindbrain,CLADE_2
TCTATACGTGCATCTA,Forebrain/midbrain,CLADE_2
TCTATACGTTCAACGT,Surface ectoderm,CLADE_2
TCTATACGTTCCTTGC,Gut endoderm,CLADE_5
TCTATACTCAACACCA,Gut endoderm,CLADE_2
TCTATACTCGGAGCAA,Spinal cord,CLADE_3
TCTATCAAGCTATCTG,Hindbrain,CLADE_2
TCTATCAAGGATTACA,Cranial neural crest,CLADE_2
TCTATCAAGGTAATCA,Primitive erythroid cells,CLADE_2
TCTATCACAAGTTCGT,Lateral plate and intermediate mesoderm,CLADE_2
TCTATCACACACCTGG,Lateral plate and intermediate mesoderm,CLADE_2
TCTATCACACATGTTG,Lateral plate and intermediate mesoderm,CLADE_2
TCTATCACAGAAGTTA,Hindbrain,CLADE_2
TCTATCACAGTAGGAC,Surface ectoderm,CLADE_2
TCTATCACAGTGGGTA,Surface ectoderm,CLADE_2
TCTATCAGTAGAGACC,Primitive erythroid cells,CLADE_4
TCTATCAGTATGCAAA,Primitive erythroid cells,CLADE_2
TCTATCAGTATTGGCT,Endothelium,CLADE_2
TCTATCATCCCTTGGT,Primitive erythroid cells,CLADE_2
TCTCACGAGCACACAG,Primitive erythroid cells,CLADE_2
TCTCACGAGCACTCTA,Amniotic ectoderm,CLADE_3
TCTCACGAGCATGATA,Primitive erythroid cells,CLADE_2
TCTCACGAGCTCTATG,Primitive erythroid cells,CLADE_5
TCTCACGAGCTGTCCG,Forebrain/midbrain,CLADE_2
TCTCACGAGGCATCAG,Primitive erythroid cells,CLADE_2
TCTCACGCACTAGGTT,Primitive erythroid cells,CLADE_2
TCTCACGCAGTATACC,Primitive erythroid cells,CLADE_2
TCTCACGCAGTTTGGT,Primitive erythroid cells,CLADE_2
TCTCACGCATCTCATT,Primitive erythroid cells,CLADE_2
TCTCACGCATTCGGGC,Lateral plate and intermediate mesoderm,CLADE_2
TCTCACGGTATACAGA,Paraxial mesoderm,CLADE_2
TCTCACGGTCATACCA,Primitive erythroid cells,CLADE_3
TCTCACGGTCGTTGGC,Primitive erythroid cells,CLADE_2
TCTCACGGTTAGGCTT,Primitive erythroid cells,CLADE_2
TCTCACGGTTTAGTCG,Lateral plate and intermediate mesoderm,CLADE_2
TCTCACGTCCACTGGG,Hematoendothelial progenitors,CLADE_2
TCTCACGTCGGCATCG,Lateral plate and intermediate mesoderm,CLADE_2
TCTCACGTCTACGGTA,Lateral plate and intermediate mesoderm,CLADE_2
TCTCACGTCTATGCCC,Primitive erythroid cells,CLADE_2
TCTCAGCAGAGCTGCA,Primitive erythroid cells,CLADE_2
TCTCAGCAGATACCAA,Primitive erythroid cells,CLADE_2
TCTCAGCAGGATCACG,Lateral plate and intermediate mesoderm,CLADE_2
TCTCAGCAGTCACACT,Lateral plate and intermediate mesoderm,CLADE_2
TCTCAGCAGTGGTGGT,Forebrain/midbrain,CLADE_2
TCTCAGCCAAACGGCA,Primitive erythroid cells,CLADE_2
TCTCAGCCAGAGTGTG,Forebrain/midbrain,CLADE_2
TCTCAGCGTCATGGCC,Primitive erythroid cells,CLADE_2
TCTCAGCGTCTATGAC,Primitive erythroid cells,CLADE_2
TCTCAGCGTGGAATGC,Primitive erythroid cells,CLADE_2
TCTCAGCGTTCCTAAG,Primitive erythroid cells,CLADE_3
TCTCAGCTCGCAGTTA,NMP,CLADE_2
TCTCAGCTCGCTCTCA,Primitive erythroid cells,CLADE_2
TCTCAGCTCTGGTGCG,Paraxial mesoderm,CLADE_1
TCTCCGAAGACAAGCC,Allantois,CLADE_1
TCTCCGACACACTGGC,Forebrain/midbrain,CLADE_2
TCTCCGACACGGCACT,Endothelium,CLADE_5
TCTCCGACAGCGAGTA,Primordial germ cells,CLADE_2
TCTCCGACAGGTTTAC,Paraxial mesoderm,CLADE_2
TCTCCGAGTACATACC,Primitive erythroid cells,CLADE_2
TCTCCGAGTGGCTGAA,Forebrain/midbrain,CLADE_2
TCTCCGAGTTTGAACC,Primitive erythroid cells,CLADE_4
TCTCCGAGTTTGACAC,Primitive erythroid cells,CLADE_3
TCTCCGATCGGCGATC,Primitive erythroid cells,CLADE_2
TCTCCGATCTGCGGGT,Cranial neural crest,CLADE_2
TCTCCGATCTGGTTGA,Paraxial mesoderm,CLADE_2
TCTCTGGAGAAACTCA,Gut endoderm,CLADE_2
TCTCTGGAGGCCATAG,Primitive erythroid cells,CLADE_2
TCTCTGGAGGCGTCCT,Primitive erythroid cells,CLADE_43
TCTCTGGAGGCTAGCA,Surface ectoderm,CLADE_6
TCTCTGGCAAACTCTG,Primitive erythroid cells,CLADE_2
TCTCTGGCAAGCTCTA,Hematoendothelial progenitors,CLADE_2
TCTCTGGCAAGGCCTC,Forebrain/midbrain,CLADE_2
TCTCTGGTCAACGAGG,Spinal cord,CLADE_2
TCTGCCAAGAATTTGG,Surface ectoderm,CLADE_2
TCTGCCAAGAGAAGGT,Primitive erythroid cells,CLADE_2
TCTGCCAAGAGAGCGG,Primitive erythroid cells,CLADE_2
TCTGCCAAGGTATCTC,Primitive erythroid cells,CLADE_2
TCTGCCAAGTCAACAA,Paraxial mesoderm,CLADE_3
TCTGCCAAGTGCTCGC,Paraxial mesoderm,CLADE_2
TCTGCCACACGAAGAC,Endothelium,CLADE_2
TCTGCCAGTAGCGTAG,Forebrain/midbrain,CLADE_1
TCTGCCAGTAGGAGGG,Lateral plate and intermediate mesoderm,CLADE_2
TCTGCCAGTATTTCTC,Forebrain/midbrain,CLADE_2
TCTGCCAGTTGCTCCT,Hindbrain,CLADE_2
TCTGCCATCAAAGACA,Primitive erythroid cells,CLADE_2
TCTGCCATCACCATGA,Primitive erythroid cells,CLADE_3
TCTGCCATCACTGGTA,Primitive erythroid cells,CLADE_2
TCTGCCATCCATCACC,Allantois,CLADE_2
TCTGCCATCCTCTCTT,Allantois,CLADE_2
TCTGGCTAGATTAGCA,Forebrain/midbrain,CLADE_3
TCTGGCTAGCACACAG,Endothelium,CLADE_2
TCTGGCTAGGGCTGAT,Lateral plate and intermediate mesoderm,CLADE_2
TCTGGCTAGTCGGGAT,Paraxial mesoderm,CLADE_2
TCTGGCTAGTGGACTG,Primitive erythroid cells,CLADE_2
TCTGGCTAGTTGCGAG,Primitive erythroid cells,CLADE_2
TCTGGCTAGTTGTCGT,NMP,CLADE_2
TCTGGCTCAAACGAGC,Lateral plate and intermediate mesoderm,CLADE_2
TCTGGCTCATCCCGTT,Amniotic ectoderm,CLADE_2
TCTGGCTGTACAAAGT,NMP,CLADE_2
TCTGGCTGTAGCGCTC,Surface ectoderm,CLADE_2
TCTGGCTGTATAATGG,Surface ectoderm,CLADE_1
TCTGGCTGTATAGCTC,Paraxial mesoderm,CLADE_2
TCTGGCTGTTACCCTC,Gut endoderm,CLADE_2
TCTGGCTGTTACGTAC,Gut endoderm,CLADE_1
TCTGGCTGTTAGAAGT,Surface ectoderm,CLADE_2
TCTGTCGAGACTCAAA,Lateral plate and intermediate mesoderm,CLADE_2
TCTGTCGAGGCATCAG,NMP,CLADE_2
TCTGTCGAGTAGCTCT,Forebrain/midbrain,CLADE_2
TCTGTCGCAGGCCCTA,Lateral plate and intermediate mesoderm,CLADE_2
TCTGTCGCATCAGTCA,Surface ectoderm,CLADE_2
TCTGTCGGTAATGATG,Lateral plate and intermediate mesoderm,CLADE_2
TCTGTCGGTATGTGTC,Primitive erythroid cells,CLADE_5
TCTGTCGGTCAAAGAT,Hindbrain,CLADE_1
TCTGTCGTCAAGATAG,NMP,CLADE_2
TCTGTCGTCCTACACC,Surface ectoderm,CLADE_2
TCTGTCGTCTCTAGGA,Forebrain/midbrain,CLADE_5
TCTTAGTAGAAACTCA,Hindbrain,CLADE_2
TCTTAGTAGCAACTCT,Forebrain/midbrain,CLADE_2
TCTTAGTAGCACCGAA,Surface ectoderm,CLADE_2
TCTTAGTAGTAACGTA,Primitive erythroid cells,CLADE_2
TCTTAGTCAAACAGGC,NMP,CLADE_2
TCTTAGTCACGTCGGT,Primitive erythroid cells,CLADE_2
TCTTAGTCAGACTGCC,Primitive erythroid cells,CLADE_2
TCTTAGTCATGACTCA,Primitive erythroid cells,CLADE_3
TCTTAGTTCCAAATGC,Hindbrain,CLADE_2
TCTTAGTTCTGGGAGA,Surface ectoderm,CLADE_2
TCTTAGTTCTTAATCC,Primitive erythroid cells,CLADE_2
TCTTCCTAGCGAAACC,Primitive erythroid cells,CLADE_2
TCTTCCTAGCGCACAA,Surface ectoderm,CLADE_2
TCTTCCTAGTAGACCG,Lateral plate and intermediate mesoderm,CLADE_2
TCTTCCTAGTCAGAGC,Primitive erythroid cells,CLADE_2
TCTTCCTCACATACTG,Surface ectoderm,CLADE_2
TCTTCCTCAGGATTCT,Primitive erythroid cells,CLADE_2
TCTTCCTGTCAGTCTA,Placodal area,CLADE_3
TCTTCCTTCGTGGGAA,Placodal area,CLADE_4
TCTTGCGAGCATCGAG,Surface ectoderm,CLADE_2
TCTTGCGAGCTCGGCT,Primitive erythroid cells,CLADE_4
TCTTGCGAGTCAATCC,Surface ectoderm,CLADE_2
TCTTGCGCAGACACAG,NMP,CLADE_3
TCTTGCGCAGCTGGTC,Primitive erythroid cells,CLADE_2
TCTTGCGCAGCTGTTA,Paraxial mesoderm,CLADE_2
TCTTGCGCAGTAACAA,Primitive erythroid cells,CLADE_2
TCTTGCGGTCGCGGTT,Primitive erythroid cells,CLADE_2
TCTTGCGGTTCGATTG,Primitive erythroid cells,CLADE_2
TCTTGCGTCACCATGA,Amniotic ectoderm,CLADE_4
TCTTGCGTCTTAGCCC,Primitive erythroid cells,CLADE_5
TCTTTGAAGTATTCCG,Primitive erythroid cells,CLADE_2
TCTTTGACAAACAGGC,Amniotic ectoderm,CLADE_2
TCTTTGACAAGCCCAC,Endothelium,CLADE_2
TCTTTGACAAGCGAAC,Lateral plate and intermediate mesoderm,CLADE_2
TCTTTGACAAGTAGTA,Surface ectoderm,CLADE_2
TCTTTGACACGACAGA,Cranial neural crest,CLADE_2
TCTTTGAGTCCCACGA,Lateral plate and intermediate mesoderm,CLADE_2
TCTTTGAGTTCGGCCA,Primitive erythroid cells,CLADE_1
TCTTTGATCGTAGAGG,Endothelium,CLADE_2
TGAACGTAGGCATCTT,Primitive erythroid cells,CLADE_3
TGAACGTCACCTGCAG,Gut endoderm,CLADE_2
TGAACGTTCCCTATTA,Primitive erythroid cells,CLADE_2
TGAACGTTCGCTGTTC,Primitive erythroid cells,CLADE_2
TGAACGTTCTAGGCAT,Hindbrain,CLADE_2
TGAATCGAGATGGCGT,First heart field,CLADE_2
TGAATCGAGCTGGCCT,NMP,CLADE_2
TGAATCGAGGTCATTC,Lateral plate and intermediate mesoderm,CLADE_5
TGAATCGCAACCGACC,Primitive erythroid cells,CLADE_2
TGAATCGCACAGAAGC,Primitive erythroid cells,CLADE_2
TGAATCGCACTCAAGT,Primitive erythroid cells,CLADE_2
TGAATCGGTACCTTCC,Primitive erythroid cells,CLADE_4
TGAATCGGTCACTCAA,Forebrain/midbrain,CLADE_2
TGAATCGTCTCTGCCA,Primitive erythroid cells,CLADE_2
TGAATGCAGGCAGGGA,Surface ectoderm,CLADE_2
TGAATGCCATTGCCTC,Placodal area,CLADE_2
TGAATGCGTGGACAGT,Surface ectoderm,CLADE_2
TGAATGCTCCATCTGC,Spinal cord,CLADE_5
TGACAGTAGGACTATA,Paraxial mesoderm,CLADE_2
TGACAGTAGTCAGCGA,Notochord,CLADE_1
TGACAGTCAAGATGGC,Hindbrain,CLADE_2
TGACAGTCAATAACCC,Placodal area,CLADE_6
TGACAGTCACAGCTTA,Primitive erythroid cells,CLADE_2
TGACAGTCAGCTCCTT,Hindbrain,CLADE_3
TGACAGTGTGTACGCC,Hindbrain,CLADE_2
TGACAGTGTTAGGGTG,Lateral plate and intermediate mesoderm,CLADE_2
TGACAGTTCCATCAGA,Lateral plate and intermediate mesoderm,CLADE_2
TGACAGTTCGATGCTA,Gut endoderm,CLADE_2
TGACCCTAGAGCCGTA,Primitive erythroid cells,CLADE_2
TGACCCTAGGACACTG,Forebrain/midbrain,CLADE_2
TGACCCTAGGATACAT,Primitive erythroid cells,CLADE_2
TGACCCTAGGCTAACG,Primitive erythroid cells,CLADE_4
TGACCCTAGGCTTAGG,Primitive erythroid cells,CLADE_4
TGACCCTAGTAAGCAT,Primitive erythroid cells,CLADE_2
TGACCCTCAATTCACG,NMP,CLADE_3
TGACCCTCACGGTAGA,Lateral plate and intermediate mesoderm,CLADE_5
TGACCCTCAGAGAATT,Primitive erythroid cells,CLADE_4
TGACCCTCAGCGACAA,Hindbrain,CLADE_2
TGACCCTGTAGCTTAC,Forebrain/midbrain,CLADE_5
TGACCCTGTCCGGATC,Forebrain/midbrain,CLADE_1
TGACCCTGTGGACTGA,Surface ectoderm,CLADE_2
TGACGCGAGATGGCAC,Primitive erythroid cells,CLADE_4
TGACGCGCACTGCGTG,Hindbrain,CLADE_3
TGACGCGGTCCCGGTA,Allantois,CLADE_2
TGACGCGGTCTCTCAC,Primitive erythroid cells,CLADE_2
TGACGCGTCATCTACT,Primitive erythroid cells,CLADE_2
TGACGCGTCGAACCTA,Hematoendothelial progenitors,CLADE_2
TGACGCGTCTATACGG,Primitive erythroid cells,CLADE_2
TGACTCCAGATCGGTG,Primitive erythroid cells,CLADE_27
TGACTCCAGGCAATGC,Primitive erythroid cells,CLADE_2
TGACTCCAGGGAACAA,Primitive erythroid cells,CLADE_4
TGACTCCAGTAGTGCG,Gut endoderm,CLADE_2
TGACTCCGTACGTGTT,Primitive erythroid cells,CLADE_2
TGACTCCGTCAAAGTA,Forebrain/midbrain,CLADE_2
TGACTCCGTTCCGGTG,Primitive erythroid cells,CLADE_2
TGACTCCTCCTGTTAT,NMP,CLADE_1
TGACTCCTCGTGGAAG,Primitive erythroid cells,CLADE_3
TGACTCCTCTGTGTGA,Paraxial mesoderm,CLADE_2
TGACTCCTCTTACGTT,Primitive erythroid cells,CLADE_2
TGAGACTCAAATAGCA,Forebrain/midbrain,CLADE_2
TGAGACTCACAGTACT,Paraxial mesoderm,CLADE_2
TGAGACTCACCATTCC,Gut endoderm,CLADE_4
TGAGACTGTAGACTGG,Hematoendothelial progenitors,CLADE_2
TGAGACTGTGAATATG,Forebrain/midbrain,CLADE_2
TGAGACTGTTCGGCTG,Hindbrain,CLADE_3
TGAGACTTCCACGTGG,Surface ectoderm,CLADE_2
TGAGACTTCGACATTG,First heart field,CLADE_2
TGAGACTTCTACACAG,NMP,CLADE_2
TGAGACTTCTTTCCAA,Forebrain/midbrain,CLADE_2
TGAGCATAGATAACGT,Primitive erythroid cells,CLADE_2
TGAGCATAGTAACCTC,Paraxial mesoderm,CLADE_2
TGAGCATGTATCCCAA,First heart field,CLADE_2
TGAGCATGTTCAAAGA,NMP,CLADE_2
TGAGCATTCCTTTGAT,Primitive erythroid cells,CLADE_3
TGAGCATTCGAAGCCC,Primitive erythroid cells,CLADE_2
TGAGCATTCGGAAACG,Lateral plate and intermediate mesoderm,CLADE_2
TGAGCATTCGTGTGGC,Gut endoderm,CLADE_2
TGAGCATTCTCTGGTC,Hindbrain,CLADE_3
TGAGCATTCTGGGCGT,Lateral plate and intermediate mesoderm,CLADE_2
TGAGCGCCAAGTCCCG,Surface ectoderm,CLADE_5
TGAGCGCGTACAAAGT,Amniotic ectoderm,CLADE_2
TGAGCGCGTCCCAAAT,Cranial neural crest,CLADE_2
TGAGCGCGTCTTACAG,Primordial germ cells,CLADE_2
TGAGCGCGTGCAAGAC,Hindbrain,CLADE_2
TGAGCGCGTTGATCGT,Primitive erythroid cells,CLADE_2
TGAGCGCGTTTGGGAG,Primitive erythroid cells,CLADE_2
TGAGCGCTCTAAGAAG,Amniotic ectoderm,CLADE_2
TGAGGAGAGACATCAA,Gut endoderm,CLADE_5
TGAGGAGAGCACCAGA,Primitive erythroid cells,CLADE_2
TGAGGAGAGGAACTCG,Hindbrain,CLADE_5
TGAGGAGAGGATACAT,NMP,CLADE_2
TGAGGAGAGGGCGAAG,Paraxial mesoderm,CLADE_2
TGAGGAGAGGTCTGGA,Lateral plate and intermediate mesoderm,CLADE_5
TGAGGAGAGTCGAATA,Primitive erythroid cells,CLADE_4
TGAGGAGAGTGTTCAC,Forebrain/midbrain,CLADE_2
TGAGGAGCAAGCGCAA,Hindbrain,CLADE_2
TGAGGAGCAATCGAAA,Cranial neural crest,CLADE_2
TGAGGAGCAGACTGCC,Primitive erythroid cells,CLADE_2
TGAGGAGCAGTGTACT,Primitive erythroid cells,CLADE_2
TGAGGAGTCAGGACAG,Lateral plate and intermediate mesoderm,CLADE_2
TGAGGAGTCTCGCCTA,Primitive erythroid cells,CLADE_2
TGAGGGAAGACCAGAC,Primitive erythroid cells,CLADE_2
TGAGGGAAGACTCCGC,Hindbrain,CLADE_2
TGAGGGAAGCCTATTG,Primordial germ cells,CLADE_2
TGAGGGAAGTGCGTCC,Primitive erythroid cells,CLADE_2
TGAGGGAAGTTCGGTT,Hematoendothelial progenitors,CLADE_2
TGAGGGACAAGAGATT,Primitive erythroid cells,CLADE_2
TGAGGGACAGGCTTGC,Lateral plate and intermediate mesoderm,CLADE_2
TGAGGGACATACTGAC,Hindbrain,CLADE_2
TGAGGGACATGGCCAC,Primitive erythroid cells,CLADE_2
TGAGGGAGTGACAACG,Primitive erythroid cells,CLADE_2
TGAGGGAGTTAATGAG,NMP,CLADE_4
TGAGGGATCACCTGTC,Gut endoderm,CLADE_6
TGAGGGATCCACGTCT,Forebrain/midbrain,CLADE_3
TGAGGGATCTTTCCGG,Primitive erythroid cells,CLADE_3
TGAGGTTAGAGTCAAT,Endothelium,CLADE_2
TGAGGTTAGTCAGCGA,Primitive erythroid cells,CLADE_1
TGAGGTTCAAGAGTTA,Primitive erythroid cells,CLADE_2
TGAGGTTCAATGACCT,Primitive erythroid cells,CLADE_2
TGAGGTTGTAACGCGA,Forebrain/midbrain,CLADE_2
TGAGGTTGTCCCACGA,Primitive erythroid cells,CLADE_2
TGAGGTTGTGCTCCGA,Primitive erythroid cells,CLADE_39
TGAGGTTGTTGAATCC,NMP,CLADE_2
TGAGGTTTCTCTGAGA,Allantois,CLADE_2
TGAGTCAAGTTAACGA,Forebrain/midbrain,CLADE_2
TGAGTCACAAGCGATG,Placodal area,CLADE_2
TGAGTCAGTACACTCA,NMP,CLADE_2
TGAGTCATCCATCACC,Amniotic ectoderm,CLADE_2
TGAGTCATCGTGCAGC,Primitive erythroid cells,CLADE_2
TGATCAGAGCTATCCA,Placodal area,CLADE_5
TGATCAGAGCTCGCAC,Lateral plate and intermediate mesoderm,CLADE_3
TGATCAGAGTTGCGAG,Endothelium,CLADE_2
TGATCAGCAAAGTGTA,Cranial neural crest,CLADE_5
TGATCAGCAACAAGTA,Lateral plate and intermediate mesoderm,CLADE_2
TGATCAGCAGCCGTTG,Lateral plate and intermediate mesoderm,CLADE_21
TGATCAGGTAGCTTAC,Gut endoderm,CLADE_2
TGATCAGGTCTAATCG,Cranial neural crest,CLADE_2
TGATCAGGTTGCCTAA,Hindbrain,CLADE_2
TGATCAGGTTTACGAC,Primitive erythroid cells,CLADE_4
TGATCAGTCATACAGC,Hindbrain,CLADE_2
TGATCAGTCATTCGTT,NMP,CLADE_2
TGATCTTAGAGGCGGA,Primitive erythroid cells,CLADE_2
TGATCTTAGATAGTCA,Forebrain/midbrain,CLADE_4
TGATCTTAGTGGATTA,Hindbrain,CLADE_2
TGATCTTCAAGGTCAG,Gut endoderm,CLADE_2
TGATCTTCACACTGGC,Forebrain/midbrain,CLADE_4
TGATCTTCAGCCTATA,Primitive erythroid cells,CLADE_2
TGATCTTCATGGAAGC,Primitive erythroid cells,CLADE_2
TGATCTTCATTCACCC,NMP,CLADE_2
TGATCTTGTATCCTTT,Endothelium,CLADE_2
TGATCTTGTCTGCCTT,Paraxial mesoderm,CLADE_2
TGATCTTGTGCCTGAC,Primitive erythroid cells,CLADE_4
TGATCTTGTGTCTAAC,Endothelium,CLADE_2
TGATCTTGTTGCTCAA,Cranial neural crest,CLADE_2
TGATCTTTCACTCCGT,Paraxial mesoderm,CLADE_2
TGATCTTTCATGAGGG,Lateral plate and intermediate mesoderm,CLADE_2
TGATCTTTCCTAAGTG,Primitive erythroid cells,CLADE_2
TGATCTTTCCTGGGAC,Endothelium,CLADE_2
TGATCTTTCCTTATCA,Endothelium,CLADE_2
TGATCTTTCTGGACCG,Paraxial mesoderm,CLADE_2
TGATGCAAGAGGCTGT,Gut endoderm,CLADE_2
TGATGCAAGCATCAAA,Surface ectoderm,CLADE_2
TGATGCAAGCGACCCT,Forebrain/midbrain,CLADE_4
TGATGCAAGGTACAAT,NMP,CLADE_2
TGATGCACACACTGGC,Surface ectoderm,CLADE_2
TGATGCACACAGCTGC,NMP,CLADE_2
TGATGCACATGAGTAA,Surface ectoderm,CLADE_2
TGATGCAGTTGATCGT,Gut endoderm,CLADE_5
TGATGCATCATGCCCT,Primitive erythroid cells,CLADE_3
TGATGCATCATTTGCT,First heart field,CLADE_5
TGATGCATCCCAGCGA,Forebrain/midbrain,CLADE_2
TGATGCATCCCATAGA,Forebrain/midbrain,CLADE_2
TGATGCATCCGTATGA,Primitive erythroid cells,CLADE_4
TGATGCATCGACCAAT,Paraxial mesoderm,CLADE_2
TGATGCATCTGGGATT,Amniotic ectoderm,CLADE_2
TGATGGTAGCATGAAT,Primitive erythroid cells,CLADE_5
TGATGGTCAAGGTTGG,Gut endoderm,CLADE_2
TGATGGTCAAGTGTCT,Lateral plate and intermediate mesoderm,CLADE_2
TGATGGTCAGTCAGAG,NMP,CLADE_2
TGATGGTCAGTGTGCC,Allantois,CLADE_2
TGATGGTCATAAGCGG,Primitive erythroid cells,CLADE_2
TGATGGTCATTGCAAC,Surface ectoderm,CLADE_2
TGATGGTCATTGGGAG,Primitive erythroid cells,CLADE_2
TGATGGTGTCAGTCCG,Forebrain/midbrain,CLADE_2
TGATGGTGTTATCCAG,Primitive erythroid cells,CLADE_2
TGATGGTTCACTACTT,NMP,CLADE_33
TGATTCTAGAGGGTAA,Primitive erythroid cells,CLADE_2
TGATTCTAGCCGTTGC,Primitive erythroid cells,CLADE_3
TGATTCTAGCCTCTTC,Gut endoderm,CLADE_2
TGATTCTAGGGAGGGT,Surface ectoderm,CLADE_2
TGATTCTAGTCTGGTT,Primitive erythroid cells,CLADE_2
TGATTCTCAGCTGCCA,Primitive erythroid cells,CLADE_2
TGATTCTCAGGTCAGA,Amniotic ectoderm,CLADE_2
TGATTCTCATCTGCGG,Primitive erythroid cells,CLADE_3
TGATTCTGTGAGAACC,Hindbrain,CLADE_2
TGATTCTTCCAACCGG,Endothelium,CLADE_2
TGATTCTTCGAGCCTG,Primitive erythroid cells,CLADE_2
TGATTTCAGAGAGTTT,Hindbrain,CLADE_2
TGATTTCAGAGTTCGG,Forebrain/midbrain,CLADE_2
TGATTTCAGGCACCAA,Paraxial mesoderm,CLADE_3
TGATTTCAGGCCCACT,Primitive erythroid cells,CLADE_2
TGATTTCCAAATGGAT,Primitive erythroid cells,CLADE_2
TGATTTCCAAGCTGCC,Allantois,CLADE_2
TGATTTCCACAAGGTG,Primitive erythroid cells,CLADE_4
TGATTTCCACCTCTGT,Surface ectoderm,CLADE_2
TGATTTCCACGAGGTA,Surface ectoderm,CLADE_2
TGATTTCCACTAGGTT,Paraxial mesoderm,CLADE_1
TGATTTCCAGAGTAAT,NMP,CLADE_2
TGATTTCCATCTGTTT,Primitive erythroid cells,CLADE_2
TGATTTCCATGGAACG,Primitive erythroid cells,CLADE_20
TGATTTCGTATCAGCT,Paraxial mesoderm,CLADE_2
TGATTTCGTGAACGGT,Amniotic ectoderm,CLADE_3
TGATTTCGTGTATACC,Lateral plate and intermediate mesoderm,CLADE_2
TGATTTCTCACAAGAA,Hindbrain,CLADE_6
TGATTTCTCATGCCGG,Primitive erythroid cells,CLADE_3
TGATTTCTCCACGGGT,Lateral plate and intermediate mesoderm,CLADE_2
TGATTTCTCCCAAGCG,NMP,CLADE_2
TGATTTCTCGATTCCC,Primitive erythroid cells,CLADE_2
TGATTTCTCGCACTCT,Primitive erythroid cells,CLADE_4
TGATTTCTCGTTTACT,Forebrain/midbrain,CLADE_6
TGATTTCTCTCTAGGA,Primitive erythroid cells,CLADE_4
TGCACGGAGAGTCACG,Forebrain/midbrain,CLADE_2
TGCACGGAGCATGCGA,NMP,CLADE_4
TGCACGGAGTTGTAGA,NMP,CLADE_2
TGCACGGCAGCATGCC,Primitive erythroid cells,CLADE_4
TGCACGGGTACCTTCC,Gut endoderm,CLADE_2
TGCACGGGTGAAGCTG,Endothelium,CLADE_5
TGCACGGGTGGGTTGA,Primitive erythroid cells,CLADE_2
TGCACGGGTTCCGTTC,Primitive erythroid cells,CLADE_4
TGCACGGGTTGTAGCT,Primitive erythroid cells,CLADE_2
TGCACGGTCCGGTAGC,Amniotic ectoderm,CLADE_2
TGCACGGTCGACGACC,NMP,CLADE_2
TGCACGGTCGTCCTTG,Lateral plate and intermediate mesoderm,CLADE_37
TGCAGATAGACCCTTA,Forebrain/midbrain,CLADE_4
TGCAGATAGACCTCCG,Surface ectoderm,CLADE_2
TGCAGATAGATGATTG,Gut endoderm,CLADE_2
TGCAGATAGGGCAGGA,NMP,CLADE_3
TGCAGATCAAAGCGTG,Primitive erythroid cells,CLADE_2
TGCAGATCATCAGCGC,Primitive erythroid cells,CLADE_3
TGCAGATCATGACTTG,Lateral plate and intermediate mesoderm,CLADE_2
TGCAGATGTAGAATAC,Hindbrain,CLADE_5
TGCAGATGTCAAGCGA,Allantois,CLADE_2
TGCAGATGTTTAGACC,Forebrain/midbrain,CLADE_3
TGCAGATTCACCATCC,NMP,CLADE_2
TGCAGATTCCCATACC,Lateral plate and intermediate mesoderm,CLADE_2
TGCAGATTCTTGTTAC,Primitive erythroid cells,CLADE_2
TGCAGGCAGATGATTG,Lateral plate and intermediate mesoderm,CLADE_2
TGCAGGCAGGACTTCT,Hindbrain,CLADE_3
TGCAGGCAGTAGAATC,Gut endoderm,CLADE_2
TGCAGGCAGTCTCCTC,Forebrain/midbrain,CLADE_2
TGCAGGCCAAGGTTGG,Hindbrain,CLADE_2
TGCAGGCCATCTCAAG,Surface ectoderm,CLADE_2
TGCAGGCGTGGATTTC,Forebrain/midbrain,CLADE_3
TGCAGGCGTGTAAACA,NMP,CLADE_2
TGCAGGCTCTATACGG,Second heart field,CLADE_2
TGCAGGCTCTCGGTCT,Forebrain/midbrain,CLADE_2
TGCAGTAAGAGGATCC,Primitive erythroid cells,CLADE_2
TGCAGTAAGATGGTCG,Gut endoderm,CLADE_2
TGCAGTAAGCAAATGT,Allantois,CLADE_2
TGCAGTAAGTCGAGGT,Primitive erythroid cells,CLADE_2
TGCAGTACATACAGAA,Endothelium,CLADE_3
TGCAGTACATCAACCA,Lateral plate and intermediate mesoderm,CLADE_2
TGCAGTAGTCACAATC,Forebrain/midbrain,CLADE_2
TGCAGTAGTGCCTGAC,Amniotic ectoderm,CLADE_9
TGCAGTATCGAGAACG,NMP,CLADE_2
TGCAGTATCGCGTCGA,Spinal cord,CLADE_28
TGCAGTATCTCGCGTT,Forebrain/midbrain,CLADE_5
TGCATCCAGCCAGTAG,Endothelium,CLADE_2
TGCATCCAGTGTACCT,Surface ectoderm,CLADE_2
TGCATCCCAACGCCCA,Placodal area,CLADE_2
TGCATCCCAACTCGTA,Lateral plate and intermediate mesoderm,CLADE_4
TGCATCCCACCAATTG,Primitive erythroid cells,CLADE_2
TGCATCCCACTGAGTT,Endothelium,CLADE_2
TGCATCCGTACCAGAG,NMP,CLADE_2
TGCATCCGTGATAGAT,Surface ectoderm,CLADE_2
TGCATCCGTTCGAGCC,Primitive erythroid cells,CLADE_2
TGCATCCTCACCTCGT,Primitive erythroid cells,CLADE_2
TGCATCCTCACCTTGC,NMP,CLADE_3
TGCATCCTCGTTAGTG,Primitive erythroid cells,CLADE_4
TGCATCCTCTTGGTGA,Forebrain/midbrain,CLADE_2
TGCATGAAGAGTGGCT,Primitive erythroid cells,CLADE_2
TGCATGAAGGTCTGGA,Forebrain/midbrain,CLADE_2
TGCATGAAGTAGAATC,Lateral plate and intermediate mesoderm,CLADE_2
TGCATGACAACACAGG,Hindbrain,CLADE_2
TGCATGACACTGGACC,Primitive erythroid cells,CLADE_2
TGCATGACAGGTGGAT,Primitive erythroid cells,CLADE_2
TGCATGACAGGTTCAT,Forebrain/midbrain,CLADE_2
TGCATGAGTTCGTACA,Forebrain/midbrain,CLADE_2
TGCATGATCCGTGACG,Primitive erythroid cells,CLADE_2
TGCATGATCTGCAGCG,Primitive erythroid cells,CLADE_2
TGCATGATCTTGCAGA,Lateral plate and intermediate mesoderm,CLADE_2
TGCCGAGAGAGGCGTT,Hindbrain,CLADE_2
TGCCGAGAGTACAACA,Primitive erythroid cells,CLADE_2
TGCCGAGCACCACATA,Primitive erythroid cells,CLADE_3
TGCCGAGGTAAGGCCA,Forebrain/midbrain,CLADE_2
TGCCGAGGTATGGTAA,Surface ectoderm,CLADE_2
TGCCGAGGTCGTGTTA,Second heart field,CLADE_3
TGCCGAGGTTTGGCTA,Cranial neural crest,CLADE_2
TGCCGAGTCATCGGGC,NMP,CLADE_3
TGCGACGAGAAGTCTA,Forebrain/midbrain,CLADE_2
TGCGACGAGACCTCAT,Lateral plate and intermediate mesoderm,CLADE_2
TGCGACGAGGAGACCT,Paraxial mesoderm,CLADE_1
TGCGACGAGGAGTATT,Surface ectoderm,CLADE_2
TGCGACGAGGGACAGG,Primitive erythroid cells,CLADE_2
TGCGACGAGGTCGTAG,Forebrain/midbrain,CLADE_1
TGCGACGAGTGTAGAT,Second heart field,CLADE_6
TGCGACGCAAACCATC,Notochord,CLADE_2
TGCGACGCAATGAACA,Forebrain/midbrain,CLADE_2
TGCGACGCACTGGATT,Primitive erythroid cells,CLADE_2
TGCGACGCATGGCACC,Paraxial mesoderm,CLADE_5
TGCGACGGTAAGTTGA,Primitive erythroid cells,CLADE_2
TGCGACGGTCTTTCAT,Primitive erythroid cells,CLADE_2
TGCGACGGTGTCACAT,Endothelium,CLADE_1
TGCGACGGTTTCACAG,Lateral plate and intermediate mesoderm,CLADE_2
TGCGACGTCCGTGGCA,Endothelium,CLADE_2
TGCGATAAGACTACGG,Primitive erythroid cells,CLADE_3
TGCGATAAGATTGACA,Hindbrain,CLADE_2
TGCGATAAGCAAGTCG,Endothelium,CLADE_2
TGCGATAAGCAATTCC,Paraxial mesoderm,CLADE_2
TGCGATAAGGGCAGTT,Primitive erythroid cells,CLADE_2
TGCGATAAGGTCTGGA,Hindbrain,CLADE_2
TGCGATAAGTAAGGGA,Forebrain/midbrain,CLADE_2
TGCGATAAGTTGTCGT,Primitive erythroid cells,CLADE_2
TGCGATACAGTGGGTA,NMP,CLADE_2
TGCGATAGTCAGATTC,Primitive erythroid cells,CLADE_2
TGCGATAGTCCGACGT,Hindbrain,CLADE_2
TGCGATAGTCTGTCAA,Hindbrain,CLADE_2
TGCGATAGTGACACAG,Hindbrain,CLADE_2
TGCGATAGTGAGATAT,Amniotic ectoderm,CLADE_6
TGCGATAGTGGTCTGC,Lateral plate and intermediate mesoderm,CLADE_2
TGCGATATCTGGACTA,Allantois,CLADE_2
TGCGGCAAGGACGCTA,Primitive erythroid cells,CLADE_2
TGCGGCAAGGTCGTAG,Primitive erythroid cells,CLADE_1
TGCGGCAAGTTTAGGA,Hindbrain,CLADE_1
TGCGGCACAAGTGGGT,Primitive erythroid cells,CLADE_2
TGCGGCAGTACGGATG,NMP,CLADE_2
TGCGGCAGTAGCTGCC,Hindbrain,CLADE_1
TGCGGCAGTAGTAAGT,Primitive erythroid cells,CLADE_2
TGCGGCAGTATGGGAC,Primitive erythroid cells,CLADE_2
TGCGGCAGTCTTGTCC,Primitive erythroid cells,CLADE_2
TGCGGCAGTGTACGCC,Lateral plate and intermediate mesoderm,CLADE_2
TGCGGCAGTTGTGTTG,Hematoendothelial progenitors,CLADE_2
TGCGGCATCAGCTCTC,Forebrain/midbrain,CLADE_2
TGCGGCATCCGATAAC,Amniotic ectoderm,CLADE_2
TGCGGCATCTCCCAAC,Lateral plate and intermediate mesoderm,CLADE_2
TGCGGCATCTTGAGCA,Gut endoderm,CLADE_2
TGCGGGTAGAAATTCG,Hindbrain,CLADE_2
TGCGGGTAGCCATCCG,Primitive erythroid cells,CLADE_47
TGCGGGTAGGCAGCTA,Primitive erythroid cells,CLADE_2
TGCGGGTAGTGATAGT,Lateral plate and intermediate mesoderm,CLADE_2
TGCGGGTCAGGATCTT,Hindbrain,CLADE_6
TGCGGGTCAGGTCCGT,Primitive erythroid cells,CLADE_4
TGCGGGTCAGTGCGCT,Lateral plate and intermediate mesoderm,CLADE_2
TGCGGGTGTACGATTC,Allantois,CLADE_2
TGCGGGTGTAGGGTAC,Lateral plate and intermediate mesoderm,CLADE_5
TGCGGGTGTCCTGTCT,Endothelium,CLADE_4
TGCGGGTGTGGCCTCA,Spinal cord,CLADE_2
TGCGGGTGTTCAGGTT,Primitive erythroid cells,CLADE_2
TGCGGGTTCACCTCGT,Placodal area,CLADE_2
TGCGGGTTCGCAGTTA,Surface ectoderm,CLADE_2
TGCTCCAAGAGTCGAC,Primitive erythroid cells,CLADE_2
TGCTCCAAGTGGAAAG,Gut endoderm,CLADE_6
TGCTCCACATGGAAGC,Primitive erythroid cells,CLADE_2
TGCTCCAGTAGCCAGA,Forebrain/midbrain,CLADE_5
TGCTCCAGTAGGGTAC,Hindbrain,CLADE_2
TGCTCCAGTCCGAAGA,Placodal area,CLADE_2
TGCTCCAGTCTTGTCC,Primitive erythroid cells,CLADE_2
TGCTCCAGTGTTGAGG,NMP,CLADE_1
TGCTCCAGTGTTGATC,Forebrain/midbrain,CLADE_2
TGCTCCAGTTGCCAAT,Allantois,CLADE_2
TGCTCCATCATCACCC,Primitive erythroid cells,CLADE_2
TGCTCGTAGCGGATCA,Primitive erythroid cells,CLADE_2
TGCTCGTAGGCTAGCA,NMP,CLADE_2
TGCTCGTCACCTATCC,Endothelium,CLADE_2
TGCTCGTCAGACCCGT,Primitive erythroid cells,CLADE_5
TGCTCGTGTACAAGTA,Primitive erythroid cells,CLADE_2
TGCTCGTGTATTTCTC,Endothelium,CLADE_2
TGCTCGTGTCAACACT,Primitive erythroid cells,CLADE_6
TGCTCGTGTCACCCTT,Cranial neural crest,CLADE_6
TGCTCGTGTTCTTCAT,Primitive erythroid cells,CLADE_2
TGCTCGTTCAAGCCTA,Primitive erythroid cells,CLADE_2
TGCTCGTTCAGAGCAG,Primitive erythroid cells,CLADE_2
TGCTCGTTCCGGACGT,Primitive erythroid cells,CLADE_5
TGCTGAAAGTATGTAG,Primitive erythroid cells,CLADE_2
TGCTGAAAGTCCCAGC,Hindbrain,CLADE_3
TGCTGAACAAATGAGT,Forebrain/midbrain,CLADE_2
TGCTGAACAAGACAAT,Hindbrain,CLADE_2
TGCTGAACAGCGTAGA,Primitive erythroid cells,CLADE_2
TGCTGAAGTATGTGTC,Allantois,CLADE_4
TGCTGAAGTGGTAACG,Primitive erythroid cells,CLADE_2
TGCTGAAGTGTCCACG,Gut endoderm,CLADE_2
TGCTGAAGTGTTGCCG,Forebrain/midbrain,CLADE_4
TGCTGAAGTTAACAGA,Lateral plate and intermediate mesoderm,CLADE_2
TGCTTCGCAATCTAGC,Surface ectoderm,CLADE_2
TGCTTCGCAATGTGGG,Lateral plate and intermediate mesoderm,CLADE_2
TGCTTCGCAGAACTTC,Amniotic ectoderm,CLADE_2
TGCTTCGGTACTGCGC,Primitive erythroid cells,CLADE_2
TGCTTCGGTCACAGAG,Primitive erythroid cells,CLADE_4
TGCTTCGGTGAGATAT,Surface ectoderm,CLADE_2
TGCTTCGTCCGGCAGT,Primitive erythroid cells,CLADE_2
TGCTTCGTCGCTCTCA,Endothelium,CLADE_2
TGCTTGCAGCATCCCG,Gut endoderm,CLADE_2
TGCTTGCAGCGTGCTC,Lateral plate and intermediate mesoderm,CLADE_2
TGCTTGCAGCTAATGA,Hindbrain,CLADE_3
TGCTTGCAGGCGTTGA,Forebrain/midbrain,CLADE_2
TGCTTGCAGGTTGTTC,Primitive erythroid cells,CLADE_4
TGCTTGCCAAGAATGT,Paraxial mesoderm,CLADE_2
TGCTTGCCAGGTGACA,Placodal area,CLADE_2
TGCTTGCCAGTAACAA,Lateral plate and intermediate mesoderm,CLADE_2
TGCTTGCGTCTTGAAC,Lateral plate and intermediate mesoderm,CLADE_2
TGCTTGCGTGACGCCT,Primitive erythroid cells,CLADE_2
TGCTTGCGTGATGAAT,Amniotic ectoderm,CLADE_5
TGCTTGCGTGCAATAA,NMP,CLADE_2
TGCTTGCGTTGCATTG,Amniotic ectoderm,CLADE_2
TGCTTGCGTTGGATCT,Primitive erythroid cells,CLADE_2
TGCTTGCTCATCGCCT,Hindbrain,CLADE_1
TGGAACTAGACGACTG,Paraxial mesoderm,CLADE_2
TGGAACTAGGTTGTTC,Gut endoderm,CLADE_2
TGGAACTCAAAGGGTC,Primitive erythroid cells,CLADE_3
TGGAACTCAAGTGGGT,NMP,CLADE_2
TGGAACTCATGGCTAT,Hindbrain,CLADE_2
TGGAACTTCACGGACC,NMP,CLADE_2
TGGAACTTCCACTAGA,Gut endoderm,CLADE_2
TGGAACTTCCATGATG,Primitive erythroid cells,CLADE_3
TGGAACTTCGGACCAC,Surface ectoderm,CLADE_2
TGGAGAGAGATTGTGA,Amniotic ectoderm,CLADE_2
TGGAGAGAGCCATATC,First heart field,CLADE_4
TGGAGAGAGGGCCTCT,Forebrain/midbrain,CLADE_2
TGGAGAGCAAATACAG,Forebrain/midbrain,CLADE_5
TGGAGAGCAGAGTCAG,Gut endoderm,CLADE_1
TGGAGAGCAGGAATCG,Forebrain/midbrain,CLADE_2
TGGAGAGCAGTAGTGG,Hindbrain,CLADE_2
TGGAGAGCAGTTGGTT,Paraxial mesoderm,CLADE_2
TGGAGAGGTGAGATTA,Forebrain/midbrain,CLADE_2
TGGAGAGGTTACGATC,Gut endoderm,CLADE_2
TGGAGAGGTTCTCGTC,Hindbrain,CLADE_2
TGGAGAGTCACCTGGG,Primitive erythroid cells,CLADE_2
TGGAGAGTCGACCAAT,Amniotic ectoderm,CLADE_5
TGGAGGAAGAGCCATG,Primitive erythroid cells,CLADE_2
TGGAGGAAGGGCAATC,Endothelium,CLADE_2
TGGAGGAAGGGTTAAT,Lateral plate and intermediate mesoderm,CLADE_5
TGGAGGACAAAGGAGA,Surface ectoderm,CLADE_2
TGGAGGAGTAGTCGGA,Allantois,CLADE_2
TGGAGGAGTCGTGGAA,Hindbrain,CLADE_2
TGGAGGATCCAACACA,Lateral plate and intermediate mesoderm,CLADE_2
TGGAGGATCCATCTAT,Lateral plate and intermediate mesoderm,CLADE_2
TGGAGGATCCGTTGGG,Hindbrain,CLADE_1
TGGAGGATCCTTCGAC,Primitive erythroid cells,CLADE_2
TGGAGGATCTGATGGT,Primitive erythroid cells,CLADE_3
TGGATCAAGAGAGTTT,Hematoendothelial progenitors,CLADE_2
TGGATCAAGAGGGTAA,NMP,CLADE_3
TGGATCAAGCATACTC,Primitive erythroid cells,CLADE_2
TGGATCAAGTACTGTC,Hindbrain,CLADE_2
TGGATCACACTAGAGG,Primitive erythroid cells,CLADE_3
TGGATCACAGCTACAT,Primitive erythroid cells,CLADE_2
TGGATCAGTAGATCGG,Primitive erythroid cells,CLADE_2
TGGATCAGTATCAGCT,Paraxial mesoderm,CLADE_2
TGGATCAGTGCGCTCA,Surface ectoderm,CLADE_3
TGGATCATCGAGAAAT,Hindbrain,CLADE_5
TGGATCATCGGAAGGT,Forebrain/midbrain,CLADE_2
TGGATCATCGTTATCT,Paraxial mesoderm,CLADE_2
TGGATGTAGACCATGG,NMP,CLADE_3
TGGATGTAGCAACCAG,Primitive erythroid cells,CLADE_2
TGGATGTAGCACAAAT,Primitive erythroid cells,CLADE_3
TGGATGTCACCGTGAC,Surface ectoderm,CLADE_2
TGGATGTCATGGCTAT,Cranial neural crest,CLADE_3
TGGATGTGTAGGTACG,Endothelium,CLADE_2
TGGATGTGTAGTTACC,Lateral plate and intermediate mesoderm,CLADE_2
TGGATGTGTCCTACAA,Lateral plate and intermediate mesoderm,CLADE_2
TGGATGTGTCTACGAT,Primitive erythroid cells,CLADE_2
TGGATGTTCACACGAT,Primitive erythroid cells,CLADE_2
TGGATGTTCGTGTGGC,Gut endoderm,CLADE_1
TGGCGTGCAGCACACC,Hindbrain,CLADE_2
TGGCGTGGTATTCTCT,Forebrain/midbrain,CLADE_1
TGGCGTGGTCGAAGCA,Primitive erythroid cells,CLADE_2
TGGCGTGGTCTGTGTA,Primitive erythroid cells,CLADE_2
TGGCGTGTCAAGTAAG,Hematoendothelial progenitors,CLADE_2
TGGCGTGTCGACCCAG,Primitive erythroid cells,CLADE_3
TGGGAAGAGACTTCGT,Lateral plate and intermediate mesoderm,CLADE_2
TGGGAAGAGCGGGTTA,Cranial neural crest,CLADE_2
TGGGAAGCAAGGCTTT,Primitive erythroid cells,CLADE_2
TGGGAAGCACACAGAG,Second heart field,CLADE_2
TGGGAAGCAGATTTCG,Primitive erythroid cells,CLADE_5
TGGGAAGCAGGTCTCG,Primitive erythroid cells,CLADE_2
TGGGAAGCAGTTTGGT,Hindbrain,CLADE_2
TGGGAAGCATAGGCGA,NMP,CLADE_2
TGGGAAGCATCATCCC,Cranial neural crest,CLADE_5
TGGGAAGGTAGGCAGT,Forebrain/midbrain,CLADE_3
TGGGAAGGTCTTAGTG,Primitive erythroid cells,CLADE_2
TGGGAAGGTTGTTGAC,Cranial neural crest,CLADE_2
TGGGAAGTCCAACCGG,Primitive erythroid cells,CLADE_4
TGGGAAGTCCTGGGTG,Primitive erythroid cells,CLADE_2
TGGGAGAAGTGGAAGA,NMP,CLADE_2
TGGGAGACAAGGTCGA,First heart field,CLADE_2
TGGGAGACAGCTAACT,Cranial neural crest,CLADE_2
TGGGAGACAGGTGTGA,Primitive erythroid cells,CLADE_2
TGGGAGACATCGATCA,Primitive erythroid cells,CLADE_2
TGGGAGACATCGATGT,Primitive erythroid cells,CLADE_2
TGGGAGAGTAGCGTAG,Primitive erythroid cells,CLADE_2
TGGGAGAGTGTTCGTA,Hindbrain,CLADE_2
TGGGAGATCACCTACC,Primitive erythroid cells,CLADE_2
TGGGAGATCCATAGGT,Primitive erythroid cells,CLADE_2
TGGGAGATCCTTCAGC,NMP,CLADE_2
TGGGAGATCCTTCTAA,Forebrain/midbrain,CLADE_2
TGGGATTAGCTGACCC,Primitive erythroid cells,CLADE_2
TGGGATTAGTGGTTCT,Primitive erythroid cells,CLADE_6
TGGGATTCAGCGGTTC,Second heart field,CLADE_3
TGGGATTGTACACGTT,Primitive erythroid cells,CLADE_2
TGGGATTGTATGACAA,Forebrain/midbrain,CLADE_2
TGGGATTGTGAGTAAT,Primitive erythroid cells,CLADE_4
TGGGATTGTGCAATGG,Forebrain/midbrain,CLADE_2
TGGGATTGTTAAGGAT,Gut endoderm,CLADE_1
TGGGATTGTTGGAGGT,Primitive erythroid cells,CLADE_2
TGGGATTTCCCGTAAA,Primitive erythroid cells,CLADE_2
TGGGCGTAGAACTGAT,Amniotic ectoderm,CLADE_2
TGGGCGTAGCAAGCCA,Hindbrain,CLADE_2
TGGGCGTAGCCTGTCG,NMP,CLADE_2
TGGGCGTCACTGGAAG,Forebrain/midbrain,CLADE_2
TGGGCGTCACTGGACC,Primitive erythroid cells,CLADE_2
TGGGCGTCAGCGGTTC,Forebrain/midbrain,CLADE_2
TGGGCGTCATGTGCTA,Primitive erythroid cells,CLADE_2
TGGGCGTGTATAGGGC,Amniotic ectoderm,CLADE_1
TGGGCGTGTCCAGCGT,Paraxial mesoderm,CLADE_2
TGGGCGTGTGAGCTCC,Primitive erythroid cells,CLADE_2
TGGGCGTGTGGCCCAT,Forebrain/midbrain,CLADE_2
TGGGCGTGTTGACTAC,Gut endoderm,CLADE_2
TGGGCGTTCGGTATGT,First heart field,CLADE_2
TGGGCGTTCTAAGCCA,Surface ectoderm,CLADE_2
TGGGCTGAGATGCCGA,Primitive erythroid cells,CLADE_2
TGGGCTGAGCCATGCC,Paraxial mesoderm,CLADE_2
TGGGCTGAGCCTTCTC,Paraxial mesoderm,CLADE_2
TGGGCTGAGTAAACGT,NMP,CLADE_2
TGGGCTGAGTGGAAAG,Primitive erythroid cells,CLADE_2
TGGGCTGCACTTGGGC,Placodal area,CLADE_5
TGGGCTGGTCACCACG,Hindbrain,CLADE_2
TGGGCTGGTTCGAAGG,Primitive erythroid cells,CLADE_2
TGGGCTGGTTGATCGT,Allantois,CLADE_2
TGGGCTGTCCGGCAAC,Primitive erythroid cells,CLADE_4
TGGGCTGTCGATAACC,Cranial neural crest,CLADE_3
TGGGCTGTCGCAGTCG,Hindbrain,CLADE_2
TGGGCTGTCGTCTACC,Forebrain/midbrain,CLADE_2
TGGGTTACAGGTTACT,Forebrain/midbrain,CLADE_2
TGGGTTAGTCAAAGTA,Gut endoderm,CLADE_1
TGGGTTAGTCGAACAG,Paraxial mesoderm,CLADE_2
TGGGTTAGTCGTTGCG,Primitive erythroid cells,CLADE_2
TGGGTTAGTGGAGGTT,Lateral plate and intermediate mesoderm,CLADE_2
TGGGTTATCGGCTTCT,Placodal area,CLADE_5
TGGGTTATCTAGACAC,Lateral plate and intermediate mesoderm,CLADE_2
TGGTACAAGAACCGCA,First heart field,CLADE_5
TGGTACAAGACTCCGC,Allantois,CLADE_2
TGGTACAAGATGACAT,Gut endoderm,CLADE_2
TGGTACAAGCAAATGT,Gut endoderm,CLADE_2
TGGTACAAGCATGATA,Primitive erythroid cells,CLADE_6
TGGTACAAGGACAACC,Surface ectoderm,CLADE_2
TGGTACAAGGCGTCCT,Surface ectoderm,CLADE_20
TGGTACAAGGCGTTAG,Forebrain/midbrain,CLADE_2
TGGTACACATCGCTGG,Primitive erythroid cells,CLADE_2
TGGTACATCAGAGCAG,Paraxial mesoderm,CLADE_2
TGGTACATCCAACCGG,Primitive erythroid cells,CLADE_2
TGGTACATCGCTGACG,Primitive erythroid cells,CLADE_2
TGGTACATCTTCCCAG,Gut endoderm,CLADE_2
TGGTAGTGTCCATACA,Lateral plate and intermediate mesoderm,CLADE_3
TGGTAGTGTGGACCAA,Hindbrain,CLADE_5
TGGTAGTTCACTGTTT,Hindbrain,CLADE_5
TGGTAGTTCAGATTGC,Hematoendothelial progenitors,CLADE_2
TGGTAGTTCCTTTAGT,Endothelium,CLADE_2
TGGTAGTTCGCTAGCG,Forebrain/midbrain,CLADE_3
TGGTAGTTCGGTGTAT,Primitive erythroid cells,CLADE_1
TGGTAGTTCTAAGAAG,Lateral plate and intermediate mesoderm,CLADE_2
TGGTGATAGAACTCCT,Surface ectoderm,CLADE_5
TGGTGATAGAGGCGTT,Hindbrain,CLADE_2
TGGTGATAGGTACCTT,NMP,CLADE_2
TGGTGATAGGTTCCAT,Lateral plate and intermediate mesoderm,CLADE_5
TGGTGATAGTTTGGCT,Forebrain/midbrain,CLADE_3
TGGTGATCAACAACAA,Primitive erythroid cells,CLADE_1
TGGTGATCAACCAATC,Forebrain/midbrain,CLADE_4
TGGTGATCATACAGGG,Primitive erythroid cells,CLADE_2
TGGTGATCATACCGTA,Endothelium,CLADE_4
TGGTGATGTAGACTGG,Allantois,CLADE_2
TGGTGATGTTCGGACC,Primitive erythroid cells,CLADE_2
TGGTGATTCCGCAACG,Primitive erythroid cells,CLADE_2
TGGTGATTCGCATGAT,Primitive erythroid cells,CLADE_2
TGGTGATTCGGACCAC,Cranial neural crest,CLADE_2
TGGTGATTCGTAATGC,Forebrain/midbrain,CLADE_2
TGGTGATTCTTTGATC,Primitive erythroid cells,CLADE_2
TGGTTAGAGATCCCGC,Amniotic ectoderm,CLADE_3
TGGTTAGAGTTCGGTT,Allantois,CLADE_2
TGGTTAGAGTTTGTCG,Paraxial mesoderm,CLADE_2
TGGTTAGCAGAGGAAA,Forebrain/midbrain,CLADE_1
TGGTTAGGTCGTAATC,Paraxial mesoderm,CLADE_2
TGGTTAGGTGGAGGTT,Surface ectoderm,CLADE_2
TGGTTAGGTGTGTGTT,Paraxial mesoderm,CLADE_2
TGGTTAGGTTAGAAGT,Primitive erythroid cells,CLADE_4
TGGTTAGTCCGGCTTT,Primitive erythroid cells,CLADE_3
TGGTTAGTCGAGTGGA,Lateral plate and intermediate mesoderm,CLADE_2
TGGTTAGTCGGAAGGT,Primitive erythroid cells,CLADE_2
TGGTTAGTCTCGGCTT,Primitive erythroid cells,CLADE_2
TGTAACGAGACATAAC,Allantois,CLADE_2
TGTAACGAGATGAAGG,Lateral plate and intermediate mesoderm,CLADE_2
TGTAACGAGATTGAGT,Forebrain/midbrain,CLADE_2
TGTAACGAGTATGCAA,Gut endoderm,CLADE_2
TGTAACGAGTCGCCCA,Surface ectoderm,CLADE_3
TGTAACGCACCAACAT,Forebrain/midbrain,CLADE_2
TGTAACGCAGTCCGTG,Primitive erythroid cells,CLADE_3
TGTAACGCATGCCATA,Primitive erythroid cells,CLADE_2
TGTAACGGTACCTATG,Primitive erythroid cells,CLADE_2
TGTAACGGTCACATTG,Surface ectoderm,CLADE_2
TGTAACGGTCCAAATC,Second heart field,CLADE_2
TGTAACGTCACTTTGT,NMP,CLADE_2
TGTAACGTCCATCGTC,Lateral plate and intermediate mesoderm,CLADE_2
TGTAACGTCGTCTAAG,Forebrain/midbrain,CLADE_2
TGTAACGTCTCCCATG,Primitive erythroid cells,CLADE_2
TGTAAGCCACCTGCTT,Primitive erythroid cells,CLADE_2
TGTAAGCCACGCCACA,Lateral plate and intermediate mesoderm,CLADE_2
TGTAAGCGTAACGGTG,Hindbrain,CLADE_1
TGTAAGCGTTATAGAG,Forebrain/midbrain,CLADE_2
TGTAAGCGTTCCGTTC,Surface ectoderm,CLADE_5
TGTAAGCGTTTGGCTA,Hematoendothelial progenitors,CLADE_2
TGTAAGCTCACTTCTA,Forebrain/midbrain,CLADE_2
TGTAAGCTCTCCCATG,Primitive erythroid cells,CLADE_12
TGTACAGAGAACGTGC,Primitive erythroid cells,CLADE_3
TGTACAGAGAAGTCCG,Primitive erythroid cells,CLADE_2
TGTACAGAGACAGCGT,Primitive erythroid cells,CLADE_2
TGTACAGAGTTTGTCG,Primitive erythroid cells,CLADE_2
TGTACAGCAGCGTGCT,Primitive erythroid cells,CLADE_2
TGTACAGCATAGGAGC,Lateral plate and intermediate mesoderm,CLADE_5
TGTACAGCATTGTAGC,Primitive erythroid cells,CLADE_2
TGTACAGGTAACCCTA,Hindbrain,CLADE_3
TGTACAGGTAGAGACC,NMP,CLADE_2
TGTACAGGTAGTCACT,Endothelium,CLADE_2
TGTACAGGTCACAGAG,Hindbrain,CLADE_5
TGTAGACAGAGAATCT,Second heart field,CLADE_2
TGTAGACAGATGGCAC,Hematoendothelial progenitors,CLADE_4
TGTAGACAGCGCGTTC,Primitive erythroid cells,CLADE_2
TGTAGACAGGCGCTCT,Gut endoderm,CLADE_2
TGTAGACCATCAACCA,Forebrain/midbrain,CLADE_2
TGTAGACCATCTATCT,Primitive erythroid cells,CLADE_2
TGTAGACGTCAACGCC,Primitive erythroid cells,CLADE_2
TGTAGACGTCACAGTT,Lateral plate and intermediate mesoderm,CLADE_3
TGTAGACGTGGCTACC,Primitive erythroid cells,CLADE_2
TGTAGACTCACCACAA,Endothelium,CLADE_2
TGTAGACTCCATACAG,NMP,CLADE_2
TGTCAGAAGATCGCCC,NMP,CLADE_2
TGTCAGACACGGCGTT,Primitive erythroid cells,CLADE_2
TGTCAGACAGCTACAT,Gut endoderm,CLADE_3
TGTCAGACATTGACTG,Primitive erythroid cells,CLADE_2
TGTCAGAGTTAATCGC,Gut endoderm,CLADE_2
TGTCAGATCCGAGAAG,Surface ectoderm,CLADE_2
TGTCAGATCGACGTCG,Primitive erythroid cells,CLADE_2
TGTCAGATCGTAGTGT,Cranial neural crest,CLADE_2
TGTCCACAGAAGCCAC,Forebrain/midbrain,CLADE_2
TGTCCACAGCATCCTA,Surface ectoderm,CLADE_6
TGTCCACAGGTCATAA,Surface ectoderm,CLADE_4
TGTCCACAGTCAAGCG,Primitive erythroid cells,CLADE_2
TGTCCACCATGTCGTA,Gut endoderm,CLADE_1
TGTCCACCATTAGGAA,NMP,CLADE_2
TGTCCACGTGACAGGT,Lateral plate and intermediate mesoderm,CLADE_2
TGTCCACGTGATGAAT,Surface ectoderm,CLADE_3
TGTCCACTCAGAGTTC,Primitive erythroid cells,CLADE_2
TGTCCACTCGAGTACT,Hindbrain,CLADE_2
TGTCCACTCGTAACCA,Amniotic ectoderm,CLADE_1
TGTCCACTCTCGCGTT,NMP,CLADE_2
TGTCCCAAGCAGCCTC,Primitive erythroid cells,CLADE_2
TGTCCCAAGCCTCTTC,Primitive erythroid cells,CLADE_3
TGTCCCAAGTGAGTTA,Surface ectoderm,CLADE_2
TGTCCCACAGAACTAA,NMP,CLADE_2
TGTCCCACATACCGTA,Primitive erythroid cells,CLADE_4
TGTCCCAGTCATATGC,Amniotic ectoderm,CLADE_3
TGTCCCAGTGGGAGAG,Amniotic ectoderm,CLADE_2
TGTCCCAGTTCAAGTC,Hindbrain,CLADE_6
TGTCCCAGTTGCAAGG,Hindbrain,CLADE_2
TGTCCCATCCGTCCTA,Surface ectoderm,CLADE_2
TGTCCCATCGTAACAC,Surface ectoderm,CLADE_2
TGTCCCATCTGCGTCT,Primitive erythroid cells,CLADE_2
TGTCCTGCAAGCAGGT,Hindbrain,CLADE_3
TGTCCTGCAATGGGTG,Lateral plate and intermediate mesoderm,CLADE_2
TGTCCTGCACGATAGG,Endothelium,CLADE_2
TGTCCTGCATGCCGAC,Forebrain/midbrain,CLADE_2
TGTCCTGGTTACCCTC,Placodal area,CLADE_5
TGTCCTGTCCATACAG,Gut endoderm,CLADE_1
TGTCCTGTCGCCAGAC,Surface ectoderm,CLADE_2
TGTGAGTAGACAACAT,Primitive erythroid cells,CLADE_2
TGTGAGTAGATCCAAA,Surface ectoderm,CLADE_4
TGTGAGTAGGACGCAT,Allantois,CLADE_2
TGTGAGTCACTAGGCC,Paraxial mesoderm,CLADE_2
TGTGAGTCACTGCATA,Surface ectoderm,CLADE_2
TGTGAGTCATCTAACG,Paraxial mesoderm,CLADE_2
TGTGAGTCATTGCCTC,Lateral plate and intermediate mesoderm,CLADE_2
TGTGAGTGTCAAAGCG,Primitive erythroid cells,CLADE_2
TGTGAGTGTCGATTTG,Hindbrain,CLADE_2
TGTGAGTGTGCCAAGA,Primitive erythroid cells,CLADE_2
TGTGAGTGTGGCTGCT,Forebrain/midbrain,CLADE_5
TGTGAGTTCAGCACCG,Paraxial mesoderm,CLADE_4
TGTGATGAGAACTCCT,Primitive erythroid cells,CLADE_4
TGTGATGAGCGACTAG,Primitive erythroid cells,CLADE_2
TGTGATGAGCTCCCTT,Primitive erythroid cells,CLADE_2
TGTGATGCAAGAATAC,Surface ectoderm,CLADE_2
TGTGATGCAGAGGTTG,Primitive erythroid cells,CLADE_2
TGTGATGCAGCCTACG,NMP,CLADE_2
TGTGATGCATCGGATT,Primitive erythroid cells,CLADE_2
TGTGATGGTACAGTTC,Lateral plate and intermediate mesoderm,CLADE_2
TGTGATGGTAGGAGGG,Forebrain/midbrain,CLADE_2
TGTGATGGTGCTAGCC,Placodal area,CLADE_2
TGTGATGGTGTATACC,Gut endoderm,CLADE_2
TGTGATGGTGTCTCCT,Primitive erythroid cells,CLADE_2
TGTGATGTCATCGCCT,Spinal cord,CLADE_2
TGTGATGTCCAGCCTT,NMP,CLADE_1
TGTGATGTCGTAATGC,Primitive erythroid cells,CLADE_4
TGTGATGTCTATACTC,Hindbrain,CLADE_1
TGTGATGTCTCCACTG,Forebrain/midbrain,CLADE_3
TGTGCGGCAAGTCATC,Forebrain/midbrain,CLADE_2
TGTGCGGCACACCTTC,Primitive erythroid cells,CLADE_2
TGTGCGGCACACGCCA,Primitive erythroid cells,CLADE_2
TGTGCGGCAGTCTCTC,Hindbrain,CLADE_2
TGTGCGGCATCGCTGG,Endothelium,CLADE_2
TGTGCGGCATTGGATC,Forebrain/midbrain,CLADE_2
TGTGCGGGTAGAATAC,Surface ectoderm,CLADE_2
TGTGCGGGTAGTATAG,Amniotic ectoderm,CLADE_2
TGTGCGGGTGCCGAAA,Paraxial mesoderm,CLADE_2
TGTGCGGGTGTTGCCG,Forebrain/midbrain,CLADE_2
TGTGCGGGTTACCTGA,Gut endoderm,CLADE_2
TGTGCGGGTTAGGCTT,Forebrain/midbrain,CLADE_2
TGTGCGGTCGAGAAGC,Lateral plate and intermediate mesoderm,CLADE_3
TGTGGCGAGGAGGTTC,Primitive erythroid cells,CLADE_3
TGTGGCGAGTGTGTTC,Primitive erythroid cells,CLADE_2
TGTGGCGCAAATCGGG,Primitive erythroid cells,CLADE_2
TGTGGCGCACGTAGTT,First heart field,CLADE_2
TGTGGCGCAGTAGATA,Primitive erythroid cells,CLADE_4
TGTGGCGGTACTGGGA,Surface ectoderm,CLADE_2
TGTGGCGGTGAAGCTG,Primitive erythroid cells,CLADE_4
TGTGGCGGTGACTGAG,Lateral plate and intermediate mesoderm,CLADE_5
TGTGGCGTCACTACGA,Hindbrain,CLADE_2
TGTGGCGTCCATTGCC,NMP,CLADE_2
TGTGGCGTCCCGGTAG,NMP,CLADE_2
TGTGGCGTCCTTCTAA,Primitive erythroid cells,CLADE_2
TGTGTGAAGCGAACTG,Primitive erythroid cells,CLADE_4
TGTGTGAAGCGAGTAC,Allantois,CLADE_2
TGTGTGAAGTACAACA,Primitive erythroid cells,CLADE_2
TGTGTGACATCGCTCT,Primitive erythroid cells,CLADE_2
TGTGTGACATCTCATT,Primitive erythroid cells,CLADE_2
TGTGTGAGTCCGACGT,Cranial neural crest,CLADE_2
TGTGTGATCACGGAGA,Gut endoderm,CLADE_2
TGTGTGATCCACGTAA,Primitive erythroid cells,CLADE_2
TGTGTGATCGGATTAC,Surface ectoderm,CLADE_2
TGTGTGATCGGCTGAC,Primitive erythroid cells,CLADE_2
TGTGTGATCTGGTGGC,Primitive erythroid cells,CLADE_3
TGTTACTAGAGGTCAC,Primitive erythroid cells,CLADE_2
TGTTACTAGATACTGA,Primitive erythroid cells,CLADE_2
TGTTACTAGTCTGGAG,Surface ectoderm,CLADE_2
TGTTACTGTAATCAAG,Second heart field,CLADE_2
TGTTACTGTAGTACGG,Lateral plate and intermediate mesoderm,CLADE_3
TGTTACTGTATAGGGC,Hindbrain,CLADE_2
TGTTACTGTCCCAAAT,Primitive erythroid cells,CLADE_2
TGTTACTTCCGGTAAT,First heart field,CLADE_5
TGTTACTTCCTTATAC,Surface ectoderm,CLADE_2
TGTTACTTCGTAGAGG,Lateral plate and intermediate mesoderm,CLADE_2
TGTTACTTCTACCCAC,Primitive erythroid cells,CLADE_6
TGTTCATAGTATAGAC,Hindbrain,CLADE_2
TGTTCATAGTGGCGAT,Lateral plate and intermediate mesoderm,CLADE_2
TGTTCATCACAAGCAG,Hindbrain,CLADE_2
TGTTCATCACGGTGAA,Primitive erythroid cells,CLADE_2
TGTTCATCATTGAAGA,Primitive erythroid cells,CLADE_2
TGTTCATGTCATGACT,Paraxial mesoderm,CLADE_2
TGTTCATGTCGCACGT,NMP,CLADE_2
TGTTCATGTGCTGCAC,Hindbrain,CLADE_2
TGTTCATGTGGTCAAG,Gut endoderm,CLADE_6
TGTTCATGTTCAGCTA,Endothelium,CLADE_2
TGTTCATGTTCTAAGC,Primitive erythroid cells,CLADE_2
TGTTCATTCCGATCGG,Hindbrain,CLADE_2
TGTTCATTCGAACGGA,Paraxial mesoderm,CLADE_2
TGTTCATTCTCAGTCC,Endothelium,CLADE_2
TGTTCATTCTGCATAG,Forebrain/midbrain,CLADE_6
TGTTCCGAGCCATGCC,Primitive erythroid cells,CLADE_1
TGTTCCGAGCCTTTCC,Amniotic ectoderm,CLADE_5
TGTTCCGAGGCTGGAT,Allantois,CLADE_2
TGTTCCGAGTTGCGCC,Paraxial mesoderm,CLADE_3
TGTTCCGCACACCTTC,Lateral plate and intermediate mesoderm,CLADE_3
TGTTCCGCATAATGCC,Lateral plate and intermediate mesoderm,CLADE_2
TGTTCCGCATAGAAAC,Forebrain/midbrain,CLADE_4
TGTTCCGGTGACACAG,Primitive erythroid cells,CLADE_2
TGTTCCGGTGGGCTCT,Surface ectoderm,CLADE_49
TGTTCCGTCACTTTGT,Primitive erythroid cells,CLADE_2
TGTTCTACAACCGACC,Hematoendothelial progenitors,CLADE_2
TGTTCTACAAGGTCAG,Forebrain/midbrain,CLADE_2
TGTTCTACAGATACTC,Placodal area,CLADE_3
TGTTCTACATCATCCC,Primitive erythroid cells,CLADE_2
TGTTCTACATGCTGCG,Cranial neural crest,CLADE_2
TGTTCTAGTACAAGTA,Endothelium,CLADE_2
TGTTCTAGTCACCACG,Paraxial mesoderm,CLADE_2
TGTTCTAGTTCCTACC,Surface ectoderm,CLADE_1
TGTTCTAGTTGTAGCT,Primitive erythroid cells,CLADE_2
TGTTCTAGTTGTGGCC,Forebrain/midbrain,CLADE_2
TGTTCTATCACCCTCA,Primitive erythroid cells,CLADE_2
TGTTCTATCAGCAATC,Cranial neural crest,CLADE_2
TGTTCTATCATTTACC,Gut endoderm,CLADE_3
TGTTCTATCGGTTAGT,Primitive erythroid cells,CLADE_2
TGTTGAGAGACTGTTC,Gut endoderm,CLADE_2
TGTTGAGAGAGGATCC,Primitive erythroid cells,CLADE_2
TGTTGAGAGAGTGAAG,Gut endoderm,CLADE_2
TGTTGAGAGCAAACAT,Surface ectoderm,CLADE_2
TGTTGAGAGCGTTACT,Placodal area,CLADE_2
TGTTGAGAGGACGGAG,NMP,CLADE_3
TGTTGAGAGTTAACAG,Forebrain/midbrain,CLADE_2
TGTTGAGCAAATTGGA,Amniotic ectoderm,CLADE_2
TGTTGAGCAGAACTTC,Gut endoderm,CLADE_2
TGTTGAGCAGTTGCGC,Primitive erythroid cells,CLADE_2
TGTTGAGGTCATAAAG,Spinal cord,CLADE_2
TGTTGAGTCTGGCCGA,Lateral plate and intermediate mesoderm,CLADE_2
TGTTGGAAGAGCTGCA,Surface ectoderm,CLADE_2
TGTTGGAAGCGTGCTC,Surface ectoderm,CLADE_2
TGTTGGAAGGTGCCTC,Endothelium,CLADE_2
TGTTGGACACAGAAGC,Primitive erythroid cells,CLADE_2
TGTTGGACATCCTTGC,Primitive erythroid cells,CLADE_2
TGTTGGACATTAGGAA,Cranial neural crest,CLADE_2
TGTTGGAGTCCGGACT,Forebrain/midbrain,CLADE_4
TGTTGGAGTGTGTCCG,Primitive erythroid cells,CLADE_2
TGTTGGATCCGATCTC,Spinal cord,CLADE_2
TGTTGGATCTAGTGTG,Paraxial mesoderm,CLADE_3
TGTTGGATCTCCTGAC,Cranial neural crest,CLADE_2
TGTTTGTAGCCATATC,Lateral plate and intermediate mesoderm,CLADE_2
TGTTTGTAGCCGGATA,Primitive erythroid cells,CLADE_4
TGTTTGTAGCGTGAAC,Forebrain/midbrain,CLADE_2
TGTTTGTAGTACTGTC,Primitive erythroid cells,CLADE_2
TGTTTGTGTACGGATG,Hematoendothelial progenitors,CLADE_3
TGTTTGTGTCTGGTTA,Primitive erythroid cells,CLADE_3
TGTTTGTGTGCATGTT,Hindbrain,CLADE_2
TGTTTGTGTGCCTACG,Surface ectoderm,CLADE_2
TGTTTGTTCCACGTAA,Primitive erythroid cells,CLADE_2
TGTTTGTTCCTACAAG,Surface ectoderm,CLADE_2
TGTTTGTTCTTGCGCT,Lateral plate and intermediate mesoderm,CLADE_6
TTAATCCAGAGCTGCA,Primitive erythroid cells,CLADE_2
TTAATCCAGCGAGTCA,Endothelium,CLADE_2
TTAATCCAGCTCAGAG,Forebrain/midbrain,CLADE_2
TTAATCCAGGAATCGC,Primitive erythroid cells,CLADE_2
TTAATCCAGGCGCTTC,Primitive erythroid cells,CLADE_2
TTAATCCAGGTCGAGT,Paraxial mesoderm,CLADE_2
TTAATCCAGTATTAGG,Primitive erythroid cells,CLADE_2
TTAATCCAGTCGTCTA,Primitive erythroid cells,CLADE_4
TTAATCCCAATGCTCA,Notochord,CLADE_3
TTAATCCGTAGCGTCC,Surface ectoderm,CLADE_6
TTAATCCGTATGGAAT,Forebrain/midbrain,CLADE_2
TTAATCCGTATGTCTG,Primitive erythroid cells,CLADE_2
TTAATCCGTGATGAAT,Second heart field,CLADE_3
TTAATCCTCGTGGGTC,Surface ectoderm,CLADE_2
TTAATCCTCGTTCTCG,NMP,CLADE_2
TTAATCCTCTCAGGCG,Primitive erythroid cells,CLADE_3
TTAATCCTCTTTCCGG,Hindbrain,CLADE_2
TTACAGGAGAGGGCGA,Forebrain/midbrain,CLADE_1
TTACAGGAGGACTAAT,Primitive erythroid cells,CLADE_2
TTACAGGAGTAACGAT,Paraxial mesoderm,CLADE_2
TTACAGGAGTTGGCTT,Lateral plate and intermediate mesoderm,CLADE_2
TTACAGGCAAACGTGG,Lateral plate and intermediate mesoderm,CLADE_2
TTACAGGCAATCAGCT,Allantois,CLADE_2
TTACAGGCACAAAGCG,Lateral plate and intermediate mesoderm,CLADE_5
TTACAGGCACGTGTGC,Paraxial mesoderm,CLADE_50
TTACAGGCAGCCCAGT,Forebrain/midbrain,CLADE_2
TTACAGGTCACGAGGA,Forebrain/midbrain,CLADE_2
TTACAGGTCTACTATC,Paraxial mesoderm,CLADE_2
TTACCATAGATGCTGG,Lateral plate and intermediate mesoderm,CLADE_4
TTACCATAGCTCGACC,Paraxial mesoderm,CLADE_6
TTACCATCAATGGCAG,Gut endoderm,CLADE_1
TTACCATGTACCGTCG,Surface ectoderm,CLADE_2
TTACCATGTAGAGGAA,Hindbrain,CLADE_5
TTACCATGTCCGAAAG,Primitive erythroid cells,CLADE_4
TTACCATGTGATTCTG,Primitive erythroid cells,CLADE_4
TTACCATGTGGTACAG,Gut endoderm,CLADE_2
TTACCATTCCACCCTA,Forebrain/midbrain,CLADE_2
TTACCATTCCTTGGAA,Hindbrain,CLADE_5
TTACCATTCGGAATTC,Hindbrain,CLADE_2
TTACCATTCTTCCGTG,Primitive erythroid cells,CLADE_2
TTACCGCAGAATTGCA,Lateral plate and intermediate mesoderm,CLADE_1
TTACCGCAGCCAAGGT,Primitive erythroid cells,CLADE_4
TTACCGCCAATCGTCA,Hindbrain,CLADE_2
TTACCGCCACGGTGCT,Primitive erythroid cells,CLADE_4
TTACCGCCACTAGAGG,Primitive erythroid cells,CLADE_2
TTACCGCCAGATCATC,Paraxial mesoderm,CLADE_2
TTACCGCCATTCACCC,Lateral plate and intermediate mesoderm,CLADE_1
TTACCGCGTATCTCTT,NMP,CLADE_3
TTACCGCGTTACTCAG,Gut endoderm,CLADE_2
TTACCGCTCACCTGTC,First heart field,CLADE_2
TTACCGCTCAGGGTAG,Surface ectoderm,CLADE_2
TTACCGCTCCAAGGGA,Hindbrain,CLADE_2
TTACCGCTCCTACTGC,Forebrain/midbrain,CLADE_2
TTACCGCTCTCTATGT,Forebrain/midbrain,CLADE_2
TTACGCCAGTAAGGGA,Lateral plate and intermediate mesoderm,CLADE_2
TTACGCCCAACGGTAG,NMP,CLADE_2
TTACGCCCAAGGCGTA,NMP,CLADE_2
TTACGCCGTGGCCACT,Placodal area,CLADE_2
TTACGCCGTGTCCGGT,Lateral plate and intermediate mesoderm,CLADE_2
TTACGCCGTTCAACGT,Paraxial mesoderm,CLADE_6
TTACGCCTCGCATAGT,Gut endoderm,CLADE_2
TTACGCCTCTACACTT,Lateral plate and intermediate mesoderm,CLADE_2
TTACGCCTCTATCGTT,Primitive erythroid cells,CLADE_2
TTACGTTAGTACAGAT,Primitive erythroid cells,CLADE_4
TTACGTTAGTATCTGC,NMP,CLADE_2
TTACGTTCAATCGCGC,Hematoendothelial progenitors,CLADE_2
TTACGTTCATAATCGC,Hindbrain,CLADE_3
TTACGTTGTAGTTAGA,Primitive erythroid cells,CLADE_4
TTACGTTGTGGACCTC,Gut endoderm,CLADE_2
TTACGTTTCTGAGCAT,Forebrain/midbrain,CLADE_2
TTACGTTTCTTGGGCG,Lateral plate and intermediate mesoderm,CLADE_2
TTACTGTAGAGCATAT,First heart field,CLADE_2
TTACTGTAGATTGGGC,Surface ectoderm,CLADE_2
TTACTGTAGCGTTCAT,Lateral plate and intermediate mesoderm,CLADE_2
TTACTGTCAATTCTTC,Primitive erythroid cells,CLADE_6
TTACTGTCAGCGAACA,Primitive erythroid cells,CLADE_2
TTACTGTCAGGTAGTG,Surface ectoderm,CLADE_2
TTACTGTCAGTTTCGA,Hematoendothelial progenitors,CLADE_2
TTACTGTCATCTAACG,Primitive erythroid cells,CLADE_2
TTACTGTCATTACGGT,Gut endoderm,CLADE_2
TTACTGTGTACCCGAC,Paraxial mesoderm,CLADE_1
TTACTGTGTACCGTGC,Amniotic ectoderm,CLADE_2
TTACTGTGTTCTCAGA,Primitive erythroid cells,CLADE_2
TTACTGTGTTGGTACT,Primordial germ cells,CLADE_2
TTACTGTTCAAGCGTT,Endothelium,CLADE_2
TTACTGTTCACCTGGG,Primitive erythroid cells,CLADE_2
TTACTGTTCGAAGTGG,Primitive erythroid cells,CLADE_2
TTACTGTTCGGTAGAG,Lateral plate and intermediate mesoderm,CLADE_4
TTAGGCAAGAAGCCAC,Forebrain/midbrain,CLADE_2
TTAGGCAAGAGGACTC,Hindbrain,CLADE_2
TTAGGCAAGGTTGTTC,Forebrain/midbrain,CLADE_2
TTAGGCAAGTAGAATC,First heart field,CLADE_2
TTAGGCAAGTATGGAT,Primitive erythroid cells,CLADE_3
TTAGGCAAGTCTTGGT,Surface ectoderm,CLADE_2
TTAGGCAAGTGTGTTC,Forebrain/midbrain,CLADE_2
TTAGGCACACTCGATA,Primitive erythroid cells,CLADE_2
TTAGGCAGTAGTAAGT,Primitive erythroid cells,CLADE_2
TTAGGCAGTCTTGGTA,NMP,CLADE_2
TTAGGCAGTTCCCAAA,Primitive erythroid cells,CLADE_2
TTAGGCAGTTGTGGAG,Primitive erythroid cells,CLADE_2
TTAGGGTAGAAGGGAT,Forebrain/midbrain,CLADE_2
TTAGGGTAGCAACTTC,Lateral plate and intermediate mesoderm,CLADE_2
TTAGGGTAGGGCTGAT,Lateral plate and intermediate mesoderm,CLADE_3
TTAGGGTCAAGAGCTG,Endothelium,CLADE_2
TTAGGGTCAATGCAAA,Primitive erythroid cells,CLADE_2
TTAGGGTGTCCAAATC,Forebrain/midbrain,CLADE_2
TTAGGGTGTGACTCTA,Surface ectoderm,CLADE_2
TTAGGGTTCACTGGTA,Amniotic ectoderm,CLADE_2
TTAGGGTTCCCACAGG,Hindbrain,CLADE_2
TTAGGGTTCCTACGGG,Forebrain/midbrain,CLADE_2
TTAGGGTTCTGTCTCG,Primitive erythroid cells,CLADE_2
TTAGTCTAGATCCAAA,Amniotic ectoderm,CLADE_2
TTAGTCTAGGAGGGTG,Allantois,CLADE_1
TTAGTCTGTATCGCGC,Hematoendothelial progenitors,CLADE_2
TTAGTCTGTGATTAGA,Primitive erythroid cells,CLADE_2
TTAGTCTGTTTGAAAG,Hindbrain,CLADE_2
TTAGTCTTCAAGCGTT,Forebrain/midbrain,CLADE_2
TTAGTCTTCATGAAAG,Surface ectoderm,CLADE_2
TTAGTCTTCTATTTCG,Primitive erythroid cells,CLADE_2
TTATTGCAGAGTCAAT,Cranial neural crest,CLADE_2
TTATTGCAGTTGCCCG,Primitive erythroid cells,CLADE_2
TTATTGCCAAGAATGT,Primitive erythroid cells,CLADE_2
TTATTGCCAATTTCGG,Primitive erythroid cells,CLADE_4
TTATTGCCACCTGCTT,Primitive erythroid cells,CLADE_2
TTATTGCCACTCCTTG,Lateral plate and intermediate mesoderm,CLADE_2
TTATTGCCAGATACTC,NMP,CLADE_2
TTATTGCCATCCGATA,NMP,CLADE_2
TTATTGCGTACACGCC,Primitive erythroid cells,CLADE_2
TTATTGCGTATCGTAC,Primitive erythroid cells,CLADE_2
TTATTGCGTATTAAGG,Primitive erythroid cells,CLADE_2
TTATTGCGTTGCCATA,Primitive erythroid cells,CLADE_2
TTATTGCGTTGGAGAC,Allantois,CLADE_2
TTATTGCTCCTGTTAT,Primitive erythroid cells,CLADE_3
TTCAATCAGCCTTTGA,Primitive erythroid cells,CLADE_2
TTCAATCAGCTACTAC,Primitive erythroid cells,CLADE_4
TTCAATCAGGATACGC,Cranial neural crest,CLADE_2
TTCAATCAGTGCGTCC,Forebrain/midbrain,CLADE_2
TTCAATCCAAGAGTGC,Cranial neural crest,CLADE_6
TTCAATCCAGAGGACT,Spinal cord,CLADE_2
TTCAATCCATAGGCGA,Primitive erythroid cells,CLADE_2
TTCAATCGTGCCGGTT,Forebrain/midbrain,CLADE_5
TTCAATCGTGGCGTAA,Primitive erythroid cells,CLADE_2
TTCAATCGTTCTATCT,Hindbrain,CLADE_3
TTCAATCTCATTGAGC,Forebrain/midbrain,CLADE_2
TTCAATCTCCAATGCA,Primitive erythroid cells,CLADE_2
TTCACCGAGATTAGAC,Primitive erythroid cells,CLADE_2
TTCACCGAGGGTATAT,Surface ectoderm,CLADE_3
TTCACCGAGTCCGTCG,Primitive erythroid cells,CLADE_2
TTCACCGAGTCCTGTA,Primitive erythroid cells,CLADE_2
TTCACCGCACTTCAAG,Spinal cord,CLADE_2
TTCACCGCAGATGCGA,Primitive erythroid cells,CLADE_2
TTCACCGCATGGCCAC,Primitive erythroid cells,CLADE_2
TTCACCGCATGTGACT,Forebrain/midbrain,CLADE_2
TTCACCGCATTGAAAG,Placodal area,CLADE_2
TTCACCGCATTGACTG,Primitive erythroid cells,CLADE_2
TTCACCGGTACAGTTC,Primitive erythroid cells,CLADE_2
TTCACCGGTACGAGTG,Surface ectoderm,CLADE_2
TTCACCGGTATGTCTG,Surface ectoderm,CLADE_2
TTCACCGGTCTGTCCT,Lateral plate and intermediate mesoderm,CLADE_2
TTCACCGTCATGCCAA,Lateral plate and intermediate mesoderm,CLADE_2
TTCACGCAGAGTAACT,Forebrain/midbrain,CLADE_2
TTCACGCAGGTACTGG,Surface ectoderm,CLADE_2
TTCACGCCACAAATCC,Hindbrain,CLADE_2
TTCACGCCACCAACAT,Forebrain/midbrain,CLADE_2
TTCACGCCACTCGATA,Allantois,CLADE_2
TTCACGCCAGAGCGTA,Second heart field,CLADE_2
TTCACGCCAGAGGGTT,Gut endoderm,CLADE_2
TTCACGCCAGTAGTGG,Amniotic ectoderm,CLADE_2
TTCACGCCAGTCTTCC,Primordial germ cells,CLADE_9
TTCACGCGTCACCGAC,Lateral plate and intermediate mesoderm,CLADE_2
TTCAGGAAGACCTGGA,Surface ectoderm,CLADE_3
TTCAGGAAGGACGCAT,Lateral plate and intermediate mesoderm,CLADE_2
TTCAGGAAGGCAGTCA,Amniotic ectoderm,CLADE_2
TTCAGGAAGGGCAGAG,Primitive erythroid cells,CLADE_4
TTCAGGAAGTTGAAGT,Primitive erythroid cells,CLADE_2
TTCAGGACAAATCGGG,Hindbrain,CLADE_2
TTCAGGACAACGGTAG,Primitive erythroid cells,CLADE_2
TTCAGGACACGAAGAC,Primitive erythroid cells,CLADE_2
TTCAGGACAGTAGATA,Primitive erythroid cells,CLADE_2
TTCAGGACATGGAAGC,Surface ectoderm,CLADE_2
TTCATGTAGAGAGTTT,Primitive erythroid cells,CLADE_2
TTCATGTAGTCCTGCG,Surface ectoderm,CLADE_2
TTCATGTCAAGATGGC,Lateral plate and intermediate mesoderm,CLADE_2
TTCATGTCAGACGCTC,Placodal area,CLADE_2
TTCATGTGTTGCTGAT,Primitive erythroid cells,CLADE_4
TTCATGTTCCGTGTGG,Gut endoderm,CLADE_2
TTCATGTTCGGTGAAG,NMP,CLADE_2
TTCATGTTCTGTCGCT,Primitive erythroid cells,CLADE_2
TTCATTGAGCACCTGC,Amniotic ectoderm,CLADE_2
TTCATTGAGTGAGGTC,Gut endoderm,CLADE_1
TTCATTGCAGCGTACC,Primitive erythroid cells,CLADE_2
TTCATTGGTCAGGTAG,Primitive erythroid cells,CLADE_2
TTCATTGGTCGATGCC,Primitive erythroid cells,CLADE_6
TTCATTGGTTAAACAG,Surface ectoderm,CLADE_2
TTCATTGGTTGCATAC,Surface ectoderm,CLADE_2
TTCATTGTCCACACAA,NMP,CLADE_2
TTCATTGTCGTAACTG,Primitive erythroid cells,CLADE_2
TTCCAATAGGGCCTCT,Forebrain/midbrain,CLADE_2
TTCCAATAGTCTACCA,Gut endoderm,CLADE_2
TTCCAATCAGACAATA,Placodal area,CLADE_2
TTCCAATTCACCATCC,Primitive erythroid cells,CLADE_2
TTCCACGAGAAGGATG,Primitive erythroid cells,CLADE_6
TTCCACGAGATGTTAG,Hematoendothelial progenitors,CLADE_2
TTCCACGAGTATCCTG,NMP,CLADE_2
TTCCACGAGTCCCTAA,Gut endoderm,CLADE_2
TTCCACGAGTTCCTGA,Amniotic ectoderm,CLADE_2
TTCCACGCACGTTCGG,Forebrain/midbrain,CLADE_2
TTCCACGCATCATCCC,Hindbrain,CLADE_3
TTCCACGGTCGTTTCC,Primitive erythroid cells,CLADE_6
TTCCACGGTGAATATG,Forebrain/midbrain,CLADE_2
TTCCACGGTGAGGCAT,NMP,CLADE_2
TTCCACGGTGGCCTCA,Spinal cord,CLADE_2
TTCCACGTCTACACTT,Primitive erythroid cells,CLADE_4
TTCCGGTAGACGCTCC,Lateral plate and intermediate mesoderm,CLADE_2
TTCCGGTAGACTGGGT,NMP,CLADE_2
TTCCGGTGTCCTTTGC,First heart field,CLADE_2
TTCCGGTGTCTGTGCG,Primitive erythroid cells,CLADE_2
TTCCGGTGTGCTGATT,Lateral plate and intermediate mesoderm,CLADE_2
TTCCGGTGTGTCCGGT,Cranial neural crest,CLADE_6
TTCCGGTGTTTGTGGT,Allantois,CLADE_2
TTCCGGTTCATTCGTT,Hindbrain,CLADE_2
TTCCGGTTCCGCTGTT,Lateral plate and intermediate mesoderm,CLADE_4
TTCCGTGAGAAGTCTA,Primitive erythroid cells,CLADE_2
TTCCGTGAGCACAAAT,NMP,CLADE_2
TTCCGTGAGCACTCGC,Primitive erythroid cells,CLADE_2
TTCCGTGAGGAGACCT,Notochord,CLADE_2
TTCCGTGCAAAGGGTC,Hindbrain,CLADE_6
TTCCGTGCATTACTCT,Primitive erythroid cells,CLADE_2
TTCCGTGGTCCACGCA,Primitive erythroid cells,CLADE_2
TTCCGTGTCGCGTGCA,Primitive erythroid cells,CLADE_3
TTCCTAAAGAGCCGAT,Primitive erythroid cells,CLADE_2
TTCCTAAAGAGGCGTT,NMP,CLADE_2
TTCCTAAAGGGTGAGG,NMP,CLADE_1
TTCCTAACAAATGAAC,Primitive erythroid cells,CLADE_4
TTCCTAACACTTACAG,Hindbrain,CLADE_2
TTCCTAACAGAGTAAT,Forebrain/midbrain,CLADE_2
TTCCTAACATCATCCC,Endothelium,CLADE_5
TTCCTAACATCATTGG,Primitive erythroid cells,CLADE_2
TTCCTAACATGGGATG,Gut endoderm,CLADE_2
TTCCTAAGTACGCGTC,Surface ectoderm,CLADE_2
TTCCTAAGTCGCATCG,Primitive erythroid cells,CLADE_2
TTCCTAATCAGCTCTC,Primitive erythroid cells,CLADE_2
TTCCTAATCATGCCCT,Lateral plate and intermediate mesoderm,CLADE_5
TTCCTAATCGGACGTC,Notochord,CLADE_3
TTCCTAATCTCTCAAT,Lateral plate and intermediate mesoderm,CLADE_3
TTCCTAATCTTAGCCC,Primitive erythroid cells,CLADE_2
TTCCTCTAGCACACAG,Surface ectoderm,CLADE_2
TTCCTCTAGCTAATGA,Forebrain/midbrain,CLADE_2
TTCCTCTAGTACCATC,Primitive erythroid cells,CLADE_2
TTCCTCTCAATTTCGG,Placodal area,CLADE_2
TTCCTCTCAGTTTCAG,Hindbrain,CLADE_2
TTCCTCTCATATTCGG,Allantois,CLADE_2
TTCCTCTCATCGCTCT,Gut endoderm,CLADE_2
TTCCTCTGTAGTCGGA,Hematoendothelial progenitors,CLADE_2
TTCCTTCAGCTTCTAG,Forebrain/midbrain,CLADE_2
TTCCTTCAGGCATGGT,Forebrain/midbrain,CLADE_2
TTCCTTCCAAGTGTCT,Primitive erythroid cells,CLADE_2
TTCCTTCCAGCTGTTA,Primitive erythroid cells,CLADE_2
TTCCTTCGTCGGAAAC,Forebrain/midbrain,CLADE_2
TTCCTTCGTCGTTATG,Gut endoderm,CLADE_3
TTCCTTCGTGTGCCTG,Forebrain/midbrain,CLADE_2
TTCCTTCGTGTGTTTG,Allantois,CLADE_2
TTCCTTCTCGCAACAT,Allantois,CLADE_3
TTCCTTCTCTCCTGAC,Surface ectoderm,CLADE_2
TTCGATTAGAGGCGTT,Amniotic ectoderm,CLADE_2
TTCGATTAGATACCAA,Primitive erythroid cells,CLADE_2
TTCGATTCATACAGGG,Hindbrain,CLADE_1
TTCGATTTCAGATGCT,Primitive erythroid cells,CLADE_4
TTCGATTTCAGTCACA,Lateral plate and intermediate mesoderm,CLADE_2
TTCGATTTCTCAACCC,Second heart field,CLADE_2
TTCGCTGAGCCTCTTC,Primitive erythroid cells,CLADE_2
TTCGCTGCAGGCCCTA,Primitive erythroid cells,CLADE_2
TTCGCTGCATCGATCA,Surface ectoderm,CLADE_3
TTCGCTGGTCCTTAAG,Primitive erythroid cells,CLADE_3
TTCGCTGGTGGCAACA,Placodal area,CLADE_2
TTCGCTGGTGTACAGG,Hematoendothelial progenitors,CLADE_4
TTCGCTGGTTAAGGAT,Primitive erythroid cells,CLADE_2
TTCGCTGTCGAGAGAC,Forebrain/midbrain,CLADE_2
TTCGCTGTCTTGGCTC,Primitive erythroid cells,CLADE_2
TTCGGTCAGGCGACAT,Cranial neural crest,CLADE_2
TTCGGTCAGTCTGCAT,Forebrain/midbrain,CLADE_2
TTCGGTCCAGATAAAC,Paraxial mesoderm,CLADE_2
TTCGGTCCAGCAGTCC,Spinal cord,CLADE_3
TTCGGTCCAGGTTCAT,Primitive erythroid cells,CLADE_2
TTCGGTCGTACAGGTG,Gut endoderm,CLADE_2
TTCGGTCGTTCCTAGA,Lateral plate and intermediate mesoderm,CLADE_2
TTCGGTCGTTGCAACT,Primitive erythroid cells,CLADE_4
TTCTAACAGGGTAGCT,Primitive erythroid cells,CLADE_2
TTCTAACAGTTAGAAC,Lateral plate and intermediate mesoderm,CLADE_2
TTCTAACCAAGGCGTA,Spinal cord,CLADE_2
TTCTAACGTAGGAGTC,Lateral plate and intermediate mesoderm,CLADE_2
TTCTAACGTCGGCTAC,Surface ectoderm,CLADE_5
TTCTAACTCATTACTC,Forebrain/midbrain,CLADE_2
TTCTAACTCCATTGCC,Gut endoderm,CLADE_5
TTCTAGTAGCCAAGGT,Surface ectoderm,CLADE_2
TTCTAGTCACCCGTAG,Surface ectoderm,CLADE_3
TTCTAGTCAGACCGCT,NMP,CLADE_2
TTCTAGTCAGCTACCG,Primitive erythroid cells,CLADE_2
TTCTAGTCATAGAGGC,Primitive erythroid cells,CLADE_3
TTCTAGTCATTAGGAA,Forebrain/midbrain,CLADE_2
TTCTAGTTCATCCCGT,Placodal area,CLADE_2
TTCTAGTTCGAACGCC,Amniotic ectoderm,CLADE_3
TTCTAGTTCGTTCAGA,Endothelium,CLADE_2
TTCTAGTTCTACGGTA,Hindbrain,CLADE_2
TTCTCTCAGCGGATCA,Lateral plate and intermediate mesoderm,CLADE_2
TTCTCTCAGTGCTACT,Allantois,CLADE_2
TTCTCTCCAACCAATC,Endothelium,CLADE_4
TTCTCTCCATTAGGAA,Primitive erythroid cells,CLADE_2
TTCTCTCGTCAAGCGA,Hematoendothelial progenitors,CLADE_2
TTCTCTCGTGACAACG,Notochord,CLADE_2
TTCTCTCGTGTCCTAA,Primitive erythroid cells,CLADE_2
TTCTCTCGTTCTCCCA,Primitive erythroid cells,CLADE_4
TTCTCTCGTTGTCCCT,Primitive erythroid cells,CLADE_1
TTCTCTCTCCTTCGAC,Amniotic ectoderm,CLADE_2
TTCTCTCTCGAGTCTA,Hindbrain,CLADE_2
TTCTGTAAGACCTGGA,Hindbrain,CLADE_2
TTCTGTAAGATTAGCA,Primitive erythroid cells,CLADE_2
TTCTGTAAGCCAGTAG,Gut endoderm,CLADE_2
TTCTGTAAGTCCGTCG,Primitive erythroid cells,CLADE_4
TTCTGTAGTACAGGTG,Lateral plate and intermediate mesoderm,CLADE_2
TTCTGTAGTCGAGTTT,Primitive erythroid cells,CLADE_4
TTCTGTAGTTCTCCAC,First heart field,CLADE_2
TTCTGTAGTTCTTGTT,Forebrain/midbrain,CLADE_2
TTCTTCCAGTAGCATA,Primitive erythroid cells,CLADE_2
TTCTTCCAGTTCATCG,Hindbrain,CLADE_2
TTCTTCCCAAGGCAAC,Hematoendothelial progenitors,CLADE_3
TTCTTCCCAAGTGGTG,Gut endoderm,CLADE_2
TTCTTCCCAGCAGGAT,Primitive erythroid cells,CLADE_2
TTCTTCCGTACCACGC,Forebrain/midbrain,CLADE_3
TTCTTCCGTACGTGTT,Surface ectoderm,CLADE_2
TTCTTCCGTAGCCAGA,Surface ectoderm,CLADE_2
TTCTTCCGTATGAGCG,Hematoendothelial progenitors,CLADE_2
TTCTTCCGTGAAGCTG,Forebrain/midbrain,CLADE_2
TTCTTCCGTGTCTCCT,Lateral plate and intermediate mesoderm,CLADE_2
TTCTTCCGTTGTCAGT,Paraxial mesoderm,CLADE_2
TTCTTCCGTTGTCTAG,First heart field,CLADE_2
TTCTTCCTCCTTGACC,NMP,CLADE_2
TTCTTCCTCGCATGAT,NMP,CLADE_2
TTCTTCCTCGTAACCA,Primitive erythroid cells,CLADE_2
TTCTTGAAGACCAACG,Lateral plate and intermediate mesoderm,CLADE_2
TTCTTGAAGCCAACCC,Spinal cord,CLADE_2
TTCTTGAAGGCTCTCG,Primitive erythroid cells,CLADE_2
TTCTTGACATCATCCC,Forebrain/midbrain,CLADE_2
TTCTTGACATCGCTCT,Allantois,CLADE_4
TTCTTGAGTCAACGCC,Paraxial mesoderm,CLADE_2
TTCTTGAGTGACAACG,Surface ectoderm,CLADE_3
TTCTTGAGTGCTCGTG,Primitive erythroid cells,CLADE_2
TTCTTGATCAGACAAA,Surface ectoderm,CLADE_2
TTCTTGATCCACACCT,Primitive erythroid cells,CLADE_2
TTCTTGATCGACATCA,Lateral plate and intermediate mesoderm,CLADE_2
TTCTTGATCGAGTGGA,Primitive erythroid cells,CLADE_2
TTCTTGATCGTTGCCT,Endothelium,CLADE_2
TTGAACGAGCTTTGTG,Gut endoderm,CLADE_2
TTGAACGCAACGCATT,Primitive erythroid cells,CLADE_2
TTGAACGCAAGCTCTA,Hindbrain,CLADE_2
TTGAACGCACCCTGTT,Lateral plate and intermediate mesoderm,CLADE_2
TTGAACGCAGACACCC,Lateral plate and intermediate mesoderm,CLADE_2
TTGAACGGTAACATGA,Cranial neural crest,CLADE_2
TTGAACGGTAGTAAGT,Paraxial mesoderm,CLADE_5
TTGAACGGTATCGAGG,Notochord,CLADE_3
TTGAACGGTCAAACGG,Amniotic ectoderm,CLADE_2
TTGAACGGTCCCACGA,NMP,CLADE_2
TTGAACGGTCGCACGT,Paraxial mesoderm,CLADE_2
TTGAACGGTCGTTGGC,Primitive erythroid cells,CLADE_5
TTGAACGGTTCGAAGG,Hindbrain,CLADE_2
TTGAACGTCAGCTGTA,Gut endoderm,CLADE_2
TTGACCCAGGTCCAGA,Primitive erythroid cells,CLADE_2
TTGACCCCAATAGTCC,NMP,CLADE_2
TTGACCCCACTGAATC,First heart field,CLADE_2
TTGACCCCAGCAATTC,Paraxial mesoderm,CLADE_3
TTGACCCGTAGATTGA,NMP,CLADE_2
TTGACCCGTCCAGCGT,Surface ectoderm,CLADE_2
TTGACCCGTCGTGCCA,Placodal area,CLADE_2
TTGACCCGTTATCTTC,Primitive erythroid cells,CLADE_2
TTGACCCTCATCACCC,Primitive erythroid cells,CLADE_2
TTGACCCTCTGCATAG,Gut endoderm,CLADE_2
TTGAGTGAGACGGTCA,NMP,CLADE_2
TTGAGTGAGAGTCGAC,Forebrain/midbrain,CLADE_3
TTGAGTGAGGGTGAAA,Endothelium,CLADE_6
TTGAGTGAGTCTCCTC,Primitive erythroid cells,CLADE_1
TTGAGTGAGTGGACGT,Allantois,CLADE_2
TTGAGTGCAACTACGT,Gut endoderm,CLADE_2
TTGAGTGCACACGTGC,Amniotic ectoderm,CLADE_2
TTGAGTGGTATTGACC,Primitive erythroid cells,CLADE_2
TTGAGTGGTCAAAGTA,Hindbrain,CLADE_2
TTGAGTGGTCATCCGG,NMP,CLADE_3
TTGAGTGGTGAGAACC,Primitive erythroid cells,CLADE_2
TTGAGTGTCGACTCCT,Primitive erythroid cells,CLADE_2
TTGAGTGTCTCACGAA,Surface ectoderm,CLADE_3
TTGATGGAGTAATACG,Cranial neural crest,CLADE_2
TTGATGGCAAATTGCC,Primitive erythroid cells,CLADE_4
TTGATGGCACCAGCGT,Forebrain/midbrain,CLADE_2
TTGATGGCACCATAAC,Primitive erythroid cells,CLADE_2
TTGATGGCAGTAGAGC,Lateral plate and intermediate mesoderm,CLADE_2
TTGATGGGTCGAATTC,Primitive erythroid cells,CLADE_2
TTGATGGGTGGGAGAG,Surface ectoderm,CLADE_6
TTGATGGTCACTTATC,Primitive erythroid cells,CLADE_3
TTGATGGTCCGTGTCT,Primitive erythroid cells,CLADE_2
TTGATGGTCGGATTAC,Surface ectoderm,CLADE_3
TTGCATTCAAGCCCAC,Hindbrain,CLADE_2
TTGCATTCATTACTCT,Endothelium,CLADE_2
TTGCATTCATTGAAGA,Lateral plate and intermediate mesoderm,CLADE_2
TTGCATTGTCAGGTAG,Primitive erythroid cells,CLADE_2
TTGCATTGTTCCTAGA,Primitive erythroid cells,CLADE_2
TTGCATTTCAGACCTA,Forebrain/midbrain,CLADE_5
TTGCATTTCGAGTCTA,Primitive erythroid cells,CLADE_2
TTGCCTGAGAGGGTCT,Primitive erythroid cells,CLADE_3
TTGCCTGAGCCGTCGT,Paraxial mesoderm,CLADE_2
TTGCCTGAGTCACGCC,Forebrain/midbrain,CLADE_6
TTGCCTGAGTTGTCAC,NMP,CLADE_2
TTGCCTGCAACGTTAC,Placodal area,CLADE_2
TTGCCTGCAACTCGAT,Lateral plate and intermediate mesoderm,CLADE_2
TTGCCTGCACCAGGTC,Lateral plate and intermediate mesoderm,CLADE_2
TTGCCTGCATAAGCAA,Paraxial mesoderm,CLADE_2
TTGCCTGCATGTACGT,Forebrain/midbrain,CLADE_2
TTGCCTGGTACCAATC,Primitive erythroid cells,CLADE_4
TTGCCTGGTCCGCAGT,Surface ectoderm,CLADE_2
TTGCCTGGTCTTAGTG,Forebrain/midbrain,CLADE_2
TTGCCTGGTGCTGCAC,Primitive erythroid cells,CLADE_1
TTGCCTGGTGGTCTAT,Placodal area,CLADE_2
TTGCCTGTCACCATCC,First heart field,CLADE_2
TTGCCTGTCCGCTAGG,NMP,CLADE_2
TTGCCTGTCGACATAC,Surface ectoderm,CLADE_2
TTGCCTGTCGCCTAGG,Gut endoderm,CLADE_2
TTGCCTGTCTACGCGG,Primitive erythroid cells,CLADE_2
TTGCGTCAGAATCCCT,Primitive erythroid cells,CLADE_2
TTGCGTCAGCCACTCG,Gut endoderm,CLADE_2
TTGCGTCAGTCACAGG,Hindbrain,CLADE_2
TTGCGTCCACTATCGA,Endothelium,CLADE_2
TTGCGTCCATGGAATA,Primitive erythroid cells,CLADE_2
TTGCGTCGTATACCTG,Forebrain/midbrain,CLADE_2
TTGCGTCGTTAACCTG,Gut endoderm,CLADE_2
TTGCTGCAGAAGCGAA,Primitive erythroid cells,CLADE_2
TTGCTGCAGATGCTGG,First heart field,CLADE_2
TTGCTGCCAGAAGCGT,Hindbrain,CLADE_5
TTGCTGCCAGCAGTTT,Surface ectoderm,CLADE_2
TTGCTGCGTGAAAGTT,Hindbrain,CLADE_5
TTGCTGCGTTATGACC,Surface ectoderm,CLADE_2
TTGCTGCGTTCGGACC,Primitive erythroid cells,CLADE_3
TTGCTGCGTTCGTACA,Primitive erythroid cells,CLADE_2
TTGCTGCGTTGCCGAC,Second heart field,CLADE_2
TTGCTGCTCAAGGTGG,Gut endoderm,CLADE_1
TTGCTGCTCACTTGGA,Hindbrain,CLADE_2
TTGCTGCTCTTGCAAG,Paraxial mesoderm,CLADE_2
TTGGATGAGGTGGGTT,Allantois,CLADE_2
TTGGATGAGTCGTCTA,Hematoendothelial progenitors,CLADE_2
TTGGATGAGTCTGCGC,Primitive erythroid cells,CLADE_2
TTGGATGCAAAGGCAC,Lateral plate and intermediate mesoderm,CLADE_2
TTGGATGCACCACATA,Surface ectoderm,CLADE_2
TTGGATGCAGGGCTTC,Primitive erythroid cells,CLADE_2
TTGGATGGTAGACAAT,Hindbrain,CLADE_2
TTGGATGGTGTCCAAT,Primitive erythroid cells,CLADE_4
TTGGATGTCGCCCAGA,Surface ectoderm,CLADE_2
TTGGATGTCTCCACTG,Paraxial mesoderm,CLADE_2
TTGGATGTCTTGGCTC,Lateral plate and intermediate mesoderm,CLADE_3
TTGGGATAGATTGCGG,Surface ectoderm,CLADE_2
TTGGGATAGCGCATCC,Primitive erythroid cells,CLADE_4
TTGGGATAGTGATGGC,Primitive erythroid cells,CLADE_2
TTGGGATAGTTGCTCA,Primitive erythroid cells,CLADE_3
TTGGGATCAAAGCTCT,Endothelium,CLADE_4
TTGGGATCAACATCGT,Primitive erythroid cells,CLADE_2
TTGGGATCAGCATTGT,Endothelium,CLADE_2
TTGGGATGTACAAACA,Placodal area,CLADE_2
TTGGGATGTCCACATA,Forebrain/midbrain,CLADE_2
TTGGGATGTCCCTGAG,Gut endoderm,CLADE_2
TTGGGATTCCATTCGC,Gut endoderm,CLADE_3
TTGGGATTCCCTTGTG,Gut endoderm,CLADE_1
TTGGGCGAGCAAGTGC,Primitive erythroid cells,CLADE_2
TTGGGCGAGCGGGTTA,Gut endoderm,CLADE_2
TTGGGCGCAAGTGACG,Amniotic ectoderm,CLADE_3
TTGGGCGCATACGCAT,Amniotic ectoderm,CLADE_2
TTGGGCGGTAAGTTGA,Primitive erythroid cells,CLADE_2
TTGGGCGGTCCCTAAA,Primitive erythroid cells,CLADE_2
TTGGGCGTCGCCTTTG,Primitive erythroid cells,CLADE_2
TTGGGCGTCGGAAGGT,NMP,CLADE_2
TTGGGCGTCGGCATAT,Surface ectoderm,CLADE_2
TTGGGCGTCTCACGAA,Primitive erythroid cells,CLADE_2
TTGGGTAAGACGACTG,Primitive erythroid cells,CLADE_2
TTGGGTAAGAGTTGAT,Primitive erythroid cells,CLADE_4
TTGGGTAAGGGATCTG,Allantois,CLADE_2
TTGGGTACAACTGATC,Primitive erythroid cells,CLADE_2
TTGGGTACAGGCACTC,Gut endoderm,CLADE_2
TTGGGTAGTATGATCC,NMP,CLADE_3
TTGGGTAGTATGGGAC,NMP,CLADE_2
TTGGGTATCAGTGTTG,Hindbrain,CLADE_5
TTGGGTATCTGGCTGG,Hindbrain,CLADE_3
TTGGTTTAGTGTAGAT,NMP,CLADE_2
TTGGTTTAGTTTGTCG,Hindbrain,CLADE_2
TTGGTTTGTCGATTCA,Gut endoderm,CLADE_6
TTGGTTTGTGCTGCAC,Endothelium,CLADE_2
TTGGTTTGTTATGTGC,Lateral plate and intermediate mesoderm,CLADE_2
TTGGTTTTCCACGGGT,Hindbrain,CLADE_2
TTGGTTTTCTCCACTG,Endothelium,CLADE_2
TTGTGGAAGCAATAAC,Primitive erythroid cells,CLADE_2
TTGTGGACACGTAGAG,Hindbrain,CLADE_2
TTGTGGACAGCACGAA,First heart field,CLADE_2
TTGTGGACAGCTGGTC,Primitive erythroid cells,CLADE_2
TTGTGGAGTCACCACG,Primitive erythroid cells,CLADE_1
TTGTGGAGTCTAGGTT,Second heart field,CLADE_2
TTGTGGAGTGTCCCTT,Primitive erythroid cells,CLADE_2
TTGTGGATCTAGACCA,Surface ectoderm,CLADE_2
TTGTGGATCTGCTAGA,Lateral plate and intermediate mesoderm,CLADE_2
TTGTGTTAGAGTGAAG,Forebrain/midbrain,CLADE_1
TTGTGTTAGGAACATT,Amniotic ectoderm,CLADE_2
TTGTGTTCAGACATCT,Primitive erythroid cells,CLADE_2
TTGTGTTCATTGAAAG,Primitive erythroid cells,CLADE_2
TTGTGTTTCACTGGGC,Forebrain/midbrain,CLADE_1
TTGTTCAAGAAGCTGC,Endothelium,CLADE_2
TTGTTCAAGTAAGCAT,Endothelium,CLADE_2
TTGTTCAAGTTGGCGA,Primitive erythroid cells,CLADE_4
TTGTTCACAGCTAACT,Primitive erythroid cells,CLADE_2
TTGTTCACATCAACCA,Forebrain/midbrain,CLADE_2
TTGTTCAGTCCTGGGT,Primitive erythroid cells,CLADE_2
TTGTTCATCAGATGCT,Lateral plate and intermediate mesoderm,CLADE_2
TTGTTGTAGAAGGCTC,Paraxial mesoderm,CLADE_2
TTGTTGTAGAAGGGAT,Hindbrain,CLADE_2
TTGTTGTCAATAGTAG,Lateral plate and intermediate mesoderm,CLADE_2
TTGTTGTCAGGAGACT,Hindbrain,CLADE_1
TTGTTGTCATGGAATA,Hindbrain,CLADE_2
TTGTTGTGTAGAAACT,Lateral plate and intermediate mesoderm,CLADE_3
TTGTTGTGTATCATGC,Forebrain/midbrain,CLADE_2
TTGTTGTGTGCTATTG,Primitive erythroid cells,CLADE_4
TTGTTGTTCCACGAAT,Forebrain/midbrain,CLADE_3
TTGTTGTTCGTCTACC,Primitive erythroid cells,CLADE_4
TTGTTTGAGCGTGCCT,Surface ectoderm,CLADE_1
TTGTTTGAGTAAACAC,Lateral plate and intermediate mesoderm,CLADE_2
TTGTTTGAGTCGCTAT,NMP,CLADE_2
TTGTTTGCACCGTGGT,Primitive erythroid cells,CLADE_2
TTGTTTGCAGCGTGCT,Hematoendothelial progenitors,CLADE_2
TTGTTTGGTGTTGAGG,Primitive erythroid cells,CLADE_2
TTGTTTGGTTTACGTG,Hindbrain,CLADE_2
TTGTTTGGTTTAGAGA,Hematoendothelial progenitors,CLADE_1
TTGTTTGTCGTCCTCA,Primitive erythroid cells,CLADE_2
TTGTTTGTCTGCACCT,Amniotic ectoderm,CLADE_2
TTTACCAAGAAGTGTT,Primitive erythroid cells,CLADE_3
TTTACCAAGCGTTAGG,Surface ectoderm,CLADE_2
TTTACCAAGGTACAAT,Primitive erythroid cells,CLADE_2
TTTACCAAGTCATAGA,Hindbrain,CLADE_2
TTTACCACAACGACAG,Hindbrain,CLADE_2
TTTACCACACTGGAAG,Primitive erythroid cells,CLADE_2
TTTACCACAGCACAGA,Amniotic ectoderm,CLADE_2
TTTACCACAGTGAGCA,First heart field,CLADE_2
TTTACCACATTCGGGC,Lateral plate and intermediate mesoderm,CLADE_2
TTTACCAGTAACTAAG,Lateral plate and intermediate mesoderm,CLADE_2
TTTACCAGTCTCACGG,Primitive erythroid cells,CLADE_2
TTTACCAGTGCGTGCT,Forebrain/midbrain,CLADE_3
TTTACCAGTGGTCTGC,Amniotic ectoderm,CLADE_2
TTTACCATCACCGACG,Primitive erythroid cells,CLADE_2
TTTACCATCCATGAGT,Amniotic ectoderm,CLADE_2
TTTACGTAGGAGCTGT,Paraxial mesoderm,CLADE_2
TTTACGTAGTCCCGGT,Primitive erythroid cells,CLADE_2
TTTACGTCAATAGGAT,Primitive erythroid cells,CLADE_2
TTTACGTCATGCAGCC,Surface ectoderm,CLADE_2
TTTACGTGTGAATTAG,Surface ectoderm,CLADE_2
TTTACGTTCGTTCCTG,Primitive erythroid cells,CLADE_1
TTTACTGAGGATTACA,Primitive erythroid cells,CLADE_2
TTTACTGAGTGTACCT,Surface ectoderm,CLADE_2
TTTACTGCAATTCTTC,Surface ectoderm,CLADE_2
TTTACTGCACGTTCGG,Amniotic ectoderm,CLADE_2
TTTACTGCACTGCGTG,Placodal area,CLADE_3
TTTACTGCAGACGCTC,Amniotic ectoderm,CLADE_41
TTTACTGCAGGTCAAG,Hindbrain,CLADE_2
TTTACTGGTAGCTTGT,Primitive erythroid cells,CLADE_2
TTTACTGGTCACCTTC,Paraxial mesoderm,CLADE_2
TTTACTGGTCGTCATA,Allantois,CLADE_2
TTTACTGGTTAAACAG,Hematoendothelial progenitors,CLADE_2
TTTACTGTCATGGATC,Endothelium,CLADE_2
TTTACTGTCCCTAGGG,Forebrain/midbrain,CLADE_2
TTTACTGTCGTCTCAC,Primitive erythroid cells,CLADE_1
TTTACTGTCTAGCCAA,Lateral plate and intermediate mesoderm,CLADE_2
TTTAGTCAGACCAAAT,NMP,CLADE_2
TTTAGTCAGGAGCTGT,Hindbrain,CLADE_31
TTTAGTCCAACCGACC,Primitive erythroid cells,CLADE_4
TTTAGTCCAAGACCTT,Gut endoderm,CLADE_6
TTTAGTCGTAACAGTA,Lateral plate and intermediate mesoderm,CLADE_2
TTTAGTCGTCCACTTC,Gut endoderm,CLADE_2
TTTAGTCTCCCTTGTG,Primitive erythroid cells,CLADE_2
TTTAGTCTCCCTTTGG,Lateral plate and intermediate mesoderm,CLADE_2
TTTAGTCTCGTCAGAT,Lateral plate and intermediate mesoderm,CLADE_2
TTTAGTCTCTCAATCT,Lateral plate and intermediate mesoderm,CLADE_2
TTTATGCAGATCGACG,Surface ectoderm,CLADE_2
TTTATGCAGCAAACAT,Primitive erythroid cells,CLADE_2
TTTATGCAGCACCCAC,Surface ectoderm,CLADE_2
TTTATGCAGCGTCTCG,Primitive erythroid cells,CLADE_2
TTTATGCAGGACTTCT,Gut endoderm,CLADE_2
TTTATGCAGGGCTGAT,First heart field,CLADE_2
TTTATGCAGGTAGACC,Primitive erythroid cells,CLADE_2
TTTATGCAGGTCTACT,Lateral plate and intermediate mesoderm,CLADE_2
TTTATGCCAGGATGAC,Surface ectoderm,CLADE_2
TTTATGCTCCCGAGGT,Primitive erythroid cells,CLADE_3
TTTATGCTCCCTCGAT,Lateral plate and intermediate mesoderm,CLADE_2
TTTATGCTCGATAACC,Forebrain/midbrain,CLADE_2
TTTCACAAGAATTGCA,Primitive erythroid cells,CLADE_6
TTTCACAAGACGTCCC,NMP,CLADE_2
TTTCACAAGTCAACAA,Primitive erythroid cells,CLADE_2
TTTCACAAGTTTGTCG,Forebrain/midbrain,CLADE_2
TTTCACACACCTTCCA,Primitive erythroid cells,CLADE_2
TTTCACACACTGCATA,Primitive erythroid cells,CLADE_2
TTTCACACACTTGTCC,Hindbrain,CLADE_2
TTTCACAGTATCGATC,Gut endoderm,CLADE_2
TTTCACAGTCCGGTCA,Cranial neural crest,CLADE_2
TTTCACAGTGTACGCC,Allantois,CLADE_2
TTTCACAGTGTCCAAT,Forebrain/midbrain,CLADE_2
TTTCACATCAGGAACG,Surface ectoderm,CLADE_2
TTTCACATCCAATCCC,Cranial neural crest,CLADE_2
TTTCAGTAGAATTTGG,Surface ectoderm,CLADE_2
TTTCAGTGTCTGATCA,Hindbrain,CLADE_2
TTTCAGTGTTGCTGAT,Cranial neural crest,CLADE_3
TTTCAGTTCACTACTT,Amniotic ectoderm,CLADE_2
TTTCAGTTCTACGGTA,Hindbrain,CLADE_1
TTTCAGTTCTTACGTT,Paraxial mesoderm,CLADE_2
TTTCATGAGCCTTTCC,Primitive erythroid cells,CLADE_2
TTTCATGAGGAAGAAC,Primitive erythroid cells,CLADE_2
TTTCATGAGTGGTGAC,Primitive erythroid cells,CLADE_2
TTTCATGGTCTTGAAC,NMP,CLADE_2
TTTCATGGTGGAACAC,Hindbrain,CLADE_2
TTTCATGGTTGGTACT,Surface ectoderm,CLADE_2
TTTCATGTCGAGTACT,Spinal cord,CLADE_1
TTTCATGTCGGATTAC,Lateral plate and intermediate mesoderm,CLADE_2
TTTCATGTCTAAGAAG,Forebrain/midbrain,CLADE_2
TTTCCTCAGGTACAAT,Primitive erythroid cells,CLADE_2
TTTCCTCAGGTTTGAA,Gut endoderm,CLADE_2
TTTCCTCCAAGCTACT,NMP,CLADE_3
TTTCCTCCACCGTGAC,Primitive erythroid cells,CLADE_2
TTTCCTCGTACGACTT,Second heart field,CLADE_2
TTTCCTCGTATCTTCT,Primitive erythroid cells,CLADE_2
TTTCCTCTCCCAATAG,Gut endoderm,CLADE_2
TTTCCTCTCTCAATCT,Hindbrain,CLADE_2
TTTCGATAGAGACAAG,NMP,CLADE_2
TTTCGATAGCCGCACT,Primitive erythroid cells,CLADE_2
TTTCGATCAGGCATGA,Lateral plate and intermediate mesoderm,CLADE_2
TTTCGATGTCGCGTCA,Primitive erythroid cells,CLADE_2
TTTCGATGTTGGGACA,Forebrain/midbrain,CLADE_2
TTTCGATTCAGGTGTT,Surface ectoderm,CLADE_2
TTTCGATTCGCTGTTC,Forebrain/midbrain,CLADE_2
TTTGACTAGGTCCAGA,Hindbrain,CLADE_1
TTTGACTAGTGATGGC,Primitive erythroid cells,CLADE_2
TTTGACTAGTGCAACG,Lateral plate and intermediate mesoderm,CLADE_2
TTTGACTCATGTCTAG,NMP,CLADE_2
TTTGACTGTATTCCGA,Primitive erythroid cells,CLADE_2
TTTGACTGTTCGGGTC,Hindbrain,CLADE_1
TTTGACTTCAAAGGTA,Endothelium,CLADE_2
TTTGACTTCCTCTAAT,Gut endoderm,CLADE_2
TTTGACTTCTACCTTA,NMP,CLADE_2
TTTGACTTCTATGTGG,Primitive erythroid cells,CLADE_4
TTTGATCAGAACTTCC,Primitive erythroid cells,CLADE_2
TTTGATCAGATCGACG,Second heart field,CLADE_2
TTTGATCAGCATACTC,Primitive erythroid cells,CLADE_2
TTTGATCAGGTTCATC,Primitive erythroid cells,CLADE_2
TTTGATCAGTGCTCGC,Cranial neural crest,CLADE_2
TTTGATCCAAGCACCC,Primitive erythroid cells,CLADE_2
TTTGATCCAGATACTC,Paraxial mesoderm,CLADE_3
TTTGATCCAGGACGAT,Primitive erythroid cells,CLADE_2
TTTGATCCAGTAGAAT,Allantois,CLADE_2
TTTGATCCATGACAAA,Primitive erythroid cells,CLADE_2
TTTGATCGTAGACGGT,Allantois,CLADE_4
TTTGATCTCATGCGGC,Hindbrain,CLADE_2
TTTGATCTCCCGTGTT,Primitive erythroid cells,CLADE_2
TTTGATCTCGTCACCT,Forebrain/midbrain,CLADE_2
TTTGGAGAGAGAACCC,Primitive erythroid cells,CLADE_2
TTTGGAGAGAGCAGTC,Surface ectoderm,CLADE_2
TTTGGAGAGAGCCGAT,Lateral plate and intermediate mesoderm,CLADE_2
TTTGGAGAGTATCTGC,Primitive erythroid cells,CLADE_2
TTTGGAGAGTCTGCAT,Primitive erythroid cells,CLADE_2
TTTGGAGCACATACTG,Second heart field,CLADE_2
TTTGGAGCACCGTGGT,Primitive erythroid cells,CLADE_2
TTTGGAGCATCGCTCT,Hindbrain,CLADE_6
TTTGGAGCATGACAAA,Forebrain/midbrain,CLADE_2
TTTGGAGTCAAGAGTA,Hindbrain,CLADE_2
TTTGGAGTCGAGAGCA,Lateral plate and intermediate mesoderm,CLADE_2
TTTGGAGTCGGTGAAG,Paraxial mesoderm,CLADE_2
TTTGGAGTCTTCGCTG,Lateral plate and intermediate mesoderm,CLADE_2
TTTGGTTCAAATGCGG,Primitive erythroid cells,CLADE_4
TTTGGTTCAACAGTGG,Placodal area,CLADE_2
TTTGGTTCAGCCTACG,Primitive erythroid cells,CLADE_2
TTTGGTTGTACTGACT,Lateral plate and intermediate mesoderm,CLADE_3
TTTGGTTGTCCGGATC,Forebrain/midbrain,CLADE_2
TTTGGTTTCATTGAGC,Forebrain/midbrain,CLADE_2
TTTGGTTTCCCATACC,Surface ectoderm,CLADE_5
TTTGGTTTCTGGGTCG,Hematoendothelial progenitors,CLADE_2
TTTGTTGAGAGTTCGG,NMP,CLADE_2
TTTGTTGAGCACACAG,NMP,CLADE_2
TTTGTTGAGCGTACAG,Primitive erythroid cells,CLADE_2
TTTGTTGCAAGTATCC,Primitive erythroid cells,CLADE_2
TTTGTTGCACACACTA,Lateral plate and intermediate mesoderm,CLADE_2
TTTGTTGCAGAGATTA,NMP,CLADE_2
TTTGTTGCAGAGCCCT,Primitive erythroid cells,CLADE_2
TTTGTTGCAGCAAGAC,Amniotic ectoderm,CLADE_3
TTTGTTGCATGAAGGC,Cranial neural crest,CLADE_2
TTTGTTGTCATGCATG,Primitive erythroid cells,CLADE_2
TTTGTTGTCGCCCAGA,Primitive erythroid cells,CLADE_4
