node_id,tip_label
1,AAACCCAAGGGCAATC3
2,AAACCCAAGTATAGAC2
3,AAACCCAAGTATAGAC3
4,AAACCCAAGTCGAAGC1
5,AAACCCAAGTCGAAGC2
6,AAACCCACAAAGCGTG1
7,AAACCCACAAAGCGTG2
8,AAACCCACAATCCAGT2
9,AAACCCACAATCCAGT3
10,AAACCCACAGCCTTCT2
11,AAACCCACAGCCTTCT3
12,AAACCCACATGAGGGT1
13,AAACCCACATGAGGGT2
14,AAACCCAGTACGTAGG3
15,AAACCCATCTTGCGCT1
16,AAACGAAAGAGAGTTT2
17,AAACGAAAGAGGATCC2
18,AAACGAAAGAGGATCC3
19,AAACGAAAGTTGCCTA2
20,AAACGAAAGTTGCCTA3
21,AAACGAACAAAGCACG2
22,AAACGAACAAAGCACG3
23,AAACGAACAAGACCGA1
24,AAACGAACACCTAAAC3
25,AAACGAAGTCCGAAGA3
26,AAACGAAGTGGGATTG1
27,AAACGAAGTGTCCATA2
28,AAACGAAGTGTCCATA3
29,AAACGAATCACCTCGT3
30,AAACGAATCGCACGGT1
31,AAACGAATCTGAGCAT3
32,AAACGCTAGATACTGA1
33,AAACGCTAGCGGATCA1
34,AAACGCTAGCGGATCA2
35,AAACGCTAGGAACGCT2
36,AAACGCTAGGCAGTCA2
37,AAACGCTAGGCAGTCA3
38,AAACGCTAGGGAGAAT3
39,AAACGCTAGGTCCCTG2
40,AAACGCTAGGTCCCTG3
41,AAACGCTAGTCATAGA2
42,AAACGCTAGTGCAGCA2
43,AAACGCTAGTGCAGCA3
44,AAACGCTAGTGCGCTC2
45,AAACGCTAGTTCGGTT3
46,AAACGCTCAAATGGTA3
47,AAACGCTCATTGAAAG1
48,AAACGCTCATTGAAAG2
49,AAACGCTGTGAATATG2
50,AAACGCTGTGAATATG3
51,AAACGCTGTGTTAGCT1
52,AAACGCTGTGTTAGCT2
53,AAACGCTGTTATTCTC1
54,AAACGCTTCAAACGTC2
55,AAACGCTTCAAACGTC3
56,AAACGCTTCGCGGTAC3
57,AAAGAACCACTATCGA1
58,AAAGAACCACTATCGA2
59,AAAGAACTCAAGATAG1
60,AAAGAACTCCTACACC2
61,AAAGAACTCCTACACC3
62,AAAGAACTCCTTATGT3
63,AAAGGATAGATTAGTG1
64,AAAGGATAGTATGAAC3
65,AAAGGATCAAAGGTTA3
66,AAAGGATCACACACTA2
67,AAAGGATCACACACTA3
68,AAAGGATCACTAAACC1
69,AAAGGATCACTAAACC2
70,AAAGGATCAGCTGTCG3
71,AAAGGATGTATCGGTT2
72,AAAGGATGTATCGGTT3
73,AAAGGATGTTGTAGCT3
74,AAAGGATTCCGCTTAC3
75,AAAGGATTCGGCCCAA3
76,AAAGGGCAGGTCGCCT1
77,AAAGGGCAGTATTGCC2
78,AAAGGGCCAATAGAGT1
79,AAAGGGCCAATAGAGT2
80,AAAGGGCCATGCAGGA3
81,AAAGGGCGTGAGAACC2
82,AAAGGGCTCACCCATC2
83,AAAGGGCTCACCCATC3
84,AAAGGGCTCACCGGGT2
85,AAAGGGCTCGAGCACC3
86,AAAGGGCTCGAGCCAC1
87,AAAGGGCTCGAGCCAC2
88,AAAGGTAAGATTGATG1
89,AAAGGTAAGATTGATG2
90,AAAGGTAAGGTCGTGA3
91,AAAGGTAAGTTGGGAC1
92,AAAGGTAAGTTGGGAC2
93,AAAGGTACAAGAGTTA3
94,AAAGGTACACGGGTAA1
95,AAAGGTACACGGGTAA2
96,AAAGGTACAGGACTTT1
97,AAAGGTACAGGACTTT2
98,AAAGGTACATCATTGG1
99,AAAGGTACATCATTGG2
100,AAAGGTAGTACCAATC3
101,AAAGGTAGTAGACGGT2
102,AAAGGTAGTCATTGCA2
103,AAAGGTAGTCATTGCA3
104,AAAGGTAGTTAATCGC2
105,AAAGGTAGTTAATCGC3
106,AAAGGTATCTAGAGCT2
107,AAAGTCCAGGAGGGTG2
108,AAAGTCCAGGAGGGTG3
109,AAAGTCCAGTACGAGC1
110,AAAGTCCAGTATGGCG2
111,AAAGTCCAGTATGGCG3
112,AAAGTCCAGTCGTTAC2
113,AAAGTCCAGTCGTTAC3
114,AAAGTCCCAACAGAGC1
115,AAAGTCCCAAGAGTAT2
116,AAAGTCCCACGTCGTG3
117,AAAGTCCCAGACAAGC1
118,AAAGTCCCATGGCCAC2
119,AAAGTCCCATGGCCAC3
120,AAAGTCCCATTCGATG1
121,AAAGTCCCATTCGATG2
122,AAAGTCCCATTCGATG3
123,AAAGTCCTCCTCTTTC2
124,AAAGTCCTCCTCTTTC3
125,AAAGTCCTCGATTCCC2
126,AAAGTCCTCGATTCCC3
127,AAAGTGAAGACTCATC2
128,AAAGTGAAGACTCATC3
129,AAAGTGAAGGCAGGGA2
130,AAAGTGAAGGTGCCTC1
131,AAAGTGACACTGGCGT1
132,AAAGTGACACTGGCGT2
133,AAAGTGACAGTAGTTC1
134,AAAGTGACATAGGTTC2
135,AAAGTGAGTCTGCAAT3
136,AAAGTGATCAAGGAGC1
137,AAAGTGATCAAGGAGC2
138,AAAGTGATCAGCTGAT2
139,AAAGTGATCGCAGTCG3
140,AAATGGAAGAGGACTC1
141,AAATGGAAGGTTGTTC2
142,AAATGGAAGGTTGTTC3
143,AAATGGACAATGGGTG2
144,AAATGGACAATGGGTG3
145,AAATGGACACGGAAGT2
146,AAATGGACACGGAAGT3
147,AAATGGAGTACGAGCA2
148,AAATGGAGTCGAGTTT2
149,AAATGGAGTCGAGTTT3
150,AAATGGAGTCTTGTCC2
151,AAATGGAGTCTTGTCC3
152,AAATGGAGTGAGAGGG2
153,AAATGGAGTGAGAGGG3
154,AAATGGAGTTCAAGTC2
155,AAATGGAGTTCAAGTC3
156,AAATGGAGTTGCAAGG2
157,AAATGGAGTTGCAAGG3
158,AAATGGATCCAGTTCC1
159,AAATGGATCCAGTTCC2
160,AAATGGATCGAACGGA2
161,AAATGGATCGAACGGA3
162,AAATGGATCGCTGCGA1
163,AACAAAGCAAACACCT2
164,AACAAAGCAAACACCT3
165,AACAAAGCAAGCTACT3
166,AACAAAGCACATTCTT2
167,AACAAAGCACATTCTT3
168,AACAAAGCATACAGAA2
169,AACAAAGCATACAGAA3
170,AACAAAGCATGGCTAT1
171,AACAAAGCATGGCTAT2
172,AACAAAGGTAGATCCT3
173,AACAAAGGTTTCACAG2
174,AACAAAGGTTTCACAG3
175,AACAAAGTCGGCGATC2
176,AACAAAGTCGGCGATC3
177,AACAAAGTCTCTCAAT2
178,AACAAAGTCTCTCAAT3
179,AACAACCAGCACCTGC1
180,AACAACCAGCACCTGC2
181,AACAACCAGGTTGTTC1
182,AACAACCCACGATAGG2
183,AACAACCCAGCTAACT2
184,AACAACCCAGCTAACT3
185,AACAACCGTAATTAGG1
186,AACAACCGTCAAATCC3
187,AACAACCGTCGGTGTC3
188,AACAACCTCATGAGGG2
189,AACAACCTCATGAGGG3
190,AACAACCTCCATCAGA1
191,AACAACCTCCTCTAAT2
192,AACAACCTCGCCAATA3
193,AACAACCTCTTTGCGC1
194,AACAACCTCTTTGCGC2
195,AACAAGAAGCGTACAG1
196,AACAAGAAGCTGAAAT2
197,AACAAGAAGCTGAAAT3
198,AACAAGAAGCTTCTAG2
199,AACAAGAAGCTTCTAG3
200,AACAAGAAGTGGAATT2
201,AACAAGAAGTGGAATT3
202,AACAAGAAGTTAGAAC2
203,AACAAGACACTTCATT2
204,AACAAGACACTTCATT3
205,AACAAGAGTACGGTTT2
206,AACAAGAGTACGGTTT3
207,AACAAGAGTAGACGTG3
208,AACAAGAGTCAGGCAA3
209,AACAAGAGTGAAGCGT2
210,AACAAGAGTGAAGCGT3
211,AACAAGATCATTGGTG2
212,AACAAGATCATTGGTG3
213,AACAAGATCCACAGGC1
214,AACAAGATCGGCGATC3
215,AACAAGATCTCGCAGG3
216,AACACACAGACTCAAA2
217,AACACACAGACTCAAA3
218,AACACACAGCGAGGAG3
219,AACACACAGGAGGGTG2
220,AACACACAGGAGGGTG3
221,AACACACAGTGCACCC1
222,AACACACAGTGCACCC2
223,AACACACAGTTGGCGA3
224,AACACACCAATTCTCT2
225,AACACACCAATTCTCT3
226,AACACACCAGCTACAT2
227,AACACACCAGCTACAT3
228,AACACACGTACCAGAG1
229,AACACACGTCACCACG2
230,AACACACGTCACCACG3
231,AACACACGTGAATTGA2
232,AACACACGTGAATTGA3
233,AACACACGTGGTTTAC1
234,AACACACGTGGTTTAC2
235,AACACACGTTCGGTAT1
236,AACACACGTTCGGTAT2
237,AACACACTCATTACTC2
238,AACACACTCATTACTC3
239,AACACACTCGCCACTT1
240,AACACACTCGCCACTT2
241,AACACACTCTATTCGT3
242,AACAGGGAGACCAACG2
243,AACAGGGAGACCAACG3
244,AACAGGGAGACCGCCT3
245,AACAGGGCAGATTCGT3
246,AACAGGGGTCGATTTG3
247,AACAGGGGTTGCATGT2
248,AACAGGGGTTGCATGT3
249,AACAGGGTCAACTGAC2
250,AACAGGGTCAACTGAC3
251,AACAGGGTCCTATTTG3
252,AACAGGGTCGCATGAT1
253,AACAGGGTCTACTATC2
254,AACCAACAGACGGTTG2
255,AACCAACAGACGGTTG3
256,AACCAACCATCATTGG1
257,AACCAACGTAAGATCA2
258,AACCAACGTAAGATCA3
259,AACCAACGTACAGCGA1
260,AACCAACGTCGCTCGA2
261,AACCAACTCATACAGC1
262,AACCAACTCATACAGC2
263,AACCAACTCATCTATC1
264,AACCAACTCGGCACTG1
265,AACCAACTCGGTGCAC1
266,AACCAACTCGGTGCAC2
267,AACCAACTCTTCGATT3
268,AACCACAAGAAACTGT2
269,AACCACAAGAAACTGT3
270,AACCACAAGCATGATA2
271,AACCACAAGCATGATA3
272,AACCACACAAGATTGA2
273,AACCACACAAGATTGA3
274,AACCACACACCAATTG3
275,AACCACAGTACGACAG2
276,AACCACAGTACGACAG3
277,AACCACATCATCGCTC3
278,AACCACATCCATCTCG1
279,AACCACATCCATCTCG2
280,AACCACATCGTCTAAG2
281,AACCACATCTACGCAA1
282,AACCACATCTATGCCC2
283,AACCACATCTATGCCC3
284,AACCACATCTCAGAAC1
285,AACCACATCTCAGAAC2
286,AACCACATCTCATGCC1
287,AACCACATCTCATGCC2
288,AACCATGAGCGAGAAA1
289,AACCATGAGTCGCGAA1
290,AACCATGAGTCGCGAA2
291,AACCATGCATCCGCGA1
292,AACCATGTCACCATGA3
293,AACCATGTCACTACTT2
294,AACCATGTCACTACTT3
295,AACCATGTCTACTGAG3
296,AACCCAAAGATCCGAG2
297,AACCCAAAGATCCGAG3
298,AACCCAAAGCAGGCTA2
299,AACCCAAAGCAGGCTA3
300,AACCCAACAGCATTGT2
301,AACCCAACAGCATTGT3
302,AACCCAAGTAAGACCG2
303,AACCCAAGTAAGACCG3
304,AACCCAAGTAGTGATA3
305,AACCCAAGTGGCCACT2
306,AACCCAAGTGGCCACT3
307,AACCCAATCGCTGACG3
308,AACCCAATCTGGGCGT2
309,AACCCAATCTGGGCGT3
310,AACCTGAAGTACCCTA3
311,AACCTGAAGTTACGTC1
312,AACCTGAAGTTACGTC2
313,AACCTGACACCGTGAC2
314,AACCTGACACCGTGAC3
315,AACCTGACACTCGATA2
316,AACCTGACACTCGATA3
317,AACCTGAGTACTGAGG1
318,AACCTGAGTAGGTACG3
319,AACCTGAGTCGGTACC3
320,AACCTGAGTCTGCAAT2
321,AACCTGAGTCTGCAAT3
322,AACCTGATCCGTCACT3
323,AACCTGATCGCTCCTA2
324,AACCTGATCGCTCCTA3
325,AACCTTTAGGGTGAGG2
326,AACCTTTAGGGTGAGG3
327,AACCTTTAGTCACTGT1
328,AACCTTTAGTCACTGT2
329,AACCTTTCAAGTATCC2
330,AACCTTTCAAGTATCC3
331,AACCTTTCACGACGTC2
332,AACCTTTCACGACGTC3
333,AACCTTTCAGCGACCT2
334,AACCTTTCAGCGACCT3
335,AACCTTTCATGATAGA1
336,AACCTTTCATGATAGA2
337,AACCTTTCATGGGATG1
338,AACCTTTCATGGGATG2
339,AACCTTTGTCAGTCTA3
340,AACCTTTGTCCGGATC3
341,AACGAAAAGCCATGCC3
342,AACGAAAAGCTGGAGT2
343,AACGAAAAGCTGGAGT3
344,AACGAAAAGGATCATA3
345,AACGAAAAGTATTCCG2
346,AACGAAAAGTATTCCG3
347,AACGAAACACTGGATT2
348,AACGAAACACTGGATT3
349,AACGAAACACTTGTGA2
350,AACGAAACAGGTTCAT3
351,AACGAAAGTAACATCC2
352,AACGAAAGTATGAAGT3
353,AACGAAAGTCGCACGT2
354,AACGAAAGTCGCACGT3
355,AACGAAAGTCTTGTCC2
356,AACGAAAGTTGATCGT2
357,AACGAAAGTTGATCGT3
358,AACGAAATCCCTCTTT1
359,AACGAAATCCCTCTTT2
360,AACGAAATCCTCTCTT2
361,AACGAAATCCTCTCTT3
362,AACGAAATCTCACCCA2
363,AACGGGAAGAGTGTGC1
364,AACGGGAAGAGTGTGC2
365,AACGGGAAGGGCGAGA1
366,AACGGGAAGGGCGAGA2
367,AACGGGACAATTTCCT1
368,AACGGGACAATTTCCT2
369,AACGGGACATCCGAGC2
370,AACGGGAGTGCAACAG3
371,AACGGGATCATGACAC3
372,AACGGGATCATTGCGA1
373,AACGGGATCATTGCGA2
374,AACGGGATCGACATCA3
375,AACGGGATCGGCCCAA3
376,AACGTCAAGACTACGG2
377,AACGTCAAGACTACGG3
378,AACGTCAAGACTCGAG2
379,AACGTCAAGACTCGAG3
380,AACGTCAAGAGGATGA2
381,AACGTCAAGAGGATGA3
382,AACGTCAAGCGCGTTC2
383,AACGTCAAGCGCGTTC3
384,AACGTCACAAACGAGC2
385,AACGTCACAAACGAGC3
386,AACGTCACAAGTCGTT1
387,AACGTCACAATAACCC1
388,AACGTCACAATAACCC2
389,AACGTCACAATAACCC3
390,AACGTCACAATCCTTT2
391,AACGTCACAATCCTTT3
392,AACGTCACAGAGATGC3
393,AACGTCACATGCCGCA3
394,AACGTCAGTAGAGATT1
395,AACGTCAGTAGAGATT2
396,AACGTCAGTGCGTTTA1
397,AACGTCAGTTATCTTC3
398,AACGTCATCAACCCGG2
399,AACGTCATCAACCCGG3
400,AACGTCATCCCGTAAA3
401,AACGTCATCCTCACGT1
402,AACGTCATCCTCACGT2
403,AACGTCATCCTCAGAA3
404,AACGTCATCGCCCAGA2
405,AACGTCATCGCCCAGA3
406,AACGTCATCGCTTGCT2
407,AACGTCATCGCTTGCT3
408,AACTTCTGTCCACGCA2
409,AACTTCTGTTGACGGA3
410,AACTTCTTCAATGCAC2
411,AACTTCTTCACAGAGG2
412,AACTTCTTCAGTGCGC1
413,AACTTCTTCCAGGACC3
414,AAGAACAAGCGTTACT2
415,AAGAACAAGCGTTACT3
416,AAGAACAAGTCATTGC1
417,AAGAACAAGTCATTGC2
418,AAGAACACACCACTGG1
419,AAGAACACACCACTGG2
420,AAGAACACACTACACA2
421,AAGAACACACTACACA3
422,AAGAACACAGGTTACT3
423,AAGAACACATCCCACT1
424,AAGAACACATCCCACT2
425,AAGAACAGTCTGTAAC1
426,AAGAACAGTGTGAATA2
427,AAGAACAGTTGCCGAC2
428,AAGAACAGTTGCCGAC3
429,AAGAACATCACTCCGT2
430,AAGAACATCACTCCGT3
431,AAGAACATCCTGGTCT3
432,AAGAACATCGACCCAG1
433,AAGAACATCGACCCAG2
434,AAGAACATCTACACAG2
435,AAGAACATCTACACAG3
436,AAGACAAAGCAAGTCG2
437,AAGACAAAGGACGCAT2
438,AAGACAAAGGACGCAT3
439,AAGACAAAGGTGCGAT2
440,AAGACAAAGTCATTGC2
441,AAGACAAAGTCATTGC3
442,AAGACAACACGGCACT2
443,AAGACAACAGAGTTCT2
444,AAGACAAGTGAGTAAT2
445,AAGACAAGTGAGTAAT3
446,AAGACAATCCTGGTCT2
447,AAGACAATCCTGGTCT3
448,AAGACAATCGGTTAGT3
449,AAGACAATCGTCCTCA3
450,AAGACAATCTCAACCC1
451,AAGACAATCTCAACCC2
452,AAGACAATCTGCATAG2
453,AAGACAATCTGCATAG3
454,AAGACTCAGAATCCCT2
455,AAGACTCAGAATCCCT3
456,AAGACTCAGACGTCCC2
457,AAGACTCAGACGTCCC3
458,AAGACTCAGACGTCGA1
459,AAGACTCAGACGTCGA2
460,AAGACTCAGCGAATGC3
461,AAGACTCAGCTATCCA1
462,AAGACTCAGGGTACGT3
463,AAGACTCCACATGAAA3
464,AAGACTCCAGAGTCTT2
465,AAGACTCCAGAGTCTT3
466,AAGACTCCATGATGCT2
467,AAGACTCCATGATGCT3
468,AAGACTCGTCCTACAA3
469,AAGACTCGTCTCAAGT2
470,AAGACTCGTCTCAAGT3
471,AAGACTCGTGGCCTCA3
472,AAGACTCGTGTCCTAA3
473,AAGACTCGTTGGAGGT1
474,AAGACTCTCTAGTACG1
475,AAGACTCTCTAGTACG2
476,AAGATAGAGGGCCAAT2
477,AAGATAGAGGGCCAAT3
478,AAGATAGAGTGGTTGG2
479,AAGATAGAGTTCCGTA2
480,AAGATAGAGTTCCGTA3
481,AAGATAGCACGTAGAG3
482,AAGATAGCAGAATTCC3
483,AAGATAGCATCTCCCA3
484,AAGATAGCATTGTACG1
485,AAGATAGCATTGTACG2
486,AAGATAGGTCGGATTT3
487,AAGATAGGTTCCATTT3
488,AAGATAGTCACCTCGT1
489,AAGATAGTCACCTCGT2
490,AAGATAGTCGAACCAT2
491,AAGATAGTCGAACCAT3
492,AAGCATCAGAATTTGG2
493,AAGCATCAGAATTTGG3
494,AAGCATCAGACCACGA1
495,AAGCATCAGACCACGA2
496,AAGCATCAGAGCCCAA2
497,AAGCATCAGAGCCCAA3
498,AAGCATCAGCCAAGCA3
499,AAGCATCAGCTAAGTA1
500,AAGCATCAGCTAAGTA2
501,AAGCATCAGGAGAGGC1
502,AAGCATCAGGAGAGGC2
503,AAGCATCAGTAGAGTT1
504,AAGCATCCAGGAGACT2
505,AAGCATCCAGGAGACT3
506,AAGCATCGTACGCTTA1
507,AAGCATCGTGGAACCA3
508,AAGCATCGTGGACTGA2
509,AAGCATCTCGCCTATC2
510,AAGCATCTCGCCTATC3
511,AAGCCATAGACCTCCG2
512,AAGCCATAGACCTCCG3
513,AAGCCATAGCATGTTC1
514,AAGCCATAGTCGAAAT2
515,AAGCCATAGTCGAAAT3
516,AAGCCATAGTTGGACG2
517,AAGCCATAGTTGGACG3
518,AAGCCATCAGCGAGTA2
519,AAGCCATCAGCGAGTA3
520,AAGCCATCATCCAACA3
521,AAGCCATCATCTCATT1
522,AAGCCATCATCTCATT2
523,AAGCCATGTTGCTCGG2
524,AAGCCATGTTGCTCGG3
525,AAGCCATTCACTTATC2
526,AAGCCATTCACTTATC3
527,AAGCCATTCCGTGGCA1
528,AAGCCATTCTAGTGAC2
529,AAGCCATTCTAGTGAC3
530,AAGCGAGAGATCACTC1
531,AAGCGAGAGCGGGTAT2
532,AAGCGAGAGCGGGTAT3
533,AAGCGAGAGGTCATCT2
534,AAGCGAGAGGTCATCT3
535,AAGCGAGCAATAGGAT2
536,AAGCGAGCAATAGGAT3
537,AAGCGAGCACGCGTCA2
538,AAGCGAGCAGCTTCCT3
539,AAGCGAGGTAGGTGCA2
540,AAGCGAGGTAGGTGCA3
541,AAGCGAGGTCGCTTGG1
542,AAGCGAGGTCGCTTGG2
543,AAGCGAGGTGAAGCGT3
544,AAGCGAGGTTTAGACC1
545,AAGCGAGTCATGAAAG2
546,AAGCGAGTCATGAAAG3
547,AAGCGAGTCATGCCCT2
548,AAGCGAGTCATGCCCT3
549,AAGCGTTAGGTCGCCT2
550,AAGCGTTAGGTCGCCT3
551,AAGCGTTCACAAACGG2
552,AAGCGTTCACAAACGG3
553,AAGCGTTCACGGCCAT2
554,AAGCGTTCACGGCCAT3
555,AAGCGTTCAGCCGTCA2
556,AAGCGTTCAGCCGTCA3
557,AAGCGTTCATAGTCGT1
558,AAGCGTTCATAGTCGT2
559,AAGCGTTCATGGGATG2
560,AAGCGTTGTACCCACG2
561,AAGCGTTGTACCCACG3
562,AAGCGTTGTGTGTCCG2
563,AAGCGTTGTGTGTCCG3
564,AAGCGTTTCGGTGAAG1
565,AAGGAATAGTCATCCA2
566,AAGGAATCAAGTATAG2
567,AAGGAATCAAGTATAG3
568,AAGGAATTCAAGCGTT1
569,AAGGAATTCCTCACGT3
570,AAGGAATTCGCAGTTA2
571,AAGGAATTCTACTATC1
572,AAGGAATTCTACTATC2
573,AAGGAATTCTTGGGCG1
574,AAGGTAAAGCATTGAA3
575,AAGGTAACACGTCTCT2
576,AAGGTAACACGTCTCT3
577,AAGGTAAGTCACGTGC3
578,AAGGTAAGTCCGGACT1
579,AAGGTAAGTCGGATTT3
580,AAGGTAAGTGGGCTTC2
581,AAGGTAAGTGGGCTTC3
582,AAGGTAAGTTTCACTT1
583,AAGGTAAGTTTCACTT2
584,AAGGTAATCAGCCTCT1
585,AAGGTAATCAGCCTCT2
586,AAGGTAATCATATGGC2
587,AAGGTAATCATATGGC3
588,AAGGTAATCCTGTAGA1
589,AAGGTAATCGCCACTT1
590,AAGGTAATCTCAGGCG2
591,AAGTACCCAACGGCCT2
592,AAGTACCCAACGGCCT3
593,AAGTACCCAATTTCTC2
594,AAGTACCCAATTTCTC3
595,AAGTACCCAGACAAGC3
596,AAGTACCCATCCGGCA2
597,AAGTACCCATCCGGCA3
598,AAGTACCGTACGTTCA2
599,AAGTACCGTACGTTCA3
600,AAGTACCGTACTGAGG2
601,AAGTACCGTACTGAGG3
602,AAGTACCGTCCACAGC2
603,AAGTACCGTCCACAGC3
604,AAGTACCGTGCCAAGA2
605,AAGTACCGTGCCAAGA3
606,AAGTACCTCAATCTTC2
607,AAGTACCTCAATCTTC3
608,AAGTACCTCCTGTAGA1
609,AAGTACCTCCTGTAGA2
610,AAGTACCTCGAGCCTG2
611,AAGTACCTCGAGCCTG3
612,AAGTACCTCTGATGGT2
613,AAGTACCTCTGATGGT3
614,AAGTCGTCACCACTGG1
615,AAGTCGTCACCACTGG2
616,AAGTCGTCACGGGCTT2
617,AAGTCGTCACGGGCTT3
618,AAGTCGTGTCAACCAT2
619,AAGTCGTGTCATGACT3
620,AAGTCGTTCATATGGC1
621,AAGTCGTTCATATGGC2
622,AAGTCGTTCCATCGTC3
623,AAGTCGTTCCGTATAG1
624,AAGTCGTTCTTGATTC2
625,AAGTGAAAGACAGCGT2
626,AAGTGAAAGACAGCGT3
627,AAGTGAAAGCTTAAGA1
628,AAGTGAAAGTTCCATG2
629,AAGTGAAAGTTCCATG3
630,AAGTGAACAGTAGTTC2
631,AAGTGAACAGTAGTTC3
632,AAGTGAAGTCTTAGTG2
633,AAGTGAATCTATGTGG3
634,AAGTTCGAGCGACTTT3
635,AAGTTCGAGCTTCGTA3
636,AAGTTCGAGGATGTTA2
637,AAGTTCGAGTAACCTC2
638,AAGTTCGGTCGGAAAC2
639,AAGTTCGGTCGGAAAC3
640,AAGTTCGGTCTAGTGT3
641,AAGTTCGGTGAGGCAT2
642,AAGTTCGGTGAGGCAT3
643,AAGTTCGGTGCATACT2
644,AAGTTCGGTGCATACT3
645,AAGTTCGTCAAGTGGG3
646,AAGTTCGTCATAAGGA3
647,AAGTTCGTCTTCCGTG1
648,AAGTTCGTCTTCCGTG2
649,AATAGAGAGAATTGCA2
650,AATAGAGAGAATTGCA3
651,AATAGAGAGGTAGTAT2
652,AATAGAGAGTCATCCA3
653,AATAGAGCACCACTGG1
654,AATAGAGCACCACTGG2
655,AATAGAGGTCACAATC1
656,AATAGAGGTCACAATC2
657,AATAGAGTCCCGAGAC3
658,AATAGAGTCGAGCCTG1
659,AATAGAGTCGAGCCTG2
660,AATAGAGTCGCATTAG3
661,AATAGAGTCTATCACT3
662,AATAGAGTCTCATTGT2
663,AATAGAGTCTCATTGT3
664,AATCACGAGAATAGTC3
665,AATCACGCAACGCCCA1
666,AATCACGCAACGCCCA2
667,AATCACGCAATTGCGT1
668,AATCACGCAATTGCGT2
669,AATCACGGTAGACGTG1
670,AATCACGGTAGACGTG2
671,AATCACGGTGCAATGG3
672,AATCACGTCATTGGTG2
673,AATCACGTCATTGGTG3
674,AATCGACAGAGGATCC1
675,AATCGACCAACCCTAA2
676,AATCGACCAACCCTAA3
677,AATCGACCAGGATGAC3
678,AATCGACCATCCGGTG2
679,AATCGACCATCGATCA2
680,AATCGACCATCGATCA3
681,AATCGACCATGGAGAC3
682,AATCGACGTCCCTAAA2
683,AATCGACGTCGTTTCC2
684,AATCGACGTCGTTTCC3
685,AATCGACGTGCCGTTG1
686,AATCGACGTGCCGTTG2
687,AATCGACGTGTCACAT1
688,AATCGACGTGTCACAT2
689,AATCGACGTTGTATGC3
690,AATCGACGTTTGGGAG1
691,AATCGACGTTTGGGAG2
692,AATCGACTCCTGATAG2
693,AATCGACTCCTGATAG3
694,AATCGTGAGACAACTA1
695,AATCGTGAGACAACTA2
696,AATCGTGAGTTTGCTG2
697,AATCGTGAGTTTGCTG3
698,AATCGTGCAAAGGATT3
699,AATCGTGCACATCATG2
700,AATCGTGCACGAGAAC1
701,AATCGTGCACGAGAAC2
702,AATCGTGGTAGCTGTT2
703,AATCGTGGTCAGCTTA2
704,AATCGTGGTCAGCTTA3
705,AATCGTGGTTGTAAAG1
706,AATCGTGTCAGCAGAG1
707,AATCGTGTCAGCAGAG2
708,AATCGTGTCCCATGGG1
709,AATCGTGTCCCATGGG2
710,AATCGTGTCTAGTACG3
711,AATCGTGTCTCTGGTC2
712,AATGAAGAGACCTGGA2
713,AATGAAGAGACCTGGA3
714,AATGAAGAGACTAGAT2
715,AATGAAGAGACTAGAT3
716,AATGAAGAGGGTCTTT2
717,AATGAAGAGGGTCTTT3
718,AATGAAGAGGTCGACA1
719,AATGAAGAGGTCGACA2
720,AATGAAGAGTGAGCCA1
721,AATGAAGAGTGAGCCA2
722,AATGAAGCAACGATTC2
723,AATGAAGCAACGATTC3
724,AATGAAGCAGAGTTCT3
725,AATGAAGCAGGACTTT2
726,AATGAAGCAGGACTTT3
727,AATGAAGCATCGGTTA3
728,AATGAAGGTCACCTTC2
729,AATGAAGGTCACCTTC3
730,AATGAAGGTGAATATG3
731,AATGAAGGTGCGGCTT1
732,AATGAAGGTTAGAGTA2
733,AATGAAGGTTAGAGTA3
734,AATGAAGGTTGCGTAT3
735,AATGAAGTCGCCTATC1
736,AATGAAGTCGCCTATC2
737,AATGAAGTCTGCCTCA1
738,AATGAAGTCTTAGCTT3
739,AATGACCAGAATCCCT2
740,AATGACCAGAATCCCT3
741,AATGACCAGCGTGCCT2
742,AATGACCAGCGTGCCT3
743,AATGACCAGGATATAC3
744,AATGACCAGGCTAACG3
745,AATGACCCAAATGAGT1
746,AATGACCCAAATGAGT2
747,AATGACCCAAATGAGT3
748,AATGACCCACGGCGTT2
749,AATGACCCACGGCGTT3
750,AATGACCCAGACAAGC2
751,AATGACCCAGACAAGC3
752,AATGACCCAGCTTTCC2
753,AATGACCCAGCTTTCC3
754,AATGACCCATGAATCC2
755,AATGACCCATGAATCC3
756,AATGACCGTAGCTAAA2
757,AATGACCGTAGCTAAA3
758,AATGACCGTCTGTAGT1
759,AATGACCGTCTGTAGT2
760,AATGACCGTGGTCCGT2
761,AATGACCGTGGTCCGT3
762,AATGACCGTGTGCTTA3
763,AATGACCGTTCTCTCG2
764,AATGACCGTTCTCTCG3
765,AATGACCTCACTGTTT1
766,AATGACCTCCATGATG3
767,AATGACCTCCGATGTA2
768,AATGACCTCCGATGTA3
769,AATGACCTCGCTCCTA2
770,AATGACCTCGCTCCTA3
771,AATGCCAAGATACCAA3
772,AATGCCAAGCCATCCG3
773,AATGCCAAGCCTCACG1
774,AATGCCAAGCCTCACG2
775,AATGCCAAGGGACTGT1
776,AATGCCAAGGGACTGT2
777,AATGCCAAGTGGACTG3
778,AATGCCACAGGCATTT2
779,AATGCCACAGGTGACA1
780,AATGCCACAGGTGACA2
781,AATGCCACATGAGATA1
782,AATGCCACATGAGATA2
783,AATGCCAGTGAGTTTC2
784,AATGCCAGTGAGTTTC3
785,AATGCCATCAAGTGGG2
786,AATGCCATCAAGTGGG3
787,AATGCCATCATGCGGC3
788,AATGGAAAGAAGTCAT2
789,AATGGAAAGAAGTCAT3
790,AATGGAAAGATGGGCT1
791,AATGGAAAGTACAGAT2
792,AATGGAAAGTACAGAT3
793,AATGGAAAGTTACGAA3
794,AATGGAAAGTTCCAGT1
795,AATGGAAAGTTCCAGT2
796,AATGGAAGTAGGGTAC3
797,AATGGAAGTGACATCT2
798,AATGGAAGTGACATCT3
799,AATGGAATCAGGACAG2
800,AATGGAATCATCGACA2
801,AATGGAATCATCGACA3
802,AATGGAATCGCCTAGG3
803,AATGGAATCTTCACAT3
804,AATGGCTAGCCTGACC2
805,AATGGCTAGCCTGACC3
806,AATGGCTAGCTATCTG1
807,AATGGCTAGTAGACAT1
808,AATGGCTAGTAGACAT2
809,AATGGCTCATCCCGTT2
810,AATGGCTCATCCCGTT3
811,AATGGCTGTCCCTAAA1
812,AATGGCTGTCCCTAAA2
813,AATGGCTGTTGAGAGC1
814,AATGGCTGTTGAGAGC2
815,AATGGCTTCGAACCAT1
816,AATGGCTTCGTTCATT2
817,AATGGCTTCGTTCATT3
818,AATTCCTAGCAGGCTA3
819,AATTCCTAGGCTGTAG1
820,AATTCCTAGGCTGTAG2
821,AATTCCTAGTACCGGA2
822,AATTCCTCAGACGATG1
823,AATTCCTCAGACGATG2
824,AATTCCTCAGCTTCCT1
825,AATTCCTCAGCTTCCT2
826,AATTCCTCATGCACTA1
827,AATTCCTCATGCACTA2
828,AATTCCTGTACGAGCA1
829,AATTCCTGTACGAGCA2
830,AATTCCTGTCCATAGT2
831,AATTCCTGTCCATAGT3
832,AATTCCTGTTGCGTAT2
833,AATTCCTGTTGCGTAT3
834,AATTCCTTCATTACTC2
835,AATTCCTTCATTACTC3
836,AATTCCTTCCACGAAT2
837,AATTCCTTCCACGAAT3
838,AATTCCTTCGAGCCTG3
839,AATTCCTTCTCTCAAT3
840,AATTTCCAGCATTGAA3
841,AATTTCCAGCTGTACT2
842,AATTTCCAGCTGTACT3
843,AATTTCCCACAAATGA2
844,AATTTCCCACAAATGA3
845,AATTTCCCACAGACGA2
846,AATTTCCCACAGACGA3
847,AATTTCCCAGAAGCTG3
848,AATTTCCCAGAGTCTT2
849,AATTTCCGTCATGCAT2
850,AATTTCCGTCATGCAT3
851,AATTTCCGTCGTTGCG2
852,AATTTCCTCACTCGAA1
853,AATTTCCTCTATACGG2
854,AATTTCCTCTATACGG3
855,AATTTCCTCTCCTGAC2
856,AATTTCCTCTCCTGAC3
857,ACAAAGAAGACGACGT1
858,ACAAAGAAGACGACGT2
859,ACAAAGAAGAGCTGCA3
860,ACAAAGAAGCGATGAC2
861,ACAAAGAAGCGATGAC3
862,ACAAAGAAGTACTGGG3
863,ACAAAGAAGTGATAAC1
864,ACAAAGAAGTGATAAC2
865,ACAAAGACAAGACTGG2
866,ACAAAGACAAGACTGG3
867,ACAAAGACACAGTGAG2
868,ACAAAGACACAGTGAG3
869,ACAAAGACAGGTTCGC2
870,ACAAAGACAGGTTCGC3
871,ACAAAGAGTACGTGTT2
872,ACAAAGAGTGAATGTA2
873,ACAAAGAGTGAATGTA3
874,ACAAAGAGTGCAATAA2
875,ACAAAGAGTGCAATAA3
876,ACAAAGATCAAGAAAC3
877,ACAAAGATCATCCTAT2
878,ACAAAGATCATCCTAT3
879,ACAAAGATCATGAGAA1
880,ACAAAGATCCGAGGCT3
881,ACAAAGATCGGAAGGT2
882,ACAAAGATCGGAAGGT3
883,ACAAAGATCTATCGCC2
884,ACAAAGATCTATCGCC3
885,ACAACCAAGACTACGG1
886,ACAACCAAGCAACCAG2
887,ACAACCAAGCAACCAG3
888,ACAACCAAGTATGAAC3
889,ACAACCAAGTCATGGG1
890,ACAACCAAGTCATGGG2
891,ACAACCAAGTCCCTAA2
892,ACAACCAAGTCCCTAA3
893,ACAACCAAGTTAGAAC1
894,ACAACCAAGTTAGAAC2
895,ACAACCACACCGTCGA2
896,ACAACCACACCGTCGA3
897,ACAACCACAGGCATGA2
898,ACAACCACAGGCATGA3
899,ACAACCAGTCATGGCC1
900,ACAACCAGTCGCAGTC2
901,ACAACCAGTCGCAGTC3
902,ACAACCAGTCTAGATC3
903,ACAACCAGTGGTACAG2
904,ACAACCAGTTCAACGT3
905,ACAACCAGTTCCTAGA3
906,ACAACCAGTTCTCACC1
907,ACAACCAGTTCTCACC2
908,ACAACCATCGTCTAAG2
909,ACAACCATCGTCTAAG3
910,ACAACCATCTTTCGAT3
911,ACAAGCTAGAAATCCA3
912,ACAAGCTAGATCACTC1
913,ACAAGCTAGATCACTC2
914,ACAAGCTAGCGTCTCG1
915,ACAAGCTCAGAACTTC2
916,ACAAGCTCAGGCGATA2
917,ACAAGCTCAGGCGATA3
918,ACAAGCTCATAGTCAC2
919,ACAAGCTCATAGTCAC3
920,ACAAGCTGTCTTGCGG3
921,ACAAGCTGTTAGGCTT3
922,ACAAGCTGTTATCCAG3
923,ACAAGCTTCAACGCTA2
924,ACAAGCTTCACGGGAA3
925,ACAAGCTTCGCTACAA3
926,ACAAGCTTCGGAGCAA2
927,ACAAGCTTCGGAGCAA3
928,ACAAGCTTCGGTCAGC3
929,ACAAGCTTCTACTGCC2
930,ACAAGCTTCTACTGCC3
931,ACACAGTAGCTAGATA2
932,ACACAGTAGCTAGATA3
933,ACACAGTAGGCCTTGC2
934,ACACAGTAGGCCTTGC3
935,ACACAGTAGGCTGGAT1
936,ACACAGTAGTCACTAC2
937,ACACAGTAGTCACTAC3
938,ACACAGTCAATGCTCA2
939,ACACAGTCAATGCTCA3
940,ACACAGTCACTACCCT2
941,ACACAGTCACTACCCT3
942,ACACAGTCAGGTCCCA3
943,ACACAGTCATCCGTTC3
944,ACACAGTCATGGAGAC3
945,ACACAGTCATGTCTAG1
946,ACACAGTGTACCCAGC2
947,ACACAGTGTACCCAGC3
948,ACACAGTGTTCCTAAG1
949,ACACAGTGTTCCTAAG2
950,ACACAGTTCGCGTGAC3
951,ACACAGTTCGCTCCTA3
952,ACACAGTTCTACTTCA3
953,ACACAGTTCTATCGCC2
954,ACACAGTTCTATCGCC3
955,ACACCAAAGCCTCAAT3
956,ACACCAAAGGTTACCT1
957,ACACCAAAGGTTACCT2
958,ACACCAAAGGTTCCAT2
959,ACACCAAAGGTTCCAT3
960,ACACCAACAAATCAAG3
961,ACACCAACAAGCGCAA2
962,ACACCAACAAGCGCAA3
963,ACACCAAGTCGCAACC2
964,ACACCAAGTCGCAACC3
965,ACACCAAGTTGGGAAC2
966,ACACCAATCCATCGTC3
967,ACACCAATCGCCTAGG3
968,ACACCAATCGGACTTA1
969,ACACCAATCGGACTTA2
970,ACACCAATCGTGGAAG2
971,ACACCAATCGTGGAAG3
972,ACACCAATCTTACTGT3
973,ACACGCGAGCACACCC2
974,ACACGCGAGCACACCC3
975,ACACGCGAGCCTTTGA1
976,ACACGCGAGCCTTTGA2
977,ACACGCGAGCGTTGTT3
978,ACACGCGAGGATTCAA3
979,ACACGCGAGTTTGAGA2
980,ACACGCGCAAGTGCAG2
981,ACACGCGCAAGTGCAG3
982,ACACGCGCAGAATGTA2
983,ACACGCGCAGAATGTA3
984,ACACGCGCAGTTTCAG1
985,ACACGCGGTGCCTTCT2
986,ACACGCGGTGCCTTCT3
987,ACACGCGTCCTTGGAA3
988,ACACGCGTCGCGGACT1
989,ACACGCGTCTGTGCGG3
990,ACACTGAAGGAATTAC1
991,ACACTGAAGGAATTAC2
992,ACACTGAAGGCTAACG2
993,ACACTGAAGGCTAACG3
994,ACACTGAAGTGATAGT1
995,ACACTGACAAGAGAGA2
996,ACACTGACACGACTAT1
997,ACACTGACACGACTAT2
998,ACACTGACATGACGGA3
999,ACACTGAGTACGGATG2
1000,ACACTGAGTACGGATG3
1001,ACACTGAGTGTCTTCC1
1002,ACACTGAGTGTCTTCC2
1003,ACACTGAGTTAAAGTG2
1004,ACACTGAGTTATGACC1
1005,ACACTGAGTTTACACG1
1006,ACACTGAGTTTACACG2
1007,ACACTGATCAACACGT2
1008,ACACTGATCAACACGT3
1009,ACACTGATCATGGCCG3
1010,ACACTGATCATTCGTT2
1011,ACACTGATCGTTCAGA2
1012,ACACTGATCGTTCAGA3
1013,ACACTGATCTTTGATC2
1014,ACACTGATCTTTGATC3
1015,ACAGAAAAGCACTTTG3
1016,ACAGAAAAGCCTGACC3
1017,ACAGAAAAGTACTGTC2
1018,ACAGAAACAGGCTTGC3
1019,ACAGAAACAGGTGAGT2
1020,ACAGAAACAGGTGAGT3
1021,ACAGAAACATTGTACG1
1022,ACAGAAACATTGTACG2
1023,ACAGAAAGTAGAGATT3
1024,ACAGAAAGTAGTCTGT3
1025,ACAGAAAGTCGAATGG2
1026,ACAGAAAGTCTGTCCT2
1027,ACAGAAAGTCTGTCCT3
1028,ACAGAAAGTCTTGAGT1
1029,ACAGAAAGTTGACTAC2
1030,ACAGAAAGTTGACTAC3
1031,ACAGAAATCATCAGTG2
1032,ACAGAAATCATCAGTG3
1033,ACAGAAATCCAACCGG2
1034,ACAGAAATCCAACCGG3
1035,ACAGAAATCCTCTAAT2
1036,ACAGAAATCCTCTAAT3
1037,ACAGAAATCGGCTGTG1
1038,ACAGAAATCTACGGTA3
1039,ACAGCCGAGACTTAAG1
1040,ACAGCCGAGGAGAGTA2
1041,ACAGCCGAGGAGAGTA3
1042,ACAGCCGCACAACGCC1
1043,ACAGCCGCATAACAGA1
1044,ACAGCCGCATAACAGA2
1045,ACAGCCGCATGAGAAT2
1046,ACAGCCGCATGAGAAT3
1047,ACAGCCGGTATCCTCC3
1048,ACAGCCGGTTACCTGA3
1049,ACAGCCGTCTATACGG2
1050,ACAGGGACAACGGTAG2
1051,ACAGGGACAAGCGGAT2
1052,ACAGGGACAAGCGGAT3
1053,ACAGGGACAATCTGCA1
1054,ACAGGGACAATCTGCA2
1055,ACAGGGACACTCTGCT3
1056,ACAGGGAGTAACATAG3
1057,ACAGGGAGTCCGGCAT3
1058,ACAGGGAGTTGTAAAG2
1059,ACAGGGAGTTGTAAAG3
1060,ACATCCCAGAGCCTGA1
1061,ACATCCCAGAGCCTGA2
1062,ACATCCCAGATGTTGA2
1063,ACATCCCAGATGTTGA3
1064,ACATCCCAGCTGCGAA1
1065,ACATCCCAGCTTCATG2
1066,ACATCCCAGCTTCATG3
1067,ACATCCCAGTCACTCA1
1068,ACATCCCAGTCACTCA2
1069,ACATCCCAGTTCATCG2
1070,ACATCCCCACATAGCT2
1071,ACATCCCCACATAGCT3
1072,ACATCCCCACTTCCTG1
1073,ACATCCCCACTTCCTG2
1074,ACATCCCGTACCATAC2
1075,ACATCCCGTACCATAC3
1076,ACATCCCGTAGACACG2
1077,ACATCCCGTAGACACG3
1078,ACATCCCGTAGTACGG2
1079,ACATCCCGTAGTACGG3
1080,ACATCCCGTCACTCAA3
1081,ACATCCCGTGAACTAA1
1082,ACATCCCGTTGCATGT3
1083,ACATCCCGTTGTCATG3
1084,ACATCCCTCGGAGCAA2
1085,ACATCCCTCGGAGCAA3
1086,ACATCCCTCTGCGGAC1
1087,ACATCCCTCTGTAACG1
1088,ACATCCCTCTGTAACG2
1089,ACATCGAAGCAGCACA2
1090,ACATCGAAGCAGCACA3
1091,ACATCGAAGGAGTATT2
1092,ACATCGAAGGCACCAA2
1093,ACATCGAAGGGTCAAC2
1094,ACATCGAAGGTTGTTC2
1095,ACATCGAAGGTTGTTC3
1096,ACATCGAAGTCACTCA1
1097,ACATCGAAGTCACTCA2
1098,ACATCGACAACAACAA3
1099,ACATCGACAACAAGAT1
1100,ACATCGACACACGTGC1
1101,ACATCGAGTACTTGTG2
1102,ACATCGAGTACTTGTG3
1103,ACATCGATCAGTCCGG3
1104,ACATCGATCTGCTAGA2
1105,ACATGCAAGCGTCAGA1
1106,ACATGCAAGCGTCAGA2
1107,ACATGCAAGGGTTGCA3
1108,ACATGCAAGTCCGCGT2
1109,ACATGCAAGTCCGCGT3
1110,ACATGCAAGTCCTACA1
1111,ACATGCAAGTCCTACA2
1112,ACATGCAAGTGAGGTC1
1113,ACATGCACAAGCCCAC3
1114,ACATGCACAATACCCA1
1115,ACATGCACAATACCCA2
1116,ACATGCAGTAGATCCT2
1117,ACATGCAGTAGATCCT3
1118,ACATGCAGTATGCTTG1
1119,ACATGCAGTCTCACGG1
1120,ACATGCAGTCTCACGG2
1121,ACATGCAGTGGTCAAG3
1122,ACATGCAGTTGCATTG2
1123,ACATGCAGTTGCATTG3
1124,ACATGCAGTTGGGATG2
1125,ACATGCAGTTGGGATG3
1126,ACATGCATCCAGCAAT2
1127,ACATGCATCCCGAACG1
1128,ACATGCATCCGAACGC2
1129,ACATGCATCTCTGACC2
1130,ACATGCATCTCTGACC3
1131,ACATTTCAGTCAGCCC3
1132,ACATTTCCACGTTGGC3
1133,ACATTTCCATAACAGA2
1134,ACATTTCCATAACAGA3
1135,ACATTTCCATTGACAC2
1136,ACATTTCCATTGACAC3
1137,ACATTTCGTCAGACTT2
1138,ACATTTCGTCAGACTT3
1139,ACATTTCTCTTACGGA3
1140,ACCAAACAGCTTGTTG1
1141,ACCAAACAGCTTGTTG2
1142,ACCAAACAGTCTTCCC1
1143,ACCAAACAGTCTTCCC2
1144,ACCAAACCACCGTCTT1
1145,ACCAAACGTCGTATGT1
1146,ACCAAACGTCGTATGT2
1147,ACCAAACGTGAGATAT2
1148,ACCAACAAGGAGATAG1
1149,ACCAACAAGGAGATAG2
1150,ACCAACAAGGGAGATA1
1151,ACCAACAAGGGAGATA2
1152,ACCAACACACATTCGA2
1153,ACCAACACACATTCGA3
1154,ACCAACACACTTCATT2
1155,ACCAACACACTTCATT3
1156,ACCAACAGTTATCCAG2
1157,ACCAACAGTTATCCAG3
1158,ACCAACAGTTATTCTC2
1159,ACCAACAGTTATTCTC3
1160,ACCAACATCTCTCAAT2
1161,ACCAACATCTCTCAAT3
1162,ACCACAACACTTGAAC2
1163,ACCACAACACTTGAAC3
1164,ACCACAACATAGACTC1
1165,ACCACAACATGGAACG1
1166,ACCACAAGTTGTGGAG2
1167,ACCACAAGTTGTGGAG3
1168,ACCACAATCATCCTAT1
1169,ACCACAATCATCCTAT2
1170,ACCACAATCGAACGGA3
1171,ACCATTTAGGCTGAAC2
1172,ACCATTTAGGCTGAAC3
1173,ACCATTTAGTGGGAAA1
1174,ACCATTTAGTTGTCGT2
1175,ACCATTTAGTTGTCGT3
1176,ACCATTTCATCCGTGG2
1177,ACCATTTCATCCGTGG3
1178,ACCATTTGTCTGTAGT3
1179,ACCATTTGTTAGAAAC1
1180,ACCATTTGTTAGAAAC2
1181,ACCATTTTCAGCGTCG2
1182,ACCATTTTCCGAGATT3
1183,ACCATTTTCGATTGAC3
1184,ACCATTTTCTAGGAAA2
1185,ACCATTTTCTAGGAAA3
1186,ACCATTTTCTGAGGTT2
1187,ACCATTTTCTGAGGTT3
1188,ACCCAAAAGACCAAAT1
1189,ACCCAAACAATGCAGG1
1190,ACCCAAACAGCAGGAT2
1191,ACCCAAACAGCAGGAT3
1192,ACCCAAAGTGACCGTC2
1193,ACCCAAAGTGACCGTC3
1194,ACCCAAATCAACTTTC3
1195,ACCCAAATCAGCTGAT2
1196,ACCCAAATCGGCATTA2
1197,ACCCAAATCGGCATTA3
1198,ACCCTCAAGTGAATAC1
1199,ACCCTCAAGTGAATAC2
1200,ACCCTCAAGTTGAATG2
1201,ACCCTCAAGTTGAATG3
1202,ACCCTCACAGGACTAG1
1203,ACCCTCAGTCATAACC2
1204,ACCCTCAGTCATAACC3
1205,ACCCTCAGTGCATTAC1
1206,ACCCTCAGTGCTAGCC2
1207,ACCCTCAGTGCTAGCC3
1208,ACCCTCAGTGCTTCAA2
1209,ACCCTTGAGCTGGCTC3
1210,ACCCTTGAGCTTAAGA2
1211,ACCCTTGAGCTTAAGA3
1212,ACCCTTGCAATCTAGC3
1213,ACCCTTGCAATTGGTC3
1214,ACCCTTGCAGCATCTA2
1215,ACCCTTGCAGCATCTA3
1216,ACCCTTGGTACGACTT1
1217,ACCCTTGGTACGACTT2
1218,ACCCTTGGTGAGTGAC2
1219,ACCCTTGGTGAGTGAC3
1220,ACCCTTGGTGGCGTAA3
1221,ACCCTTGGTGGTCAAG2
1222,ACCGTTCAGAAGATCT1
1223,ACCGTTCAGCACTCAT2
1224,ACCGTTCAGCACTCAT3
1225,ACCGTTCCACACGTGC2
1226,ACCGTTCCACACGTGC3
1227,ACCGTTCCAGAGTGAC1
1228,ACCGTTCCAGAGTGAC2
1229,ACCGTTCGTCCCTGAG1
1230,ACCGTTCGTCCCTGAG2
1231,ACCGTTCGTCTGGTTA3
1232,ACCGTTCGTGGCGTAA2
1233,ACCGTTCGTGGCGTAA3
1234,ACCGTTCGTTCAAGTC2
1235,ACCGTTCGTTCAAGTC3
1236,ACCGTTCTCTGCATGA3
1237,ACCGTTCTCTTCCTAA1
1238,ACCGTTCTCTTCCTAA2
1239,ACCTACCAGAGGACTC3
1240,ACCTACCAGCTTGTTG2
1241,ACCTACCAGCTTGTTG3
1242,ACCTACCAGGCACAAC2
1243,ACCTACCAGGCACAAC3
1244,ACCTACCAGGTAGGCT3
1245,ACCTACCCAGCGCTTG2
1246,ACCTACCTCGTTCAGA1
1247,ACCTACCTCTGCCTGT3
1248,ACCTACCTCTTAATCC2
1249,ACCTGAAAGACATAGT2
1250,ACCTGAAAGCACCCAC2
1251,ACCTGAAAGTCTAACC3
1252,ACCTGAACAAATACAG2
1253,ACCTGAACAAATACAG3
1254,ACCTGAACAGACCGCT2
1255,ACCTGAACAGACCGCT3
1256,ACCTGAACATCCGTGG1
1257,ACCTGAACATCCGTGG2
1258,ACCTGAACATGGGAAC2
1259,ACCTGAACATGGGAAC3
1260,ACCTGAAGTGCTGCAC2
1261,ACCTGAAGTGCTGCAC3
1262,ACCTGAAGTGTGTGTT2
1263,ACCTGAAGTGTGTGTT3
1264,ACCTGAATCATGGGAG1
1265,ACCTGAATCTCCAATT1
1266,ACCTGAATCTCCAATT2
1267,ACCTGTCAGACATATG2
1268,ACCTGTCAGACATATG3
1269,ACCTGTCAGAGGATCC3
1270,ACCTGTCAGAGTGACC2
1271,ACCTGTCAGAGTGACC3
1272,ACCTGTCAGCCAAGCA1
1273,ACCTGTCAGCCAAGCA2
1274,ACCTGTCCAGAGACTG2
1275,ACCTGTCCATCCAACA1
1276,ACCTGTCCATCCAACA2
1277,ACCTGTCGTAACAAGT2
1278,ACCTGTCGTAACAAGT3
1279,ACCTGTCGTAACATGA3
1280,ACCTGTCGTAGCTGTT2
1281,ACCTGTCGTAGCTGTT3
1282,ACCTGTCGTATCCCTC1
1283,ACCTGTCGTATCCCTC2
1284,ACCTGTCGTGGAAATT1
1285,ACCTGTCTCACGGGAA1
1286,ACCTGTCTCAGGGATG2
1287,ACCTGTCTCCACTAGA2
1288,ACCTGTCTCGAGAATA2
1289,ACCTGTCTCGCGTCGA2
1290,ACCTGTCTCGCGTCGA3
1291,ACCTGTCTCTCGGCTT2
1292,ACCTGTCTCTCGGGAC1
1293,ACCTGTCTCTTCCCGA3
1294,ACGATCAAGGTTGACG1
1295,ACGATCAAGTAAGAGG1
1296,ACGATCAAGTAAGAGG2
1297,ACGATCACATTGTCGA1
1298,ACGATCACATTGTCGA2
1299,ACGATCAGTACTGAGG1
1300,ACGATCAGTGAGAGGG2
1301,ACGATCAGTGAGAGGG3
1302,ACGATCATCAAGTAAG2
1303,ACGATCATCAAGTAAG3
1304,ACGATCATCCGATGCG2
1305,ACGATCATCTCACTCG1
1306,ACGATCATCTCACTCG2
1307,ACGATCATCTCGTGAA2
1308,ACGATGTAGAAGCGCT2
1309,ACGATGTAGAGAGCGG2
1310,ACGATGTAGAGCTGCA3
1311,ACGATGTAGCCAGAGT2
1312,ACGATGTAGCCAGAGT3
1313,ACGATGTAGCTAAACA2
1314,ACGATGTAGCTAAACA3
1315,ACGATGTAGGCGAAGG2
1316,ACGATGTAGGCGAAGG3
1317,ACGATGTAGGTTGGTG1
1318,ACGATGTAGTCGCTAT3
1319,ACGATGTGTGACGTCC2
1320,ACGATGTGTGACGTCC3
1321,ACGATGTTCAGACATC3
1322,ACGATGTTCAGAGTTC2
1323,ACGATGTTCCCTCTCC2
1324,ACGATGTTCCCTCTCC3
1325,ACGATGTTCCTTCGAC2
1326,ACGCACGAGATTTGCC3
1327,ACGCACGAGCAACTTC2
1328,ACGCACGAGCAACTTC3
1329,ACGCACGAGGCACGAT2
1330,ACGCACGAGGCACGAT3
1331,ACGCACGAGTAGCAAT2
1332,ACGCACGAGTAGCAAT3
1333,ACGCACGCAATCCAGT2
1334,ACGCACGCAGAGAAAG2
1335,ACGCACGCAGAGGCAT1
1336,ACGCACGCAGAGGCAT2
1337,ACGCACGCAGTCAACT3
1338,ACGCACGCATCATCCC2
1339,ACGCACGCATCATCCC3
1340,ACGCACGGTCGAACAG2
1341,ACGCACGGTCGAACAG3
1342,ACGCACGGTCTCGGGT1
1343,ACGCACGGTCTCGGGT2
1344,ACGCACGGTTACCCTC3
1345,ACGCACGGTTGCGAAG3
1346,ACGCACGTCATGAGTC3
1347,ACGCACGTCCCATACC3
1348,ACGCACGTCGCGCTGA2
1349,ACGCACGTCGCGCTGA3
1350,ACGCACGTCTCGTCAC2
1351,ACGCACGTCTCGTCAC3
1352,ACGGAAGAGAACAAGG2
1353,ACGGAAGAGAGGCGTT3
1354,ACGGAAGAGGGCAGTT2
1355,ACGGAAGAGGGCAGTT3
1356,ACGGAAGCAGACCAAG3
1357,ACGGAAGCAGGTGTGA1
1358,ACGGAAGCATAATCCG1
1359,ACGGAAGGTCACGTGC2
1360,ACGGAAGGTCACGTGC3
1361,ACGGAAGGTGAAGCTG1
1362,ACGGAAGGTGAGCAGT3
1363,ACGGAAGGTGCAACGA1
1364,ACGGAAGGTGCTTCAA1
1365,ACGGAAGGTGTGTACT1
1366,ACGGAAGGTGTGTACT2
1367,ACGGAAGGTTACGGAG3
1368,ACGGAAGTCCTCTCTT3
1369,ACGGAAGTCTGTACAG3
1370,ACGGGTCAGCCGAACA2
1371,ACGGGTCAGTATCTGC1
1372,ACGGGTCAGTATCTGC2
1373,ACGGGTCAGTCTAGAA3
1374,ACGGGTCGTAGTCGGA2
1375,ACGGGTCTCAAGATAG2
1376,ACGGGTCTCAAGATAG3
1377,ACGGGTCTCACGGTCG1
1378,ACGGGTCTCGACATTG2
1379,ACGGGTCTCGACATTG3
1380,ACGGGTCTCTACTGAG3
1381,ACGGTCGAGTAGATCA1
1382,ACGGTCGCAATGACCT2
1383,ACGGTCGCAATTGCCA2
1384,ACGGTCGCACAAAGCG1
1385,ACGGTCGCACAAAGCG2
1386,ACGGTCGCACAACGCC2
1387,ACGGTCGCACAACGCC3
1388,ACGGTCGCAGGTACGA2
1389,ACGGTCGGTAAGTTAG2
1390,ACGGTCGGTAAGTTAG3
1391,ACGGTCGGTACGTGTT2
1392,ACGGTCGGTACGTGTT3
1393,ACGGTCGGTCTGGTTA2
1394,ACGGTCGGTCTGGTTA3
1395,ACGGTCGTCACAACCA2
1396,ACGGTCGTCACAACCA3
1397,ACGGTCGTCCAGTACA1
1398,ACGGTCGTCCAGTACA2
1399,ACGGTCGTCTAGTTCT1
1400,ACGGTCGTCTAGTTCT2
1401,ACGGTCGTCTGGGTCG1
1402,ACGGTTAAGACTCAAA2
1403,ACGGTTAAGGCAGCTA2
1404,ACGGTTAAGGCAGCTA3
1405,ACGGTTAAGTAAGGGA2
1406,ACGGTTAAGTAAGGGA3
1407,ACGGTTACACGCGTCA1
1408,ACGGTTACACGCGTCA2
1409,ACGGTTAGTGGAAATT1
1410,ACGGTTAGTGGAAATT2
1411,ACGGTTAGTGGAAATT3
1412,ACGGTTAGTGTTACAC1
1413,ACGTAACAGGAAAGTG2
1414,ACGTAACAGGACTTCT1
1415,ACGTAACAGTAGCCAG1
1416,ACGTAACCAAGCCTGC3
1417,ACGTAACCACGCAAAG2
1418,ACGTAACCACGCAAAG3
1419,ACGTAACCAGACCTGC3
1420,ACGTAACCAGAGCTAG1
1421,ACGTAACGTCAAAGTA1
1422,ACGTAACGTCCAGCGT1
1423,ACGTAACTCGATTGAC3
1424,ACGTAACTCGTCAGAT3
1425,ACGTAACTCTAGAGCT2
1426,ACGTAACTCTAGAGCT3
1427,ACGTACAAGAAACTGT3
1428,ACGTACAAGAACTCCT1
1429,ACGTACAAGAACTCCT2
1430,ACGTACAAGATCCGAG1
1431,ACGTACAAGATCCGAG2
1432,ACGTACAAGGACAGTC2
1433,ACGTACAAGGACAGTC3
1434,ACGTACAAGGCCTGAA2
1435,ACGTACACAATAGTCC3
1436,ACGTACACAATCGCAT3
1437,ACGTACACAATTCTCT1
1438,ACGTACACACGTCATA1
1439,ACGTACAGTACAAGCG2
1440,ACGTACAGTATCTTCT1
1441,ACGTACAGTATCTTCT2
1442,ACGTACAGTCGTTATG1
1443,ACGTACAGTCGTTATG2
1444,ACGTACAGTCTTTATC3
1445,ACGTACAGTTCTGAGT2
1446,ACGTACATCAACGCTA3
1447,ACGTACATCACCATGA1
1448,ACGTACATCCCTCGAT2
1449,ACGTACATCCCTCGAT3
1450,ACGTACATCCTAGAGT2
1451,ACGTACATCCTAGAGT3
1452,ACGTACATCTCCCAAC2
1453,ACGTACATCTCCCAAC3
1454,ACGTAGTCACCTCTGT1
1455,ACGTAGTCACGTCGGT3
1456,ACGTAGTCACTGTCCT3
1457,ACGTAGTCAGAGGCAT2
1458,ACGTAGTCAGAGGCAT3
1459,ACGTAGTGTTGGTGTT1
1460,ACGTAGTGTTGGTGTT2
1461,ACGTAGTTCAAGCCTA1
1462,ACGTAGTTCCGCAGTG2
1463,ACGTAGTTCCGCAGTG3
1464,ACGTAGTTCGTACCTC1
1465,ACGTAGTTCGTACCTC2
1466,ACGTCCTCATCCGTGG3
1467,ACGTCCTCATTGCCGG2
1468,ACGTCCTCATTGCCGG3
1469,ACGTCCTGTACGACAG3
1470,ACGTCCTGTCGAATGG2
1471,ACGTCCTGTCGAATGG3
1472,ACGTCCTGTTTGCCGG2
1473,ACGTCCTGTTTGCCGG3
1474,ACGTCCTTCATAGACC2
1475,ACGTCCTTCATAGACC3
1476,ACGTCCTTCATTGTTC2
1477,ACGTCCTTCATTGTTC3
1478,ACGTCCTTCTTTGGAG2
1479,ACGTCCTTCTTTGGAG3
1480,ACGTTCCAGATCCCGC1
1481,ACGTTCCAGATCCCGC2
1482,ACGTTCCAGCGATGGT2
1483,ACGTTCCAGCGATGGT3
1484,ACGTTCCCAAGGCTTT1
1485,ACGTTCCGTCAGGTGA2
1486,ACGTTCCGTCAGGTGA3
1487,ACGTTCCGTTCTCCAC3
1488,ACGTTCCTCGAAGTGG1
1489,ACTACGAAGAGTATAC2
1490,ACTACGAAGAGTTGAT2
1491,ACTACGAAGAGTTGAT3
1492,ACTACGAAGCCACTCG2
1493,ACTACGAAGGATTACA2
1494,ACTACGACACAAATCC3
1495,ACTACGACAGGAAGTC2
1496,ACTACGACAGGAAGTC3
1497,ACTACGACATGACGAG1
1498,ACTACGACATGACGAG2
1499,ACTACGAGTCTCCTGT1
1500,ACTACGAGTCTTACTT1
1501,ACTACGAGTGATACTC1
1502,ACTACGAGTTCTCACC2
1503,ACTACGAGTTCTCACC3
1504,ACTACGAGTTCTCTAT2
1505,ACTACGAGTTCTCTAT3
1506,ACTACGATCATGTCAG2
1507,ACTACGATCATGTCAG3
1508,ACTACGATCATTTCGT3
1509,ACTACGATCCCAGGCA3
1510,ACTACGATCTCATAGG1
1511,ACTACGATCTCTAAGG3
1512,ACTACGATCTTGGAAC2
1513,ACTACGATCTTGGAAC3
1514,ACTATCTAGCTTCGTA3
1515,ACTATCTAGGCACTCC1
1516,ACTATCTAGGCCTAGA1
1517,ACTATCTAGGCCTAGA2
1518,ACTATCTAGGGTTAAT2
1519,ACTATCTAGGGTTAAT3
1520,ACTATCTCAATTTCGG1
1521,ACTATCTCAATTTCGG2
1522,ACTATCTCATATCTCT1
1523,ACTATCTCATTGGGAG1
1524,ACTATCTCATTGGGAG2
1525,ACTATCTGTAATGCTC2
1526,ACTATCTGTAATGCTC3
1527,ACTATCTGTAGGCTCC2
1528,ACTATCTGTCCATACA2
1529,ACTATCTGTCTTGCTC1
1530,ACTATCTGTCTTGCTC2
1531,ACTATCTGTTTGTTCT1
1532,ACTATCTTCCCTATTA2
1533,ACTATCTTCCCTATTA3
1534,ACTATCTTCTTACGTT2
1535,ACTATCTTCTTACGTT3
1536,ACTATGGAGGCATGGT1
1537,ACTATGGAGGCATGGT2
1538,ACTATGGAGTAACGAT2
1539,ACTATGGAGTGACACG2
1540,ACTATGGAGTGACACG3
1541,ACTATGGCAAGAGGCT2
1542,ACTATGGCAAGCGCAA2
1543,ACTATGGCAAGCGCAA3
1544,ACTATGGCAAGGTACG1
1545,ACTATGGCAAGGTACG2
1546,ACTATGGCAAGTTTGC3
1547,ACTATGGCACGGTCTG2
1548,ACTATGGCACGGTCTG3
1549,ACTATGGGTAGAGACC1
1550,ACTATGGGTGCCGAAA2
1551,ACTATGGGTTACGGAG1
1552,ACTATGGGTTACGGAG2
1553,ACTATGGTCGCTAGCG2
1554,ACTATGGTCTCTCGCA3
1555,ACTATTCAGCTAGCCC2
1556,ACTATTCAGGAGTCTG1
1557,ACTATTCAGGAGTCTG2
1558,ACTATTCAGGAGTCTG3
1559,ACTATTCAGGTCCCGT3
1560,ACTATTCAGGTCGCCT2
1561,ACTATTCAGGTCGCCT3
1562,ACTATTCCAAGACCTT1
1563,ACTATTCCACATGACT1
1564,ACTATTCCACATGACT2
1565,ACTATTCCAGCTTCCT1
1566,ACTATTCCAGCTTCCT2
1567,ACTATTCCATCTTAGG2
1568,ACTATTCCATCTTAGG3
1569,ACTATTCGTCCTTTGC3
1570,ACTATTCTCAAACCTG2
1571,ACTATTCTCAAACCTG3
1572,ACTATTCTCAGTGTCA2
1573,ACTATTCTCAGTGTCA3
1574,ACTATTCTCGCAGATT2
1575,ACTATTCTCGCAGATT3
1576,ACTCCCAAGGCTCACC2
1577,ACTCCCAAGGCTCACC3
1578,ACTCCCAAGGCTTCCG1
1579,ACTCCCAAGTACGTCT2
1580,ACTCCCAAGTACGTCT3
1581,ACTCCCATCCGATAGT1
1582,ACTCCCATCCTCTAGC3
1583,ACTCCCATCGGTCTGG1
1584,ACTCTCGAGACTCTAC3
1585,ACTCTCGAGCACGTCC2
1586,ACTCTCGAGCACGTCC3
1587,ACTCTCGAGGATGGCT3
1588,ACTCTCGCAACCTAAC2
1589,ACTCTCGCAACCTAAC3
1590,ACTCTCGCAATTGGTC2
1591,ACTCTCGCAATTGGTC3
1592,ACTCTCGCACAGTGTT3
1593,ACTCTCGCACTTCAAG2
1594,ACTCTCGCACTTCAAG3
1595,ACTCTCGCAGCGAACA2
1596,ACTCTCGCAGCTACCG2
1597,ACTCTCGCAGCTACCG3
1598,ACTCTCGGTAACTAAG2
1599,ACTCTCGGTAACTAAG3
1600,ACTCTCGGTCACTCTC2
1601,ACTCTCGGTTAATCGC2
1602,ACTCTCGGTTAATCGC3
1603,ACTGATGAGTCCCGAC1
1604,ACTGATGAGTCCCGAC2
1605,ACTGATGCAGACCAAG1
1606,ACTGATGCAGACCAAG2
1607,ACTGATGGTCATAGTC3
1608,ACTGATGGTGACTGAG3
1609,ACTGATGGTGCGCTCA3
1610,ACTGATGGTGCTGCAC3
1611,ACTGATGGTGGCATCC3
1612,ACTGATGTCGTTCATT3
1613,ACTGATGTCTTACCGC2
1614,ACTGATGTCTTACCGC3
1615,ACTGCAACAAGCTGTT2
1616,ACTGCAACACGAAAGC1
1617,ACTGCAACACGAAAGC2
1618,ACTGCAACAGAGCTAG3
1619,ACTGCAACAGGACGAT2
1620,ACTGCAACAGGACGAT3
1621,ACTGCAACAGGGACTA1
1622,ACTGCAACAGGGACTA2
1623,ACTGCAAGTCCTGGTG2
1624,ACTGCAAGTCCTGGTG3
1625,ACTGCAATCGACATAC1
1626,ACTGCAATCGACATAC2
1627,ACTGCAATCGTGGTAT3
1628,ACTGCAATCTGGTCAA2
1629,ACTGTCCAGAAGCTGC2
1630,ACTGTCCAGAAGCTGC3
1631,ACTGTCCAGCGGGTAT2
1632,ACTGTCCAGCGGGTAT3
1633,ACTGTCCCAAAGGCTG1
1634,ACTGTCCCAATACGCT3
1635,ACTGTCCCACACGCCA3
1636,ACTGTCCCAGGTCCCA2
1637,ACTGTCCCAGGTCCCA3
1638,ACTGTCCCATAGCTGT2
1639,ACTGTCCGTCGAGTTT2
1640,ACTGTCCTCACCCATC2
1641,ACTGTCCTCGGAAACG2
1642,ACTGTCCTCGTACCTC2
1643,ACTGTCCTCGTACCTC3
1644,ACTGTGACAGGCGAAT3
1645,ACTGTGACATCGATCA2
1646,ACTGTGACATCGATCA3
1647,ACTGTGAGTATGGAAT1
1648,ACTGTGAGTCTTGCTC2
1649,ACTGTGAGTCTTGCTC3
1650,ACTGTGAGTGCCCTTT2
1651,ACTGTGAGTGCCCTTT3
1652,ACTGTGAGTTTGTTCT3
1653,ACTGTGATCACATTGG2
1654,ACTGTGATCACATTGG3
1655,ACTTAGGAGTTTCGGT1
1656,ACTTAGGCACTCCTTG1
1657,ACTTAGGCACTTTAGG2
1658,ACTTAGGGTATGAGAT2
1659,ACTTAGGGTCGTTATG2
1660,ACTTAGGGTCGTTATG3
1661,ACTTAGGGTTGGGAAC2
1662,ACTTAGGGTTGGGAAC3
1663,ACTTAGGGTTGGTACT2
1664,ACTTAGGGTTGGTACT3
1665,ACTTAGGGTTTGAACC2
1666,ACTTAGGGTTTGAACC3
1667,ACTTAGGTCTAAGGAA2
1668,ACTTAGGTCTAAGGAA3
1669,ACTTAGGTCTACTGAG2
1670,ACTTAGGTCTACTGAG3
1671,ACTTAGGTCTATACGG1
1672,ACTTATCAGACTTCGT3
1673,ACTTATCAGAGATTCA2
1674,ACTTATCAGAGATTCA3
1675,ACTTATCAGATAACGT3
1676,ACTTATCAGGGTACAC2
1677,ACTTATCAGTTCATCG2
1678,ACTTATCAGTTCATCG3
1679,ACTTATCCATCCTAAG3
1680,ACTTATCGTCACTACA2
1681,ACTTATCGTCACTACA3
1682,ACTTATCGTCATCCCT2
1683,ACTTATCGTCATCCCT3
1684,ACTTATCTCAGCTTGA1
1685,ACTTATCTCCGTATGA3
1686,ACTTATCTCGACTCCT3
1687,ACTTATCTCTAAGCGT3
1688,ACTTCCGAGGTAAGAG1
1689,ACTTCCGCAGAGAATT1
1690,ACTTCCGCAGAGAATT2
1691,ACTTCCGCAGGAATAT1
1692,ACTTCCGCAGTTCTAG2
1693,ACTTCCGCAGTTCTAG3
1694,ACTTCCGCATATCTCT1
1695,ACTTCCGCATATCTCT2
1696,ACTTCCGCATCCGATA3
1697,ACTTCCGGTACCACGC2
1698,ACTTCCGGTTCAAGGG2
1699,ACTTCCGGTTCAGTAC1
1700,ACTTCCGGTTCAGTAC2
1701,ACTTCCGTCAATCTCT1
1702,ACTTCCGTCAATCTCT2
1703,ACTTCCGTCGGTCTGG3
1704,ACTTCCGTCTAATTCC3
1705,ACTTCCGTCTCCGCAT2
1706,ACTTCCGTCTCCGCAT3
1707,ACTTCCGTCTGTGTGA2
1708,ACTTCCGTCTGTGTGA3
1709,ACTTCGCCAGCTTTCC2
1710,ACTTCGCCAGCTTTCC3
1711,ACTTCGCGTGTTATCG1
1712,ACTTCGCGTGTTATCG2
1713,ACTTCGCGTGTTCGAT3
1714,ACTTCGCGTTGCTCCT2
1715,ACTTCGCGTTTGGGTT2
1716,ACTTTCAAGAGGTTAT3
1717,ACTTTCAAGTCAGAGC1
1718,ACTTTCACAACGATTC1
1719,ACTTTCACACAACGAG1
1720,ACTTTCACAGTAACGG3
1721,ACTTTCAGTCAGCGTC1
1722,ACTTTCAGTTGCCTAA2
1723,ACTTTCAGTTGCCTAA3
1724,ACTTTCATCAACACGT3
1725,ACTTTCATCCACGGGT1
1726,ACTTTCATCCACGGGT2
1727,ACTTTCATCGTAGTCA1
1728,ACTTTCATCTATCGGA3
1729,ACTTTGTAGACCACGA3
1730,ACTTTGTAGAGGGTGG3
1731,ACTTTGTAGCGATGCA3
1732,ACTTTGTCAACAGAGC3
1733,ACTTTGTCACTAGGTT2
1734,ACTTTGTCACTAGGTT3
1735,ACTTTGTCAGGAAGTC3
1736,ACTTTGTCAGTTAAAG2
1737,ACTTTGTCAGTTAAAG3
1738,ACTTTGTGTAGCCAGA2
1739,ACTTTGTGTAGCCAGA3
1740,ACTTTGTGTTTACTTC1
1741,ACTTTGTGTTTACTTC2
1742,ACTTTGTTCGGTGTTA2
1743,AGAAATGAGACCAAAT1
1744,AGAAATGAGACCAAAT2
1745,AGAAATGAGCCAAGCA2
1746,AGAAATGAGCCAAGCA3
1747,AGAAATGAGGAAGTGA1
1748,AGAAATGAGGTTACCT3
1749,AGAAATGCATTCATCT1
1750,AGAAATGCATTCATCT2
1751,AGAAATGGTAATCAAG1
1752,AGAAATGGTAATCAAG2
1753,AGAAATGTCGGTCAGC3
1754,AGAAATGTCTAGACAC1
1755,AGAAATGTCTAGACAC2
1756,AGAAATGTCTAGACAC3
1757,AGAAATGTCTTGGGCG2
1758,AGAAATGTCTTGGGCG3
1759,AGAACAAAGGATTCCT2
1760,AGAACAAAGGATTCCT3
1761,AGAACAAAGGCATCTT2
1762,AGAACAAAGGCGTTGA1
1763,AGAACAACAGGTGGAT1
1764,AGAACAACAGGTGGAT2
1765,AGAACAAGTACTCGTA3
1766,AGAACAAGTCGTTTCC1
1767,AGAACAATCACGACTA1
1768,AGAACAATCATATGGC3
1769,AGAACAATCATGAAAG1
1770,AGAACAATCGAATCCA2
1771,AGAACAATCGAATCCA3
1772,AGAACCTAGCGGCTCT3
1773,AGAACCTAGGGTATAT1
1774,AGAACCTAGTGCTACT2
1775,AGAACCTAGTGCTACT3
1776,AGAACCTCAGCACACC3
1777,AGAACCTCAGCTACAT2
1778,AGAACCTCATGGAAGC2
1779,AGAACCTCATGGAAGC3
1780,AGAACCTGTAAGATTG1
1781,AGAACCTGTAAGATTG2
1782,AGAACCTGTTCAGCTA3
1783,AGAACCTTCGCGCCAA1
1784,AGAACCTTCGCGCCAA2
1785,AGAACCTTCTATCGCC2
1786,AGAACCTTCTATCGCC3
1787,AGAACCTTCTTTGCGC1
1788,AGAACCTTCTTTGCGC2
1789,AGAACCTTCTTTGCGC3
1790,AGAAGCGAGTCATGAA2
1791,AGAAGCGAGTCATGAA3
1792,AGAAGCGAGTCGCCAC1
1793,AGAAGCGAGTCGCCAC2
1794,AGAAGCGCAACAACAA2
1795,AGAAGCGCAACAACAA3
1796,AGAAGCGGTTGCCGCA2
1797,AGAAGCGGTTGCCGCA3
1798,AGAAGCGTCGGCTGAC1
1799,AGAAGCGTCTTCGTGC1
1800,AGAAGCGTCTTCGTGC2
1801,AGAAGTAAGAGCCATG2
1802,AGAAGTAAGAGCCATG3
1803,AGAAGTAAGTAAGAGG2
1804,AGAAGTAAGTAAGAGG3
1805,AGAAGTAAGTAGGCCA3
1806,AGAAGTAAGTATAGAC3
1807,AGAAGTACAACGTAAA1
1808,AGAAGTACAACGTAAA2
1809,AGAAGTACAAGCTACT1
1810,AGAAGTACAAGTCATC2
1811,AGAAGTACAAGTCATC3
1812,AGAAGTACAAGTGGCA3
1813,AGAAGTACACACCTAA2
1814,AGAAGTACACACCTAA3
1815,AGAAGTACACCAAAGG2
1816,AGAAGTACACCAAAGG3
1817,AGAAGTACACCACTGG1
1818,AGAAGTACAGCTGTAT1
1819,AGAAGTACATTAGGAA2
1820,AGAAGTACATTAGGAA3
1821,AGAAGTAGTGACTAAA3
1822,AGAAGTATCATTCTTG2
1823,AGAAGTATCATTCTTG3
1824,AGAAGTATCCATAGGT1
1825,AGAAGTATCCATAGGT2
1826,AGAAGTATCTACGGTA1
1827,AGACAAAAGCAGTAAT2
1828,AGACAAAAGCAGTAAT3
1829,AGACAAAAGTTTCAGC3
1830,AGACAAACACTCCGAG2
1831,AGACAAACACTCCGAG3
1832,AGACAAACAGGCGTTC2
1833,AGACAAACAGGCGTTC3
1834,AGACAAAGTAGAGATT1
1835,AGACAAAGTCGCACGT2
1836,AGACAAAGTCGCACGT3
1837,AGACAAAGTGTCCAAT3
1838,AGACAAATCATCACCC1
1839,AGACAAATCATCACCC2
1840,AGACAAATCGAGAACG2
1841,AGACAAATCGAGAACG3
1842,AGACACTAGAAGAACG1
1843,AGACACTAGCATCAGG1
1844,AGACACTAGCATCAGG2
1845,AGACACTAGCCATTCA2
1846,AGACACTAGCCATTCA3
1847,AGACACTAGCGCTGCT2
1848,AGACACTAGCGCTGCT3
1849,AGACACTAGGATATGT3
1850,AGACACTGTCCAAATC2
1851,AGACACTGTCCAAATC3
1852,AGACACTGTTTACCTT2
1853,AGACACTGTTTACCTT3
1854,AGACACTTCAATCAGC3
1855,AGACACTTCGCGGTAC3
1856,AGACACTTCGTCTACC3
1857,AGACACTTCGTGGGAA1
1858,AGACACTTCTACTGCC1
1859,AGACAGGAGACTGTTC3
1860,AGACAGGAGCGTTCAT1
1861,AGACAGGAGTCTCCTC2
1862,AGACAGGCACATACTG2
1863,AGACAGGCACATACTG3
1864,AGACAGGCAGATCATC2
1865,AGACAGGCAGATCATC3
1866,AGACAGGCATCGCTAA2
1867,AGACAGGCATCGCTAA3
1868,AGACAGGGTCATAACC2
1869,AGACAGGGTCATAACC3
1870,AGACAGGGTCGCGTCA3
1871,AGACAGGGTGTTTCTT1
1872,AGACAGGTCACGAGGA1
1873,AGACAGGTCCCAAGCG1
1874,AGACAGGTCCCAAGCG2
1875,AGACAGGTCGGTCTGG2
1876,AGACAGGTCGGTCTGG3
1877,AGACAGGTCTTACCGC1
1878,AGACCATAGCCACAAG1
1879,AGACCATAGCCATTGT1
1880,AGACCATAGTCTAACC2
1881,AGACCATAGTCTAACC3
1882,AGACCATCAAGTTCGT3
1883,AGACCATCACAACGTT1
1884,AGACCATCACAACGTT2
1885,AGACCATGTAGCTGAG2
1886,AGACCATGTAGCTGAG3
1887,AGACCATGTCCAGCCA2
1888,AGACCATGTCCAGCCA3
1889,AGACCATGTGTACATC2
1890,AGACCATGTTAGAGAT3
1891,AGACCATGTTCCTTGC1
1892,AGACCATGTTCCTTGC2
1893,AGACCATTCCGGACTG1
1894,AGACCATTCTGTTGGA2
1895,AGACCATTCTGTTGGA3
1896,AGACCCGAGGGTGAGG1
1897,AGACCCGAGTTCTCTT3
1898,AGACCCGCAAGATTGA2
1899,AGACCCGCAAGATTGA3
1900,AGACCCGCATCCCACT3
1901,AGACCCGTCCGACATA1
1902,AGACCCGTCTATACGG2
1903,AGACCCGTCTCGACGG1
1904,AGACCCGTCTCGACGG2
1905,AGACTCAAGGCCTTCG1
1906,AGACTCAAGGTTCCAT1
1907,AGACTCAAGTATGGAT2
1908,AGACTCACAAGCCCAC2
1909,AGACTCACAAGCCCAC3
1910,AGACTCACAGACGATG2
1911,AGACTCACAGACGATG3
1912,AGACTCACAGTAGGAC1
1913,AGACTCACAGTAGGAC2
1914,AGACTCACAGTAGGAC3
1915,AGACTCAGTAGCGTAG3
1916,AGACTCAGTGAGAACC2
1917,AGACTCAGTGAGAACC3
1918,AGACTCAGTTAGAGAT3
1919,AGACTCATCCATTCGC1
1920,AGAGAATAGATACGAT2
1921,AGAGAATAGGTCCCTG3
1922,AGAGAATCACGCGCTA2
1923,AGAGAATCACGCGCTA3
1924,AGAGAATCACGGTGCT3
1925,AGAGAATCATGTGACT2
1926,AGAGAATCATGTGACT3
1927,AGAGAATGTAGCTTGT3
1928,AGAGAATGTCTACGAT3
1929,AGAGAATGTGATATAG2
1930,AGAGAATGTTGCCTAA2
1931,AGAGAATGTTGCCTAA3
1932,AGAGAATGTTTCGTGA2
1933,AGAGAATGTTTCGTGA3
1934,AGAGAATTCAAGGCTT2
1935,AGAGAATTCCTTCTGG3
1936,AGAGAATTCCTTGACC2
1937,AGAGAATTCCTTGACC3
1938,AGAGAGCAGACTTCCA1
1939,AGAGAGCAGACTTCCA2
1940,AGAGAGCAGATCGGTG2
1941,AGAGAGCAGCAGGTCA3
1942,AGAGAGCAGTTCTCTT1
1943,AGAGAGCCAAAGGATT1
1944,AGAGAGCCAAAGGATT2
1945,AGAGAGCCACAACGTT3
1946,AGAGAGCCACGCTGTG3
1947,AGAGAGCCACTTGACA3
1948,AGAGAGCGTCCCTAAA3
1949,AGAGAGCTCCAGTGCG1
1950,AGAGAGCTCCAGTGCG2
1951,AGAGAGCTCTACGCAA2
1952,AGAGAGCTCTACGCAA3
1953,AGAGAGCTCTACTGCC2
1954,AGAGAGCTCTACTGCC3
1955,AGAGAGCTCTTCTGTA3
1956,AGAGCAGAGAAACTCA2
1957,AGAGCAGAGAAACTCA3
1958,AGAGCAGAGAAGCCAC2
1959,AGAGCAGAGAGGTCAC1
1960,AGAGCAGAGATGTTAG3
1961,AGAGCAGAGGTTTGAA1
1962,AGAGCAGAGTCTCCTC2
1963,AGAGCAGAGTGGTCAG3
1964,AGAGCAGCAAGGCTTT1
1965,AGAGCAGCACGGTGCT1
1966,AGAGCAGGTGACCTGC2
1967,AGAGCAGTCCCTCTTT2
1968,AGAGCAGTCCCTCTTT3
1969,AGAGCAGTCCGAGGCT3
1970,AGAGCAGTCGAGAGCA3
1971,AGAGCCCAGCTCATAC3
1972,AGAGCCCAGGCCCAAA2
1973,AGAGCCCAGGCCCAAA3
1974,AGAGCCCAGGCTAGCA2
1975,AGAGCCCAGGCTAGCA3
1976,AGAGCCCAGTAGTCTC1
1977,AGAGCCCAGTCACACT1
1978,AGAGCCCAGTCTAGCT1
1979,AGAGCCCCAAAGGAGA1
1980,AGAGCCCCAAAGTATG2
1981,AGAGCCCGTAAGTCAA2
1982,AGAGCCCGTAAGTCAA3
1983,AGAGCCCGTAATTAGG1
1984,AGAGCCCGTAGCTCGC2
1985,AGAGCCCGTAGCTCGC3
1986,AGAGCCCGTCAAAGTA3
1987,AGAGCCCGTCAACATC3
1988,AGAGCCCGTCGATTTG1
1989,AGAGCCCGTCGGATTT1
1990,AGAGCCCGTCGGATTT2
1991,AGAGCCCGTGTCATCA3
1992,AGAGCCCTCCTAGCCT3
1993,AGATAGAAGCCGTAAG3
1994,AGATAGAAGCGATGCA2
1995,AGATAGAAGTGCCAGA1
1996,AGATAGAAGTGCCAGA2
1997,AGATAGACAGCAGTAG3
1998,AGATAGAGTAGCTAAA1
1999,AGATAGAGTAGCTAAA2
2000,AGATAGAGTCAAGCCC2
2001,AGATAGAGTCAAGCCC3
2002,AGATAGAGTCGACGCT2
2003,AGATAGAGTCGACGCT3
2004,AGATAGAGTGTTATCG2
2005,AGATAGAGTGTTCATG2
2006,AGATAGAGTTGATCGT2
2007,AGATAGAGTTGATCGT3
2008,AGATAGATCACAAGGG1
2009,AGATAGATCACAAGGG2
2010,AGATAGATCTCTAGGA3
2011,AGATCCAAGATGTAGT2
2012,AGATCCAAGTCACTCA1
2013,AGATCCAAGTCACTCA2
2014,AGATCCACAGGACATG3
2015,AGATCCAGTATATGGA3
2016,AGATCCAGTGTATTCG3
2017,AGATCCATCACGGGAA2
2018,AGATCCATCACGGGAA3
2019,AGATCCATCCGGACTG1
2020,AGATCCATCCGGACTG2
2021,AGATCCATCTCAACGA3
2022,AGATCGTAGAACAAGG1
2023,AGATCGTAGAATCTAG1
2024,AGATCGTAGAATCTAG2
2025,AGATCGTAGCCTAACT3
2026,AGATCGTAGGCAATGC2
2027,AGATCGTAGGCAATGC3
2028,AGATCGTAGTGGTTCT2
2029,AGATCGTCAAAGCTAA2
2030,AGATCGTCAAAGCTAA3
2031,AGATCGTCACTGGACC2
2032,AGATCGTCATGGCGCT2
2033,AGATCGTTCCTACTGC1
2034,AGATGAAAGAAAGCGA2
2035,AGATGAAAGCGTTACT3
2036,AGATGAAAGGGCTGAT2
2037,AGATGAAAGTGGCGAT3
2038,AGATGAACAAAGCTAA1
2039,AGATGAACAGCGTGCT2
2040,AGATGAACAGCGTGCT3
2041,AGATGAACATTACGGT2
2042,AGATGAACATTACGGT3
2043,AGATGAATCATTACTC1
2044,AGATGCTAGCTTGTGT2
2045,AGATGCTAGGACGCAT3
2046,AGATGCTCACACGCCA2
2047,AGATGCTCACACGCCA3
2048,AGATGCTCACAGTCAT1
2049,AGATGCTCACAGTCAT2
2050,AGATGCTCAGAACGCA1
2051,AGATGCTCAGAACGCA2
2052,AGATGCTCAGTCGGAA2
2053,AGATGCTGTCTCCCTA2
2054,AGATGCTGTGTAGTGG3
2055,AGATGCTGTTCAAGGG2
2056,AGATGCTTCCTACCAC2
2057,AGATGCTTCCTACCAC3
2058,AGATGCTTCGTGTTCC2
2059,AGATGCTTCTAGTGTG2
2060,AGCATCAAGAATTCAG1
2061,AGCATCAAGAATTCAG2
2062,AGCATCAAGAGCCGAT3
2063,AGCATCAAGGCCTTGC3
2064,AGCATCACAAAGGCAC1
2065,AGCATCACAAGTACCT2
2066,AGCATCACAAGTACCT3
2067,AGCATCACACAATCTG3
2068,AGCATCACACCCTTGT3
2069,AGCATCACAGTCGGAA1
2070,AGCATCAGTAACGCGA3
2071,AGCATCAGTAGTGCGA1
2072,AGCATCAGTCGCATGC3
2073,AGCATCAGTGATGGCA1
2074,AGCATCAGTGCAGTGA1
2075,AGCATCAGTGCAGTGA2
2076,AGCATCAGTGGCTTGC3
2077,AGCCAATAGAAGCTGC1
2078,AGCCAATAGACTTAAG2
2079,AGCCAATAGAGGCGGA3
2080,AGCCAATAGCTGCCAC1
2081,AGCCAATAGCTGCCAC2
2082,AGCCAATAGGGTTAAT3
2083,AGCCAATAGGTATAGT3
2084,AGCCAATAGTTTGGCT2
2085,AGCCAATAGTTTGGCT3
2086,AGCCAATCAACGTTAC2
2087,AGCCAATCAACGTTAC3
2088,AGCCAATCAACTGATC1
2089,AGCCAATCACGACAAG1
2090,AGCCAATCACGACAAG2
2091,AGCCAATCACGCTATA1
2092,AGCCAATCAGTGGCTC2
2093,AGCCAATCAGTGGCTC3
2094,AGCCAATGTCGCACGT2
2095,AGCCAATGTCGCACGT3
2096,AGCCAATGTTCGCGTG3
2097,AGCCAATGTTGGGAAC2
2098,AGCCAATTCATGACAC3
2099,AGCCAATTCGAAGGAC1
2100,AGCCAATTCGAATGCT1
2101,AGCCAATTCTCAATCT3
2102,AGCCACGAGGAACTCG3
2103,AGCCACGAGTGTAGAT2
2104,AGCCACGAGTGTAGAT3
2105,AGCCACGAGTTGTCAC1
2106,AGCCACGCAAATGCGG3
2107,AGCCACGCAATTCGTG2
2108,AGCCACGCAATTCGTG3
2109,AGCCACGCAGGATCTT2
2110,AGCCACGCAGGATCTT3
2111,AGCCACGCATAGTCGT3
2112,AGCCACGCATGCCATA2
2113,AGCCACGCATGCCATA3
2114,AGCCACGCATGGAAGC1
2115,AGCCACGGTAACATAG1
2116,AGCCACGGTAACATAG2
2117,AGCCACGTCTCTTCAA2
2118,AGCCACGTCTCTTCAA3
2119,AGCCACGTCTGCTCTG2
2120,AGCCACGTCTGCTCTG3
2121,AGCCAGCAGATGACCG3
2122,AGCCAGCCACCAACAT1
2123,AGCCAGCCACCAACAT2
2124,AGCCAGCCACGCGTCA2
2125,AGCCAGCCACGCGTCA3
2126,AGCCAGCCACGGATCC2
2127,AGCCAGCCACGGATCC3
2128,AGCCAGCCAGATACCT2
2129,AGCCAGCCAGATACCT3
2130,AGCCAGCCAGCAGTAG2
2131,AGCCAGCCAGCAGTAG3
2132,AGCCAGCGTATCATGC1
2133,AGCCAGCGTATCATGC2
2134,AGCCAGCGTATCATGC3
2135,AGCCAGCGTGCGTCGT3
2136,AGCCAGCTCTAGACAC3
2137,AGCCAGCTCTCGACGG2
2138,AGCCAGCTCTCGACGG3
2139,AGCGATTAGCATTTCG1
2140,AGCGATTAGCATTTCG2
2141,AGCGATTAGCATTTCG3
2142,AGCGATTAGCTGAAAT3
2143,AGCGATTAGCTTTGTG2
2144,AGCGATTAGCTTTGTG3
2145,AGCGATTCAAATCGTC3
2146,AGCGATTCACAAGCTT2
2147,AGCGATTCACAAGCTT3
2148,AGCGATTCACGAGGTA2
2149,AGCGATTCACGAGGTA3
2150,AGCGATTGTTACGTAC3
2151,AGCGATTGTTTGGGTT2
2152,AGCGATTGTTTGGGTT3
2153,AGCGATTTCCTAGAGT2
2154,AGCGATTTCCTAGAGT3
2155,AGCGATTTCGAGCTGC1
2156,AGCGCCAAGCCGTCGT2
2157,AGCGCCAAGCCGTCGT3
2158,AGCGCCAAGGCACCAA3
2159,AGCGCCAAGTACAACA2
2160,AGCGCCAAGTACAACA3
2161,AGCGCCAAGTCATAGA3
2162,AGCGCCACAAAGGATT2
2163,AGCGCCACAAAGGATT3
2164,AGCGCCACAACATCGT2
2165,AGCGCCACAACATCGT3
2166,AGCGCCACACAGTACT3
2167,AGCGCCACAGCGTGCT3
2168,AGCGCCACATATACCG2
2169,AGCGCCACATATACCG3
2170,AGCGCCACATGGAATA2
2171,AGCGCCAGTAAGCTCT1
2172,AGCGCCAGTAAGCTCT2
2173,AGCGCCATCAGCCTCT1
2174,AGCGCCATCAGCCTCT2
2175,AGCGCCATCAGCTGTA3
2176,AGCGCCATCCCGAGAC2
2177,AGCGCCATCCCGAGAC3
2178,AGCGCCATCTAGTGAC3
2179,AGCGCTGAGCCTCTCT2
2180,AGCGCTGAGCCTCTCT3
2181,AGCGCTGAGTCACGAG3
2182,AGCGCTGAGTCTGCAT2
2183,AGCGCTGAGTCTGCAT3
2184,AGCGCTGCAACAGATA1
2185,AGCGCTGCAGGTGGAT2
2186,AGCGCTGCAGTAGAAT2
2187,AGCGCTGCAGTAGAAT3
2188,AGCGCTGCATTACTCT2
2189,AGCGCTGCATTACTCT3
2190,AGCGCTGGTCGAAACG2
2191,AGCGCTGGTCGAAACG3
2192,AGCGCTGGTGATCGTT2
2193,AGCGCTGGTGATCGTT3
2194,AGCGCTGGTGTTATCG1
2195,AGCGCTGTCAAGCGTT2
2196,AGCGCTGTCAAGCGTT3
2197,AGCGCTGTCGTGTCAA3
2198,AGCGCTGTCTTCGACC2
2199,AGCGCTGTCTTCGACC3
2200,AGCGTATAGAGTTGAT1
2201,AGCGTATAGATTGAGT1
2202,AGCGTATAGGTTACAA2
2203,AGCGTATCACACGTGC1
2204,AGCGTATCACACGTGC2
2205,AGCGTATCACGGCGTT1
2206,AGCGTATCACGGCGTT2
2207,AGCGTATCACGGCGTT3
2208,AGCGTATCAGGTAGTG3
2209,AGCGTATCAGTGCGCT1
2210,AGCGTATCAGTGCGCT2
2211,AGCGTATCATTAGGCT1
2212,AGCGTATCATTAGGCT2
2213,AGCGTATGTGACAGCA1
2214,AGCGTATTCCCTAGGG2
2215,AGCGTATTCGCATTAG3
2216,AGCGTATTCTAGTACG2
2217,AGCGTATTCTAGTACG3
2218,AGCGTCGAGACCGTTT3
2219,AGCGTCGAGCACTCGC2
2220,AGCGTCGAGCGAGAAA1
2221,AGCGTCGCAAACGAGC3
2222,AGCGTCGCACCCAATA2
2223,AGCGTCGCACCCAATA3
2224,AGCGTCGCATCATTTC1
2225,AGCGTCGCATCATTTC2
2226,AGCGTCGGTGACAGGT2
2227,AGCGTCGGTGACAGGT3
2228,AGCGTCGGTTTGCCGG2
2229,AGCGTCGTCCCTCGAT2
2230,AGCGTCGTCTATTTCG2
2231,AGCTACAAGTTACGGG3
2232,AGCTACACAACCACAT3
2233,AGCTACACAACCGGAA2
2234,AGCTACACAAGAGCTG2
2235,AGCTACACAAGGCTTT1
2236,AGCTACACAAGTACCT2
2237,AGCTACACAAGTACCT3
2238,AGCTACACACAAGCTT2
2239,AGCTACACAGACCTGC2
2240,AGCTACACAGACCTGC3
2241,AGCTACACAGGACGAT2
2242,AGCTACACATAACAGA1
2243,AGCTACAGTAAGTTAG2
2244,AGCTACAGTAAGTTAG3
2245,AGCTACAGTAGCGTCC3
2246,AGCTACAGTGGCATCC2
2247,AGCTACATCCCAGTGG2
2248,AGCTACATCCGTATGA1
2249,AGCTACATCCGTATGA2
2250,AGCTACATCCTATGGA1
2251,AGCTACATCGAAGAAT1
2252,AGCTCAAAGACCTCCG2
2253,AGCTCAAAGACCTCCG3
2254,AGCTCAAAGACGGTTG1
2255,AGCTCAAAGTGTTGTC3
2256,AGCTCAACAACTTCTT3
2257,AGCTCAACACGTAGAG3
2258,AGCTCAAGTCCAAGAG1
2259,AGCTCAAGTCGGTGTC3
2260,AGCTCAATCACTGGGC2
2261,AGCTCAATCACTTATC2
2262,AGCTCAATCACTTATC3
2263,AGCTTCCAGCGTTGTT3
2264,AGCTTCCAGTTAGTGA2
2265,AGCTTCCCATGTACGT2
2266,AGCTTCCCATGTACGT3
2267,AGCTTCCGTACCTAGT2
2268,AGCTTCCGTACCTAGT3
2269,AGCTTCCGTTACTCAG2
2270,AGCTTCCGTTACTCAG3
2271,AGGAAATAGTCGCCCA3
2272,AGGAAATAGTGATCGG1
2273,AGGAAATCAGAGAAAG2
2274,AGGAAATCAGAGAAAG3
2275,AGGAAATGTAGAAACT1
2276,AGGAAATGTAGAAACT2
2277,AGGAAATGTCATACCA2
2278,AGGAAATGTGACCGAA2
2279,AGGAAATGTGACCGAA3
2280,AGGAAATGTTACACAC3
2281,AGGAAATGTTGTGCAT2
2282,AGGAAATGTTGTGCAT3
2283,AGGAAATTCCCGAGTG3
2284,AGGAAATTCTGCCTCA2
2285,AGGAAATTCTGCCTCA3
2286,AGGAATAAGCAACAAT1
2287,AGGAATAAGCAACAAT2
2288,AGGAATAAGGAAGTAG2
2289,AGGAATAAGTAGTCCT3
2290,AGGAATAAGTCGCCAC2
2291,AGGAATAAGTCTTCCC1
2292,AGGAATACAACCGATT2
2293,AGGAATACAACCGATT3
2294,AGGAATACAAGTATAG3
2295,AGGAATACACCTCGTT3
2296,AGGAATACACTAAACC2
2297,AGGAATACACTAAACC3
2298,AGGAATAGTAAGAACT1
2299,AGGAATAGTACAAAGT2
2300,AGGAATAGTACAAAGT3
2301,AGGAATAGTCCAGGTC2
2302,AGGAATAGTCCAGGTC3
2303,AGGAATAGTGCATTTG1
2304,AGGAATAGTGCATTTG2
2305,AGGAATATCATCTCTA2
2306,AGGAATATCCAAGCTA3
2307,AGGAATATCGAGTGGA2
2308,AGGAATATCGAGTGGA3
2309,AGGAATATCGGCTATA2
2310,AGGAATATCGGCTATA3
2311,AGGACGAAGAAGTCTA2
2312,AGGACGAAGATTAGAC2
2313,AGGACGAAGTTGCCCG2
2314,AGGACGAAGTTGCCCG3
2315,AGGACGACAAGACTGG3
2316,AGGACGACACGGTCTG1
2317,AGGACGACACGTACAT2
2318,AGGACGACACGTACAT3
2319,AGGACGACATAGATGA2
2320,AGGACGACATAGATGA3
2321,AGGACGAGTACGAAAT2
2322,AGGACGAGTACGAAAT3
2323,AGGACGAGTCGTTGCG3
2324,AGGACGAGTGGTCTCG3
2325,AGGACGATCATGCTAG2
2326,AGGACGATCGTGGCGT1
2327,AGGACGATCTGGACCG1
2328,AGGACTTAGAAGCGAA2
2329,AGGACTTAGAGCACTG2
2330,AGGACTTAGGTCACAG3
2331,AGGACTTAGTGGAATT2
2332,AGGACTTAGTGGAATT3
2333,AGGACTTCAACAACAA2
2334,AGGACTTCAACAACAA3
2335,AGGACTTCAAGCTCTA2
2336,AGGACTTCAAGCTCTA3
2337,AGGACTTCAAGTGATA2
2338,AGGACTTCACGTCGGT2
2339,AGGACTTCACGTCGGT3
2340,AGGACTTCAGAGGTAC2
2341,AGGACTTCAGTTAGAA2
2342,AGGACTTGTAACACGG3
2343,AGGACTTGTATCACGT1
2344,AGGACTTGTGAGTGAC2
2345,AGGACTTGTGAGTGAC3
2346,AGGACTTTCCAAGCTA1
2347,AGGACTTTCCAAGGGA1
2348,AGGACTTTCCAAGGGA2
2349,AGGACTTTCCAAGGGA3
2350,AGGAGGTAGACCTCAT2
2351,AGGAGGTAGGTCGTCC3
2352,AGGAGGTAGGTGCGAT3
2353,AGGAGGTAGTTGCCTA2
2354,AGGAGGTAGTTGCCTA3
2355,AGGAGGTCAAACGTGG2
2356,AGGAGGTCAAACGTGG3
2357,AGGAGGTCACGTCTCT3
2358,AGGAGGTCAGTATGAA1
2359,AGGAGGTCAGTATGAA2
2360,AGGAGGTCATTCAGGT3
2361,AGGAGGTGTAGCACAG2
2362,AGGAGGTGTAGCACAG3
2363,AGGAGGTGTAGCGTTT1
2364,AGGAGGTGTAGCGTTT2
2365,AGGAGGTGTTTGATCG1
2366,AGGAGGTGTTTGATCG2
2367,AGGAGGTTCAGGAGAC2
2368,AGGAGGTTCAGGAGAC3
2369,AGGAGGTTCGTTCGCT3
2370,AGGATAAAGAAGTCCG3
2371,AGGATAAAGGGCGAAG1
2372,AGGATAAAGTCCGCCA3
2373,AGGATAAAGTGTTGAA2
2374,AGGATAAAGTGTTGAA3
2375,AGGATAACAAGGACAC2
2376,AGGATAACAAGGACAC3
2377,AGGATAACAAGTTCCA3
2378,AGGATAACATCGAACT2
2379,AGGATAACATCGAACT3
2380,AGGATAAGTACTGCGC1
2381,AGGATAAGTACTGCGC2
2382,AGGATAAGTCCGATCG2
2383,AGGATAAGTCCGATCG3
2384,AGGATAAGTGTACATC2
2385,AGGATAAGTTGCACGC3
2386,AGGATAATCAGTCTTT2
2387,AGGATAATCAGTCTTT3
2388,AGGATAATCCATTTAC2
2389,AGGATCTAGGTAAAGG3
2390,AGGATCTAGGTCGTGA2
2391,AGGATCTAGGTCGTGA3
2392,AGGATCTCAATGAAAC2
2393,AGGATCTCAATGAAAC3
2394,AGGATCTCACCTAAAC2
2395,AGGATCTCACCTAAAC3
2396,AGGATCTCAGAGGTTG1
2397,AGGATCTCAGAGGTTG2
2398,AGGATCTCAGCTACAT1
2399,AGGATCTCAGCTACAT2
2400,AGGATCTCATTGCCGG1
2401,AGGATCTGTATCAGCT2
2402,AGGATCTGTATCAGCT3
2403,AGGATCTGTCACTTAG1
2404,AGGATCTGTCACTTAG2
2405,AGGATCTGTCTTGCGG1
2406,AGGATCTTCATCCTAT3
2407,AGGATCTTCGGCCCAA2
2408,AGGATCTTCGGCCCAA3
2409,AGGCATTAGATGACAT3
2410,AGGCATTCAAAGGTTA3
2411,AGGCATTCAGGACTTT3
2412,AGGCATTCAGTCAACT2
2413,AGGCATTCAGTCAACT3
2414,AGGCATTCATCCAACA3
2415,AGGCATTCATGGTACT1
2416,AGGCATTGTAACCCTA1
2417,AGGCATTGTAACCCTA2
2418,AGGCATTGTATGGGAC1
2419,AGGCATTGTGCAGATG1
2420,AGGCATTGTTTCGTTT2
2421,AGGCATTGTTTCGTTT3
2422,AGGCATTTCACATTGG1
2423,AGGCATTTCACATTGG2
2424,AGGCATTTCCTCGATC3
2425,AGGCATTTCGGAGATG2
2426,AGGCATTTCGGAGATG3
2427,AGGCCACAGAAAGCGA1
2428,AGGCCACAGAAAGCGA2
2429,AGGCCACAGGAAAGAC1
2430,AGGCCACAGGTCGAGT2
2431,AGGCCACAGGTCGAGT3
2432,AGGCCACAGTAACGTA2
2433,AGGCCACCATGAAAGT2
2434,AGGCCACCATGAAAGT3
2435,AGGCCACGTATGACAA3
2436,AGGCCACGTATTTCCT3
2437,AGGCCACGTGCCTGCA2
2438,AGGCCACGTGCCTGCA3
2439,AGGCCACTCCATCAGA2
2440,AGGCCACTCCATCAGA3
2441,AGGCCACTCGAGAGCA2
2442,AGGCCACTCGAGAGCA3
2443,AGGCCACTCTTAGTTC2
2444,AGGCCACTCTTAGTTC3
2445,AGGCTGCAGAGCAGAA3
2446,AGGCTGCAGCGAGTAC3
2447,AGGCTGCAGGAGATAG1
2448,AGGCTGCAGGAGATAG2
2449,AGGCTGCAGGTGCTAG3
2450,AGGCTGCAGTCATCCA2
2451,AGGCTGCAGTCATCCA3
2452,AGGCTGCCAAGACTGG1
2453,AGGCTGCCAGGAGGTT3
2454,AGGCTGCCAGTCGAGA3
2455,AGGCTGCCATGACCCG2
2456,AGGCTGCCATGACCCG3
2457,AGGCTGCGTCAATGGG2
2458,AGGCTGCGTCAATGGG3
2459,AGGCTGCGTCTACAAC1
2460,AGGCTGCTCGTCACCT1
2461,AGGCTGCTCGTCACCT2
2462,AGGCTGCTCTGTAACG1
2463,AGGGAGTAGGAAAGGT2
2464,AGGGAGTAGGATGCGT2
2465,AGGGAGTCAGCATCTA2
2466,AGGGAGTGTCATCCCT2
2467,AGGGAGTGTCATCCCT3
2468,AGGGAGTGTTTGCCGG1
2469,AGGGAGTTCATTCGTT1
2470,AGGGCCTAGAATCGAT3
2471,AGGGCCTAGCATGATA2
2472,AGGGCCTAGCATGATA3
2473,AGGGCCTAGTCACTAC1
2474,AGGGCCTCAACACAGG3
2475,AGGGCCTCAGAGTCTT3
2476,AGGGCCTCAGGCGTTC1
2477,AGGGCCTCAGGCGTTC2
2478,AGGGCCTCATATGGCT3
2479,AGGGCCTCATCCTGTC2
2480,AGGGCCTCATCCTGTC3
2481,AGGGCCTGTACGAGCA2
2482,AGGGCCTGTACGAGCA3
2483,AGGGCCTGTGCTCTCT1
2484,AGGGCCTGTGCTCTCT2
2485,AGGGCCTGTTGTACGT2
2486,AGGGCCTGTTGTACGT3
2487,AGGGCCTTCATTCGGA3
2488,AGGGCCTTCGAAGCAG2
2489,AGGGCCTTCGAAGCAG3
2490,AGGGCCTTCGTGGGAA3
2491,AGGGCCTTCTAGGAAA3
2492,AGGGCTCAGGCTCTAT2
2493,AGGGCTCAGGCTCTAT3
2494,AGGGCTCCAGCGTGCT3
2495,AGGGCTCGTGGACTAG2
2496,AGGGCTCGTGGACTAG3
2497,AGGGCTCTCGCTAATG3
2498,AGGGCTCTCTTCGGAA1
2499,AGGGTCCCAGAACTTC1
2500,AGGGTCCCAGAACTTC2
2501,AGGGTCCCAGCAGGAT3
2502,AGGGTCCGTCCTCAGG1
2503,AGGGTCCGTGGCGTAA1
2504,AGGGTCCGTGGCGTAA2
2505,AGGGTCCTCGATTTCT2
2506,AGGGTCCTCGATTTCT3
2507,AGGGTCCTCGTCAGAT1
2508,AGGGTGAAGAATTGCA2
2509,AGGGTGAAGACGTCCC2
2510,AGGGTGAAGACGTCCC3
2511,AGGGTGAAGGAGGGTG3
2512,AGGGTGAAGGTTACAA1
2513,AGGGTGACAGCACAGA2
2514,AGGGTGACAGCACAGA3
2515,AGGGTGAGTGACCGAA3
2516,AGGGTGAGTTTAGTCG3
2517,AGGGTGATCAGAGTTC2
2518,AGGGTGATCAGAGTTC3
2519,AGGGTGATCCTGATAG1
2520,AGGGTGATCCTGATAG2
2521,AGGGTGATCTTGATTC2
2522,AGGGTTTAGAGCATCG3
2523,AGGGTTTAGTAGCTCT1
2524,AGGGTTTAGTAGCTCT2
2525,AGGGTTTAGTCATAGA2
2526,AGGGTTTCAGCTGAGA1
2527,AGGGTTTCAGCTGAGA2
2528,AGGGTTTGTAATTGGA2
2529,AGGGTTTGTAGTCGTT1
2530,AGGGTTTGTAGTCGTT2
2531,AGGGTTTGTATACCCA2
2532,AGGGTTTGTTATGTCG1
2533,AGGGTTTGTTATGTCG2
2534,AGGGTTTTCAGCGGAA3
2535,AGGGTTTTCCCTAGGG3
2536,AGGTAGGAGCACCTGC2
2537,AGGTAGGAGTATGTAG2
2538,AGGTAGGAGTATGTAG3
2539,AGGTAGGCAAAGTATG3
2540,AGGTAGGCAGGCTACC1
2541,AGGTAGGCAGGCTACC2
2542,AGGTAGGGTCCCACGA2
2543,AGGTAGGGTCGCATTA2
2544,AGGTAGGTCACCTCAC2
2545,AGGTAGGTCACCTCAC3
2546,AGGTAGGTCACGTAGT2
2547,AGGTAGGTCACGTAGT3
2548,AGGTAGGTCCGTAATG3
2549,AGGTCATAGATGGTAT2
2550,AGGTCATAGCGAGTAC3
2551,AGGTCATAGCGCCTCA2
2552,AGGTCATAGCGTTCAT2
2553,AGGTCATAGCGTTCAT3
2554,AGGTCATCAAGCGAAC2
2555,AGGTCATCAAGCGAAC3
2556,AGGTCATCAAGTGGCA2
2557,AGGTCATCAAGTGGCA3
2558,AGGTCATCATAGGTTC3
2559,AGGTCATGTGTGGACA2
2560,AGGTCATGTGTGGACA3
2561,AGGTCTAAGCCACCGT3
2562,AGGTCTACAAGCGCAA1
2563,AGGTCTACAAGCGCAA2
2564,AGGTCTACAGGATCTT3
2565,AGGTCTACATCTTCGC2
2566,AGGTCTACATCTTCGC3
2567,AGGTCTAGTCAACCTA1
2568,AGGTCTAGTCAACCTA2
2569,AGGTCTAGTGCCCTTT2
2570,AGGTCTAGTGGCAACA2
2571,AGGTCTATCTTCTGTA2
2572,AGGTCTATCTTCTGTA3
2573,AGGTGTTAGGAGAATG2
2574,AGGTGTTAGGAGAATG3
2575,AGGTGTTCAAAGAACT2
2576,AGGTGTTCAAAGAACT3
2577,AGGTGTTCAAATTGCC3
2578,AGGTGTTGTTGTAAAG2
2579,AGGTGTTTCATTGAGC2
2580,AGGTGTTTCATTGAGC3
2581,AGGTGTTTCATTGCCC2
2582,AGGTGTTTCGAACGCC2
2583,AGGTGTTTCGCTCATC3
2584,AGGTGTTTCGTAGGAG3
2585,AGGTGTTTCTAGGAAA2
2586,AGGTTACAGATGATTG2
2587,AGGTTACAGATGATTG3
2588,AGGTTACCACGAGGTA1
2589,AGGTTACCACGAGGTA2
2590,AGGTTACCACGTCGTG3
2591,AGGTTACGTACTAGCT3
2592,AGGTTACGTGAGACCA2
2593,AGGTTACGTGAGACCA3
2594,AGGTTACGTGTCCGGT2
2595,AGGTTACGTGTGGACA1
2596,AGGTTACTCATTTCCA2
2597,AGGTTACTCGACACCG2
2598,AGGTTACTCGACACCG3
2599,AGGTTGTAGACCGTTT2
2600,AGGTTGTAGACCGTTT3
2601,AGGTTGTAGGGATCAC3
2602,AGGTTGTCAACCCTCT1
2603,AGGTTGTCAACCCTCT2
2604,AGGTTGTCAGTTAGAA1
2605,AGGTTGTCAGTTAGAA2
2606,AGGTTGTTCAAACCTG2
2607,AGGTTGTTCAAACCTG3
2608,AGGTTGTTCTGGTTGA2
2609,AGGTTGTTCTGGTTGA3
2610,AGTAACCAGATGACAT3
2611,AGTAACCAGGAAAGTG2
2612,AGTAACCCAGCGTACC1
2613,AGTAACCCAGGAATAT2
2614,AGTAACCCAGGAATAT3
2615,AGTAACCGTACGATCT3
2616,AGTAACCGTGCAGTGA2
2617,AGTAACCGTGCAGTGA3
2618,AGTAACCGTGTCATCA2
2619,AGTAACCGTGTCATCA3
2620,AGTAACCGTGTCATGT3
2621,AGTAACCGTTCCATTT1
2622,AGTAACCTCACACCCT1
2623,AGTAACCTCACACCCT2
2624,AGTAACCTCATTGCCC2
2625,AGTAACCTCATTGCCC3
2626,AGTAACCTCGAAGAAT2
2627,AGTAACCTCGAAGAAT3
2628,AGTAACCTCTTCGTAT1
2629,AGTACCAAGCACCGTC1
2630,AGTACCAAGCACCGTC2
2631,AGTACCAAGCATGCAG1
2632,AGTACCAAGCATGCAG2
2633,AGTACCAAGGCAGGGA2
2634,AGTACCACACCACATA2
2635,AGTACCACACCACATA3
2636,AGTACCAGTGAACCGA2
2637,AGTACCAGTGAACCGA3
2638,AGTACCAGTGGAACAC1
2639,AGTACCATCACATCAG2
2640,AGTACCATCACATCAG3
2641,AGTACCATCACGATCA2
2642,AGTACCATCACGATCA3
2643,AGTACCATCTCCTGTG3
2644,AGTACTGAGATAACAC2
2645,AGTACTGAGATAACAC3
2646,AGTACTGAGGCACCAA1
2647,AGTACTGAGGCACCAA2
2648,AGTACTGAGGTAATCA3
2649,AGTACTGCAATACGAA2
2650,AGTACTGCAATACGAA3
2651,AGTACTGCAATACGCT2
2652,AGTACTGCAATACGCT3
2653,AGTACTGCAGAGGAAA2
2654,AGTACTGCAGAGGAAA3
2655,AGTACTGCAGATTTCG2
2656,AGTACTGCAGATTTCG3
2657,AGTACTGCATGACAGG3
2658,AGTACTGGTCTCGGGT1
2659,AGTACTGGTGGTCCCA3
2660,AGTACTGGTTGCTCGG2
2661,AGTACTGGTTGCTCGG3
2662,AGTACTGTCCGAAGGA2
2663,AGTACTGTCTTCGCTG3
2664,AGTAGCTAGCCTGAGA1
2665,AGTAGCTAGCCTGAGA2
2666,AGTAGCTAGGCCGCTT2
2667,AGTAGCTCACGACCTG2
2668,AGTAGCTCACGACCTG3
2669,AGTAGCTCACGAGGAT3
2670,AGTAGCTGTAATGCGG2
2671,AGTAGCTTCATTACCT1
2672,AGTAGCTTCATTACCT2
2673,AGTAGCTTCCCATTCG2
2674,AGTAGCTTCCCATTCG3
2675,AGTAGCTTCTTGGAAC1
2676,AGTAGTCCAACAGCTT3
2677,AGTAGTCGTACGCTTA1
2678,AGTAGTCGTAGACGTG3
2679,AGTAGTCGTAGGATAT2
2680,AGTAGTCGTAGGATAT3
2681,AGTAGTCGTCTGTAAC1
2682,AGTAGTCGTGTTCAGT2
2683,AGTAGTCGTGTTCAGT3
2684,AGTCAACAGAATCGTA3
2685,AGTCAACAGCGTGCCT1
2686,AGTCAACAGTAACGAT2
2687,AGTCAACAGTCGGCCT3
2688,AGTCAACCAGGGAGAG1
2689,AGTCAACCAGGGAGAG2
2690,AGTCAACGTCTTCGAA1
2691,AGTCAACGTTCAAACC2
2692,AGTCAACGTTCAAACC3
2693,AGTCAACTCATTTGCT2
2694,AGTCAACTCATTTGCT3
2695,AGTCAACTCCTCACTG2
2696,AGTCAACTCCTCACTG3
2697,AGTCAACTCTGTAAGC3
2698,AGTCACACAACCGTAT1
2699,AGTCACACAGATGCGA1
2700,AGTCACACAGATGCGA2
2701,AGTCACACAGATGCGA3
2702,AGTCACAGTAGATTAG2
2703,AGTCACAGTGTTGCCG1
2704,AGTCACATCAAGGTGG3
2705,AGTCACATCCTACTGC3
2706,AGTCACATCTAGACCA1
2707,AGTCACATCTAGACCA2
2708,AGTCATGCACGCCACA1
2709,AGTCATGCACGCCACA2
2710,AGTCATGCAGGCTCTG1
2711,AGTCATGCAGGCTCTG2
2712,AGTCATGTCCATAGAC2
2713,AGTCTCCAGCAAACAT2
2714,AGTCTCCAGCAAACAT3
2715,AGTCTCCAGGTTGAGC2
2716,AGTCTCCCACTTGTGA3
2717,AGTCTCCCAGAAGTTA3
2718,AGTCTCCGTATCGAAA1
2719,AGTCTCCGTGACAGCA2
2720,AGTCTCCTCCCAAGTA3
2721,AGTCTCCTCGCACTCT1
2722,AGTCTCCTCGTCTACC1
2723,AGTCTCCTCTCACCCA3
2724,AGTGACTAGCGGACAT1
2725,AGTGACTAGCTGCGAA2
2726,AGTGACTAGCTGCGAA3
2727,AGTGACTCAAGACGGT3
2728,AGTGACTCACGCTGTG2
2729,AGTGACTCACTACAGT3
2730,AGTGACTCAGAATCGG3
2731,AGTGACTCAGCAAGAC3
2732,AGTGACTCAGCGACCT2
2733,AGTGACTGTACTCCGG3
2734,AGTGACTGTCGATTCA2
2735,AGTGACTGTCGATTCA3
2736,AGTGACTGTCTAACGT2
2737,AGTGACTGTCTAACGT3
2738,AGTGACTGTGCTCGTG1
2739,AGTGACTGTTGGACCC2
2740,AGTGACTGTTGGACCC3
2741,AGTGACTGTTTACCAG1
2742,AGTGACTTCAGATTGC2
2743,AGTGACTTCAGATTGC3
2744,AGTGACTTCCATGAGT2
2745,AGTGACTTCCATGAGT3
2746,AGTGACTTCCCGAGGT3
2747,AGTGATCAGAAGTGTT2
2748,AGTGATCAGTCACTGT1
2749,AGTGATCAGTCACTGT2
2750,AGTGATCAGTTGCCTA1
2751,AGTGATCCAAGGGCAT2
2752,AGTGATCCAGTAACAA3
2753,AGTGATCGTCTGATCA3
2754,AGTGCCGAGCCTGAGA2
2755,AGTGCCGAGCCTGAGA3
2756,AGTGCCGAGGTGAGAA2
2757,AGTGCCGCACTCAGAT2
2758,AGTGCCGCACTCAGAT3
2759,AGTGCCGCAGGTCTCG3
2760,AGTGCCGCATTGCCTC2
2761,AGTGCCGCATTGCCTC3
2762,AGTGCCGGTAGCGTAG2
2763,AGTGCCGGTAGCGTAG3
2764,AGTGCCGGTCGTACTA2
2765,AGTGCCGGTCGTACTA3
2766,AGTGCCGGTTACACTG1
2767,AGTGCCGGTTCAAAGA2
2768,AGTGCCGGTTCAAAGA3
2769,AGTGCCGGTTGGTAGG3
2770,AGTGCCGTCATTTGTC2
2771,AGTGCCGTCATTTGTC3
2772,AGTGCCGTCCATCGTC2
2773,AGTGCCGTCCATCGTC3
2774,AGTGTTGAGATCACCT1
2775,AGTGTTGAGATCACCT2
2776,AGTGTTGAGCAAATGT2
2777,AGTGTTGAGCAAATGT3
2778,AGTGTTGAGTCGGCCT2
2779,AGTGTTGAGTCTTCGA1
2780,AGTGTTGAGTCTTCGA2
2781,AGTGTTGAGTGCCGAA1
2782,AGTGTTGAGTTACGTC1
2783,AGTGTTGCAAGACGGT1
2784,AGTGTTGCAAGACGGT2
2785,AGTGTTGGTAGCGTTT3
2786,AGTGTTGGTTGTGGCC2
2787,AGTGTTGGTTGTGGCC3
2788,AGTGTTGTCAGACCGC2
2789,AGTGTTGTCAGACCGC3
2790,AGTGTTGTCCTCATAT2
2791,AGTGTTGTCCTCATAT3
2792,AGTGTTGTCGAACTCA1
2793,AGTTAGCAGACATATG3
2794,AGTTAGCAGATCCCGC2
2795,AGTTAGCAGATCCCGC3
2796,AGTTAGCAGGAAGAAC3
2797,AGTTAGCAGTTTCTTC2
2798,AGTTAGCAGTTTCTTC3
2799,AGTTAGCGTAAGACCG3
2800,AGTTAGCGTACTGCGC2
2801,AGTTAGCGTACTGCGC3
2802,AGTTAGCGTCAGCGTC3
2803,AGTTAGCGTCGGTGTC2
2804,AGTTAGCGTCGGTGTC3
2805,AGTTAGCGTCGTAATC2
2806,AGTTAGCGTCGTAATC3
2807,AGTTAGCTCCATGCAA3
2808,AGTTAGCTCGAGCTGC2
2809,AGTTAGCTCTCAAAGC2
2810,AGTTCCCAGCCGGAAT2
2811,AGTTCCCAGCCGGAAT3
2812,AGTTCCCAGGACATCG3
2813,AGTTCCCAGGCGTTAG3
2814,AGTTCCCAGTGATTCC2
2815,AGTTCCCAGTGATTCC3
2816,AGTTCCCCAAGTATCC1
2817,AGTTCCCCACTTGAGT2
2818,AGTTCCCCACTTGAGT3
2819,AGTTCCCGTGTCATTG3
2820,AGTTCCCGTTAGGGTG3
2821,AGTTCCCGTTGATCGT1
2822,AGTTCCCTCAAGTCTG1
2823,AGTTCCCTCAAGTCTG2
2824,AGTTCCCTCAGTCAGT2
2825,AGTTCCCTCAGTCAGT3
2826,AGTTCCCTCCCAGCGA3
2827,AGTTCCCTCGAGATGG1
2828,AGTTCCCTCGAGATGG2
2829,AGTTCGAAGACTCATC2
2830,AGTTCGAAGCAAGTGC2
2831,AGTTCGAAGCAGCGAT3
2832,AGTTCGAAGTACGTCT3
2833,AGTTCGAAGTAGGCCA3
2834,AGTTCGAAGTCGAGGT2
2835,AGTTCGAAGTGGACGT3
2836,AGTTCGACAGTTAGGG3
2837,AGTTCGACATCCTCAC2
2838,AGTTCGACATCCTCAC3
2839,AGTTCGACATTGAGCT3
2840,AGTTCGAGTGGAAATT2
2841,AGTTCGAGTGGAAATT3
2842,AGTTCGATCGCTATTT1
2843,ATACCGAAGCATGTTC1
2844,ATACCGACAATGTTGC2
2845,ATACCGACAATGTTGC3
2846,ATACCGACACATGACT3
2847,ATACCGACAGACAATA1
2848,ATACCGATCTTTGCGC3
2849,ATACCTTAGCCACTCG2
2850,ATACCTTAGCCACTCG3
2851,ATACCTTAGCTGACTT2
2852,ATACCTTAGCTGACTT3
2853,ATACCTTAGTATGATG2
2854,ATACCTTAGTATGATG3
2855,ATACCTTAGTTAGTAG3
2856,ATACCTTCAGATCCAT2
2857,ATACCTTCATTCAGCA1
2858,ATACCTTGTCAAGGCA2
2859,ATACCTTGTCAAGGCA3
2860,ATACCTTGTCACCACG1
2861,ATACCTTGTCACCACG2
2862,ATACCTTTCCACGAAT3
2863,ATACCTTTCGAAGGAC2
2864,ATACCTTTCGAAGGAC3
2865,ATACTTCAGATCCCGC2
2866,ATACTTCAGCTTGTGT2
2867,ATACTTCAGCTTGTGT3
2868,ATACTTCAGGTAGTCG3
2869,ATACTTCCACGGCTAC2
2870,ATACTTCCACGGCTAC3
2871,ATACTTCCAGAGGCTA1
2872,ATACTTCCATGACTAC1
2873,ATACTTCCATGACTAC2
2874,ATACTTCGTCACTCGG1
2875,ATACTTCGTGTCACAT1
2876,ATACTTCGTTGCCGAC3
2877,ATACTTCTCACTCGAA3
2878,ATACTTCTCCGTGGCA2
2879,ATACTTCTCCGTGGCA3
2880,ATACTTCTCGTGCAGC3
2881,ATAGACCAGATGGTAT2
2882,ATAGACCAGATGGTAT3
2883,ATAGACCAGGTTAGTA2
2884,ATAGACCAGGTTAGTA3
2885,ATAGACCAGTTGGAAT2
2886,ATAGACCAGTTGGAAT3
2887,ATAGACCCAAGACTGG2
2888,ATAGACCCAAGACTGG3
2889,ATAGACCCAAGCGGAT2
2890,ATAGACCCAAGCGGAT3
2891,ATAGACCCAGTTACCA2
2892,ATAGACCCAGTTACCA3
2893,ATAGACCGTTATAGAG3
2894,ATAGACCGTTTACTGG2
2895,ATAGACCTCACAGAGG2
2896,ATAGACCTCACAGAGG3
2897,ATAGACCTCACCTCGT2
2898,ATAGACCTCACCTCGT3
2899,ATAGACCTCCAATGCA2
2900,ATAGACCTCCTACAAG1
2901,ATAGACCTCGGCCTTT1
2902,ATAGACCTCTGTCAGA3
2903,ATAGAGAAGCCTGTGC3
2904,ATAGAGAAGCGATGCA3
2905,ATAGAGAAGGAATCGC1
2906,ATAGAGAAGGAATCGC2
2907,ATAGAGACAAAGGGCT3
2908,ATAGAGACAAATGGAT2
2909,ATAGAGACACATGAAA2
2910,ATAGAGACAGAGATTA3
2911,ATAGAGACAGGTATGG2
2912,ATAGAGACAGGTATGG3
2913,ATAGAGAGTAACAGTA3
2914,ATAGAGAGTATCGTGT2
2915,ATAGAGAGTATCGTGT3
2916,ATAGAGAGTCCTTGTC2
2917,ATAGAGAGTCCTTGTC3
2918,ATAGAGAGTTTGAAAG1
2919,ATAGAGATCAAGCTGT3
2920,ATAGAGATCACCTGTC2
2921,ATAGAGATCACCTGTC3
2922,ATAGAGATCCTTGGAA2
2923,ATAGAGATCCTTGGAA3
2924,ATAGAGATCGGTCGGT2
2925,ATAGAGATCGGTCGGT3
2926,ATAGGCTAGAGAATCT2
2927,ATAGGCTAGAGAATCT3
2928,ATAGGCTAGAGGGTAA3
2929,ATAGGCTAGTGCAGCA3
2930,ATAGGCTAGTTGTAGA2
2931,ATAGGCTAGTTGTAGA3
2932,ATAGGCTCAAGTCATC1
2933,ATAGGCTCAAGTCATC2
2934,ATAGGCTCACAACATC1
2935,ATAGGCTCACAACATC2
2936,ATAGGCTCACAATTCG1
2937,ATAGGCTCACAATTCG2
2938,ATAGGCTGTACTCCCT1
2939,ATAGGCTGTCAACATC3
2940,ATAGGCTGTCTGTGAT2
2941,ATAGGCTGTCTGTGAT3
2942,ATAGGCTTCATCCTGC2
2943,ATAGGCTTCTACTGAG3
2944,ATAGGCTTCTGCGAGC3
2945,ATATCCTAGGGCAGGA2
2946,ATATCCTAGGGCAGGA3
2947,ATATCCTAGTCTAGCT2
2948,ATATCCTAGTCTAGCT3
2949,ATATCCTCAAGCTGCC1
2950,ATATCCTCACACGCCA2
2951,ATATCCTCACACGCCA3
2952,ATATCCTCATGCAGGA1
2953,ATATCCTCATGCAGGA2
2954,ATATCCTGTACAACGG1
2955,ATATCCTGTGAAGCTG3
2956,ATATCCTGTGCTGTCG2
2957,ATATCCTGTGCTGTCG3
2958,ATATCCTGTTAAACAG2
2959,ATATCCTGTTAAACAG3
2960,ATATCCTTCACAGTGT3
2961,ATATCCTTCACGAGGA1
2962,ATATCCTTCAGCTTCC1
2963,ATATCCTTCAGCTTCC2
2964,ATATCCTTCATTCATC1
2965,ATATCCTTCATTCATC2
2966,ATATCCTTCGCCGATG3
2967,ATCACAGAGATTTGCC1
2968,ATCACAGAGCGACAGT3
2969,ATCACAGAGCTTTCTT2
2970,ATCACAGAGGCCTTCG3
2971,ATCACAGAGTAAGACT1
2972,ATCACAGAGTAAGACT2
2973,ATCACAGAGTCTAACC1
2974,ATCACAGAGTCTAACC2
2975,ATCACAGCAATTGAGA2
2976,ATCACAGCAATTGAGA3
2977,ATCACAGCACCAGGTC1
2978,ATCACAGCACTACACA2
2979,ATCACAGCACTACACA3
2980,ATCACAGCAGGTCAAG3
2981,ATCACAGCATAAGCGG1
2982,ATCACAGGTATTGGCT2
2983,ATCACAGGTGCACAAG2
2984,ATCACAGGTGCACAAG3
2985,ATCACAGGTGTGTACT2
2986,ATCACAGGTGTGTACT3
2987,ATCACAGGTTGCCAAT2
2988,ATCACAGGTTGCCAAT3
2989,ATCACAGTCAGCAGAG2
2990,ATCACAGTCAGCAGAG3
2991,ATCACAGTCAGCGTCG3
2992,ATCACAGTCGTAACAC1
2993,ATCACAGTCGTAACAC2
2994,ATCACAGTCTGCCTGT3
2995,ATCACGAAGCACGGAT3
2996,ATCACGAAGCGTTCAT3
2997,ATCACGAAGCTGCCAC3
2998,ATCACGAAGGCACCAA1
2999,ATCACGAAGGCACCAA2
3000,ATCACGAAGGTCTTTG2
3001,ATCACGAAGGTCTTTG3
3002,ATCACGAAGTCGAGGT2
3003,ATCACGAAGTCGAGGT3
3004,ATCACGACAGTCGTTA2
3005,ATCACGACAGTCGTTA3
3006,ATCACGACATGTGCTA1
3007,ATCACGACATGTGCTA2
3008,ATCACGAGTCAGTCCG3
3009,ATCACGAGTCCCGCAA2
3010,ATCACGAGTCCCGCAA3
3011,ATCACGATCCATTTCA1
3012,ATCACGATCCATTTCA2
3013,ATCACGATCGTGGAAG2
3014,ATCACGATCGTGGAAG3
3015,ATCACTTAGAGTAACT2
3016,ATCACTTAGAGTAACT3
3017,ATCACTTAGTCCCTAA2
3018,ATCACTTAGTCTCCTC3
3019,ATCACTTAGTGAGTGC2
3020,ATCACTTAGTGAGTGC3
3021,ATCACTTCAAACACCT2
3022,ATCACTTCACGTCTCT2
3023,ATCACTTCACGTCTCT3
3024,ATCACTTGTCAAGCCC3
3025,ATCACTTGTGTTAACC2
3026,ATCACTTGTGTTAACC3
3027,ATCACTTGTTGGTAGG2
3028,ATCACTTTCCCGAGTG2
3029,ATCACTTTCCCGAGTG3
3030,ATCACTTTCCGAACGC3
3031,ATCACTTTCTAACGGT2
3032,ATCACTTTCTAACGGT3
3033,ATCAGGTCAAATAAGC2
3034,ATCAGGTCAAATAAGC3
3035,ATCAGGTCAGACGGAT3
3036,ATCAGGTCAGCACGAA1
3037,ATCAGGTCAGCACGAA2
3038,ATCAGGTCATGTGTCA1
3039,ATCAGGTCATGTGTCA2
3040,ATCAGGTGTCCCGTGA2
3041,ATCAGGTGTGCCGAAA2
3042,ATCAGGTGTGCCGAAA3
3043,ATCAGGTGTTCTCGCT2
3044,ATCAGGTGTTCTCGCT3
3045,ATCAGGTTCGACCTAA1
3046,ATCAGGTTCGATAACC1
3047,ATCAGGTTCGATAACC2
3048,ATCAGGTTCGATAACC3
3049,ATCAGGTTCGTGGGAA3
3050,ATCAGGTTCTACGCGG3
3051,ATCAGGTTCTCTCTTC2
3052,ATCAGGTTCTCTCTTC3
3053,ATCATTCAGATTAGAC2
3054,ATCATTCAGATTAGAC3
3055,ATCATTCAGCTGTTAC3
3056,ATCATTCAGTCGAAGC1
3057,ATCATTCAGTCGAAGC2
3058,ATCATTCCATCACCAA2
3059,ATCATTCCATCACCAA3
3060,ATCATTCGTCCGGCAT2
3061,ATCATTCGTCCGGCAT3
3062,ATCATTCGTGAGTTTC3
3063,ATCATTCGTGGGTATG2
3064,ATCATTCGTGGGTATG3
3065,ATCATTCTCACGATAC2
3066,ATCATTCTCACGATAC3
3067,ATCATTCTCTTACACT2
3068,ATCATTCTCTTACACT3
3069,ATCCACCAGAAGAACG1
3070,ATCCACCAGATCACTC2
3071,ATCCACCAGATCACTC3
3072,ATCCACCAGTGGAAAG2
3073,ATCCACCAGTGGAAAG3
3074,ATCCACCGTACGTAGG3
3075,ATCCACCGTAGAATAC3
3076,ATCCACCGTCGTTGGC2
3077,ATCCACCGTCTAGGCC2
3078,ATCCACCGTCTAGGCC3
3079,ATCCACCGTGTTCGAT3
3080,ATCCATTAGCACCCAC1
3081,ATCCATTAGTGCAACG1
3082,ATCCATTAGTGCAACG2
3083,ATCCATTAGTTTGAGA2
3084,ATCCATTGTCGAACAG2
3085,ATCCATTGTCGAACAG3
3086,ATCCATTGTGATTAGA3
3087,ATCCATTGTGGGTCAA3
3088,ATCCATTGTGTTGAGG3
3089,ATCCATTGTTGCCAAT1
3090,ATCCATTTCTCAACCC2
3091,ATCCATTTCTCAACCC3
3092,ATCCCTGAGGGCAATC2
3093,ATCCCTGAGTACAACA2
3094,ATCCCTGAGTACAACA3
3095,ATCCCTGAGTCAACAA2
3096,ATCCCTGAGTCAACAA3
3097,ATCCCTGCATAACGGG2
3098,ATCCCTGCATAACGGG3
3099,ATCCCTGGTACCACGC1
3100,ATCCCTGGTACCACGC2
3101,ATCCCTGGTATCGTGT2
3102,ATCCCTGGTATCGTGT3
3103,ATCCCTGTCCCATACC3
3104,ATCCGTCAGGAGCTGT3
3105,ATCCGTCAGGCAGCTA2
3106,ATCCGTCAGGCAGCTA3
3107,ATCCGTCCAACCACAT2
3108,ATCCGTCCACATGACT2
3109,ATCCGTCCACATGACT3
3110,ATCCGTCCAGAGGCTA3
3111,ATCCGTCGTCACTCTC1
3112,ATCCGTCGTCACTCTC2
3113,ATCCTATAGTAATACG2
3114,ATCCTATGTCAATGGG3
3115,ATCCTATGTGTCTTGA1
3116,ATCCTATGTTGCCGCA1
3117,ATCCTATGTTGTACGT3
3118,ATCCTATGTTGTTGAC3
3119,ATCCTATTCGCCGAAC2
3120,ATCCTATTCGCCGAAC3
3121,ATCGATGAGACGCAGT1
3122,ATCGATGAGATGACAT2
3123,ATCGATGAGATGACAT3
3124,ATCGATGAGGATGCGT1
3125,ATCGATGAGGATGCGT2
3126,ATCGATGCACTGCACG3
3127,ATCGATGCATCGATGT1
3128,ATCGATGCATCGATGT2
3129,ATCGATGCATTGAAAG1
3130,ATCGATGGTGGTGATG2
3131,ATCGATGGTTGCCATA1
3132,ATCGATGGTTGCCATA2
3133,ATCGATGGTTTGACAC2
3134,ATCGATGGTTTGACAC3
3135,ATCGCCTAGCCTATTG1
3136,ATCGCCTAGCCTATTG2
3137,ATCGCCTAGGACTGGT2
3138,ATCGCCTCACAAGCAG2
3139,ATCGCCTCACAAGCAG3
3140,ATCGCCTCATAGGTTC3
3141,ATCGCCTGTATTTCTC2
3142,ATCGCCTGTTGGTAGG2
3143,ATCGCCTGTTGTATGC3
3144,ATCGCCTTCACCCATC2
3145,ATCGCCTTCACCCATC3
3146,ATCGCCTTCATCGCAA2
3147,ATCGCCTTCATCGCAA3
3148,ATCGCCTTCCACGTCT1
3149,ATCGCCTTCCACGTCT2
3150,ATCGCCTTCTCGGCTT1
3151,ATCGCCTTCTCGGCTT2
3152,ATCGCCTTCTGCGATA2
3153,ATCGCCTTCTGGACCG2
3154,ATCGCCTTCTGGACCG3
3155,ATCGCCTTCTGGTTGA3
3156,ATCGGATAGAGCAGTC2
3157,ATCGGATAGAGCAGTC3
3158,ATCGGATAGCAGGGAG1
3159,ATCGGATAGCTTGTGT1
3160,ATCGGATAGCTTGTGT2
3161,ATCGGATAGCTTGTGT3
3162,ATCGGATCAATAGGGC2
3163,ATCGGATCAATTCACG1
3164,ATCGGATCACAAGGTG3
3165,ATCGGATCATGATGCT3
3166,ATCGGATGTACTAGCT3
3167,ATCGGATGTATTCTCT2
3168,ATCGGATGTATTCTCT3
3169,ATCGGATGTGCCGTTG3
3170,ATCGGATGTTGTATGC3
3171,ATCGGATTCATTTACC3
3172,ATCGGATTCCCTCTTT1
3173,ATCGGATTCCCTCTTT2
3174,ATCGGATTCTCGGGAC2
3175,ATCGGATTCTCGGGAC3
3176,ATCGGCGAGCCTGTGC3
3177,ATCGGCGAGTTCAACC2
3178,ATCGGCGCAACCGCTG1
3179,ATCGGCGCAACCGCTG2
3180,ATCGGCGCAGAGAAAG1
3181,ATCGGCGCAGCTGTGC2
3182,ATCGGCGGTGTCGCTG3
3183,ATCGGCGTCATCACCC2
3184,ATCGGCGTCATCACCC3
3185,ATCGGCGTCCATGATG3
3186,ATCGGCGTCCGCATAA3
3187,ATCGGCGTCGCGAAGA2
3188,ATCGGCGTCTACCAGA1
3189,ATCGGCGTCTACCAGA2
3190,ATCGTAGAGAATGTTG2
3191,ATCGTAGAGACGTCCC2
3192,ATCGTAGAGACGTCCC3
3193,ATCGTAGAGAGGTGCT2
3194,ATCGTAGAGAGGTGCT3
3195,ATCGTAGAGCATCCCG2
3196,ATCGTAGCAACACGTT2
3197,ATCGTAGCAACACGTT3
3198,ATCGTAGCACCCAACG2
3199,ATCGTAGCACCCAACG3
3200,ATCGTAGCATAAGCAA1
3201,ATCGTAGGTCGAGTTT1
3202,ATCGTAGGTGCGTGCT2
3203,ATCGTAGGTGCGTGCT3
3204,ATCGTAGTCCTATGGA1
3205,ATCGTAGTCCTATGGA2
3206,ATCGTCCAGATCACCT2
3207,ATCGTCCAGATCACCT3
3208,ATCGTCCAGCAAACAT2
3209,ATCGTCCAGCAAACAT3
3210,ATCGTCCAGCCGAATG1
3211,ATCGTCCAGCCGAATG2
3212,ATCGTCCAGGGCATGT1
3213,ATCGTCCAGGGCATGT2
3214,ATCGTCCCACGCTGAC2
3215,ATCGTCCCACGCTGAC3
3216,ATCGTCCCAGCTATAC2
3217,ATCGTCCCAGCTATAC3
3218,ATCGTCCGTAACGTTC1
3219,ATCGTCCGTAGGTACG2
3220,ATCGTCCGTAGGTACG3
3221,ATCGTCCGTCGTCAGC2
3222,ATCGTCCGTTAGGAGC2
3223,ATCGTCCGTTAGGAGC3
3224,ATCGTCCTCCGCGATG1
3225,ATCGTCCTCCGCGATG2
3226,ATCGTCCTCTTTCCAA1
3227,ATCGTCCTCTTTCCAA2
3228,ATCGTCCTCTTTCCAA3
3229,ATCGTGAAGCTAAGTA2
3230,ATCGTGAAGGATATGT1
3231,ATCGTGAAGGATATGT2
3232,ATCGTGAAGGCTTTCA2
3233,ATCGTGACAACCGACC2
3234,ATCGTGACAAGATGTA2
3235,ATCGTGACAAGATGTA3
3236,ATCGTGACACAATGCT3
3237,ATCGTGACACCGTGCA2
3238,ATCGTGACACGTCGTG2
3239,ATCGTGACATCTGTTT1
3240,ATCGTGACATCTGTTT2
3241,ATCGTGAGTACCAGAG2
3242,ATCGTGAGTACCAGAG3
3243,ATCGTGATCCGAAATC2
3244,ATCGTGATCCGAAATC3
3245,ATCTCTAAGTTGGCGA3
3246,ATCTCTACACAAGTGG3
3247,ATCTCTACAGCGGATA2
3248,ATCTCTACAGCGGATA3
3249,ATCTCTACAGCTTCGG3
3250,ATCTCTACAGGGATAC2
3251,ATCTCTACAGGGATAC3
3252,ATCTCTAGTCAGTCGC1
3253,ATCTCTAGTCAGTCGC2
3254,ATCTCTAGTCATCGCG2
3255,ATCTCTAGTCTGTGTA2
3256,ATCTCTAGTCTGTGTA3
3257,ATCTCTAGTGGCGCTT2
3258,ATCTCTAGTGGCGCTT3
3259,ATCTCTAGTGTAGTGG3
3260,ATCTCTAGTGTTTGCA2
3261,ATCTCTAGTGTTTGCA3
3262,ATCTCTAGTTATCTGG2
3263,ATCTCTAGTTGCACGC1
3264,ATCTCTAGTTGCACGC2
3265,ATCTCTATCGCAATTG3
3266,ATCTCTATCGGAATTC2
3267,ATCTTCAAGAGCCGTA2
3268,ATCTTCAAGAGCCGTA3
3269,ATCTTCAAGCAAATCA1
3270,ATCTTCAAGCAAATCA2
3271,ATCTTCAAGTCCGTCG2
3272,ATCTTCAAGTCCGTCG3
3273,ATCTTCAAGTGGACTG3
3274,ATCTTCACAAGCAGGT2
3275,ATCTTCACACATATCG3
3276,ATCTTCACACTGCGTG2
3277,ATCTTCACAGGTTACT1
3278,ATCTTCACAGGTTACT2
3279,ATCTTCAGTATGGTAA2
3280,ATCTTCAGTATGGTAA3
3281,ATCTTCAGTGATAGTA3
3282,ATCTTCATCTGTGCTC1
3283,ATCTTCATCTGTGCTC2
3284,ATGAAAGAGCTACGTT2
3285,ATGAAAGAGGATCACG3
3286,ATGAAAGCACTGAATC2
3287,ATGAAAGCACTGAATC3
3288,ATGAAAGGTATCGGTT1
3289,ATGAAAGGTATGAAGT3
3290,ATGAAAGGTATTCTCT3
3291,ATGAAAGGTGCCCACA2
3292,ATGAAAGGTGCCCACA3
3293,ATGAAAGGTTCTGACA2
3294,ATGAAAGTCAACTCTT2
3295,ATGAAAGTCAACTCTT3
3296,ATGAAAGTCAGGGTAG2
3297,ATGAAAGTCAGGGTAG3
3298,ATGAAAGTCCAAGAGG2
3299,ATGAAAGTCCAAGAGG3
3300,ATGAAAGTCCTGGTCT2
3301,ATGAAAGTCGTTCTGC1
3302,ATGAAAGTCTGAGTCA2
3303,ATGAAAGTCTGAGTCA3
3304,ATGAAAGTCTGTCGCT2
3305,ATGACCAAGTGAGTTA1
3306,ATGACCACAACAAAGT2
3307,ATGACCACAACAAAGT3
3308,ATGACCACAACCAACT3
3309,ATGACCACATAGGTTC2
3310,ATGACCACATAGGTTC3
3311,ATGACCAGTCTGCATA3
3312,ATGACCAGTCTTGCGG3
3313,ATGACCAGTGATACAA2
3314,ATGACCAGTGATACAA3
3315,ATGACCAGTTGCACGC2
3316,ATGACCAGTTGCACGC3
3317,ATGACCATCGAGTGGA3
3318,ATGAGGGAGAGTGAAG2
3319,ATGAGGGAGAGTGAAG3
3320,ATGAGGGAGATAACAC2
3321,ATGAGGGAGCCTTCTC2
3322,ATGAGGGAGCGTTCAT2
3323,ATGAGGGAGGTAGTCG1
3324,ATGAGGGAGGTAGTCG2
3325,ATGAGGGCAAATACGA2
3326,ATGAGGGCAAATACGA3
3327,ATGAGGGGTAGCGATG1
3328,ATGAGGGGTCCTGGTG2
3329,ATGAGGGGTTGCCAAT2
3330,ATGAGGGGTTGCCAAT3
3331,ATGAGGGTCACCGGTG3
3332,ATGAGGGTCCATGAGT3
3333,ATGAGGGTCCCTTGTG2
3334,ATGAGGGTCCCTTGTG3
3335,ATGAGGGTCCTAAGTG2
3336,ATGAGGGTCCTAAGTG3
3337,ATGAGGGTCGCTTGCT2
3338,ATGAGGGTCGCTTGCT3
3339,ATGAGTCAGCCTGACC1
3340,ATGAGTCAGCCTGACC2
3341,ATGAGTCAGTCCTGCG2
3342,ATGAGTCCAAACTCTG3
3343,ATGAGTCCAAGCAGGT2
3344,ATGAGTCCAAGCAGGT3
3345,ATGAGTCCACGAGGAT1
3346,ATGAGTCCACGAGGAT2
3347,ATGAGTCCACGGCACT2
3348,ATGAGTCCACGGCACT3
3349,ATGAGTCCAGCATCTA1
3350,ATGAGTCCAGCATCTA2
3351,ATGAGTCGTATGACAA1
3352,ATGAGTCGTATTTCCT2
3353,ATGAGTCTCAAATGCC2
3354,ATGAGTCTCAAATGCC3
3355,ATGAGTCTCAGCATTG2
3356,ATGAGTCTCGGACTTA2
3357,ATGAGTCTCGTCTCAC1
3358,ATGATCGAGGTTGGTG3
3359,ATGATCGAGTAAGACT2
3360,ATGATCGAGTAAGACT3
3361,ATGATCGCAACTTGGT2
3362,ATGATCGCAACTTGGT3
3363,ATGATCGCATAGTCAC1
3364,ATGATCGGTAACATAG2
3365,ATGATCGGTAACATAG3
3366,ATGATCGGTTAAACCC1
3367,ATGATCGGTTGGACTT2
3368,ATGATCGGTTGGACTT3
3369,ATGATCGTCGCGTGAC2
3370,ATGATCGTCGGCCCAA3
3371,ATGATCGTCGGTCATA1
3372,ATGATCGTCGGTCATA2
3373,ATGCATGAGAGTCTGG3
3374,ATGCATGAGGTTACAA2
3375,ATGCATGCACTTGAAC3
3376,ATGCATGCAGGCTCTG3
3377,ATGCATGCATCCGAGC1
3378,ATGCATGCATCCGAGC2
3379,ATGCATGGTCTGATCA2
3380,ATGCATGGTCTGATCA3
3381,ATGCATGGTGTTAAAG3
3382,ATGCATGGTTGTGTAC2
3383,ATGCATGGTTGTGTAC3
3384,ATGCATGTCACAAGGG1
3385,ATGCATGTCACAAGGG2
3386,ATGCATGTCATCACCC2
3387,ATGCATGTCATCACCC3
3388,ATGCATGTCCGCGGAT2
3389,ATGCATGTCCGCGGAT3
3390,ATGCATGTCGCAGTTA2
3391,ATGCATGTCGTAACCA1
3392,ATGCATGTCGTAACCA2
3393,ATGCATGTCTGCGGAC3
3394,ATGCCTCAGGAGTCTG1
3395,ATGCCTCAGGAGTCTG2
3396,ATGCCTCAGTTGGAGC3
3397,ATGCCTCCAACGCATT1
3398,ATGCCTCCAACGCATT2
3399,ATGCCTCCACACCGCA3
3400,ATGCCTCCACAGTCGC3
3401,ATGCCTCGTCATCTAG3
3402,ATGCCTCGTGCTGATT1
3403,ATGCCTCGTGCTGATT2
3404,ATGCCTCGTTGCGGAA3
3405,ATGCCTCTCAAGAAAC3
3406,ATGCCTCTCAGACCCG2
3407,ATGCCTCTCAGACCCG3
3408,ATGCCTCTCATTCGGA2
3409,ATGCCTCTCATTCGGA3
3410,ATGCCTCTCTAGAGCT2
3411,ATGCCTCTCTCTCGAC2
3412,ATGCCTCTCTCTCGAC3
3413,ATGCGATAGACTTCAC2
3414,ATGCGATAGACTTCAC3
3415,ATGCGATAGCCATCCG3
3416,ATGCGATAGCTGACAG2
3417,ATGCGATAGGCTAGCA2
3418,ATGCGATAGGCTAGCA3
3419,ATGCGATAGTCTTCCC1
3420,ATGCGATAGTCTTCCC2
3421,ATGCGATCATAACCCA2
3422,ATGCGATGTAGGGAGG1
3423,ATGCGATGTAGGGAGG2
3424,ATGCGATGTGTGTACT2
3425,ATGCGATGTGTGTACT3
3426,ATGCGATGTTCGGCGT3
3427,ATGCGATTCAAGCCAT3
3428,ATGCGATTCAAGGACG3
3429,ATGCGATTCCAGTGTA2
3430,ATGCGATTCTCCCAAC2
3431,ATGCGATTCTCCCAAC3
3432,ATGGAGGAGCCAAGTG2
3433,ATGGAGGAGCCAAGTG3
3434,ATGGAGGCAATGACCT1
3435,ATGGAGGCAATGACCT2
3436,ATGGAGGGTAAGTTAG1
3437,ATGGAGGGTAAGTTAG2
3438,ATGGAGGGTAGTTACC1
3439,ATGGAGGGTCCTACGG2
3440,ATGGAGGGTCGTCGGT1
3441,ATGGAGGGTCGTCGGT2
3442,ATGGAGGGTGAGCTCC1
3443,ATGGAGGGTGAGCTCC2
3444,ATGGAGGGTTCTTGTT2
3445,ATGGAGGGTTTCCATT2
3446,ATGGAGGGTTTCCATT3
3447,ATGGAGGTCTTCGGTC2
3448,ATGGAGGTCTTCGGTC3
3449,ATGGATCCAGGTATGG2
3450,ATGGATCTCGAGTTGT1
3451,ATGGATCTCGAGTTGT2
3452,ATGGATCTCGTTCCCA1
3453,ATGGATCTCGTTCCCA2
3454,ATGGATCTCTAAACGC2
3455,ATGGATCTCTAAACGC3
3456,ATGGGAGAGAAATTGC2
3457,ATGGGAGAGAAATTGC3
3458,ATGGGAGAGACATCCT3
3459,ATGGGAGCAATGAACA2
3460,ATGGGAGCAATGAACA3
3461,ATGGGAGCACTGCGTG2
3462,ATGGGAGCACTGCGTG3
3463,ATGGGAGGTCATCGCG3
3464,ATGGGAGGTCCGGCAT1
3465,ATGGGAGGTCCGGCAT2
3466,ATGGGAGGTCGCACGT1
3467,ATGGGAGGTCTTCCGT1
3468,ATGGGAGGTCTTCCGT2
3469,ATGGGAGGTGGATGAC2
3470,ATGGGAGGTGGATGAC3
3471,ATGGGAGTCAATCCGA1
3472,ATGGGAGTCCGTATAG1
3473,ATGGGAGTCCGTATAG2
3474,ATGGGAGTCTGACCCT1
3475,ATGGGAGTCTGCACCT2
3476,ATGGGAGTCTGCACCT3
3477,ATGGGTTAGAGTGGCT3
3478,ATGGGTTAGATACAGT1
3479,ATGGGTTAGCGAATGC3
3480,ATGGGTTAGGAGACCT3
3481,ATGGGTTAGGGCTGAT1
3482,ATGGGTTCAAGCGCTC3
3483,ATGGGTTCAATCACGT3
3484,ATGGGTTCAGATTCGT2
3485,ATGGGTTCAGATTCGT3
3486,ATGGGTTCAGTTCACA1
3487,ATGGGTTGTAGACACG1
3488,ATGGGTTGTCTCAAGT2
3489,ATGGGTTGTCTCAAGT3
3490,ATGGGTTGTCTGATAC3
3491,ATGGGTTTCCATGAGT1
3492,ATGGGTTTCTCCTGTG3
3493,ATGGGTTTCTGTCTCG1
3494,ATGGGTTTCTGTCTCG2
3495,ATGGTTGAGCGGACAT3
3496,ATGGTTGAGCTTTGTG1
3497,ATGGTTGAGCTTTGTG2
3498,ATGGTTGCACGAGGAT3
3499,ATGGTTGGTAGTCGTT1
3500,ATGGTTGGTCAGACGA2
3501,ATGGTTGGTCGACTGC1
3502,ATGGTTGGTCGAGCAA1
3503,ATGGTTGGTCGAGCAA2
3504,ATGGTTGGTTATCTGG3
3505,ATGGTTGTCGCCTCTA1
3506,ATGGTTGTCGGTGTTA3
3507,ATGGTTGTCGTAGCTA2
3508,ATGGTTGTCTAGCATG2
3509,ATGGTTGTCTAGCATG3
3510,ATGTCCCAGAGCAAGA2
3511,ATGTCCCAGCTCAGAG2
3512,ATGTCCCAGCTGAGCA2
3513,ATGTCCCAGCTGAGCA3
3514,ATGTCCCAGTTCGCAT1
3515,ATGTCCCCAGATACCT3
3516,ATGTCCCCATGGGTCC3
3517,ATGTCCCGTAGTTACC3
3518,ATGTCCCGTATGATCC2
3519,ATGTCCCGTATGATCC3
3520,ATGTCCCGTCCGAAGA1
3521,ATGTCCCGTCCGAAGA2
3522,ATGTCCCGTCGGAAAC2
3523,ATGTCCCGTCGGAAAC3
3524,ATGTCCCGTGAGTTTC1
3525,ATGTCCCGTGAGTTTC2
3526,ATGTCCCGTGATGGCA2
3527,ATGTCCCGTGATGGCA3
3528,ATGTCCCTCCAGGACC2
3529,ATGTCCCTCCAGGACC3
3530,ATGTCCCTCTAAGGAA3
3531,ATGTCTTAGTCCGCCA2
3532,ATGTCTTAGTCCGCCA3
3533,ATGTCTTAGTGATAAC2
3534,ATGTCTTCAAGGTCGA3
3535,ATGTCTTCACAGTCCG3
3536,ATGTCTTCAGAGTCAG1
3537,ATGTCTTCATGTTTGG2
3538,ATGTCTTCATGTTTGG3
3539,ATGTCTTGTATCGTTG2
3540,ATGTCTTGTATCGTTG3
3541,ATGTCTTGTCGTCGGT1
3542,ATGTCTTGTCGTCGGT2
3543,ATGTCTTGTCTTCTAT3
3544,ATGTCTTGTGAATAAC2
3545,ATGTCTTGTGAATAAC3
3546,ATGTCTTGTGAGTAAT1
3547,ATGTCTTGTTGCGAAG2
3548,ATGTCTTGTTGCGAAG3
3549,ATGTCTTGTTGTTGCA3
3550,ATGTCTTTCTTGGAAC3
3551,ATTACCTAGACATCAA2
3552,ATTACCTAGACATCAA3
3553,ATTACCTAGCTAGAGC3
3554,ATTACCTAGTCAGCGA1
3555,ATTACCTCAACTTCTT3
3556,ATTACCTCACCGAATT3
3557,ATTACCTCACTGAATC2
3558,ATTACCTGTATGCGTT2
3559,ATTACCTGTCCTACGG2
3560,ATTACCTGTCCTACGG3
3561,ATTACCTGTCGTGATT1
3562,ATTACCTGTCGTGATT2
3563,ATTACCTGTGAACTAA3
3564,ATTACCTGTGCCTATA1
3565,ATTACCTGTGTTACAC2
3566,ATTACCTGTGTTACAC3
3567,ATTACCTTCACTGGTA1
3568,ATTACCTTCCCTATTA1
3569,ATTACTCAGACGATAT1
3570,ATTACTCAGACGATAT2
3571,ATTACTCAGGCTAAAT2
3572,ATTACTCAGGCTAAAT3
3573,ATTACTCAGGTTCCGC3
3574,ATTACTCAGTCTGCGC1
3575,ATTACTCAGTCTGCGC2
3576,ATTACTCAGTGGATAT2
3577,ATTACTCCAAGCAGGT1
3578,ATTACTCCAAGCCATT3
3579,ATTACTCCACGGTCTG3
3580,ATTACTCCATGACAAA1
3581,ATTACTCCATGACAAA2
3582,ATTACTCGTACAGTCT3
3583,ATTACTCGTGATACAA1
3584,ATTACTCGTGATACAA2
3585,ATTACTCTCGCGCTGA2
3586,ATTACTCTCGCGCTGA3
3587,ATTATCCAGACGCCCT2
3588,ATTATCCAGACGCCCT3
3589,ATTATCCAGAGCTGCA3
3590,ATTATCCAGGGTTGCA2
3591,ATTATCCAGTGATAGT1
3592,ATTATCCAGTGATAGT2
3593,ATTATCCCAAACGGCA2
3594,ATTATCCCAAACGGCA3
3595,ATTATCCCAGCACAGA1
3596,ATTATCCCAGTAGAGC1
3597,ATTATCCCATCATCTT1
3598,ATTATCCGTAACGGTG1
3599,ATTATCCGTAACGGTG2
3600,ATTATCCGTGGATTTC2
3601,ATTATCCGTGGATTTC3
3602,ATTATCCGTTCGGCGT2
3603,ATTATCCGTTCGGCGT3
3604,ATTATCCTCAAGCGTT3
3605,ATTATCCTCAAGTCTG2
3606,ATTATCCTCCGTCAAA1
3607,ATTCACTAGATACGAT2
3608,ATTCACTAGATACGAT3
3609,ATTCACTAGCACGATG3
3610,ATTCACTAGGACCCAA1
3611,ATTCACTAGGACCCAA2
3612,ATTCACTCAAGCTGTT2
3613,ATTCACTCACCGAATT2
3614,ATTCACTCACCGAATT3
3615,ATTCACTCACGGTCTG3
3616,ATTCACTTCAACGCTA2
3617,ATTCACTTCAACGCTA3
3618,ATTCACTTCGCTCCTA1
3619,ATTCACTTCGTTCCTG3
3620,ATTCACTTCTGTCCCA2
3621,ATTCACTTCTGTCCCA3
3622,ATTCAGGAGGATTTGA2
3623,ATTCAGGAGGATTTGA3
3624,ATTCAGGCAACGATCT2
3625,ATTCAGGCAACGATCT3
3626,ATTCAGGCACTACTTT3
3627,ATTCAGGCAGCGACCT1
3628,ATTCAGGCAGCGACCT2
3629,ATTCAGGGTAACACCT1
3630,ATTCAGGGTAACACCT2
3631,ATTCAGGGTCTCACAA2
3632,ATTCAGGGTCTCACAA3
3633,ATTCAGGGTGATTCAC1
3634,ATTCAGGGTGATTCAC2
3635,ATTCAGGGTGCGCTCA1
3636,ATTCAGGGTGCGCTCA2
3637,ATTCAGGTCAGAATAG2
3638,ATTCAGGTCAGAATAG3
3639,ATTCAGGTCCAAATGC1
3640,ATTCAGGTCCAAATGC2
3641,ATTCAGGTCCACTTTA2
3642,ATTCAGGTCCACTTTA3
3643,ATTCAGGTCCCGAATA2
3644,ATTCAGGTCGCTACAA1
3645,ATTCAGGTCGCTACAA2
3646,ATTCAGGTCTTAGCCC1
3647,ATTCATCAGCTGTACT1
3648,ATTCATCAGCTGTACT2
3649,ATTCATCAGTGCCCGT2
3650,ATTCATCGTGGGTTGA2
3651,ATTCATCGTGGGTTGA3
3652,ATTCATCGTGTTCATG2
3653,ATTCATCGTGTTCATG3
3654,ATTCATCTCATTGCTT2
3655,ATTCATCTCCACAAGT1
3656,ATTCATCTCCGGACGT1
3657,ATTCATCTCCGGACGT2
3658,ATTCATCTCCGGACGT3
3659,ATTCCATAGACATCAA1
3660,ATTCCATAGACATCAA2
3661,ATTCCATAGCAGGTCA3
3662,ATTCCATAGTCGGGAT2
3663,ATTCCATAGTCGGGAT3
3664,ATTCCATCAGGCTCTG2
3665,ATTCCATCAGGCTCTG3
3666,ATTCCATGTACCCGAC1
3667,ATTCCATGTACCGTCG3
3668,ATTCCATGTCTGCGCA3
3669,ATTCCATGTGGGTCAA2
3670,ATTCCATGTGGGTCAA3
3671,ATTCCATGTTACCCTC2
3672,ATTCCATGTTACCCTC3
3673,ATTCCATTCCATGAGT3
3674,ATTCCATTCCCGTTGT2
3675,ATTCCCGAGGACACTG1
3676,ATTCCCGAGGACACTG2
3677,ATTCCCGAGGACACTG3
3678,ATTCCCGAGTCACTCA2
3679,ATTCCCGAGTCACTCA3
3680,ATTCCCGCAGAGATGC2
3681,ATTCCCGGTAATGATG1
3682,ATTCCCGGTCCATCTC3
3683,ATTCCCGTCAAATAGG2
3684,ATTCCCGTCAAATAGG3
3685,ATTCCCGTCAATCCGA3
3686,ATTCCCGTCCCAATAG1
3687,ATTCCCGTCCGTAGTA3
3688,ATTCCCGTCGTGGGAA2
3689,ATTCCCGTCTAGTCAG2
3690,ATTCCCGTCTAGTCAG3
3691,ATTCCTAAGAACCGCA2
3692,ATTCCTAAGAACCGCA3
3693,ATTCCTAAGACACACG3
3694,ATTCCTAAGTTGAATG2
3695,ATTCCTACAAGGACAC2
3696,ATTCCTACAAGGACAC3
3697,ATTCCTACACACACTA3
3698,ATTCCTACAGAGTAAT1
3699,ATTCCTACAGATCCTA2
3700,ATTCCTACAGATCCTA3
3701,ATTCCTAGTAACATCC1
3702,ATTCCTAGTAACATCC2
3703,ATTCCTAGTACAGAGC3
3704,ATTCCTAGTTCACCGG3
3705,ATTCCTATCACGACTA2
3706,ATTCCTATCACGACTA3
3707,ATTCCTATCACTCACC2
3708,ATTCCTATCACTCACC3
3709,ATTCCTATCACTCGAA1
3710,ATTCCTATCACTCGAA2
3711,ATTCCTATCATGGAGG3
3712,ATTCCTATCCTTCGAC3
3713,ATTCCTATCGATAACC3
3714,ATTCCTATCGATCCAA1
3715,ATTCCTATCGATCCAA2
3716,ATTCGTTAGAAGTCTA2
3717,ATTCGTTAGAAGTCTA3
3718,ATTCGTTAGAGGGTCT3
3719,ATTCGTTAGAGTCAGC1
3720,ATTCGTTAGCGCCTCA2
3721,ATTCGTTAGGCCTTCG1
3722,ATTCGTTAGGCCTTCG2
3723,ATTCGTTCAAGTGGCA2
3724,ATTCGTTCACGCGCAT1
3725,ATTCGTTCACTTCCTG2
3726,ATTCGTTCACTTCCTG3
3727,ATTCGTTCATTGGCAT2
3728,ATTCGTTCATTGGCAT3
3729,ATTCGTTGTGTTATCG2
3730,ATTCGTTGTTATGGTC1
3731,ATTCGTTGTTATGGTC2
3732,ATTCGTTTCCTTTGAT2
3733,ATTCGTTTCTCTCCGA1
3734,ATTCGTTTCTCTCCGA2
3735,ATTCTACAGGAAGTAG2
3736,ATTCTACAGTAACCGG3
3737,ATTCTACAGTCACTAC2
3738,ATTCTACAGTCACTAC3
3739,ATTCTACCACAGACGA2
3740,ATTCTACCACAGACGA3
3741,ATTCTACGTCTTGCTC1
3742,ATTCTACGTGTTCCAA2
3743,ATTCTACGTGTTCCAA3
3744,ATTCTACGTTATCCAG3
3745,ATTCTACGTTGCATTG2
3746,ATTCTACGTTGCATTG3
3747,ATTCTACGTTTGCAGT2
3748,ATTCTACGTTTGCAGT3
3749,ATTCTACTCAACACGT3
3750,ATTCTACTCCAGTGTA1
3751,ATTCTACTCGTTAGTG3
3752,ATTCTACTCTCTAAGG3
3753,ATTCTTGAGCAGCAGT2
3754,ATTCTTGAGCAGCAGT3
3755,ATTCTTGAGCGTCAGA3
3756,ATTCTTGAGTGTACAA2
3757,ATTCTTGGTAGAATAC2
3758,ATTCTTGGTGGATGAC2
3759,ATTCTTGGTGGATGAC3
3760,ATTGGGTAGCAATTCC2
3761,ATTGGGTAGCAATTCC3
3762,ATTGGGTAGCTGACAG2
3763,ATTGGGTAGCTGACAG3
3764,ATTGGGTCACAAATAG2
3765,ATTGGGTCACAAATAG3
3766,ATTGGGTCACAGCTGC1
3767,ATTGGGTCACAGCTGC2
3768,ATTGGGTCAGAAGTTA1
3769,ATTGGGTCAGACAAGC3
3770,ATTGGGTCATGGTACT2
3771,ATTGGGTCATGGTACT3
3772,ATTGGGTGTAAGGAGA1
3773,ATTGGGTGTACAGGTG2
3774,ATTGGGTGTACAGGTG3
3775,ATTGGGTGTATCAGGG1
3776,ATTGGGTGTATCAGGG2
3777,ATTGGGTTCACATTGG1
3778,ATTGGGTTCCATACAG2
3779,ATTGGGTTCCATACAG3
3780,ATTGGGTTCCTCACGT1
3781,ATTGGGTTCGAACTCA2
3782,ATTGGGTTCGAACTCA3
3783,ATTGTTCAGACATCCT2
3784,ATTGTTCAGGTTGCCC2
3785,ATTGTTCAGGTTGCCC3
3786,ATTGTTCAGTTGCTGT1
3787,ATTGTTCAGTTGCTGT2
3788,ATTGTTCCAAGAGGCT2
3789,ATTGTTCCACTCACTC2
3790,ATTGTTCCACTCACTC3
3791,ATTGTTCCACTTGGGC2
3792,ATTGTTCGTGCCAAGA3
3793,ATTGTTCGTGGTAATA1
3794,ATTGTTCGTGGTAATA2
3795,ATTGTTCGTTGAGGAC3
3796,ATTTACCAGATTGATG2
3797,ATTTACCCAAAGGGTC3
3798,ATTTACCCATAAGATG3
3799,ATTTACCCATCGTCCT3
3800,ATTTACCGTATGAAAC2
3801,ATTTACCGTGATGGCA2
3802,ATTTACCGTGATGGCA3
3803,ATTTACCTCAGGTAAA2
3804,ATTTACCTCCCTCGAT3
3805,ATTTACCTCCTACCAC2
3806,ATTTACCTCCTACCAC3
3807,ATTTACCTCTAGTTCT2
3808,ATTTACCTCTAGTTCT3
3809,ATTTCACAGCATACTC3
3810,ATTTCACAGGCCACTC1
3811,ATTTCACAGGCCACTC2
3812,ATTTCACAGGCTAGCA3
3813,ATTTCACAGGTAAGAG3
3814,ATTTCACCAAAGGATT2
3815,ATTTCACCACCCTTGT1
3816,ATTTCACCACTGCGTG1
3817,ATTTCACCATGCGTGC2
3818,ATTTCACCATGCGTGC3
3819,ATTTCACGTACTGCCG1
3820,ATTTCACGTACTGCCG2
3821,ATTTCACGTCACTAGT2
3822,ATTTCACGTCACTAGT3
3823,ATTTCACGTCCTCCAT2
3824,ATTTCACGTCCTCCAT3
3825,ATTTCACGTCTTCAAG2
3826,ATTTCACGTGAATTGA3
3827,ATTTCACGTGCTCTTC2
3828,ATTTCACGTGCTCTTC3
3829,ATTTCACGTGTAAATG3
3830,ATTTCACGTTCTCGCT2
3831,ATTTCACGTTCTCGCT3
3832,ATTTCACTCCGAGTGC1
3833,ATTTCACTCCGAGTGC2
3834,ATTTCACTCGACCCAG1
3835,ATTTCTGAGATACAGT2
3836,ATTTCTGAGATACAGT3
3837,ATTTCTGAGCCTCTCT3
3838,ATTTCTGAGCTGTGCC1
3839,ATTTCTGAGCTGTGCC2
3840,ATTTCTGAGGGAGATA2
3841,ATTTCTGAGTTGGGAC2
3842,ATTTCTGAGTTGGGAC3
3843,ATTTCTGCAGATACTC2
3844,ATTTCTGCAGATACTC3
3845,ATTTCTGCATCGGCCA2
3846,ATTTCTGCATCGGCCA3
3847,ATTTCTGGTATCGTGT3
3848,ATTTCTGGTGCGGTAA3
3849,ATTTCTGGTGTGACCC2
3850,ATTTCTGTCCGGACGT2
3851,ATTTCTGTCCGGACGT3
3852,ATTTCTGTCGAGCCTG2
3853,ATTTCTGTCGAGCCTG3
3854,CAAAGAAAGGTAAACT2
3855,CAAAGAAAGGTAAACT3
3856,CAAAGAAAGTAGACCG2
3857,CAAAGAAAGTAGACCG3
3858,CAAAGAACAAGTTGGG1
3859,CAAAGAACAGGTCCCA3
3860,CAAAGAAGTGCCGAAA3
3861,CAAAGAAGTTGCGGCT2
3862,CAAAGAAGTTGCGGCT3
3863,CAAAGAATCGAAGCCC2
3864,CAAAGAATCGTAACTG1
3865,CAAAGAATCGTAACTG2
3866,CAACAACAGCTAGCCC1
3867,CAACAACAGCTAGCCC2
3868,CAACAACAGGATTACA2
3869,CAACAACAGGATTACA3
3870,CAACAACAGTCGCGAA2
3871,CAACAACAGTCGCGAA3
3872,CAACAACCACGGATCC2
3873,CAACAACCAGCGCTTG1
3874,CAACAACCAGTCGCTG2
3875,CAACAACCAGTCGCTG3
3876,CAACAACCATAGACTC1
3877,CAACAACCATAGACTC2
3878,CAACAACGTAGACACG1
3879,CAACAACGTCAGCGTC3
3880,CAACAACGTCGAACGA2
3881,CAACAACGTCGAACGA3
3882,CAACAACGTTGCCAAT2
3883,CAACAACGTTGCCAAT3
3884,CAACAACGTTGCCATA3
3885,CAACAACGTTGTAAAG3
3886,CAACAACTCTGCACCT1
3887,CAACAACTCTGCACCT2
3888,CAACAGTAGAGAGGGC2
3889,CAACAGTAGAGAGGGC3
3890,CAACAGTAGAGCAAGA3
3891,CAACAGTAGAGGCGGA3
3892,CAACAGTAGGGTGAGG2
3893,CAACAGTAGGGTGAGG3
3894,CAACAGTCAAGAGGTC2
3895,CAACAGTCAAGCACCC2
3896,CAACAGTCAAGCACCC3
3897,CAACAGTCAAGTATAG2
3898,CAACAGTCATCACCAA2
3899,CAACAGTCATCACCAA3
3900,CAACAGTGTATCTCGA2
3901,CAACAGTGTATCTCGA3
3902,CAACAGTGTGTTAACC2
3903,CAACAGTTCACCTTAT2
3904,CAACAGTTCACCTTAT3
3905,CAACAGTTCCGCGAGT1
3906,CAACCAAAGCTAGAAT2
3907,CAACCAAAGCTAGAAT3
3908,CAACCAAAGCTAGATA2
3909,CAACCAAAGCTAGATA3
3910,CAACCAAAGGTTCACT1
3911,CAACCAAAGGTTCTTG2
3912,CAACCAACAAAGGAGA2
3913,CAACCAACAAAGGAGA3
3914,CAACCAACAGGCCTGT2
3915,CAACCAACAGGCCTGT3
3916,CAACCAACATCCTATT1
3917,CAACCAAGTATACCCA2
3918,CAACCAAGTATACCCA3
3919,CAACCAAGTATCGATC2
3920,CAACCAAGTATCGATC3
3921,CAACCAAGTGTAGTGG1
3922,CAACCAAGTTGCCGCA2
3923,CAACCAAGTTGCCGCA3
3924,CAACCAATCGGAGATG2
3925,CAACCAATCGGAGATG3
3926,CAACCAATCGTCGCTT2
3927,CAACCAATCTAGTACG2
3928,CAACCTCAGAGATCGC2
3929,CAACCTCAGAGATCGC3
3930,CAACCTCCAACGCATT3
3931,CAACCTCCAACGGGTA3
3932,CAACCTCCAATGACCT3
3933,CAACCTCCACAAATCC2
3934,CAACCTCCACATTCTT2
3935,CAACCTCCACATTCTT3
3936,CAACCTCCATTCTTCA2
3937,CAACCTCGTAAGCGGT2
3938,CAACCTCGTAAGCGGT3
3939,CAACCTCGTAGCGTAG1
3940,CAACCTCGTCATCCGG3
3941,CAACCTCGTTACACAC1
3942,CAACCTCGTTACACAC2
3943,CAACCTCTCAAGTCGT2
3944,CAACCTCTCGAAGCCC2
3945,CAACCTCTCGAAGCCC3
3946,CAACCTCTCGCAGATT3
3947,CAACCTCTCTTGGAAC2
3948,CAACCTCTCTTGGAAC3
3949,CAACGATAGAGAGGTA2
3950,CAACGATAGGTTCTTG2
3951,CAACGATAGGTTCTTG3
3952,CAACGATCACTTGTCC2
3953,CAACGATCACTTGTCC3
3954,CAACGATCAGCTACAT3
3955,CAACGATCATCCTAAG1
3956,CAACGATCATCGTGGC1
3957,CAACGATCATCGTGGC2
3958,CAACGATGTCACCACG2
3959,CAACGATGTCACCACG3
3960,CAACGATGTTCTCCCA2
3961,CAACGATGTTCTCCCA3
3962,CAACGATTCCTCTAGC1
3963,CAACGATTCCTTCGAC2
3964,CAACGATTCCTTCGAC3
3965,CAACGATTCTCGACGG3
3966,CAACGGCAGCAACCAG3
3967,CAACGGCAGGGCCCTT3
3968,CAACGGCAGTGCCTCG2
3969,CAACGGCAGTGCCTCG3
3970,CAACGGCCAGGACTTT3
3971,CAACGGCCAGTTAGAA2
3972,CAACGGCCAGTTAGAA3
3973,CAACGGCCATCAGTGT2
3974,CAACGGCCATCAGTGT3
3975,CAACGGCCATGTTTGG2
3976,CAACGGCCATGTTTGG3
3977,CAACGGCGTACCAGAG1
3978,CAACGGCGTCCAGAAG1
3979,CAACGGCGTCCAGAAG2
3980,CAACGGCGTCTGGTTA1
3981,CAACGGCGTGAATTAG2
3982,CAACGGCGTGCGAACA1
3983,CAACGGCTCCCTTCCC3
3984,CAACGGCTCCGATGCG3
3985,CAAGACTAGAGCTGAC1
3986,CAAGACTAGAGCTGAC2
3987,CAAGACTAGATTCGCT1
3988,CAAGACTAGATTCGCT2
3989,CAAGACTCAAAGCTCT2
3990,CAAGACTCAAAGCTCT3
3991,CAAGACTCAAGCCATT2
3992,CAAGACTGTCGCACAC2
3993,CAAGACTTCGAGCACC2
3994,CAAGACTTCGAGCACC3
3995,CAAGACTTCGTGAGAG1
3996,CAAGACTTCTCTGACC3
3997,CAAGACTTCTGAGAAA2
3998,CAAGAGGAGCATCCTA2
3999,CAAGAGGAGCATCCTA3
4000,CAAGAGGAGGCACTAG3
4001,CAAGAGGAGTGGCCTC2
4002,CAAGAGGAGTGGCCTC3
4003,CAAGAGGAGTGGTGAC2
4004,CAAGAGGCAACACGAG2
4005,CAAGAGGCAACACGAG3
4006,CAAGAGGCAAGACAAT1
4007,CAAGAGGCAAGACAAT2
4008,CAAGAGGCACCCTCTA2
4009,CAAGAGGCATGGAATA3
4010,CAAGAGGCATGGCCAC2
4011,CAAGAGGCATGGCCAC3
4012,CAAGAGGCATGTCTAG2
4013,CAAGAGGCATGTCTAG3
4014,CAAGAGGCATTGGCAT2
4015,CAAGAGGGTACAGAAT1
4016,CAAGAGGGTACAGAAT2
4017,CAAGAGGGTACTCGTA3
4018,CAAGAGGGTTCCACGG2
4019,CAAGAGGGTTCCACGG3
4020,CAAGAGGTCAGCGCGT2
4021,CAAGAGGTCAGCGCGT3
4022,CAAGAGGTCGAGAACG2
4023,CAAGAGGTCGTCTAAG2
4024,CAAGAGGTCGTCTAAG3
4025,CAAGAGGTCTACACAG3
4026,CAAGCTAAGACTTAAG2
4027,CAAGCTAAGACTTAAG3
4028,CAAGCTAAGATCCCGC3
4029,CAAGCTACAAGTCCCG3
4030,CAAGCTACAATCGCAT2
4031,CAAGCTACAATCGCAT3
4032,CAAGCTACACGGCACT1
4033,CAAGCTACACGGCACT2
4034,CAAGCTACACTATGTG1
4035,CAAGCTACACTATGTG2
4036,CAAGCTACACTTTATC2
4037,CAAGCTACACTTTATC3
4038,CAAGCTACAGCGATTT1
4039,CAAGCTACATGCAGCC2
4040,CAAGCTACATGCAGCC3
4041,CAAGCTAGTCACGTGC2
4042,CAAGCTATCGTCTACC2
4043,CAAGCTATCGTCTACC3
4044,CAAGCTATCTGATTCT3
4045,CAAGGGAAGATGCTAA2
4046,CAAGGGAAGATGCTAA3
4047,CAAGGGAAGCACTCAT3
4048,CAAGGGAAGGAACTAT3
4049,CAAGGGAAGGACGCAT2
4050,CAAGGGAAGGACGCAT3
4051,CAAGGGACAAGTATAG1
4052,CAAGGGACAAGTATAG2
4053,CAAGGGACACCGTCGA1
4054,CAAGGGACATCTGTTT1
4055,CAAGGGACATCTGTTT2
4056,CAAGGGAGTGAGAACC2
4057,CAAGGGAGTTCTCGCT2
4058,CAAGGGAGTTCTCGCT3
4059,CAAGGGATCAATCCGA3
4060,CAAGGGATCCTCTAAT3
4061,CAAGGGATCTAAGCGT1
4062,CAATACGAGACAGCTG2
4063,CAATACGAGACAGCTG3
4064,CAATACGAGAGCCGAT3
4065,CAATACGAGATAACAC2
4066,CAATACGAGATAACAC3
4067,CAATACGAGCGCCTTG3
4068,CAATACGAGCGTCAAG3
4069,CAATACGAGCTGAAGC1
4070,CAATACGAGCTGAAGC2
4071,CAATACGAGTTAGTAG2
4072,CAATACGAGTTAGTAG3
4073,CAATACGCAACACAGG3
4074,CAATACGCAACACGTT3
4075,CAATACGCAGTTAGAA1
4076,CAATACGGTATTCCGA3
4077,CAATACGGTGCCTTCT2
4078,CAATACGGTGCCTTCT3
4079,CAATACGGTTAGGGTG1
4080,CAATACGTCCCATTTA2
4081,CAATACGTCCCATTTA3
4082,CAATACGTCGAACCTA2
4083,CAATACGTCGAACCTA3
4084,CAATACGTCTACTCAT1
4085,CAATCGAAGCAAATGT2
4086,CAATCGAAGCAAATGT3
4087,CAATCGAGTAGTGCGA2
4088,CAATCGAGTAGTGCGA3
4089,CAATCGAGTCATAGTC3
4090,CAATCGATCGGCAGTC3
4091,CAATCGATCGTGCATA3
4092,CAATGACAGACGCATG2
4093,CAATGACAGACGCATG3
4094,CAATGACAGGATTACA2
4095,CAATGACAGGATTACA3
4096,CAATGACAGGTGTGAC1
4097,CAATGACCATTGACAC1
4098,CAATGACCATTGACAC2
4099,CAATGACGTAAGTCAA2
4100,CAATGACGTCCAAGAG3
4101,CAATGACGTCTAACTG3
4102,CAATGACGTTCTCGCT2
4103,CAATGACTCACAAGAA2
4104,CAATGACTCGGACTTA1
4105,CAATGACTCGGTCGGT1
4106,CAATTTCAGCGCCATC2
4107,CAATTTCAGCGCCATC3
4108,CAATTTCAGTGTACCT3
4109,CAATTTCCAATCTGCA1
4110,CAATTTCGTCACTCGG3
4111,CAATTTCGTCTGCGCA1
4112,CAATTTCGTTTCCCAC3
4113,CAATTTCTCGACATAC1
4114,CAATTTCTCGCGAAGA1
4115,CAATTTCTCGCGAAGA2
4116,CACAACAAGATTAGCA1
4117,CACAACAAGATTAGCA2
4118,CACAACAAGCGCCTCA2
4119,CACAACACAAATGCGG2
4120,CACAACAGTAGAAACT1
4121,CACAACATCAAACCCA3
4122,CACAACATCACAATGC1
4123,CACAACATCTAGAGCT2
4124,CACAACATCTAGAGCT3
4125,CACACAAAGAATCCCT3
4126,CACACAAAGAGAGGTA2
4127,CACACAAAGCAAATGT1
4128,CACACAAAGCAAATGT2
4129,CACACAAAGCAGCCCT3
4130,CACACAAAGTCTTCCC2
4131,CACACAAAGTCTTCCC3
4132,CACACAAAGTGAGTGC2
4133,CACACAAAGTGAGTGC3
4134,CACACAAAGTGCTCGC2
4135,CACACAAAGTTGAAGT2
4136,CACACAACAATGCAAA2
4137,CACACAACAATGCAAA3
4138,CACACAACACTCATAG2
4139,CACACAACACTCATAG3
4140,CACACAACAGACCTAT2
4141,CACACAACAGACCTAT3
4142,CACACAACAGCTACCG3
4143,CACACAACAGTAGTTC1
4144,CACACAACAGTAGTTC2
4145,CACACAAGTAGTGCGA1
4146,CACACAAGTTAAGAAC1
4147,CACACAATCGGCATCG2
4148,CACACAATCGGCATCG3
4149,CACACAATCTACCAGA2
4150,CACACAATCTACCAGA3
4151,CACAGATAGAGCTTTC3
4152,CACAGATAGCCAAGCA2
4153,CACAGATAGCCAAGCA3
4154,CACAGATAGTGGATAT2
4155,CACAGATAGTGGATAT3
4156,CACAGATCACCGTGCA1
4157,CACAGATCACCGTGCA2
4158,CACAGATCATAGGAGC2
4159,CACAGATGTACACGTT2
4160,CACAGATGTAGGAGGG2
4161,CACAGATGTAGGAGGG3
4162,CACAGATGTGCTCGTG1
4163,CACAGATGTGCTCGTG2
4164,CACAGATGTGTGCCTG2
4165,CACAGATGTGTGCCTG3
4166,CACAGATGTTTAGTCG2
4167,CACAGATGTTTAGTCG3
4168,CACAGATTCAGAGTTC1
4169,CACAGATTCAGAGTTC2
4170,CACAGATTCCATTGGA2
4171,CACAGATTCCTTCTAA3
4172,CACAGATTCTGCGGAC3
4173,CACAGGCAGACGCCCT2
4174,CACAGGCAGACGCCCT3
4175,CACAGGCAGATTAGTG3
4176,CACAGGCAGCTGACTT3
4177,CACAGGCAGTTGTAGA3
4178,CACAGGCCAAATCAAG1
4179,CACAGGCCAAATCAAG2
4180,CACAGGCCAACACGTT3
4181,CACAGGCCACTTGTCC2
4182,CACAGGCCACTTGTCC3
4183,CACAGGCCAGCAGATG1
4184,CACAGGCCATAGGCGA3
4185,CACAGGCCATCTCCCA3
4186,CACAGGCGTTCGAAGG3
4187,CACAGGCTCAGGAAAT2
4188,CACAGGCTCAGGAAAT3
4189,CACAGGCTCCGATGTA2
4190,CACAGGCTCCGATGTA3
4191,CACAGGCTCCTGATAG2
4192,CACAGGCTCCTTCGAC2
4193,CACAGGCTCCTTCGAC3
4194,CACAGGCTCTTCACAT1
4195,CACATGAAGAGAGTTT2
4196,CACATGAAGGGACACT2
4197,CACATGAAGGGACACT3
4198,CACATGACATCGAAGG1
4199,CACATGACATCGAAGG2
4200,CACATGAGTAGTGATA1
4201,CACATGAGTAGTGATA2
4202,CACATGAGTCATCGGC1
4203,CACATGAGTCCACAGC1
4204,CACATGAGTCCACAGC2
4205,CACATGAGTCTCGGGT2
4206,CACATGAGTCTCGGGT3
4207,CACATGAGTGAAGCGT1
4208,CACATGAGTGCCCGTA2
4209,CACATGAGTGCCCGTA3
4210,CACATGAGTTTACCAG2
4211,CACATGAGTTTACCAG3
4212,CACATGATCGAGTACT2
4213,CACATGATCGAGTACT3
4214,CACATGATCGCTTGAA3
4215,CACATGATCTTAATCC2
4216,CACATGATCTTAATCC3
4217,CACCAAAAGCTCCACG1
4218,CACCAAACATACAGAA2
4219,CACCAAACATACAGAA3
4220,CACCAAACATGCTGCG2
4221,CACCAAACATGCTGCG3
4222,CACCAAAGTAGTCTGT3
4223,CACCAAAGTGCCTTTC2
4224,CACCAAAGTGCCTTTC3
4225,CACCAAAGTTGTGTAC2
4226,CACCAAAGTTGTGTAC3
4227,CACCAAAGTTTAGAGA3
4228,CACCAAATCACCCATC2
4229,CACCAAATCACCCATC3
4230,CACCAAATCACTCGAA3
4231,CACCAAATCATACGAC2
4232,CACCAAATCATACGAC3
4233,CACCAAATCTATCACT2
4234,CACCAAATCTATCACT3
4235,CACCAAATCTTGGTGA2
4236,CACCGTTAGCACTCTA2
4237,CACCGTTAGCACTCTA3
4238,CACCGTTAGTATGACA2
4239,CACCGTTAGTATGACA3
4240,CACCGTTAGTCTGGAG2
4241,CACCGTTAGTCTGGAG3
4242,CACCGTTAGTGCAACG2
4243,CACCGTTAGTGCAACG3
4244,CACCGTTCACACCTTC1
4245,CACCGTTCAGAAGTGC1
4246,CACCGTTGTATTCCGA2
4247,CACCGTTGTATTCCGA3
4248,CACCGTTGTTAAACCC1
4249,CACCGTTGTTATCCAG2
4250,CACCGTTGTTATCCAG3
4251,CACCGTTGTTGTAAAG1
4252,CACGAATAGACGAGCT1
4253,CACGAATAGCCGATAG1
4254,CACGAATAGCCTCGTG2
4255,CACGAATCAGCTGTAT1
4256,CACGAATCAGGAATAT3
4257,CACGAATGTATGGTTC2
4258,CACGAATGTATGGTTC3
4259,CACGAATGTGAGACGT2
4260,CACGAATGTGAGACGT3
4261,CACGAATGTGATTGGG2
4262,CACGAATGTGATTGGG3
4263,CACGAATGTGGTCCCA2
4264,CACGAATGTGGTCCCA3
4265,CACGAATTCAAGCCCG3
4266,CACGAATTCCGGGACT1
4267,CACGAATTCCGGGACT2
4268,CACGAATTCGATCCAA1
4269,CACGGGTAGAACAAGG2
4270,CACGGGTAGCACTCCG2
4271,CACGGGTAGCATCAAA2
4272,CACGGGTAGCATCAAA3
4273,CACGGGTAGGCAGCTA2
4274,CACGGGTAGGCAGCTA3
4275,CACGGGTCAACAGAGC1
4276,CACGGGTCAACAGAGC2
4277,CACGGGTGTATAGCTC1
4278,CACGGGTGTCCCTCAT2
4279,CACGGGTGTCCCTCAT3
4280,CACGGGTGTGCGAGTA3
4281,CACGGGTTCAAGCTTG2
4282,CACGGGTTCGTCTACC1
4283,CACGGGTTCTAGCATG2
4284,CACGGGTTCTAGCATG3
4285,CACGGGTTCTAGGAAA1
4286,CACGGGTTCTTAGCCC2
4287,CACGGGTTCTTAGCCC3
4288,CACGTGGAGACTCAAA2
4289,CACGTGGAGCGACTTT1
4290,CACGTGGAGCGACTTT2
4291,CACGTGGCATTCACAG1
4292,CACGTGGCATTCACAG2
4293,CACGTGGGTACCAGAG1
4294,CACGTGGGTCCAGCGT1
4295,CACGTGGGTCCAGCGT2
4296,CACGTGGGTTAACCTG2
4297,CACGTGGGTTAACCTG3
4298,CACGTGGTCAGACAAA3
4299,CACGTGGTCGGCCCAA3
4300,CACGTGGTCTGGTGCG1
4301,CACGTGGTCTGGTGCG2
4302,CACGTTCAGGCTGTAG2
4303,CACGTTCAGGGAGGTG2
4304,CACGTTCAGGGAGGTG3
4305,CACGTTCAGTGCTCAT2
4306,CACGTTCAGTGCTCAT3
4307,CACGTTCCAATAACGA2
4308,CACGTTCCAATAACGA3
4309,CACGTTCCACACCGAC1
4310,CACGTTCCACACCGAC2
4311,CACGTTCCAGACCATT2
4312,CACGTTCCAGACCATT3
4313,CACGTTCCAGGATCTT2
4314,CACGTTCCAGTATTCG2
4315,CACGTTCCAGTATTCG3
4316,CACGTTCTCAAAGAAC2
4317,CACGTTCTCAAAGAAC3
4318,CACGTTCTCTGCGGCA1
4319,CACGTTCTCTGCGGCA2
4320,CACTAAGAGAATCCCT1
4321,CACTAAGAGAATCCCT2
4322,CACTAAGAGGCATCGA1
4323,CACTAAGAGTCTGGTT1
4324,CACTAAGAGTTACGTC3
4325,CACTAAGAGTTGCATC2
4326,CACTAAGCAAGGATGC3
4327,CACTAAGCAGGCATGA3
4328,CACTAAGGTACCAGAG2
4329,CACTAAGGTACCAGAG3
4330,CACTAAGGTTCATCTT3
4331,CACTAAGTCGCCACTT3
4332,CACTAAGTCTAAGCGT2
4333,CACTAAGTCTAAGCGT3
4334,CACTAAGTCTCGCTCA2
4335,CACTAAGTCTCGCTCA3
4336,CACTAAGTCTTCTAAC3
4337,CACTGAAAGCTCCATA2
4338,CACTGAAAGCTCCATA3
4339,CACTGAAAGTTGCCCG1
4340,CACTGAAAGTTGCCCG2
4341,CACTGAACACCGGAAA2
4342,CACTGAACACCGGAAA3
4343,CACTGAACAGATACTC3
4344,CACTGAAGTAGCGTAG1
4345,CACTGAAGTCTCACGG2
4346,CACTGAAGTCTCACGG3
4347,CACTGAATCAAGTTGC2
4348,CACTGAATCAAGTTGC3
4349,CACTGAATCAGCAGAG3
4350,CACTGAATCCGGTAGC1
4351,CACTGAATCCGGTAGC2
4352,CACTGAATCCTACTGC2
4353,CACTGGGAGGCCTTGC1
4354,CACTGGGAGGCCTTGC2
4355,CACTGGGAGTTTGGCT2
4356,CACTGGGCAACCGCTG2
4357,CACTGGGCAACCGCTG3
4358,CACTGGGGTAAGTAGT3
4359,CACTGGGGTACGTAGG1
4360,CACTGGGGTATCGTGT1
4361,CACTGGGGTCGCCTAG1
4362,CACTGGGGTCGCCTAG2
4363,CACTGGGGTCGTCAGC3
4364,CACTGGGGTGAGTGAC1
4365,CACTGGGGTGAGTGAC2
4366,CACTGGGGTGCAGTGA3
4367,CACTGGGTCAGGAAGC3
4368,CACTGGGTCGCGGACT2
4369,CACTGGGTCGCGGACT3
4370,CACTGGGTCTTAGCTT1
4371,CACTGTCAGCAAGCCA2
4372,CACTGTCAGCAAGCCA3
4373,CACTGTCAGCGCTTCG1
4374,CACTGTCAGCTCCCTT1
4375,CACTGTCAGGGCTTCC1
4376,CACTGTCAGTCATGCT1
4377,CACTGTCAGTCATGCT2
4378,CACTGTCCAGATAAAC3
4379,CACTGTCCAGCTACCG3
4380,CACTGTCGTATGCAAA2
4381,CACTGTCGTCTTCCGT3
4382,CACTGTCTCAACGAGG2
4383,CACTGTCTCTACCCAC1
4384,CACTGTCTCTACCCAC2
4385,CACTTCGAGCATGGGT2
4386,CACTTCGAGCCTCTCT3
4387,CACTTCGAGCCTTGAT1
4388,CACTTCGAGCGTTACT3
4389,CACTTCGAGTCACGCC2
4390,CACTTCGCACTTACAG2
4391,CACTTCGGTAGTCGGA3
4392,CACTTCGGTCACTCGG2
4393,CACTTCGGTCACTCGG3
4394,CACTTCGGTCCGTTTC2
4395,CACTTCGGTCCGTTTC3
4396,CACTTCGGTCGAGTTT2
4397,CACTTCGGTCGAGTTT3
4398,CACTTCGGTCTTGCGG3
4399,CACTTCGTCCATTCGC2
4400,CACTTCGTCCATTCGC3
4401,CACTTCGTCCGTGTAA2
4402,CACTTCGTCCGTGTAA3
4403,CACTTCGTCTAGAGCT3
4404,CACTTCGTCTTACTGT3
4405,CAGAGCCCAACGAGGT3
4406,CAGAGCCCACATCCCT1
4407,CAGAGCCCACCTCAGG2
4408,CAGAGCCCACCTCAGG3
4409,CAGAGCCCAGCTCTGG2
4410,CAGAGCCCAGCTCTGG3
4411,CAGAGCCCATGACCCG3
4412,CAGAGCCGTAAGGCCA2
4413,CAGAGCCGTCAACATC3
4414,CAGAGCCGTGTCCCTT3
4415,CAGAGCCGTTCGTGCG3
4416,CAGAGCCTCAAGTGTC2
4417,CAGAGCCTCACATACG1
4418,CAGAGCCTCACATACG2
4419,CAGAGCCTCCGTCCTA2
4420,CAGAGCCTCTGGCCTT2
4421,CAGATACAGAGCAACC3
4422,CAGATACAGATCCTAC2
4423,CAGATACAGATCCTAC3
4424,CAGATACAGGGCCTCT2
4425,CAGATACAGGTTAGTA2
4426,CAGATACAGTTGTCGT1
4427,CAGATACAGTTGTCGT2
4428,CAGATACCAAACTAAG2
4429,CAGATACCAAACTAAG3
4430,CAGATACCAAGCGATG3
4431,CAGATACCAGAGGACT2
4432,CAGATACCAGGCCCTA3
4433,CAGATACCAGTATTCG2
4434,CAGATACCAGTATTCG3
4435,CAGATACCATGACTCA2
4436,CAGATACCATGACTCA3
4437,CAGATACGTCTCGGAC1
4438,CAGATACGTCTCGGAC2
4439,CAGATACGTGGAACCA2
4440,CAGATACGTGGAACCA3
4441,CAGATACGTGTATTGC2
4442,CAGATACGTGTATTGC3
4443,CAGATACTCGAACGGA3
4444,CAGATACTCGGCTGTG2
4445,CAGATACTCGGTCTGG1
4446,CAGATACTCGGTCTGG2
4447,CAGATCAAGAAGAACG3
4448,CAGATCAAGACTCCGC2
4449,CAGATCAAGCAGCGAT3
4450,CAGATCAAGCTCATAC2
4451,CAGATCAAGCTCATAC3
4452,CAGATCAAGTTAACAG2
4453,CAGATCACACGACGAA2
4454,CAGATCACAGTACTAC2
4455,CAGATCACATGGCACC2
4456,CAGATCACATGGCACC3
4457,CAGATCAGTACTGCCG2
4458,CAGATCAGTACTGCCG3
4459,CAGATCAGTCGCTCGA3
4460,CAGATCAGTTCGATTG2
4461,CAGATCAGTTCGATTG3
4462,CAGATCATCAAAGACA3
4463,CAGATCATCGATGGAG1
4464,CAGATCATCGATGGAG2
4465,CAGATCATCGTCTAAG2
4466,CAGATCATCGTCTAAG3
4467,CAGATCATCTCAACCC1
4468,CAGATCATCTCAACCC2
4469,CAGATTGCAAACGAGC3
4470,CAGATTGCAAACGTGG2
4471,CAGATTGCAAACGTGG3
4472,CAGATTGCACTCCACT1
4473,CAGATTGCACTCCACT2
4474,CAGATTGCATCGCCTT2
4475,CAGATTGGTGACGTCC1
4476,CAGATTGGTGACGTCC2
4477,CAGATTGGTTAGAAGT3
4478,CAGATTGTCAATGTCG2
4479,CAGATTGTCACGTCCT2
4480,CAGATTGTCAGCCCAG2
4481,CAGATTGTCAGCCCAG3
4482,CAGATTGTCGATCCCT3
4483,CAGATTGTCTAGGAAA3
4484,CAGCAATAGAACCGCA3
4485,CAGCAATAGACTGTTC1
4486,CAGCAATAGGCTGAAC2
4487,CAGCAATAGGGATCTG2
4488,CAGCAATCATGTGACT2
4489,CAGCAATCATGTGACT3
4490,CAGCAATGTGAATATG2
4491,CAGCAATGTGAATATG3
4492,CAGCAATGTGGTCCGT2
4493,CAGCAATGTTGTGTTG2
4494,CAGCAATGTTGTGTTG3
4495,CAGCAATTCACCATGA3
4496,CAGCAATTCTGACAGT3
4497,CAGCACGAGCATGCGA1
4498,CAGCACGAGGCACTAG1
4499,CAGCACGAGTATGTAG2
4500,CAGCACGAGTATGTAG3
4501,CAGCACGAGTTGCCCG1
4502,CAGCACGCACATAGCT2
4503,CAGCACGCAGCGCGTT1
4504,CAGCACGCAGCGCGTT2
4505,CAGCACGCAGTCAGTT2
4506,CAGCACGCAGTCAGTT3
4507,CAGCACGCATTCCTAT3
4508,CAGCACGGTACCTATG2
4509,CAGCACGGTACCTATG3
4510,CAGCACGGTCCATAGT3
4511,CAGCACGGTGTGACCC2
4512,CAGCACGTCTATTCGT2
4513,CAGCACGTCTATTCGT3
4514,CAGCAGCAGAGAGTGA1
4515,CAGCAGCAGAGAGTGA2
4516,CAGCAGCAGGACAACC1
4517,CAGCAGCAGGACAACC2
4518,CAGCAGCTCACTGAAC3
4519,CAGCAGCTCCCATAAG1
4520,CAGCAGCTCCCATAAG2
4521,CAGCAGCTCCTAAGTG2
4522,CAGCAGCTCCTAAGTG3
4523,CAGCAGCTCGTAGCCG2
4524,CAGCAGCTCTGTCGCT3
4525,CAGCCAGAGCACCTGC2
4526,CAGCCAGAGCACCTGC3
4527,CAGCCAGAGGAACATT2
4528,CAGCCAGAGGAACATT3
4529,CAGCCAGAGGTACTGG2
4530,CAGCCAGAGGTACTGG3
4531,CAGCCAGCACCGGCTA2
4532,CAGCCAGCACCGGCTA3
4533,CAGCCAGGTGAGTTGG1
4534,CAGCCAGGTGAGTTGG2
4535,CAGCCAGGTGCCTAAT2
4536,CAGCCAGGTGCCTAAT3
4537,CAGCCAGGTTGGGATG3
4538,CAGCCAGGTTGTAAAG1
4539,CAGCCAGGTTGTAAAG2
4540,CAGCCAGTCCTGATAG1
4541,CAGCCAGTCCTGATAG2
4542,CAGCCAGTCTATTTCG3
4543,CAGCCAGTCTCTGCCA2
4544,CAGCCAGTCTCTGCCA3
4545,CAGCGTGAGACCACGA1
4546,CAGCGTGAGATGACAT1
4547,CAGCGTGAGATTACCC3
4548,CAGCGTGAGCTAAATG2
4549,CAGCGTGAGCTAAATG3
4550,CAGCGTGAGTAGTCTC3
4551,CAGCGTGAGTTACTCG3
4552,CAGCGTGAGTTGAAAC2
4553,CAGCGTGAGTTGAAAC3
4554,CAGCGTGCAATAGTGA2
4555,CAGCGTGCAATAGTGA3
4556,CAGCGTGCACTGTCGG2
4557,CAGCGTGCAGGCCCTA1
4558,CAGCGTGCAGGCCCTA2
4559,CAGCGTGCAGGCTTGC3
4560,CAGCGTGGTACTAGCT1
4561,CAGCGTGGTAGCGTTT2
4562,CAGCGTGGTAGTTCCA1
4563,CAGCGTGGTAGTTCCA2
4564,CAGCGTGGTTCAAGTC2
4565,CAGCGTGGTTCTCTCG3
4566,CAGCGTGGTTTGAACC2
4567,CAGCGTGGTTTGAACC3
4568,CAGCGTGTCACCTGTC1
4569,CAGCGTGTCACCTGTC2
4570,CAGCGTGTCGCAGTCG2
4571,CAGCGTGTCGCAGTCG3
4572,CAGCGTGTCGGCAGTC2
4573,CAGCGTGTCGGCAGTC3
4574,CAGCGTGTCGTTTACT3
4575,CAGCGTGTCTCTCTTC2
4576,CAGCGTGTCTCTCTTC3
4577,CAGGCCAAGATCCAAA2
4578,CAGGCCAAGATCCAAA3
4579,CAGGCCAAGGGATGTC3
4580,CAGGCCAAGGTGCAGT2
4581,CAGGCCAAGGTGCAGT3
4582,CAGGCCAAGTAAACAC3
4583,CAGGCCAAGTGCAGCA2
4584,CAGGCCAAGTGCAGCA3
4585,CAGGCCACAGGGAATC2
4586,CAGGCCACAGGGAATC3
4587,CAGGCCACAGGGCTTC2
4588,CAGGCCACAGGGCTTC3
4589,CAGGCCAGTAGCGTCC3
4590,CAGGCCAGTGGGATTG1
4591,CAGGCCAGTTTCGTAG2
4592,CAGGCCATCCGGCAGT2
4593,CAGGCCATCCGGCAGT3
4594,CAGGCCATCGCCTTGT1
4595,CAGGCCATCGCCTTGT2
4596,CAGGGCTAGGTCGTAG3
4597,CAGGGCTAGTCCGTCG1
4598,CAGGGCTCAAGAGCTG2
4599,CAGGGCTCAAGAGCTG3
4600,CAGGGCTCAATTTCTC2
4601,CAGGGCTGTATCATGC3
4602,CAGGGCTGTATGCTAC2
4603,CAGGGCTGTATGCTAC3
4604,CAGGGCTGTCAGACGA3
4605,CAGGGCTGTCTACAAC2
4606,CAGGGCTGTGGACTGA1
4607,CAGGGCTGTTAAAGTG2
4608,CAGGGCTGTTAAAGTG3
4609,CAGGGCTTCAAGCCTA1
4610,CAGGGCTTCATCAGTG3
4611,CAGGGCTTCGCGGACT2
4612,CAGGGCTTCGCGGACT3
4613,CAGGGCTTCGTGCACG1
4614,CAGGTATAGACAGCGT2
4615,CAGGTATCAAGTATCC3
4616,CAGGTATCACTTGGCG1
4617,CAGGTATCACTTGGCG2
4618,CAGGTATCACTTGGCG3
4619,CAGGTATGTAAGCAAT3
4620,CAGGTATGTATGAGAT1
4621,CAGGTATGTATGAGAT2
4622,CAGGTATGTTAAGGGC1
4623,CAGGTATGTTAAGGGC2
4624,CAGGTATGTTGTCCCT2
4625,CAGGTATGTTGTCCCT3
4626,CAGGTATTCACAAGAA2
4627,CAGGTATTCACAAGAA3
4628,CAGGTATTCCAGTACA2
4629,CAGGTATTCCAGTACA3
4630,CAGGTATTCGGAAACG3
4631,CAGGTATTCTTAATCC2
4632,CAGGTATTCTTCTAAC1
4633,CAGGTATTCTTCTAAC2
4634,CAGGTATTCTTCTAAC3
4635,CAGTGCGAGCAGTACG3
4636,CAGTGCGAGCCGGAAT3
4637,CAGTGCGAGTTGGAGC3
4638,CAGTGCGCACCAGCCA1
4639,CAGTGCGCACTGGCGT2
4640,CAGTGCGGTAACCCTA1
4641,CAGTGCGGTAACCCTA2
4642,CAGTGCGGTCCACAGC2
4643,CAGTGCGGTCCACAGC3
4644,CAGTGCGTCAGCTTCC2
4645,CAGTGCGTCAGCTTCC3
4646,CAGTTAGAGTTCCGTA2
4647,CAGTTAGCAGGTCAAG2
4648,CAGTTAGCATCGATCA1
4649,CAGTTAGTCACTGCTC3
4650,CAGTTCCAGCAACTCT1
4651,CAGTTCCAGCAATAGT2
4652,CAGTTCCAGCAATAGT3
4653,CAGTTCCAGCACTCCG1
4654,CAGTTCCAGGCGAACT2
4655,CAGTTCCAGGCGAACT3
4656,CAGTTCCAGTTGTAAG2
4657,CAGTTCCAGTTGTAAG3
4658,CAGTTCCCAACTTGCA2
4659,CAGTTCCCAACTTGCA3
4660,CAGTTCCCAAGTGTCT3
4661,CAGTTCCCACTACCGG1
4662,CAGTTCCCATCCTGTC2
4663,CAGTTCCCATCCTGTC3
4664,CAGTTCCGTAACATCC3
4665,CAGTTCCGTAAGATTG3
4666,CAGTTCCGTACTAAGA1
4667,CAGTTCCGTCGTGCCA2
4668,CAGTTCCGTCGTGCCA3
4669,CAGTTCCGTTATCCAG2
4670,CAGTTCCTCTTCACGC2
4671,CATAAGCAGAAACTCA3
4672,CATAAGCAGCTAAACA2
4673,CATAAGCAGCTAAACA3
4674,CATAAGCAGCTCTTCC2
4675,CATAAGCAGCTCTTCC3
4676,CATAAGCCAGTAGTGG2
4677,CATAAGCGTGATACAA2
4678,CATAAGCGTGATACAA3
4679,CATAAGCTCAACTACG2
4680,CATAAGCTCAACTACG3
4681,CATAAGCTCGTCGGGT3
4682,CATAAGCTCTTCGGAA1
4683,CATACAGAGAAAGTCT3
4684,CATACAGAGCTTCTAG3
4685,CATACAGCACGGCTAC3
4686,CATACAGCACTAGTAC2
4687,CATACAGCACTAGTAC3
4688,CATACAGCACTCCGAG1
4689,CATACAGCATACCACA2
4690,CATACAGCATACCACA3
4691,CATACAGGTACCGTCG2
4692,CATACAGGTACCGTCG3
4693,CATACAGGTGAGTTGG1
4694,CATACAGGTGAGTTGG2
4695,CATACAGGTGGCTCTG1
4696,CATACAGGTGGTAACG2
4697,CATACAGGTGGTAACG3
4698,CATACAGTCCGGTAAT2
4699,CATACAGTCCGGTAAT3
4700,CATACAGTCGCCAACG3
4701,CATACAGTCTGGAGAG3
4702,CATACCCAGACATCCT3
4703,CATACCCAGACTTGTC2
4704,CATACCCAGACTTGTC3
4705,CATACCCAGCTACTAC1
4706,CATACCCAGGACAGCT2
4707,CATACCCAGGACAGCT3
4708,CATACCCAGTCCTGTA3
4709,CATACCCCAAACACGG3
4710,CATACCCCAAGGACAC3
4711,CATACCCCATGTTTGG2
4712,CATACCCTCATGCTAG2
4713,CATACCCTCATGCTAG3
4714,CATACTTAGCATTTCG2
4715,CATACTTAGCATTTCG3
4716,CATACTTAGGGATGTC3
4717,CATACTTCAAGGCAAC2
4718,CATACTTCAAGGCAAC3
4719,CATACTTCAATCAGCT1
4720,CATACTTCAATCAGCT2
4721,CATACTTCAGTCTGGC2
4722,CATACTTCAGTCTGGC3
4723,CATACTTCAGTGTGCC2
4724,CATACTTGTATGAAGT2
4725,CATACTTGTATGAAGT3
4726,CATACTTGTCGCTTAA1
4727,CATACTTGTGACTCTA2
4728,CATACTTGTGACTCTA3
4729,CATACTTTCGCTGATA1
4730,CATAGACAGCAATTAG2
4731,CATAGACAGCAATTAG3
4732,CATAGACAGCTCAGAG2
4733,CATAGACAGCTCAGAG3
4734,CATAGACAGGCTCTCG3
4735,CATAGACAGGCTGGAT3
4736,CATAGACAGGTAAAGG2
4737,CATAGACAGGTAAAGG3
4738,CATAGACAGGTCTGGA2
4739,CATAGACAGGTCTGGA3
4740,CATAGACAGTTATGGA3
4741,CATAGACCAGCGTACC3
4742,CATAGACCAGTCGGAA3
4743,CATAGACCATACATCG2
4744,CATAGACCATACATCG3
4745,CATAGACCATACTTTC1
4746,CATAGACCATACTTTC2
4747,CATAGACGTGGTCTAT2
4748,CATAGACGTGGTCTAT3
4749,CATAGACTCGAGCCTG1
4750,CATAGACTCGAGCCTG2
4751,CATAGACTCGTTCCCA2
4752,CATAGACTCTCTGAGA1
4753,CATAGACTCTCTGAGA2
4754,CATAGACTCTCTGAGA3
4755,CATAGACTCTTCTTCC3
4756,CATCAAGAGAAACCCG3
4757,CATCAAGAGAACTCCT1
4758,CATCAAGAGCACGATG2
4759,CATCAAGAGCACGATG3
4760,CATCAAGAGCACTCCG2
4761,CATCAAGAGCACTCCG3
4762,CATCAAGAGCGTTACT2
4763,CATCAAGAGCTGCCTG3
4764,CATCAAGCAAGCGGAT1
4765,CATCAAGCAATTAGGA2
4766,CATCAAGCAATTAGGA3
4767,CATCAAGCATAATCGC2
4768,CATCAAGCATAATCGC3
4769,CATCAAGGTCATGGCC1
4770,CATCAAGGTTCATCGA1
4771,CATCAAGGTTCATCGA2
4772,CATCAAGGTTCATCGA3
4773,CATCAAGGTTCTCCAC2
4774,CATCAAGGTTCTCCAC3
4775,CATCAAGGTTTGAACC2
4776,CATCAAGTCAGACTGT1
4777,CATCAAGTCAGACTGT2
4778,CATCAAGTCCATTTAC2
4779,CATCAAGTCCATTTAC3
4780,CATCAAGTCGTTCTGC2
4781,CATCAAGTCGTTCTGC3
4782,CATCCACAGAGTTGAT1
4783,CATCCACAGAGTTGAT2
4784,CATCCACAGCACTCAT2
4785,CATCCACAGCACTCAT3
4786,CATCCACCAGTCTTCC2
4787,CATCCACCAGTCTTCC3
4788,CATCCACCAGTTGAAA1
4789,CATCCACCATTGCCTC1
4790,CATCCACCATTGCCTC2
4791,CATCCACGTCCTCCAT1
4792,CATCCACGTCCTCCAT2
4793,CATCCACGTGGGACAT3
4794,CATCCACTCGCTGCGA3
4795,CATCCACTCTTTGCTA3
4796,CATCCCAAGGCGATAC1
4797,CATCCCAAGTCCCGAC2
4798,CATCCCAAGTCCCGAC3
4799,CATCCCACAAGTGGAC3
4800,CATCCCACAGCAGTCC2
4801,CATCCCACAGCAGTCC3
4802,CATCCCACATGGATCT3
4803,CATCCCAGTCGTAATC1
4804,CATCCCAGTCGTAATC2
4805,CATCCCAGTGCTTCAA1
4806,CATCCCAGTTATGACC2
4807,CATCCCAGTTATGACC3
4808,CATCCCATCAAAGGTA1
4809,CATCCCATCAAAGGTA2
4810,CATCCCATCAAGGACG3
4811,CATCCCATCTTGAGCA1
4812,CATCCGTAGAGAGAAC2
4813,CATCCGTAGAGAGAAC3
4814,CATCCGTAGATAGTCA3
4815,CATCCGTAGCAGATAT2
4816,CATCCGTAGCAGATAT3
4817,CATCCGTAGGTGCTGA2
4818,CATCCGTCAGGATGAC3
4819,CATCCGTGTAAGATAC2
4820,CATCCGTGTAAGATAC3
4821,CATCCGTGTCACTGAT2
4822,CATCCGTGTCACTGAT3
4823,CATCCGTGTCCAAAGG3
4824,CATCCGTGTCCGATCG2
4825,CATCCGTGTGCCCGTA1
4826,CATCCGTGTGCCCGTA2
4827,CATCCGTGTTAACAGA3
4828,CATCCGTGTTAAGCAA3
4829,CATCCGTGTTGTGCAT1
4830,CATCCGTGTTGTGCAT2
4831,CATCCGTTCCCTCTAG3
4832,CATCCGTTCGGCAGTC3
4833,CATCCGTTCTTACCAT3
4834,CATCCGTTCTTACGTT3
4835,CATCGCTAGAGTAACT3
4836,CATCGCTAGCGCACAA2
4837,CATCGCTCAAGCGAGT3
4838,CATCGCTCACTAACCA2
4839,CATCGCTCACTAACCA3
4840,CATCGCTCATTCCTCG3
4841,CATCGCTGTAAGCTCT2
4842,CATCGCTGTAAGCTCT3
4843,CATCGCTGTACCGTGC1
4844,CATCGCTGTACTGAGG2
4845,CATCGCTGTACTGAGG3
4846,CATCGCTGTGACTCTA2
4847,CATCGCTGTGACTCTA3
4848,CATCGCTGTGTTCGAT2
4849,CATCGCTTCAGCGCGT1
4850,CATCGCTTCCATATGG2
4851,CATCGCTTCCATATGG3
4852,CATCGCTTCTCTTAAC1
4853,CATCGCTTCTCTTAAC2
4854,CATCGGGAGAATGTTG1
4855,CATCGGGAGAATGTTG2
4856,CATCGGGAGACATATG1
4857,CATCGGGCAAAGCGTG2
4858,CATCGGGCAAAGCGTG3
4859,CATCGGGCAGACATCT1
4860,CATCGGGCAGAGTCTT2
4861,CATCGGGCAGAGTCTT3
4862,CATCGGGCAGCGACAA3
4863,CATCGGGCAGGACGAT1
4864,CATCGGGCAGGTCAGA2
4865,CATCGGGCAGGTCAGA3
4866,CATCGGGTCAACCTCC2
4867,CATCGGGTCAACCTCC3
4868,CATCGGGTCTGTTGGA1
4869,CATCGGGTCTGTTGGA2
4870,CATCGTCAGATAGTGT2
4871,CATCGTCAGATAGTGT3
4872,CATCGTCAGTCAATCC2
4873,CATCGTCCAACACACT1
4874,CATCGTCCAACACACT2
4875,CATCGTCCAAGCGAGT3
4876,CATCGTCGTCTAGTGT2
4877,CATCGTCGTGCAATAA2
4878,CATCGTCGTGCAATAA3
4879,CATCGTCGTTGAATCC1
4880,CATCGTCGTTGAATCC2
4881,CATCGTCGTTGGGATG2
4882,CATCGTCGTTGGGATG3
4883,CATCGTCTCGCCAATA2
4884,CATGAGTAGACTTGTC2
4885,CATGAGTAGACTTGTC3
4886,CATGAGTAGATGCTTC3
4887,CATGAGTAGCATTTGC1
4888,CATGAGTAGCATTTGC2
4889,CATGAGTAGCATTTGC3
4890,CATGAGTAGTGGTGGT2
4891,CATGAGTAGTGGTGGT3
4892,CATGAGTCACAATGAA2
4893,CATGAGTCACAATGAA3
4894,CATGAGTCAGATAAAC2
4895,CATGAGTCAGATAAAC3
4896,CATGAGTCATCGCTAA2
4897,CATGAGTCATCGCTAA3
4898,CATGAGTGTCTTCATT2
4899,CATGAGTGTCTTCATT3
4900,CATGAGTGTGTCGATT2
4901,CATGAGTTCGGTATGT2
4902,CATGAGTTCGGTATGT3
4903,CATGCAAAGATCCTAC2
4904,CATGCAAAGATCCTAC3
4905,CATGCAAAGATTCGCT2
4906,CATGCAAAGATTCGCT3
4907,CATGCAAAGCATACTC1
4908,CATGCAAAGCATACTC2
4909,CATGCAAAGTACAGAT2
4910,CATGCAAAGTACAGAT3
4911,CATGCAACACTTCAAG1
4912,CATGCAACACTTCAAG2
4913,CATGCAACATGCGTGC3
4914,CATGCAAGTCTAACGT2
4915,CATGCAAGTCTAACGT3
4916,CATGCAAGTGGATACG1
4917,CATGCAATCCTACCGT2
4918,CATGCAATCCTACCGT3
4919,CATGCAATCTCCGCAT3
4920,CATGCCTAGGTAAGAG3
4921,CATGCCTAGGTGCATG2
4922,CATGCCTAGGTGCATG3
4923,CATGCCTCACTGGAAG1
4924,CATGCCTCACTGGAAG2
4925,CATGCCTCAGAATCGG1
4926,CATGCCTGTATCAAGA1
4927,CATGCCTGTATCAAGA2
4928,CATGCCTTCACAAGGG3
4929,CATGCCTTCACACCGG2
4930,CATGCCTTCACACCGG3
4931,CATGCCTTCGCTAAAC2
4932,CATGCCTTCGCTAAAC3
4933,CATGCGGAGCGACTTT3
4934,CATGCGGAGTACTCGT2
4935,CATGCGGCAGTTGTTG3
4936,CATGCGGCATATGCGT1
4937,CATGCGGCATGACTAC3
4938,CATGCGGCATTAGGCT2
4939,CATGCGGGTCTAATCG2
4940,CATGCGGGTGTCATGT1
4941,CATGCGGGTTCCAAAC1
4942,CATGCGGGTTCCAAAC2
4943,CATGCGGTCCTAGCTC2
4944,CATGCGGTCTATCGTT2
4945,CATGCTCAGAGGATGA2
4946,CATGCTCAGGGACAGG3
4947,CATGCTCAGTGGTGAC2
4948,CATGCTCAGTGGTGAC3
4949,CATGCTCCAAACTCGT2
4950,CATGCTCCAAACTCGT3
4951,CATGCTCCACAGACGA2
4952,CATGCTCCACAGACGA3
4953,CATGCTCCAGTGGGTA3
4954,CATGCTCCAGTTTGGT3
4955,CATGCTCCATGACACT3
4956,CATGCTCGTCAAATCC1
4957,CATGCTCGTCAAATCC2
4958,CATGCTCTCATTGCTT2
4959,CATGCTCTCATTGCTT3
4960,CATGCTCTCTAGGCAT1
4961,CATGCTCTCTCTCGAC2
4962,CATGCTCTCTTTCCAA2
4963,CATGCTCTCTTTCCAA3
4964,CATGGATAGAAACTGT3
4965,CATGGATAGACGGTCA2
4966,CATGGATAGAGCATCG3
4967,CATGGATCAATACGAA2
4968,CATGGATGTCAAATCC3
4969,CATGGATGTCCAGAAG2
4970,CATGGATGTCCAGAAG3
4971,CATGGATGTTATCTTC1
4972,CATGGATTCAAGATAG2
4973,CATGGTAAGATCCGAG2
4974,CATGGTAAGATGTTAG2
4975,CATGGTAAGATGTTAG3
4976,CATGGTAAGGGAGGGT1
4977,CATGGTACAAACACGG1
4978,CATGGTACAAATCGTC1
4979,CATGGTAGTACAAGTA3
4980,CATGGTAGTATCAGCT2
4981,CATGGTAGTTCAGCGC2
4982,CATGGTAGTTCAGCGC3
4983,CATGGTATCCGGTTCT2
4984,CATGGTATCGCAGTTA2
4985,CATGGTATCGCAGTTA3
4986,CATGGTATCGCCTTGT1
4987,CATGGTATCGCCTTGT2
4988,CATTCATAGATGATTG3
4989,CATTCATAGCCGTTGC2
4990,CATTCATAGCCGTTGC3
4991,CATTCATAGCTGGCTC1
4992,CATTCATAGCTGGCTC2
4993,CATTCATAGGCCTGAA1
4994,CATTCATAGGCCTGAA2
4995,CATTCATCAGCCTATA2
4996,CATTCATCAGCCTATA3
4997,CATTCATCATAACTCG1
4998,CATTCATCATAACTCG2
4999,CATTCATCATCCTTCG3
5000,CATTCATGTATCCTTT2
5001,CATTCATGTCAACGCC2
5002,CATTCATGTCAACGCC3
5003,CATTCATGTCATCTAG2
5004,CATTCATTCCCTTCCC3
5005,CATTCATTCGACCCAG2
5006,CATTCATTCGACCCAG3
5007,CATTCCGAGACGGAAA2
5008,CATTCCGAGGCGAAGG3
5009,CATTCCGCACAGTCGC3
5010,CATTCCGCACTAGGTT1
5011,CATTCCGCACTAGGTT2
5012,CATTCCGCATAGATCC3
5013,CATTCCGGTAACAGGC1
5014,CATTCCGGTATGCAAA1
5015,CATTCCGGTCATCCCT3
5016,CATTCCGGTCCTTAAG1
5017,CATTCCGGTCCTTAAG2
5018,CATTCCGGTTGCTCCT1
5019,CATTCCGGTTGCTCCT2
5020,CATTCCGTCAGAGCAG1
5021,CATTCCGTCAGAGCAG2
5022,CATTCCGTCCTGCTAC2
5023,CATTCCGTCCTGCTAC3
5024,CATTCCGTCGTAACCA3
5025,CATTCCGTCTTTGCAT1
5026,CATTCCGTCTTTGCAT2
5027,CATTCTAAGAAGTGTT1
5028,CATTCTAAGACACACG1
5029,CATTCTAAGACACACG2
5030,CATTCTAAGTCATGGG1
5031,CATTCTACAAAGGCGT3
5032,CATTCTACAGTCGCAC3
5033,CATTCTACATCCCGTT1
5034,CATTCTACATTAAGCC3
5035,CATTCTAGTAAGTTAG2
5036,CATTCTAGTACCGTGC1
5037,CATTCTAGTGATTGGG1
5038,CATTCTAGTGATTGGG2
5039,CATTCTATCCCAACTC2
5040,CATTCTATCGACCTAA3
5041,CATTCTATCGGTGTAT2
5042,CATTCTATCGGTGTAT3
5043,CATTGAGAGCGTCGAA1
5044,CATTGAGAGTAACGTA2
5045,CATTGAGAGTAACGTA3
5046,CATTGAGGTCTAGATC1
5047,CATTGAGGTCTAGATC2
5048,CATTGAGGTCTAGATC3
5049,CATTGAGGTTGCAACT1
5050,CATTGAGGTTGCAACT2
5051,CATTGAGTCAGCTTGA2
5052,CATTGAGTCAGCTTGA3
5053,CATTGAGTCATGTCAG2
5054,CATTGAGTCATGTCAG3
5055,CATTGAGTCGCTAATG2
5056,CATTGAGTCGCTAATG3
5057,CATTGAGTCGCTCTCA2
5058,CATTGAGTCGCTCTCA3
5059,CATTGAGTCGTGTTCC2
5060,CATTGCCAGCCATTCA3
5061,CATTGCCAGGGTACAC1
5062,CATTGCCAGGGTACAC2
5063,CATTGCCCACACCGAC3
5064,CATTGCCCAGGATTCT2
5065,CATTGCCCAGGATTCT3
5066,CATTGCCGTAGGAGGG2
5067,CATTGCCGTCGACTTA3
5068,CATTGCCTCGATTTCT2
5069,CATTGCCTCGTGGACC3
5070,CATTGCCTCTCTCAAT2
5071,CATTGTTAGCGTTCAT2
5072,CATTGTTAGCGTTCAT3
5073,CATTGTTCAAGTATAG2
5074,CATTGTTCAGTCCGTG1
5075,CATTGTTCATGTGGTT1
5076,CATTGTTCATGTGGTT2
5077,CATTGTTGTACTCCGG3
5078,CATTGTTGTCGCACAC3
5079,CATTGTTGTGCTCCGA3
5080,CATTGTTGTTAAGCAA2
5081,CATTGTTGTTTACTTC1
5082,CATTGTTTCCATTTGT2
5083,CATTGTTTCCATTTGT3
5084,CATTGTTTCTCAACGA3
5085,CATTTCAAGCATCCTA3
5086,CATTTCAAGGTTAGTA3
5087,CATTTCACAGCAATTC2
5088,CATTTCAGTCCACTCT2
5089,CATTTCAGTCCACTCT3
5090,CATTTCAGTGTCTTGA1
5091,CATTTCATCATCACTT1
5092,CATTTCATCATCACTT3
5093,CCAAGCGGTGGACCTC2
5094,CCAAGCGGTGGACCTC3
5095,CCAAGCGGTTCAGCGC2
5096,CCAAGCGGTTCAGCGC3
5097,CCAAGCGTCCAACCAA3
5098,CCAAGCGTCTGGCCTT2
5099,CCAAGCGTCTGGCCTT3
5100,CCAAGCGTCTTCGGAA3
5101,CCAATGAAGACGCAGT1
5102,CCAATGAAGGAGGCAG1
5103,CCAATGAAGGAGGCAG2
5104,CCAATGAAGGCATCTT2
5105,CCAATGAAGGCATCTT3
5106,CCAATGAAGGTACTGG3
5107,CCAATGAAGGTCGTGA2
5108,CCAATGACAAGTGGTG2
5109,CCAATGACAAGTGGTG3
5110,CCAATGACACCCAACG2
5111,CCAATGACACCCAACG3
5112,CCAATGACAGACACAG2
5113,CCAATGACAGACACAG3
5114,CCAATGACATGGCTGC1
5115,CCAATGACATGGCTGC2
5116,CCAATGACATTACTCT2
5117,CCAATGACATTACTCT3
5118,CCAATGAGTCATCGGC2
5119,CCAATGATCAGTGCGC1
5120,CCAATTTCAAGCTGCC1
5121,CCAATTTCAAGCTGCC2
5122,CCAATTTCAATCGCCG1
5123,CCAATTTCAATCGCCG2
5124,CCAATTTGTATTCTCT1
5125,CCAATTTGTGAGACGT3
5126,CCAATTTGTTGCCGCA1
5127,CCAATTTGTTGCCGCA2
5128,CCAATTTTCCAGCAAT2
5129,CCAATTTTCCAGCAAT3
5130,CCAATTTTCCGCATAA2
5131,CCAATTTTCCGCATAA3
5132,CCAATTTTCTGGGCAC2
5133,CCAATTTTCTGGGCAC3
5134,CCACAAAAGACCCGCT3
5135,CCACAAAAGATAGCAT3
5136,CCACAAAAGCAGTACG1
5137,CCACAAAAGGTTGAGC2
5138,CCACAAAAGGTTGAGC3
5139,CCACAAACACTTTAGG1
5140,CCACAAATCACCCTTG2
5141,CCACAAATCACCCTTG3
5142,CCACAAATCGGCTCTT1
5143,CCACAAATCGGCTCTT2
5144,CCACAAATCTTAGCTT2
5145,CCACAAATCTTAGCTT3
5146,CCACACTAGGAGAATG2
5147,CCACACTAGGAGAATG3
5148,CCACACTCAATACGCT2
5149,CCACACTCAATACGCT3
5150,CCACACTCACTGAGTT1
5151,CCACACTCACTGAGTT2
5152,CCACACTCACTGCGTG2
5153,CCACACTCACTGCGTG3
5154,CCACACTCATGGGATG1
5155,CCACACTCATGGGATG2
5156,CCACACTGTACCTAGT2
5157,CCACACTGTACCTAGT3
5158,CCACACTGTCCAGCGT1
5159,CCACACTGTCCCGTGA3
5160,CCACACTGTCTACAGT3
5161,CCACACTTCAGGAAGC1
5162,CCACACTTCAGGAAGC2
5163,CCACACTTCATTCGTT3
5164,CCACACTTCCACGTAA2
5165,CCACACTTCCACGTAA3
5166,CCACACTTCCATCGTC3
5167,CCACACTTCGCCGATG2
5168,CCACACTTCGCCGATG3
5169,CCACACTTCTAGACCA3
5170,CCACCATAGATGCCGA2
5171,CCACCATAGATGCCGA3
5172,CCACCATAGTCATTGC3
5173,CCACCATCACCCTGTT2
5174,CCACCATCAGACAAGC1
5175,CCACCATCAGCTGTAT2
5176,CCACCATCAGCTGTAT3
5177,CCACCATCATCCGATA2
5178,CCACCATGTCTACGTA2
5179,CCACCATGTCTACGTA3
5180,CCACCATGTCTCGGAC2
5181,CCACCATGTCTCGGAC3
5182,CCACCATGTGGCCACT3
5183,CCACCATGTTTATGCG2
5184,CCACCATGTTTATGCG3
5185,CCACCATTCCAATCTT3
5186,CCACGAGAGGACTGGT2
5187,CCACGAGAGGACTGGT3
5188,CCACGAGAGTCCCGAC2
5189,CCACGAGCACGTACTA1
5190,CCACGAGCACGTACTA2
5191,CCACGAGCATATAGCC2
5192,CCACGAGCATCTCAAG2
5193,CCACGAGCATCTCAAG3
5194,CCACGAGCATTGACCA1
5195,CCACGAGCATTGACCA2
5196,CCACGAGGTCCGTTTC3
5197,CCACGAGTCCATCTCG3
5198,CCACGTTCACAATGCT1
5199,CCACGTTCAGAGAGGG2
5200,CCACGTTCATAATCGC1
5201,CCACGTTGTAGGATAT2
5202,CCACGTTGTAGGATAT3
5203,CCACGTTGTCAGTCGC2
5204,CCACGTTGTCAGTCGC3
5205,CCACGTTGTCCATAGT2
5206,CCACGTTGTCCATAGT3
5207,CCACGTTGTCTCTCAC1
5208,CCACGTTGTCTCTCAC2
5209,CCACGTTGTTCGGACC1
5210,CCACGTTGTTCGGACC2
5211,CCACGTTTCAACCGAT3
5212,CCACGTTTCCAGCAAT3
5213,CCACGTTTCCCGAAAT2
5214,CCACGTTTCCCGAAAT3
5215,CCACGTTTCCCTTGTG2
5216,CCACGTTTCCCTTGTG3
5217,CCACTTGCAAGTGATA2
5218,CCACTTGCAAGTGATA3
5219,CCACTTGCAAGTGTCT2
5220,CCACTTGCAATTTCTC3
5221,CCACTTGCAGACATCT3
5222,CCACTTGGTCTGTCCT1
5223,CCACTTGGTCTGTCCT2
5224,CCACTTGGTCTTGAGT3
5225,CCACTTGTCACGAACT3
5226,CCACTTGTCCTTATAC2
5227,CCACTTGTCCTTATAC3
5228,CCACTTGTCTTCTGTA2
5229,CCACTTGTCTTGTGCC2
5230,CCATAAGAGCGATGGT1
5231,CCATAAGAGGTACCTT2
5232,CCATAAGAGGTACCTT3
5233,CCATAAGCACATGTTG2
5234,CCATAAGCACATGTTG3
5235,CCATAAGCACCGCTGA3
5236,CCATAAGCAGCGTAGA2
5237,CCATAAGCAGTATGAA2
5238,CCATAAGCATAACCCA1
5239,CCATAAGCATAACCCA2
5240,CCATAAGGTCAAATCC3
5241,CCATAAGGTGAGATAT2
5242,CCATAAGGTGAGATAT3
5243,CCATAAGGTGGATTTC3
5244,CCATAAGGTTGCTCGG2
5245,CCATAAGGTTTACGAC2
5246,CCATAAGGTTTACGAC3
5247,CCATAAGTCAGTGTTG1
5248,CCATAAGTCAGTGTTG2
5249,CCATAAGTCATCGCTC3
5250,CCATAAGTCGCGCCAA2
5251,CCATAAGTCTGGGCAC3
5252,CCATCACAGAATCGCG2
5253,CCATCACCAACAGAGC2
5254,CCATCACCAAGCCCAC3
5255,CCATCACCACCTCTGT3
5256,CCATCACCAGAACGCA1
5257,CCATCACCAGAACGCA2
5258,CCATCACCATAGCTGT3
5259,CCATCACCATGGCCAC3
5260,CCATCACGTGGACCTC2
5261,CCATCACGTGGCATCC2
5262,CCATCACGTTAGGGTG2
5263,CCATCACTCCACGTGG1
5264,CCATCACTCCACGTGG2
5265,CCCAACTAGAGAGTTT1
5266,CCCAACTAGCATGATA1
5267,CCCAACTAGCATGATA2
5268,CCCAACTAGCCGATTT2
5269,CCCAACTAGCCGATTT3
5270,CCCAACTAGGCGTCCT2
5271,CCCAACTAGGCGTCCT3
5272,CCCAACTCACGGTGCT3
5273,CCCAACTCAGCTGTTA2
5274,CCCAACTCAGCTGTTA3
5275,CCCAACTCAGTCTACA2
5276,CCCAACTCATCGGAGA2
5277,CCCAACTCATCGGAGA3
5278,CCCAACTCATTCTCTA2
5279,CCCAACTCATTCTCTA3
5280,CCCAACTGTACGGATG1
5281,CCCAACTGTCATATGC2
5282,CCCAACTGTCATATGC3
5283,CCCAACTGTGAATTAG1
5284,CCCAACTGTGAATTAG2
5285,CCCAACTGTGAATTAG3
5286,CCCAACTTCGCAAGAG1
5287,CCCAACTTCGCAAGAG2
5288,CCCAACTTCGGTCACG3
5289,CCCAACTTCTATGTGG1
5290,CCCAACTTCTATGTGG2
5291,CCCAACTTCTTGATTC2
5292,CCCAACTTCTTGATTC3
5293,CCCATTGAGAAGCGAA3
5294,CCCATTGAGATCCCGC3
5295,CCCATTGAGCAACCAG2
5296,CCCATTGAGCAACCAG3
5297,CCCATTGAGCAGCCCT2
5298,CCCATTGAGCAGCCCT3
5299,CCCATTGAGCCATATC1
5300,CCCATTGAGCCATATC2
5301,CCCATTGAGGATCACG3
5302,CCCATTGAGGCCGCTT2
5303,CCCATTGAGTGGCCTC1
5304,CCCATTGAGTGGCCTC2
5305,CCCATTGCACTGAGTT1
5306,CCCATTGCACTGAGTT2
5307,CCCATTGCAGAGTCAG2
5308,CCCATTGCAGAGTCAG3
5309,CCCATTGCAGCCGTTG2
5310,CCCATTGCATACCATG3
5311,CCCATTGCATGGCCCA3
5312,CCCATTGGTCTACGAT2
5313,CCCATTGGTCTACGAT3
5314,CCCATTGGTTTAAGGA3
5315,CCCATTGTCCAATCCC2
5316,CCCATTGTCCAATCCC3
5317,CCCGAAGAGGGTATAT3
5318,CCCGAAGAGTGTTGAA2
5319,CCCGAAGAGTGTTGAA3
5320,CCCGAAGCACGCTGAC2
5321,CCCGAAGGTCACGACC2
5322,CCCGAAGTCCAGTGCG1
5323,CCCGAAGTCCAGTGCG2
5324,CCCGAAGTCCCAGTGG2
5325,CCCGAAGTCTAGCATG2
5326,CCCGAAGTCTAGCATG3
5327,CCCGAAGTCTGTGCGG3
5328,CCCGGAAAGATTACCC1
5329,CCCGGAAAGATTACCC2
5330,CCCGGAAAGCGACCCT2
5331,CCCGGAAAGCGACCCT3
5332,CCCGGAAAGCTCGAAG2
5333,CCCGGAAAGCTCGAAG3
5334,CCCGGAAGTAGTGATA2
5335,CCCGGAAGTAGTGATA3
5336,CCCGGAAGTGACTAAA2
5337,CCCGGAAGTGACTAAA3
5338,CCCGGAAGTGGACAGT3
5339,CCCGGAATCACCTTGC3
5340,CCCTAACAGACAGTCG3
5341,CCCTAACAGGTGAGCT3
5342,CCCTAACCAGCGGTCT3
5343,CCCTAACCAGTCCGTG2
5344,CCCTAACCAGTCCGTG3
5345,CCCTAACCATCCTCAC2
5346,CCCTAACCATGTACGT2
5347,CCCTAACCATGTACGT3
5348,CCCTAACGTCAAGGCA2
5349,CCCTAACGTCAAGGCA3
5350,CCCTAACGTGATTGGG1
5351,CCCTAACGTGATTGGG2
5352,CCCTAACGTGCGGATA2
5353,CCCTAACGTGCGGATA3
5354,CCCTAACGTTAACCTG1
5355,CCCTAACTCAAATGAG2
5356,CCCTAACTCAAATGAG3
5357,CCCTAACTCAAGTAAG3
5358,CCCTAACTCAGCTGAT1
5359,CCCTAACTCAGCTGAT2
5360,CCCTAACTCAGCTTCC2
5361,CCCTAACTCAGCTTCC3
5362,CCCTCAAAGAAATCCA1
5363,CCCTCAAAGAAATCCA2
5364,CCCTCAAAGCAGAAAG2
5365,CCCTCAAAGCAGAAAG3
5366,CCCTCAACAGAACATA1
5367,CCCTCAAGTCGGCACT3
5368,CCCTCAAGTGGCTGAA2
5369,CCCTCAAGTGGCTGAA3
5370,CCCTCAATCGTGCTCT3
5371,CCCTCAATCTCGTGAA3
5372,CCCTCTCAGCTGCCTG2
5373,CCCTCTCAGCTGCCTG3
5374,CCCTCTCAGGCTTAAA2
5375,CCCTCTCAGGCTTAAA3
5376,CCCTCTCCAGTGACCC2
5377,CCCTCTCCAGTGACCC3
5378,CCCTCTCCATCATGAC2
5379,CCCTCTCCATCATGAC3
5380,CCCTCTCCATGGCCAC2
5381,CCCTCTCGTCTATGAC1
5382,CCCTCTCGTGTTGACT2
5383,CCCTCTCTCAGAACCT1
5384,CCCTCTCTCAGAGCGA1
5385,CCCTCTCTCAGAGCGA2
5386,CCCTCTCTCGAGAAAT2
5387,CCCTCTCTCGAGAAAT3
5388,CCCTCTCTCGCACGGT1
5389,CCCTCTCTCTGAGGCC1
5390,CCCTGATAGCCATTGT3
5391,CCCTGATAGGATACAT2
5392,CCCTGATAGGATACAT3
5393,CCCTGATAGTACCCTA2
5394,CCCTGATAGTACCCTA3
5395,CCCTGATAGTGCACTT2
5396,CCCTGATCAACAAGAT1
5397,CCCTGATCAATTGCAC1
5398,CCCTGATCACACACGC2
5399,CCCTGATCACACACGC3
5400,CCCTGATCACCGGTCA3
5401,CCCTGATGTATGGAAT3
5402,CCCTGATGTATTTCTC2
5403,CCCTGATGTATTTCTC3
5404,CCCTGATGTTAGCTAC2
5405,CCCTGATGTTAGCTAC3
5406,CCCTTAGAGGTAGCCA2
5407,CCCTTAGCAAGTGCTT2
5408,CCCTTAGCACGCCAGT1
5409,CCCTTAGCACTACAGT2
5410,CCCTTAGCACTACAGT3
5411,CCCTTAGCAGCAAGAC3
5412,CCCTTAGGTAGTCACT2
5413,CCCTTAGGTGATGAAT1
5414,CCCTTAGGTGATGAAT2
5415,CCCTTAGGTGGATCAG1
5416,CCCTTAGTCACAGAGG2
5417,CCCTTAGTCACAGAGG3
5418,CCCTTAGTCCAATGCA2
5419,CCCTTAGTCCAATGCA3
5420,CCCTTAGTCCTGATAG3
5421,CCCTTAGTCGCTCTCA3
5422,CCCTTAGTCTGAGGCC1
5423,CCCTTAGTCTGAGGCC2
5424,CCCTTAGTCTTGGTCC2
5425,CCCTTAGTCTTGGTCC3
5426,CCGAACGAGCTCCACG2
5427,CCGAACGAGCTGCCTG2
5428,CCGAACGAGCTGCCTG3
5429,CCGAACGAGGTTGTTC2
5430,CCGAACGAGGTTGTTC3
5431,CCGAACGCACAACATC3
5432,CCGAACGCACATCCCT3
5433,CCGAACGCATTGGCAT3
5434,CCGAACGGTATCGGTT3
5435,CCGAACGGTCAAACGG2
5436,CCGAACGGTCAAACGG3
5437,CCGAACGGTTGCATCA2
5438,CCGAACGGTTGCATCA3
5439,CCGAACGTCATGCGGC2
5440,CCGAACGTCATGCGGC3
5441,CCGAACGTCATTACCT2
5442,CCGAACGTCGATACAC1
5443,CCGAACGTCGATACAC2
5444,CCGAACGTCGTGCTCT3
5445,CCGAACGTCTAGGCAT2
5446,CCGAACGTCTAGGCAT3
5447,CCGATCTAGATCACTC2
5448,CCGATCTAGATCACTC3
5449,CCGATCTAGGGTAATT2
5450,CCGATCTAGGGTAATT3
5451,CCGATCTCAATCTCTT1
5452,CCGATCTCAATCTCTT2
5453,CCGATCTCAGCGTAGA1
5454,CCGATCTCAGGTATGG2
5455,CCGATCTCAGGTATGG3
5456,CCGATCTGTCGTACTA3
5457,CCGATCTGTTAAGAAC2
5458,CCGATCTTCACATCAG2
5459,CCGATCTTCACATCAG3
5460,CCGATCTTCCTGTTAT1
5461,CCGATCTTCCTGTTAT2
5462,CCGATGGCAATGGCAG2
5463,CCGATGGCACCAGTAT2
5464,CCGATGGCACCAGTAT3
5465,CCGATGGCAGAGGCAT1
5466,CCGATGGCAGAGGCAT2
5467,CCGATGGCATATGGCT2
5468,CCGATGGGTAGATCCT1
5469,CCGATGGGTAGTACGG3
5470,CCGATGGGTTTACCAG1
5471,CCGATGGTCGCGAAGA3
5472,CCGATGGTCTACTGAG1
5473,CCGATGGTCTACTGAG2
5474,CCGCAAGAGAATTTGG3
5475,CCGCAAGAGTTCGCAT2
5476,CCGCAAGAGTTCGCAT3
5477,CCGCAAGCATATGCGT3
5478,CCGCAAGGTATTCTCT3
5479,CCGCAAGGTCTAACTG1
5480,CCGCAAGTCCCGAAAT2
5481,CCGCAAGTCCCGAAAT3
5482,CCGCAAGTCTAATTCC2
5483,CCGCAAGTCTAATTCC3
5484,CCGGACAAGGCCCAAA3
5485,CCGGACAAGGCCTGAA2
5486,CCGGACAAGGCCTGAA3
5487,CCGGACACAGTCGTTA2
5488,CCGGACAGTAACACCT3
5489,CCGGACAGTCTACAGT1
5490,CCGGACAGTCTACAGT2
5491,CCGGACAGTGCGGATA2
5492,CCGGACAGTGCGGATA3
5493,CCGGACATCTACTATC3
5494,CCGGGTAAGGTCCCTG3
5495,CCGGGTAAGTCACGAG1
5496,CCGGGTAAGTCACGAG2
5497,CCGGGTACAGATCCAT1
5498,CCGGGTACATCGCCTT2
5499,CCGGGTACATCGCCTT3
5500,CCGGGTACATGGGCAA2
5501,CCGGGTACATGGGCAA3
5502,CCGGGTACATTAAGCC2
5503,CCGGGTACATTAAGCC3
5504,CCGGGTAGTAACACGG2
5505,CCGGGTAGTAACACGG3
5506,CCGGGTAGTAAGCTCT3
5507,CCGGGTAGTCATCCGG2
5508,CCGGGTAGTCATCCGG3
5509,CCGGGTAGTGTCCTAA2
5510,CCGGGTAGTGTCCTAA3
5511,CCGGGTATCGTCAAAC2
5512,CCGGGTATCGTCAAAC3
5513,CCGGTAGAGCGCCTAC3
5514,CCGGTAGAGGTCACAG2
5515,CCGGTAGAGGTCACAG3
5516,CCGGTAGCAACTGAAA2
5517,CCGGTAGCAACTGAAA3
5518,CCGGTAGCACGCAGTC2
5519,CCGGTAGCACGCAGTC3
5520,CCGGTAGCACTCGATA2
5521,CCGGTAGCACTGCACG3
5522,CCGGTAGGTCACTCGG3
5523,CCGGTAGGTCGTTGCG2
5524,CCGGTAGGTCGTTGCG3
5525,CCGGTAGGTGCCAAGA3
5526,CCGGTAGGTTGGACTT2
5527,CCGGTAGTCACGTCCT3
5528,CCGGTAGTCCCTGTTG2
5529,CCGGTAGTCGTAGAGG2
5530,CCGGTAGTCGTAGAGG3
5531,CCGGTGAAGGCCACCT2
5532,CCGGTGAAGGCCACCT3
5533,CCGGTGAAGTCCTGCG3
5534,CCGGTGACACCCTTAC2
5535,CCGGTGACACCCTTAC3
5536,CCGGTGACACCTGATA2
5537,CCGGTGACACCTGATA3
5538,CCGGTGACATGAGAAT1
5539,CCGGTGAGTCGAATTC2
5540,CCGGTGAGTCGAATTC3
5541,CCGGTGATCATGCAGT2
5542,CCGGTGATCTAGACCA1
5543,CCGGTGATCTGTCAGA2
5544,CCGGTGATCTGTCAGA3
5545,CCGGTGATCTTGCGCT1
5546,CCGGTGATCTTGCGCT2
5547,CCGTAGGAGAATTGCA2
5548,CCGTAGGAGAATTGCA3
5549,CCGTAGGAGCTCCCTT2
5550,CCGTAGGAGCTCCCTT3
5551,CCGTAGGAGTGAACAT2
5552,CCGTAGGAGTGAACAT3
5553,CCGTAGGAGTTACGAA1
5554,CCGTAGGAGTTACGAA2
5555,CCGTAGGCACACCTAA1
5556,CCGTAGGCACACCTAA2
5557,CCGTAGGCAGCAGAAC3
5558,CCGTAGGCATGACTAC2
5559,CCGTAGGGTAAGGTCG2
5560,CCGTAGGGTAAGGTCG3
5561,CCGTAGGGTCCAAGAG2
5562,CCGTAGGGTCGACTGC3
5563,CCGTAGGGTTACCTTT3
5564,CCGTAGGTCAGACCCG2
5565,CCGTAGGTCCATTTGT2
5566,CCGTAGGTCCGTGTCT2
5567,CCGTAGGTCTACACAG2
5568,CCGTAGGTCTACACAG3
5569,CCGTGAGAGTAAACGT3
5570,CCGTGAGAGTATTAGG3
5571,CCGTGAGAGTCACACT3
5572,CCGTGAGCACCAAAGG3
5573,CCGTGAGCACTAAACC2
5574,CCGTGAGCACTAAACC3
5575,CCGTGAGCAGCACAAG2
5576,CCGTGAGCAGCACAAG3
5577,CCGTGAGCAGCCATTA2
5578,CCGTGAGCAGCCATTA3
5579,CCGTGAGCATTGACAC3
5580,CCGTGAGCATTGTGCA1
5581,CCGTGAGGTAACTGCT1
5582,CCGTGAGGTAACTGCT2
5583,CCGTGAGGTCCATAGT2
5584,CCGTGAGGTCCATAGT3
5585,CCGTGAGGTTCATCTT3
5586,CCGTGAGGTTCTCTCG1
5587,CCGTGAGGTTCTCTCG2
5588,CCGTGAGTCAGAGCAG1
5589,CCGTGAGTCAGAGCAG2
5590,CCGTGAGTCAGGCGAA2
5591,CCGTGAGTCGAGAATA2
5592,CCGTGAGTCGTGGACC2
5593,CCGTGAGTCGTGGACC3
5594,CCGTTCAAGATGGTAT1
5595,CCGTTCAAGATGGTAT2
5596,CCGTTCAAGCAATTCC2
5597,CCGTTCAAGCAATTCC3
5598,CCGTTCAAGGATTTCC3
5599,CCGTTCACACTACCCT2
5600,CCGTTCACACTACCCT3
5601,CCGTTCACAGAGGACT3
5602,CCGTTCACAGTCTACA3
5603,CCGTTCAGTAATCAGA2
5604,CCGTTCAGTAATCAGA3
5605,CCGTTCAGTACATTGC1
5606,CCGTTCAGTACATTGC2
5607,CCGTTCAGTATCAGCT3
5608,CCGTTCAGTCCGGTGT2
5609,CCGTTCAGTCCGGTGT3
5610,CCGTTCAGTCGTCGGT3
5611,CCGTTCAGTGGCCCAT2
5612,CCGTTCAGTTCCGCGA2
5613,CCGTTCAGTTCTCACC2
5614,CCGTTCAGTTCTCACC3
5615,CCGTTCATCCACTTTA2
5616,CCGTTCATCCACTTTA3
5617,CCGTTCATCGTACCTC3
5618,CCGTTCATCGTAGGAG3
5619,CCGTTCATCGTGGCTG3
5620,CCGTTCATCTCGACCT2
5621,CCGTTCATCTCGACCT3
5622,CCGTTCATCTTACACT2
5623,CCGTTCATCTTACACT3
5624,CCTAACCAGATGAATC2
5625,CCTAACCAGATGAATC3
5626,CCTAACCAGCATGTTC3
5627,CCTAACCAGTCACACT3
5628,CCTAACCGTACTAACC1
5629,CCTAACCGTCACTGAT1
5630,CCTAACCGTGACCTGC2
5631,CCTAACCGTGACCTGC3
5632,CCTAACCGTTGCCATA2
5633,CCTAACCGTTGCCATA3
5634,CCTAACCTCCCTCTAG2
5635,CCTAACCTCCCTCTAG3
5636,CCTAAGAAGGGCAGAG1
5637,CCTAAGACAACAGATA2
5638,CCTAAGACAATCAGCT3
5639,CCTAAGAGTAACACGG2
5640,CCTAAGAGTATGAGAT2
5641,CCTAAGAGTATGAGAT3
5642,CCTAAGATCATTTGCT3
5643,CCTAAGATCCGGTTCT3
5644,CCTAAGATCGGACGTC2
5645,CCTACGTAGAGAGTTT1
5646,CCTACGTAGGATACAT1
5647,CCTACGTAGGATACAT2
5648,CCTACGTCAGAGTAAT1
5649,CCTACGTCAGTGAGCA3
5650,CCTACGTGTGCTCTCT3
5651,CCTACGTGTGTTAAAG3
5652,CCTACGTTCTAGGCAT3
5653,CCTATCGAGACATCAA2
5654,CCTATCGAGACATCAA3
5655,CCTATCGAGAGGTCGT3
5656,CCTATCGAGCAGGCTA2
5657,CCTATCGAGCATCCTA2
5658,CCTATCGAGCATCCTA3
5659,CCTATCGAGGTCGAGT2
5660,CCTATCGAGGTCGAGT3
5661,CCTATCGAGGTTCAGG3
5662,CCTATCGCAATGAACA2
5663,CCTATCGCAATGAACA3
5664,CCTATCGCAATTCACG3
5665,CCTATCGCACTAACGT2
5666,CCTATCGGTAGGTAGC3
5667,CCTATCGGTCAGGTGA3
5668,CCTATCGTCCGCTGTT1
5669,CCTATCGTCTAGACAC1
5670,CCTCAACAGGCGAAGG2
5671,CCTCAACAGTGGTGAC2
5672,CCTCAACAGTGGTGAC3
5673,CCTCAACCAAATACGA1
5674,CCTCAACCAAATACGA2
5675,CCTCAACCAACACAGG1
5676,CCTCAACCAACACAGG2
5677,CCTCAACCACACCGCA3
5678,CCTCAACCACATATCG2
5679,CCTCAACCACATATCG3
5680,CCTCAACGTAGATGTA2
5681,CCTCAACGTCGTGATT2
5682,CCTCAACGTCGTGATT3
5683,CCTCAACGTCTGTTAG2
5684,CCTCAACTCTAGTTCT1
5685,CCTCAACTCTAGTTCT2
5686,CCTCAACTCTAGTTCT3
5687,CCTCACAAGAGTGTGC1
5688,CCTCACAAGAGTGTGC2
5689,CCTCACAAGGGACTGT2
5690,CCTCACAAGGGACTGT3
5691,CCTCACAAGTATTAGG2
5692,CCTCACAAGTATTAGG3
5693,CCTCACACACACAGAG1
5694,CCTCACACACACAGAG2
5695,CCTCACACACACAGAG3
5696,CCTCACAGTCATACCA1
5697,CCTCACAGTGCAACGA3
5698,CCTCACAGTGCAATAA2
5699,CCTCACAGTGCAATAA3
5700,CCTCACATCACCTCTG3
5701,CCTCACATCCCAAGTA2
5702,CCTCACATCGCATTGA3
5703,CCTCAGTAGGCCTGAA3
5704,CCTCAGTAGGCTCTCG3
5705,CCTCAGTAGGGTAGCT2
5706,CCTCAGTAGGGTAGCT3
5707,CCTCAGTAGTACCATC2
5708,CCTCAGTCAAGAGAGA1
5709,CCTCAGTCAAGAGAGA2
5710,CCTCAGTGTCGCTTAA2
5711,CCTCAGTGTCGCTTAA3
5712,CCTCAGTGTCTGTGCG3
5713,CCTCAGTGTGGATCGA1
5714,CCTCAGTTCACTGAAC2
5715,CCTCAGTTCACTGAAC3
5716,CCTCAGTTCAGCCCAG3
5717,CCTCAGTTCTACCCAC2
5718,CCTCATGAGACGCTCC2
5719,CCTCATGAGACGCTCC3
5720,CCTCATGAGCGATGGT2
5721,CCTCATGAGCGATGGT3
5722,CCTCATGAGGAGAGGC2
5723,CCTCATGAGTCCTGCG2
5724,CCTCATGAGTCCTGCG3
5725,CCTCATGCAATTGCCA3
5726,CCTCATGGTGTTCGTA2
5727,CCTCATGGTGTTCGTA3
5728,CCTCATGTCACCTCAC2
5729,CCTCATGTCAGACATC2
5730,CCTCATGTCAGACATC3
5731,CCTCATGTCGTCAAAC2
5732,CCTCATGTCGTCAAAC3
5733,CCTCATGTCTCCAAGA2
5734,CCTCCAAAGTCTTCGA1
5735,CCTCCAAAGTCTTCGA2
5736,CCTCCAACAACCGTAT2
5737,CCTCCAACAACCGTAT3
5738,CCTCCAACAATTGAGA1
5739,CCTCCAACAATTGAGA2
5740,CCTCCAACATGAGAAT2
5741,CCTCCAACATGAGAAT3
5742,CCTCCAAGTAACATCC3
5743,CCTCCAAGTACGTAGG3
5744,CCTCCAAGTGTTGCCG3
5745,CCTCCAAGTTGGGAAC3
5746,CCTCCTCAGAAGGATG1
5747,CCTCCTCAGAAGGATG2
5748,CCTCCTCAGCGTTACT3
5749,CCTCCTCCACGAGGAT2
5750,CCTCCTCCATCCGCGA1
5751,CCTCCTCGTCATTCCC2
5752,CCTCCTCGTGCCGAAA2
5753,CCTCCTCGTGCCGAAA3
5754,CCTCCTCGTTACACTG2
5755,CCTCCTCGTTACACTG3
5756,CCTCCTCGTTCGAACT1
5757,CCTCCTCGTTCGAACT2
5758,CCTCCTCGTTGCATGT1
5759,CCTCCTCGTTGCATGT2
5760,CCTCCTCTCCGAGAAG2
5761,CCTCCTCTCCGAGAAG3
5762,CCTCCTCTCGCTTAAG3
5763,CCTCCTCTCTAATTCC3
5764,CCTCTAGAGGAAGTAG2
5765,CCTCTAGCAATGGCCC2
5766,CCTCTAGCAATGGCCC3
5767,CCTCTAGCACATGTTG1
5768,CCTCTAGGTGCGGATA3
5769,CCTCTAGGTTCAGTAC1
5770,CCTCTAGTCCACGAAT3
5771,CCTCTAGTCGCCGAAC2
5772,CCTCTAGTCGCCGAAC3
5773,CCTCTAGTCTCATTGT1
5774,CCTCTAGTCTGGGCAC1
5775,CCTCTAGTCTGGGCAC2
5776,CCTCTCCAGACGACTG3
5777,CCTCTCCAGAGAGCAA3
5778,CCTCTCCAGTGTGTTC2
5779,CCTCTCCAGTGTGTTC3
5780,CCTCTCCCAAAGCGTG3
5781,CCTCTCCGTAACAGTA2
5782,CCTCTCCGTAACAGTA3
5783,CCTCTCCGTACCCGAC2
5784,CCTCTCCGTACCCGAC3
5785,CCTCTCCGTGCAAGAC2
5786,CCTCTCCGTGCAAGAC3
5787,CCTGCATCAAGACTGG2
5788,CCTGCATCAAGACTGG3
5789,CCTGCATCACTTTATC2
5790,CCTGCATCACTTTATC3
5791,CCTGCATCAGTCGGAA1
5792,CCTGCATCATCCTCAC1
5793,CCTGCATCATGAAGGC1
5794,CCTGCATGTACTAACC2
5795,CCTGCATGTACTAACC3
5796,CCTGCATGTCAAAGAT3
5797,CCTGCATGTTACGCCG1
5798,CCTGCATGTTCGGACC2
5799,CCTGCATGTTCGGACC3
5800,CCTGCATTCAAGTCGT3
5801,CCTGCATTCACATACG2
5802,CCTGCATTCACATACG3
5803,CCTGCATTCCAAGCAT2
5804,CCTGCATTCCAAGCAT3
5805,CCTGCATTCCCGTGAG3
5806,CCTGCATTCGTTGTGA2
5807,CCTGTTGAGCATTTGC2
5808,CCTGTTGAGCTCGCAC1
5809,CCTGTTGAGGGATCTG1
5810,CCTGTTGAGTGTACAA1
5811,CCTGTTGAGTGTACAA2
5812,CCTGTTGCATATACCG1
5813,CCTGTTGCATATACCG2
5814,CCTGTTGGTAACGATA2
5815,CCTGTTGGTAACGATA3
5816,CCTGTTGGTTGTTGAC1
5817,CCTGTTGGTTGTTGAC2
5818,CCTGTTGTCATAGGCT2
5819,CCTGTTGTCATAGGCT3
5820,CCTTCAGAGGACTTCT2
5821,CCTTCAGAGGACTTCT3
5822,CCTTCAGAGGATGGCT2
5823,CCTTCAGGTAATTGGA3
5824,CCTTCAGGTGAATTGA1
5825,CCTTCAGGTGAATTGA2
5826,CCTTCAGTCGGTATGT2
5827,CCTTGTGAGACGCCCT2
5828,CCTTGTGAGACGCCCT3
5829,CCTTGTGAGCTTGTGT1
5830,CCTTGTGAGCTTGTGT2
5831,CCTTGTGAGGAGGCAG2
5832,CCTTGTGAGGCACTCC3
5833,CCTTGTGAGTTCACTG1
5834,CCTTGTGAGTTCACTG2
5835,CCTTGTGCAACAGCTT3
5836,CCTTGTGCAGGAACCA2
5837,CCTTGTGGTCTTCTAT3
5838,CCTTGTGGTGACAGCA2
5839,CCTTGTGGTGACAGCA3
5840,CCTTGTGGTGTTCCTC1
5841,CCTTGTGTCAAGTAAG1
5842,CCTTGTGTCAAGTGGG2
5843,CCTTGTGTCCTCAGGG2
5844,CCTTGTGTCTCCGATC2
5845,CCTTGTGTCTCCGATC3
5846,CCTTTGGAGACGTCCC3
5847,CCTTTGGAGAGCTTTC2
5848,CCTTTGGAGGTCACAG3
5849,CCTTTGGAGTATCCTG2
5850,CCTTTGGAGTATCCTG3
5851,CCTTTGGGTTGAGAGC1
5852,CCTTTGGTCATGAAAG3
5853,CGAAGGAAGAGCCATG3
5854,CGAAGGAAGGACGGAG2
5855,CGAAGGAAGGACGGAG3
5856,CGAAGGACAACAGATA2
5857,CGAAGGACAACAGATA3
5858,CGAAGGACAACGTTAC1
5859,CGAAGGACAACGTTAC2
5860,CGAAGGACAGACCTGC3
5861,CGAAGGACAGGCCCTA3
5862,CGAAGGACATCAGCTA3
5863,CGAAGGAGTATGCGTT3
5864,CGAAGGAGTCACATTG3
5865,CGAAGGAGTTCCACGG3
5866,CGAAGGATCGTTATCT2
5867,CGAAGGATCGTTCCCA2
5868,CGAAGGATCGTTCCCA3
5869,CGAAGTTAGACTGAGC2
5870,CGAAGTTAGACTGAGC3
5871,CGAAGTTAGCTGTCCG2
5872,CGAAGTTAGCTGTCCG3
5873,CGAAGTTAGTAGCATA2
5874,CGAAGTTAGTAGCATA3
5875,CGAAGTTCAACTGCTA2
5876,CGAAGTTCAACTGCTA3
5877,CGAAGTTCAATTGCTG2
5878,CGAAGTTCAATTGCTG3
5879,CGAAGTTCAGCTCTGG2
5880,CGAAGTTCAGCTCTGG3
5881,CGAAGTTCAGTCCGTG3
5882,CGAAGTTCATCTGGGC3
5883,CGAAGTTGTCGCGTTG3
5884,CGAAGTTGTGAGAGGG1
5885,CGAAGTTGTGAGAGGG2
5886,CGAAGTTGTGATAGTA1
5887,CGAAGTTGTGATAGTA2
5888,CGAAGTTGTGCAATAA1
5889,CGAAGTTGTGTTGACT2
5890,CGAAGTTGTTCTCTAT2
5891,CGAAGTTGTTCTCTAT3
5892,CGAAGTTTCACTCACC1
5893,CGAAGTTTCCACCTCA3
5894,CGAAGTTTCGTCGATA3
5895,CGAATTGAGAAGTGTT3
5896,CGAATTGAGAGGCGGA1
5897,CGAATTGAGCAAACAT1
5898,CGAATTGAGCAAACAT2
5899,CGAATTGAGCCAAGGT2
5900,CGAATTGAGCGTCTCG1
5901,CGAATTGAGCGTCTCG2
5902,CGAATTGAGTCGAAGC2
5903,CGAATTGAGTCGAAGC3
5904,CGAATTGAGTCTTCCC2
5905,CGAATTGAGTCTTCCC3
5906,CGAATTGCAATGTCTG1
5907,CGAATTGCAATGTCTG2
5908,CGAATTGCACCCAAGC3
5909,CGAATTGGTACACTCA1
5910,CGAATTGGTACACTCA2
5911,CGAATTGGTATGGAGC2
5912,CGAATTGGTATGGAGC3
5913,CGAATTGGTGCGCTCA2
5914,CGAATTGGTGGGTTGA2
5915,CGAATTGGTGGGTTGA3
5916,CGAATTGGTTAGTCGT2
5917,CGAATTGGTTCGAACT1
5918,CGAATTGGTTCGAACT2
5919,CGAATTGTCATCGGGC2
5920,CGAATTGTCATCGGGC3
5921,CGAATTGTCGCATAGT2
5922,CGAATTGTCGCATAGT3
5923,CGAATTGTCTAGATCG3
5924,CGACAGCAGGCTCCCA1
5925,CGACAGCCAAGACGGT3
5926,CGACAGCCACACCTAA3
5927,CGACAGCCAGACCCGT2
5928,CGACAGCCAGAGAAAG1
5929,CGACAGCCAGATCCAT3
5930,CGACAGCCATTAGGAA2
5931,CGACAGCGTCAAATCC3
5932,CGACAGCGTGTGTCGC2
5933,CGACAGCGTTACGTAC3
5934,CGACAGCGTTGCATGT1
5935,CGACAGCTCGGATAAA1
5936,CGACAGCTCGGATAAA2
5937,CGACAGCTCGGCATCG3
5938,CGACAGCTCTCGACGG2
5939,CGACAGCTCTGTAACG2
5940,CGACAGCTCTTACCAT2
5941,CGACAGCTCTTACCAT3
5942,CGAGAAGAGGTCACCC2
5943,CGAGAAGAGGTCACCC3
5944,CGAGAAGCAAACACGG2
5945,CGAGAAGCACTATGTG3
5946,CGAGAAGCATGGCACC2
5947,CGAGAAGGTTGGGATG1
5948,CGAGAAGTCATGGAGG2
5949,CGAGAAGTCATGGAGG3
5950,CGAGAAGTCCGCTTAC2
5951,CGAGAAGTCCGCTTAC3
5952,CGAGAAGTCGTCACCT2
5953,CGAGAAGTCTCAGGCG1
5954,CGAGAAGTCTCAGGCG2
5955,CGAGGAAAGAGAAGGT2
5956,CGAGGAAAGAGGTGCT3
5957,CGAGGAAAGATCCAAA1
5958,CGAGGAAAGATCCAAA2
5959,CGAGGAAAGCAAATCA2
5960,CGAGGAAAGCAAATCA3
5961,CGAGGAAAGCCACCGT2
5962,CGAGGAAAGCCACCGT3
5963,CGAGGAAAGGAAGTGA2
5964,CGAGGAAAGGTCCGAA2
5965,CGAGGAAAGGTCCGAA3
5966,CGAGGAACAAGTTCCA1
5967,CGAGGAACAAGTTCCA2
5968,CGAGGAACACCCTATC2
5969,CGAGGAACAGCTGAGA3
5970,CGAGGAAGTAGGCTGA2
5971,CGAGGAAGTCCGAAAG2
5972,CGAGGAAGTCCGAAAG3
5973,CGAGGAAGTTAACCTG3
5974,CGAGGAAGTTATCCAG2
5975,CGAGGAAGTTTCGGCG2
5976,CGAGGAATCAACACCA2
5977,CGAGGCTCAATTGAGA2
5978,CGAGGCTCACAGAGCA2
5979,CGAGGCTCATGAAAGT2
5980,CGAGGCTCATGAAAGT3
5981,CGAGGCTGTACCACGC3
5982,CGAGGCTGTCACAGTT2
5983,CGAGGCTGTCCCGGTA3
5984,CGAGGCTGTGGAACAC2
5985,CGAGGCTGTGGAACAC3
5986,CGAGGCTGTGGCAACA2
5987,CGAGGCTGTTACCGTA2
5988,CGAGGCTGTTACCGTA3
5989,CGAGGCTTCGTTGTAG1
5990,CGAGGCTTCGTTGTAG2
5991,CGAGTGCCAAGGCCTC2
5992,CGAGTGCCAAGGCCTC3
5993,CGAGTGCCAGCGACAA2
5994,CGAGTGCCAGCGACAA3
5995,CGAGTGCCAGGCATGA1
5996,CGAGTGCCAGGCATGA2
5997,CGAGTGCCATAGAATG2
5998,CGAGTGCCATGCCGCA1
5999,CGAGTGCCATGCCGCA2
6000,CGAGTGCGTAAGTTAG2
6001,CGAGTGCGTAAGTTAG3
6002,CGAGTGCGTAGGGTAC1
6003,CGAGTGCGTAGGGTAC2
6004,CGAGTGCGTATCTCGA2
6005,CGAGTGCGTATCTCGA3
6006,CGAGTGCGTCCAACGC2
6007,CGAGTGCGTGGATCAG3
6008,CGAGTGCTCACGGGCT2
6009,CGAGTGCTCAGAGTGG2
6010,CGAGTGCTCAGAGTGG3
6011,CGAGTGCTCAGCTTCC1
6012,CGAGTGCTCAGCTTCC2
6013,CGAGTGCTCAGTCAGT2
6014,CGAGTGCTCAGTCAGT3
6015,CGAGTGCTCCCATACC3
6016,CGAGTGCTCGTTGTGA3
6017,CGAGTTAAGACCTCAT2
6018,CGAGTTAAGACCTCAT3
6019,CGAGTTAAGGAGGCAG2
6020,CGAGTTAAGGAGGCAG3
6021,CGAGTTAAGTATAGGT3
6022,CGAGTTAAGTGCTCAT2
6023,CGAGTTAAGTGCTCAT3
6024,CGAGTTACAAACCGGA2
6025,CGAGTTACACTGCACG3
6026,CGAGTTACAGCTCGGT2
6027,CGAGTTACAGCTCGGT3
6028,CGAGTTACATAAGCGG1
6029,CGAGTTACATATACCG1
6030,CGAGTTACATATACCG2
6031,CGAGTTACATCGGAGA1
6032,CGAGTTACATGGTACT1
6033,CGAGTTAGTCGCATGC2
6034,CGAGTTAGTGGAGGTT2
6035,CGAGTTAGTGGAGGTT3
6036,CGAGTTAGTTCCAGGC2
6037,CGAGTTATCAATCTCT2
6038,CGAGTTATCAATCTCT3
6039,CGAGTTATCGCCAATA2
6040,CGAGTTATCGCCAATA3
6041,CGAGTTATCGGTCGGT3
6042,CGAGTTATCTGGTGGC2
6043,CGAGTTATCTGGTGGC3
6044,CGATCGGAGAGGTGCT1
6045,CGATCGGAGATACAGT3
6046,CGATCGGAGTGGATTA1
6047,CGATCGGAGTGGATTA2
6048,CGATCGGCAACAACAA2
6049,CGATCGGCAACAACAA3
6050,CGATCGGCAAGCCTGC2
6051,CGATCGGCAAGCCTGC3
6052,CGATCGGCACATGGTT1
6053,CGATCGGCACATGGTT2
6054,CGATCGGCAGGCGTTC3
6055,CGATCGGGTCATCTAG1
6056,CGATCGGGTCGTATGT1
6057,CGATCGGGTCGTATGT2
6058,CGATCGGGTGAATGAT2
6059,CGATCGGGTGAGCGAT2
6060,CGATCGGGTGAGCGAT3
6061,CGATCGGGTTACCTGA3
6062,CGATCGGGTTGGAGGT3
6063,CGATCGGTCGAGTTGT1
6064,CGATCGGTCGAGTTGT2
6065,CGATGCGAGACAACTA2
6066,CGATGCGAGCGGTAAC2
6067,CGATGCGAGGAACTAT3
6068,CGATGCGAGGGAGAAT2
6069,CGATGCGAGGGAGAAT3
6070,CGATGCGAGTAGACAT2
6071,CGATGCGAGTAGACAT3
6072,CGATGCGAGTAGGGTC1
6073,CGATGCGCAATGTCTG3
6074,CGATGCGCACGGCACT3
6075,CGATGCGCAGAACATA3
6076,CGATGCGCAGGCTACC2
6077,CGATGCGGTACTCAAC2
6078,CGATGCGGTACTCAAC3
6079,CGATGCGGTAGCGTCC3
6080,CGATGCGGTAGTGCGA3
6081,CGATGCGGTCCACGCA2
6082,CGATGCGGTCGCTTGG3
6083,CGATGCGGTTGGTAGG1
6084,CGATGCGTCTCTGACC2
6085,CGATGGCAGAGATTCA1
6086,CGATGGCAGAGATTCA2
6087,CGATGGCAGGTCTACT1
6088,CGATGGCAGGTCTACT2
6089,CGATGGCCACCTCGTT2
6090,CGATGGCCACCTCGTT3
6091,CGATGGCCATTCACCC2
6092,CGATGGCCATTCACCC3
6093,CGATGGCGTATGAAAC1
6094,CGATGGCGTATGAAAC2
6095,CGATGGCGTTCGGCGT1
6096,CGATGGCTCAAGCGTT2
6097,CGATGGCTCAAGCGTT3
6098,CGATGGCTCACCCTGT3
6099,CGATGGCTCATACAGC3
6100,CGATGGCTCCTCCACA2
6101,CGATGGCTCCTGGGAC1
6102,CGATGGCTCGAAACAA3
6103,CGATGGCTCTCGTCGT2
6104,CGATGGCTCTCGTCGT3
6105,CGCAGGTAGAGAGCAA2
6106,CGCAGGTAGAGAGCAA3
6107,CGCAGGTAGATCACCT2
6108,CGCAGGTAGATCACCT3
6109,CGCAGGTAGATCCTAC3
6110,CGCAGGTAGCATTGTC3
6111,CGCAGGTAGGGAGGTG2
6112,CGCAGGTAGGGAGGTG3
6113,CGCAGGTAGTATGGCG2
6114,CGCAGGTCAACCTATG2
6115,CGCAGGTCAACCTATG3
6116,CGCAGGTGTCAACACT2
6117,CGCAGGTGTCATACCA2
6118,CGCAGGTGTCATACCA3
6119,CGCAGGTGTCTGTGTA2
6120,CGCAGGTGTCTGTGTA3
6121,CGCAGGTGTTTCACTT2
6122,CGCAGGTTCCAAAGGG2
6123,CGCAGGTTCCAAAGGG3
6124,CGCAGGTTCCATCTCG3
6125,CGCAGGTTCCTTGGAA1
6126,CGCAGGTTCCTTGGAA2
6127,CGCATAAAGAGGTCGT2
6128,CGCATAAAGAGGTCGT3
6129,CGCATAAAGGAGCTGT3
6130,CGCATAAAGTCACTAC2
6131,CGCATAAAGTCACTAC3
6132,CGCATAACAACACAAA1
6133,CGCATAACAACACAAA2
6134,CGCATAACACCAATTG2
6135,CGCATAACACCAATTG3
6136,CGCATAAGTTCTTCAT1
6137,CGCATAAGTTCTTCAT2
6138,CGCATAATCAACTCTT3
6139,CGCATAATCAGTGTGT1
6140,CGCATAATCAGTGTGT2
6141,CGCATAATCCAGTGCG2
6142,CGCATAATCCAGTGCG3
6143,CGCATAATCCCTCAAC1
6144,CGCATAATCCCTCAAC2
6145,CGCATAATCCTTGGAA2
6146,CGCATAATCGTTTACT1
6147,CGCATGGAGCAACTCT2
6148,CGCATGGAGTGCGACA2
6149,CGCATGGAGTGCGACA3
6150,CGCATGGCAGGACAGT1
6151,CGCATGGCATCGAACT2
6152,CGCATGGCATCGAACT3
6153,CGCATGGGTTCGGGTC3
6154,CGCATGGTCCTTCGAC2
6155,CGCATGGTCCTTCGAC3
6156,CGCATGGTCGTCTAAG3
6157,CGCATGGTCTAAGCCA3
6158,CGCATGGTCTGACCCT2
6159,CGCATGGTCTGACCCT3
6160,CGCCAGAAGGGTACGT1
6161,CGCCAGACAACGCCCA1
6162,CGCCAGACAACGCCCA2
6163,CGCCAGACACAACGAG3
6164,CGCCAGAGTACCCACG1
6165,CGCCAGAGTTAGAGTA2
6166,CGCCAGATCATACGAC1
6167,CGCCAGATCATACGAC2
6168,CGCCAGATCCGCGATG3
6169,CGCCAGATCCTTCAGC3
6170,CGCCAGATCTGACGCG3
6171,CGCCATTAGATACATG2
6172,CGCCATTAGATACATG3
6173,CGCCATTAGTCAAGCG2
6174,CGCCATTGTGCTATTG2
6175,CGCCATTGTGCTATTG3
6176,CGCCATTGTGGAACAC2
6177,CGCCATTGTGGAACAC3
6178,CGCCATTGTTGATGTC2
6179,CGCCATTTCACAATGC1
6180,CGCCATTTCACAATGC2
6181,CGCCATTTCCTTCACG1
6182,CGCCATTTCCTTCACG2
6183,CGCCATTTCTCTGCTG2
6184,CGCCATTTCTCTGCTG3
6185,CGCGTGAAGCCTGTGC2
6186,CGCGTGAAGCCTGTGC3
6187,CGCGTGAAGCGGGTAT2
6188,CGCGTGAAGGCATCTT2
6189,CGCGTGAAGGCATCTT3
6190,CGCGTGAAGTAGCATA2
6191,CGCGTGAAGTAGCATA3
6192,CGCGTGACAAAGGCGT2
6193,CGCGTGACAAAGGCGT3
6194,CGCGTGACACGCGGTT1
6195,CGCGTGACAGTTCACA2
6196,CGCGTGACAGTTCACA3
6197,CGCGTGAGTATCGTGT3
6198,CGCGTGAGTTAGTCGT1
6199,CGCGTGAGTTAGTCGT2
6200,CGCGTGAGTTTCGCTC2
6201,CGCGTGAGTTTCGCTC3
6202,CGCGTGATCCGATCTC2
6203,CGCGTGATCCGATCTC3
6204,CGCGTGATCCGTGGCA1
6205,CGCGTGATCTCGACCT2
6206,CGCGTGATCTCGACCT3
6207,CGCGTGATCTGCTAGA2
6208,CGGAACCAGAACAGGA3
6209,CGGAACCAGAGTCCGA3
6210,CGGAACCAGCTCGTGC3
6211,CGGAACCAGTAAGAGG2
6212,CGGAACCAGTTGAAAC2
6213,CGGAACCCAAAGTATG2
6214,CGGAACCCAGCTACTA1
6215,CGGAACCCAGCTACTA2
6216,CGGAACCCATTGTAGC3
6217,CGGAACCGTAAGGCTG1
6218,CGGAACCGTAAGGCTG2
6219,CGGAACCGTCGTTCAA2
6220,CGGAACCGTGATAGTA1
6221,CGGAACCGTGATAGTA2
6222,CGGAACCGTGCTTATG1
6223,CGGAACCGTGTGTGTT2
6224,CGGAACCGTGTGTGTT3
6225,CGGAACCTCACGATAC1
6226,CGGAACCTCACGATAC2
6227,CGGAATTAGGGCCCTT1
6228,CGGAATTCAACCACAT1
6229,CGGAATTCAACCACAT2
6230,CGGAATTCAGACATCT2
6231,CGGAATTCAGACATCT3
6232,CGGAATTCAGAGAGGG2
6233,CGGAATTCAGAGAGGG3
6234,CGGAATTCATAAGCAA2
6235,CGGAATTCATAAGCAA3
6236,CGGAATTGTACACGCC1
6237,CGGAATTGTACACGCC2
6238,CGGAATTGTACGGTTT2
6239,CGGAATTGTCATCACA1
6240,CGGAATTGTCATCACA2
6241,CGGAATTGTCCGGACT1
6242,CGGAATTTCATTGCCC3
6243,CGGAATTTCCACAAGT1
6244,CGGAATTTCCACAAGT2
6245,CGGAATTTCTTCGTAT3
6246,CGGACACAGCCTCTTC3
6247,CGGACACAGTAATCCC2
6248,CGGACACAGTAATCCC3
6249,CGGACACCAATTCGTG3
6250,CGGACACGTCCGGACT1
6251,CGGACACGTCCGGACT2
6252,CGGACACGTGGTATGG2
6253,CGGACACGTTGGGAAC2
6254,CGGACACTCATGTCAG2
6255,CGGACACTCTCTATAC2
6256,CGGACACTCTCTATAC3
6257,CGGAGAAAGAGAGTTT3
6258,CGGAGAAAGAGCGACT1
6259,CGGAGAAAGAGTTGCG2
6260,CGGAGAAAGAGTTGCG3
6261,CGGAGAACAACAAGAT2
6262,CGGAGAACAACAAGAT3
6263,CGGAGAACAATAACCC1
6264,CGGAGAACAATAACCC2
6265,CGGAGAACACTTGGCG2
6266,CGGAGAACAGCTTCGG1
6267,CGGAGAACAGCTTCGG2
6268,CGGAGAACAGGAGGAG1
6269,CGGAGAACATATGAAG2
6270,CGGAGAACATATGAAG3
6271,CGGAGAAGTCAGCTTA3
6272,CGGAGAAGTGTGCCTG3
6273,CGGAGAATCGAAGCCC1
6274,CGGCAGTAGCACTCTA2
6275,CGGCAGTAGCACTCTA3
6276,CGGCAGTAGCGGTAGT2
6277,CGGCAGTAGCGGTAGT3
6278,CGGCAGTAGTGCCTCG3
6279,CGGCAGTCACGTGTGC2
6280,CGGCAGTCACGTGTGC3
6281,CGGCAGTCACTCAGAT2
6282,CGGCAGTCACTCAGAT3
6283,CGGCAGTGTAGGACTG3
6284,CGGCAGTGTGATTAGA2
6285,CGGCAGTGTGCCTACG3
6286,CGGCAGTGTTCCATTT2
6287,CGGCAGTGTTCCATTT3
6288,CGGCAGTTCCTCACTG3
6289,CGGCAGTTCGGTCGAC3
6290,CGGCAGTTCTGTGCGG1
6291,CGGGACTAGAATCGCG3
6292,CGGGACTAGCGACCCT3
6293,CGGGACTCAACCAACT1
6294,CGGGACTCAACCAACT2
6295,CGGGACTCACACCTAA2
6296,CGGGACTCACACCTAA3
6297,CGGGACTCACCGTCGA2
6298,CGGGACTCACCGTCGA3
6299,CGGGACTGTCAAATCC3
6300,CGGGACTGTTACGCCG3
6301,CGGGACTGTTAGGAGC3
6302,CGGGACTTCCTCAGGG3
6303,CGGGCATAGCCTAACT2
6304,CGGGCATAGCTCCGAC3
6305,CGGGCATCAATGCTCA1
6306,CGGGCATCAATGCTCA2
6307,CGGGCATCACGACGCT3
6308,CGGGCATCACGTAGTT2
6309,CGGGCATCACGTAGTT3
6310,CGGGCATCACTCCGAG2
6311,CGGGCATCACTCCGAG3
6312,CGGGCATCACTTCAAG2
6313,CGGGCATCACTTCAAG3
6314,CGGGCATCATCGGCCA2
6315,CGGGCATCATCGGCCA3
6316,CGGGCATGTGTCTTCC2
6317,CGGGCATGTGTGTCGC3
6318,CGGGCATTCCACACCT2
6319,CGGGCATTCCACACCT3
6320,CGGGCATTCTGTAAGC3
6321,CGGGTCAAGAGCCATG3
6322,CGGGTCAAGAGGATCC2
6323,CGGGTCAAGAGGATCC3
6324,CGGGTCAAGCATTTGC2
6325,CGGGTCAAGCATTTGC3
6326,CGGGTCAAGTATGAAC1
6327,CGGGTCACAAGACGAC2
6328,CGGGTCACACGCTGTG3
6329,CGGGTCACAGTCAGAG3
6330,CGGGTCATCACAAGAA2
6331,CGGGTCATCACAAGAA3
6332,CGGGTCATCAGACAAA1
6333,CGGGTCATCAGACAAA2
6334,CGGGTCATCCGAGCTG1
6335,CGGGTCATCCGAGCTG2
6336,CGGGTCATCTTGGATG2
6337,CGGGTCATCTTGGATG3
6338,CGGGTGTAGAGCCCAA3
6339,CGGGTGTAGCATAGGC1
6340,CGGGTGTAGCATAGGC2
6341,CGGGTGTAGCTATCTG3
6342,CGGGTGTAGTATTCCG1
6343,CGGGTGTAGTATTCCG2
6344,CGGGTGTCAACCAACT3
6345,CGGGTGTCACTCGATA1
6346,CGGGTGTCACTCGATA2
6347,CGGGTGTCAGCTACAT2
6348,CGGGTGTCAGCTACAT3
6349,CGGGTGTCAGCTATAC1
6350,CGGGTGTCAGCTCATA2
6351,CGGGTGTCAGCTCATA3
6352,CGGGTGTCAGTAGAAT2
6353,CGGGTGTCAGTAGAAT3
6354,CGGGTGTCATGTGCTA2
6355,CGGGTGTCATGTGCTA3
6356,CGGGTGTGTCGTACAT3
6357,CGGGTGTGTTAACAGA2
6358,CGGGTGTGTTAACAGA3
6359,CGGGTGTTCCAGCACG1
6360,CGGGTGTTCCAGCACG2
6361,CGGTCAGAGGGCTGAT2
6362,CGGTCAGAGGTATAGT1
6363,CGGTCAGAGGTCCCTG1
6364,CGGTCAGAGGTCCCTG2
6365,CGGTCAGAGTAGGCCA2
6366,CGGTCAGAGTAGGCCA3
6367,CGGTCAGAGTTGCCCG3
6368,CGGTCAGCAACAGATA3
6369,CGGTCAGCAACGTTAC2
6370,CGGTCAGGTAAGTTAG2
6371,CGGTCAGGTAAGTTAG3
6372,CGGTCAGGTATTGAGA3
6373,CGGTCAGGTCTTACTT3
6374,CGGTCAGTCGCACTCT3
6375,CGGTCAGTCTGGGATT3
6376,CGTAAGTAGGGCCAAT2
6377,CGTAAGTAGGGCCAAT3
6378,CGTAAGTAGTAATCCC3
6379,CGTAAGTCAAGAAATC2
6380,CGTAAGTCACCCTATC2
6381,CGTAAGTCACGGTGTC1
6382,CGTAAGTCAGGACGAT3
6383,CGTAAGTCATGATGCT3
6384,CGTAAGTGTCCTGAAT2
6385,CGTAAGTGTCCTGAAT3
6386,CGTAAGTGTGACAGGT2
6387,CGTAAGTGTTGCATGT2
6388,CGTAAGTGTTGCATGT3
6389,CGTAAGTTCTGGTGCG3
6390,CGTAAGTTCTTCCCGA2
6391,CGTAAGTTCTTCCCGA3
6392,CGTAATGAGCAGTAAT2
6393,CGTAATGAGCAGTAAT3
6394,CGTAATGCACTTGACA2
6395,CGTAATGCAGTAACCT2
6396,CGTAATGCAGTCTTCC2
6397,CGTAATGCAGTCTTCC3
6398,CGTAATGCATGTAACC3
6399,CGTAATGCATTCAGGT1
6400,CGTAATGCATTCAGGT2
6401,CGTAATGGTCCCTGTT3
6402,CGTAATGGTGCCGGTT1
6403,CGTAATGGTGCCGGTT2
6404,CGTAATGGTTCGGCCA1
6405,CGTAATGGTTCGGCCA2
6406,CGTAATGGTTGTACGT2
6407,CGTAATGTCCACAAGT2
6408,CGTAATGTCGTGCATA3
6409,CGTAATGTCGTTGTTT2
6410,CGTAGTAAGAATTCAG3
6411,CGTAGTACACCACTGG1
6412,CGTAGTACACCACTGG2
6413,CGTAGTAGTAACAGGC1
6414,CGTAGTAGTAACAGGC2
6415,CGTAGTATCATGGATC1
6416,CGTAGTATCATGGATC2
6417,CGTAGTATCGTAACAC2
6418,CGTAGTATCGTAACAC3
6419,CGTAGTATCTCAGTCC2
6420,CGTAGTATCTCAGTCC3
6421,CGTCAAAAGCTTTCTT2
6422,CGTCAAAAGCTTTCTT3
6423,CGTCAAACAAGGCGTA2
6424,CGTCAAACAAGGCGTA3
6425,CGTCAAACAGGACTTT2
6426,CGTCAAAGTAACCCTA3
6427,CGTCAAAGTGCGAGTA3
6428,CGTCAAATCCTTCGAC2
6429,CGTCAAATCCTTCGAC3
6430,CGTCAAATCGCCAATA2
6431,CGTCAAATCGGAGATG2
6432,CGTCAAATCGGAGATG3
6433,CGTCAAATCTCAACGA2
6434,CGTCAAATCTCATGCC2
6435,CGTCAAATCTCATGCC3
6436,CGTCCATAGGGTTTCT2
6437,CGTCCATAGGGTTTCT3
6438,CGTCCATAGTACAGAT1
6439,CGTCCATCACCGTCGA2
6440,CGTCCATCACCGTCGA3
6441,CGTCCATCAGTAGAGC2
6442,CGTCCATCATGTCAGT2
6443,CGTCCATGTCGATTCA1
6444,CGTCCATGTGATTCTG1
6445,CGTCCATGTTTCGCTC2
6446,CGTCCATGTTTCGCTC3
6447,CGTCCATTCACGGACC1
6448,CGTCCATTCACGGACC2
6449,CGTCCATTCCATACTT2
6450,CGTCCATTCGAACCTA3
6451,CGTCCATTCGATTCCC2
6452,CGTCCATTCGATTCCC3
6453,CGTGAATAGACGCAGT2
6454,CGTGAATAGAGTGACC2
6455,CGTGAATAGATAGGGA1
6456,CGTGAATAGATTGGGC2
6457,CGTGAATAGATTGGGC3
6458,CGTGAATAGGTACTGG3
6459,CGTGAATAGTCGGCCT1
6460,CGTGAATCAAGAGTAT2
6461,CGTGAATCATAATCGC3
6462,CGTGAATCATCCGTGG2
6463,CGTGAATCATCCGTGG3
6464,CGTGAATGTATGGGAC1
6465,CGTGAATTCACTGTCC2
6466,CGTGAATTCACTGTCC3
6467,CGTGAATTCGCCATAA3
6468,CGTGATAAGACATCCT3
6469,CGTGATAAGCTAGAAT1
6470,CGTGATACACACCTAA2
6471,CGTGATACACACCTAA3
6472,CGTGATACACTCCGAG3
6473,CGTGATACATAATCCG3
6474,CGTGATAGTGCCCTTT2
6475,CGTGATAGTGCCCTTT3
6476,CGTGATAGTGGATCGA3
6477,CGTGATAGTGGGTATG3
6478,CGTGATATCCCTCTCC2
6479,CGTGATATCTACCTTA2
6480,CGTGATATCTACCTTA3
6481,CGTGCTTAGGACGCTA3
6482,CGTGCTTAGGCATGCA2
6483,CGTGCTTAGGTATCTC3
6484,CGTGCTTCAATCTCTT2
6485,CGTGCTTCACGCTGCA3
6486,CGTGCTTCAGTCAACT1
6487,CGTGCTTGTCGGCTAC2
6488,CGTGCTTGTCGGCTAC3
6489,CGTGCTTGTGACTCTA1
6490,CGTGCTTGTGACTCTA2
6491,CGTGCTTTCGATTTCT2
6492,CGTGCTTTCTGTGCGG2
6493,CGTGTCTAGATGCTTC1
6494,CGTGTCTAGTTGAAGT1
6495,CGTGTCTCAGGACAGT2
6496,CGTGTCTCATGGCACC2
6497,CGTGTCTGTAGAGATT1
6498,CGTGTCTGTCCTCCAT1
6499,CGTGTCTGTCCTCCAT2
6500,CGTGTCTGTCTGTCCT2
6501,CGTGTCTGTCTGTCCT3
6502,CGTGTCTGTGTTGATC2
6503,CGTGTCTGTGTTGATC3
6504,CGTGTCTTCAGCAATC3
6505,CGTTAGAAGAGTTGTA2
6506,CGTTAGAAGAGTTGTA3
6507,CGTTAGAAGCACTTTG3
6508,CGTTAGAAGGTTCCGC3
6509,CGTTAGAAGTCGTCTA3
6510,CGTTAGAAGTGGTTGG3
6511,CGTTAGACAGGTGTTT1
6512,CGTTAGACAGGTGTTT2
6513,CGTTAGACATGATGCT3
6514,CGTTAGAGTACGTAGG2
6515,CGTTAGAGTACTGCCG1
6516,CGTTAGAGTACTGCCG2
6517,CGTTAGAGTATCGCAT2
6518,CGTTAGAGTATCGCAT3
6519,CGTTAGAGTCCAAATC2
6520,CGTTAGAGTCCAAATC3
6521,CGTTAGAGTGTAGTGG1
6522,CGTTAGAGTGTAGTGG2
6523,CGTTAGAGTTGAATCC2
6524,CGTTAGATCCACCTCA3
6525,CGTTAGATCCACTTTA1
6526,CGTTAGATCCACTTTA2
6527,CGTTAGATCCCATGGG2
6528,CGTTAGATCCCATGGG3
6529,CGTTCTGAGAGATGCC2
6530,CGTTCTGAGCCTCGTG3
6531,CGTTCTGAGGAACTAT2
6532,CGTTCTGAGGAACTAT3
6533,CGTTCTGCAGCTTTCC3
6534,CGTTCTGGTACACGCC2
6535,CGTTCTGGTACACGCC3
6536,CGTTCTGGTCAGGTAG1
6537,CGTTCTGGTCAGGTAG2
6538,CGTTCTGGTCGGTAAG2
6539,CGTTCTGGTCGGTAAG3
6540,CGTTCTGTCAACCTTT2
6541,CGTTCTGTCAACCTTT3
6542,CGTTCTGTCCTTTGAT1
6543,CGTTCTGTCGTTCCCA1
6544,CGTTCTGTCTCGCTCA3
6545,CGTTCTGTCTCTCGCA2
6546,CGTTCTGTCTCTCGCA3
6547,CGTTGGGAGAATACAC2
6548,CGTTGGGAGACTTCGT2
6549,CGTTGGGAGCACGATG2
6550,CGTTGGGAGCACGATG3
6551,CGTTGGGCACATATCG2
6552,CGTTGGGCACATATCG3
6553,CGTTGGGCAGCTACCG3
6554,CGTTGGGCAGTTTCGA2
6555,CGTTGGGCAGTTTCGA3
6556,CGTTGGGCATAGTCGT1
6557,CGTTGGGGTATGAAAC2
6558,CGTTGGGGTATGAAAC3
6559,CGTTGGGGTCATATGC1
6560,CGTTGGGGTCATATGC2
6561,CGTTGGGGTGCCGTTG2
6562,CGTTGGGTCGCAGTGC1
6563,CGTTGGGTCTGAGAAA2
6564,CTAACCCAGGATTCAA1
6565,CTAACCCAGGATTCAA2
6566,CTAACCCCACTGTTCC2
6567,CTAACCCCAGTTAGGG2
6568,CTAACCCCATCAGCGC3
6569,CTAACCCTCCAGCTCT2
6570,CTAACCCTCTCTCAAT2
6571,CTAACTTAGATGAAGG3
6572,CTAACTTAGCGGTAGT3
6573,CTAACTTCAGCTGTAT3
6574,CTAACTTGTAGCCAGA2
6575,CTAACTTGTAGCCAGA3
6576,CTAACTTGTCCAAGAG3
6577,CTAACTTGTGATACTC3
6578,CTAACTTGTGGAAGTC2
6579,CTAACTTGTGGAAGTC3
6580,CTAACTTGTGTATTGC2
6581,CTAACTTTCCGATCGG2
6582,CTAACTTTCCGATCGG3
6583,CTAACTTTCGGTTGTA2
6584,CTAACTTTCTCCGAGG1
6585,CTAACTTTCTCCGAGG2
6586,CTAAGTGAGTTCAACC1
6587,CTAAGTGAGTTCAACC2
6588,CTAAGTGCACAAATCC2
6589,CTAAGTGCACGAGAAC2
6590,CTAAGTGCACGAGAAC3
6591,CTAAGTGCACGGCACT2
6592,CTAAGTGGTCATAGTC3
6593,CTAAGTGGTTCTAACG2
6594,CTAAGTGGTTGTGGAG3
6595,CTAAGTGTCATCCTGC2
6596,CTAAGTGTCATCCTGC3
6597,CTACAGAAGACTTGTC1
6598,CTACAGAAGCCTCCAG3
6599,CTACAGAAGCGTGTCC1
6600,CTACAGAAGTTCAACC2
6601,CTACAGAAGTTTCGAC2
6602,CTACAGAAGTTTCGAC3
6603,CTACAGACAATCAAGA2
6604,CTACAGACAATCAAGA3
6605,CTACAGACACTGAATC3
6606,CTACAGACAGACGCTC3
6607,CTACAGACATTCATCT2
6608,CTACAGACATTCATCT3
6609,CTACAGAGTCAAGGCA3
6610,CTACAGAGTCCAACGC2
6611,CTACAGAGTCCAACGC3
6612,CTACAGAGTGTGTTTG2
6613,CTACAGAGTGTGTTTG3
6614,CTACAGATCGAGAAGC3
6615,CTACATTAGAGAGGGC2
6616,CTACATTAGTATTAGG3
6617,CTACATTCAAACTCTG3
6618,CTACATTCAGGGATAC2
6619,CTACATTCAGGGATAC3
6620,CTACATTCATATACCG2
6621,CTACATTGTACACGTT2
6622,CTACATTGTACACGTT3
6623,CTACATTGTATAGGGC1
6624,CTACATTGTGGGCTCT2
6625,CTACATTGTGGTTTAC2
6626,CTACATTTCAACGAGG2
6627,CTACATTTCAACGAGG3
6628,CTACATTTCAAGTAAG1
6629,CTACCCAAGCAATAAC1
6630,CTACCCAAGCGGGTAT2
6631,CTACCCAAGCGGGTAT3
6632,CTACCCAAGGGAGTTC2
6633,CTACCCAAGTAATACG2
6634,CTACCCAAGTAATACG3
6635,CTACCCAAGTATGGAT2
6636,CTACCCAAGTATGGAT3
6637,CTACCCACATACTGTG2
6638,CTACCCACATACTGTG3
6639,CTACCTGAGCGTGCCT2
6640,CTACCTGAGGAAAGGT2
6641,CTACCTGAGGAAAGGT3
6642,CTACCTGAGGTAAGTT2
6643,CTACCTGAGTTGTAAG2
6644,CTACCTGAGTTGTAAG3
6645,CTACCTGCACATGTTG2
6646,CTACCTGCACATGTTG3
6647,CTACCTGCACGCCACA3
6648,CTACCTGCAGCTCATA2
6649,CTACCTGCAGCTCATA3
6650,CTACCTGGTCTCAGGC3
6651,CTACCTGTCACGACTA1
6652,CTACCTGTCAGGCGAA2
6653,CTACCTGTCAGGCGAA3
6654,CTACGGGAGCTCAGAG2
6655,CTACGGGAGCTCAGAG3
6656,CTACGGGAGGTAGATT2
6657,CTACGGGAGGTAGATT3
6658,CTACGGGCAAATACAG2
6659,CTACGGGCAAATACAG3
6660,CTACGGGCACATATGC2
6661,CTACGGGCACATATGC3
6662,CTACGGGCACGCGCAT3
6663,CTACGGGCACTGTCGG1
6664,CTACGGGCATCCGCGA1
6665,CTACGGGGTCTCTCCA3
6666,CTACGGGTCCATCACC2
6667,CTACGGGTCGCTTGCT3
6668,CTACGGGTCGTCAACA1
6669,CTACTATAGAACCCGA1
6670,CTACTATAGAACCCGA2
6671,CTACTATAGTGGCAGT2
6672,CTACTATAGTGGCAGT3
6673,CTACTATCACAACGCC2
6674,CTACTATCACAACGCC3
6675,CTACTATCAGAACTTC1
6676,CTACTATCAGCGAACA2
6677,CTACTATCAGCGAACA3
6678,CTACTATCATTGAGGG3
6679,CTACTATGTCTGTGTA3
6680,CTACTATGTGCATTTG3
6681,CTACTATTCATCGCCT2
6682,CTACTATTCATCGCCT3
6683,CTACTATTCTCGACGG2
6684,CTAGACAAGACCAGCA2
6685,CTAGACAAGACCAGCA3
6686,CTAGACAAGCTGTTCA2
6687,CTAGACAAGCTGTTCA3
6688,CTAGACACACTTGAAC2
6689,CTAGACACACTTGAAC3
6690,CTAGACACATAGAATG2
6691,CTAGACACATAGAATG3
6692,CTAGACAGTACCTATG3
6693,CTAGACAGTCTCACAA3
6694,CTAGACAGTGACATCT2
6695,CTAGACAGTGACATCT3
6696,CTAGACAGTGCGTTTA1
6697,CTAGACATCTAACGGT2
6698,CTAGACATCTAACGGT3
6699,CTAGACATCTTGAACG2
6700,CTAGACATCTTGAACG3
6701,CTAGGTAAGACGCTCC2
6702,CTAGGTAAGACGCTCC3
6703,CTAGGTAAGCGTGAGT2
6704,CTAGGTAAGCGTGAGT3
6705,CTAGGTACAAATCCCA3
6706,CTAGGTAGTCACCGCA2
6707,CTAGGTAGTCACCGCA3
6708,CTAGGTAGTCTCTCAC3
6709,CTAGGTAGTCTGTGTA2
6710,CTAGGTAGTCTGTGTA3
6711,CTAGGTAGTTGGGAAC3
6712,CTAGGTATCAAGAGTA3
6713,CTAGGTATCATTTACC2
6714,CTAGGTATCATTTACC3
6715,CTATAGGAGAAAGCGA3
6716,CTATAGGAGACAACTA2
6717,CTATAGGAGACAACTA3
6718,CTATAGGAGCTACAAA3
6719,CTATAGGAGGTAGCCA3
6720,CTATAGGCAAAGGAGA3
6721,CTATAGGCACATAACC2
6722,CTATAGGCACATAACC3
6723,CTATAGGCAGGCATGA2
6724,CTATAGGCATGAAGCG2
6725,CTATAGGCATGAAGCG3
6726,CTATAGGGTCTACACA1
6727,CTATAGGGTTATCTTC2
6728,CTATAGGGTTATCTTC3
6729,CTATAGGTCCATCGTC3
6730,CTATAGGTCGACGTCG1
6731,CTATAGGTCTAAACGC1
6732,CTATAGGTCTAAACGC2
6733,CTATCCGAGTTAGTGA2
6734,CTATCCGAGTTAGTGA3
6735,CTATCCGCAACCAACT2
6736,CTATCCGCAATCCTTT1
6737,CTATCCGCAATCCTTT2
6738,CTATCCGCAGTAGTGG3
6739,CTATCCGTCAGATTGC2
6740,CTATCCGTCAGATTGC3
6741,CTATCCGTCCCTTTGG3
6742,CTATCCGTCGTCTACC2
6743,CTATCCGTCGTTATCT3
6744,CTATCCGTCTAGATCG2
6745,CTATCCGTCTAGATCG3
6746,CTATCTAAGGTACAGC3
6747,CTATCTAAGTCCCGAC2
6748,CTATCTAAGTCCCGAC3
6749,CTATCTACAACGTTAC2
6750,CTATCTACAACGTTAC3
6751,CTATCTACAAGCTGTT1
6752,CTATCTACAGTCTACA3
6753,CTATCTACATAGTCAC3
6754,CTATCTAGTCGTGATT2
6755,CTATCTAGTCGTGATT3
6756,CTATCTAGTGAAGCTG2
6757,CTATCTAGTGAAGCTG3
6758,CTATCTAGTGGGCTTC2
6759,CTATCTATCCCTCGAT2
6760,CTATCTATCCCTCGAT3
6761,CTATCTATCCGGTAGC1
6762,CTATCTATCCGGTAGC2
6763,CTATCTATCGGCAGTC3
6764,CTCAACCAGAAAGCGA1
6765,CTCAACCAGCCTATCA2
6766,CTCAACCAGCCTATCA3
6767,CTCAACCAGCGCATCC2
6768,CTCAACCAGCGCATCC3
6769,CTCAACCAGTAGACAT2
6770,CTCAACCAGTAGACAT3
6771,CTCAACCCAAGGTCAG1
6772,CTCAACCCAAGGTCAG2
6773,CTCAACCCACAGCCTG2
6774,CTCAACCCACAGCCTG3
6775,CTCAACCCACAGTACT2
6776,CTCAACCCATAGTCAC2
6777,CTCAACCCATAGTCAC3
6778,CTCAACCGTAGTGATA1
6779,CTCAACCGTCAACGCC3
6780,CTCAACCGTCGTCGGT3
6781,CTCAACCGTGATACTC2
6782,CTCAACCGTGATACTC3
6783,CTCAACCGTGCAAGAC3
6784,CTCAACCGTGCGGATA3
6785,CTCAACCTCAGTGTCA1
6786,CTCAACCTCAGTGTCA2
6787,CTCAACCTCCCAAGTA2
6788,CTCAACCTCCCAAGTA3
6789,CTCAACCTCTCGCTTG3
6790,CTCAAGAAGCCATGCC1
6791,CTCAAGAAGGAATGTT1
6792,CTCAAGAAGGGACTGT2
6793,CTCAAGAAGGGACTGT3
6794,CTCAAGAAGTCCCGAC1
6795,CTCAAGAAGTTACGTC2
6796,CTCAAGAAGTTACGTC3
6797,CTCAAGACAAACACCT1
6798,CTCAAGACAAGCCCAC2
6799,CTCAAGACAAGCCCAC3
6800,CTCAAGACACCCTTGT1
6801,CTCAAGACACCCTTGT2
6802,CTCAAGACAGGAGACT2
6803,CTCAAGACAGGAGACT3
6804,CTCAAGACATGAAGCG1
6805,CTCAAGACATGAAGCG2
6806,CTCAAGACATGGAATA2
6807,CTCAAGACATGGCACC3
6808,CTCAAGAGTACTGAGG3
6809,CTCAAGAGTCACGTGC1
6810,CTCAAGAGTCTCGACG1
6811,CTCAAGAGTTAAGGAT3
6812,CTCAAGAGTTACACAC2
6813,CTCAAGAGTTACACAC3
6814,CTCAAGATCGAACGGA3
6815,CTCAATTAGACCAGAC1
6816,CTCAATTAGACCAGAC2
6817,CTCAATTAGATAGCAT2
6818,CTCAATTAGATAGCAT3
6819,CTCAATTAGGGATCGT2
6820,CTCAATTAGTCTTGGT1
6821,CTCAATTAGTCTTGGT2
6822,CTCAATTAGTCTTGGT3
6823,CTCAATTCAACAAGAT3
6824,CTCAATTCAGCGTGCT3
6825,CTCAATTCAGCTGGTC2
6826,CTCAATTCAGCTGGTC3
6827,CTCAATTGTAATCAGA2
6828,CTCAATTGTAATCAGA3
6829,CTCAATTGTCATTGCA2
6830,CTCAATTGTCATTGCA3
6831,CTCAATTGTGGTCTGC2
6832,CTCAATTGTGGTCTGC3
6833,CTCAATTGTTGCCGAC1
6834,CTCAATTGTTGCCGAC2
6835,CTCAATTTCAAGTGGG2
6836,CTCAATTTCAAGTGGG3
6837,CTCAATTTCAGTCAGT1
6838,CTCACTGAGCGACAGT2
6839,CTCACTGAGCGACAGT3
6840,CTCACTGAGGATCATA2
6841,CTCACTGAGGTTACCT2
6842,CTCACTGAGGTTACCT3
6843,CTCACTGAGTGAGGCT3
6844,CTCACTGAGTTCCAGT1
6845,CTCACTGAGTTCCAGT2
6846,CTCACTGGTACTCAAC1
6847,CTCACTGGTACTCAAC2
6848,CTCACTGGTTGCATGT2
6849,CTCACTGGTTGCATGT3
6850,CTCACTGTCAGTCAGT3
6851,CTCACTGTCGAAGCCC1
6852,CTCACTGTCGCCGAGT2
6853,CTCAGAAAGGACTAAT2
6854,CTCAGAAAGGTAAGAG3
6855,CTCAGAACAGAGGACT2
6856,CTCAGAAGTCGTTGGC1
6857,CTCAGAAGTCGTTGGC2
6858,CTCAGAAGTGAGAGGG3
6859,CTCAGAAGTGCATTTG3
6860,CTCAGAATCAACTGGT2
6861,CTCAGAATCAACTGGT3
6862,CTCAGAATCGAGTGAG2
6863,CTCAGAATCGAGTGAG3
6864,CTCAGAATCTAGATCG1
6865,CTCAGAATCTAGATCG2
6866,CTCAGGGAGCGAGGAG3
6867,CTCAGGGAGTATCTGC3
6868,CTCAGGGCAGGTGTGA1
6869,CTCAGGGGTATAATGG3
6870,CTCAGGGGTATCTTCT3
6871,CTCAGGGGTCACTCGG2
6872,CTCAGGGGTCACTCGG3
6873,CTCAGGGGTTAAACCC3
6874,CTCAGGGGTTAGGCTT1
6875,CTCAGGGGTTGCTCGG1
6876,CTCAGGGGTTGCTCGG2
6877,CTCAGGGGTTGTGCCG2
6878,CTCAGGGTCTCCACTG3
6879,CTCAGTCAGTACGTCT3
6880,CTCAGTCAGTCCTGTA3
6881,CTCAGTCCAATTTCTC2
6882,CTCAGTCCAATTTCTC3
6883,CTCAGTCCAGCGCGTT3
6884,CTCAGTCCAGGTGAGT1
6885,CTCAGTCCAGGTGAGT2
6886,CTCAGTCCAGTGGGTA2
6887,CTCAGTCCAGTGGGTA3
6888,CTCAGTCTCCTTTGAT2
6889,CTCATCGAGTCTAGAA3
6890,CTCATCGCAAATCAGA2
6891,CTCATCGCAAATCAGA3
6892,CTCATCGCACTCAGAT2
6893,CTCATCGCACTCAGAT3
6894,CTCATCGCAGACTCTA1
6895,CTCATCGCAGACTCTA2
6896,CTCATCGCATTGGCAT2
6897,CTCATCGCATTGGCAT3
6898,CTCATCGGTGCTAGCC3
6899,CTCATCGTCAAGCCCG2
6900,CTCATCGTCAAGCCCG3
6901,CTCATGCAGACAGCGT1
6902,CTCATGCAGACAGCGT2
6903,CTCATGCAGACATATG1
6904,CTCATGCAGACATATG2
6905,CTCATGCAGGGAGATA3
6906,CTCATGCAGTGGTGGT2
6907,CTCATGCAGTGGTGGT3
6908,CTCATGCAGTTGCGAG1
6909,CTCATGCAGTTGCGAG2
6910,CTCATGCCAAGGTCGA1
6911,CTCATGCCAGGACTAG2
6912,CTCATGCCAGGACTAG3
6913,CTCATGCCAGGTCAGA2
6914,CTCATGCCAGGTCAGA3
6915,CTCATGCGTAGTATAG3
6916,CTCATGCGTGGCTACC2
6917,CTCATGCGTGGCTACC3
6918,CTCATGCGTTCGGCGT3
6919,CTCATGCTCATGGTAC3
6920,CTCATTAAGAGTGAAG2
6921,CTCATTAAGCGAATGC1
6922,CTCATTAAGCGAATGC2
6923,CTCATTAAGTAATTGG2
6924,CTCATTAAGTGGTTGG2
6925,CTCATTAAGTGGTTGG3
6926,CTCATTACAGCGGTTC2
6927,CTCATTACAGCGGTTC3
6928,CTCATTACAGTGTACT2
6929,CTCATTACAGTGTACT3
6930,CTCATTAGTTAGAGAT2
6931,CTCATTAGTTAGGCCC3
6932,CTCATTATCCCTTGGT2
6933,CTCATTATCCCTTGGT3
6934,CTCCAACAGAAGTATC2
6935,CTCCAACAGAAGTATC3
6936,CTCCAACAGGTTCCAT3
6937,CTCCAACCAAGAGTAT2
6938,CTCCAACCAAGAGTAT3
6939,CTCCAACCAGCTGTAT2
6940,CTCCAACCAGCTGTAT3
6941,CTCCAACGTAACCCTA1
6942,CTCCAACGTAACCCTA2
6943,CTCCAACGTAGACACG3
6944,CTCCAACGTCAGGAGT3
6945,CTCCAACGTCTCTCAC3
6946,CTCCAACGTCTGATAC1
6947,CTCCAACGTCTGATAC2
6948,CTCCAACGTGAGGCAT2
6949,CTCCAACTCATTGCTT2
6950,CTCCAACTCATTGCTT3
6951,CTCCAACTCCACCCTA1
6952,CTCCAACTCCACCCTA2
6953,CTCCAACTCCTGGTCT2
6954,CTCCAACTCTCTTGCG3
6955,CTCCAACTCTTGAACG2
6956,CTCCAACTCTTGAACG3
6957,CTCCACAAGAACGTGC3
6958,CTCCACAAGACCACGA2
6959,CTCCACAAGACCACGA3
6960,CTCCACAAGAGCAAGA1
6961,CTCCACAAGCAGTACG2
6962,CTCCACAAGGCAATGC2
6963,CTCCACAAGGCAATGC3
6964,CTCCACAAGGCGACAT2
6965,CTCCACAAGGCGACAT3
6966,CTCCACAAGTACCGGA2
6967,CTCCACAAGTACCGGA3
6968,CTCCACACAGATAAAC3
6969,CTCCACACATAACGGG1
6970,CTCCACACATAACGGG2
6971,CTCCACACATGGCGCT2
6972,CTCCACACATGGCGCT3
6973,CTCCACATCAAACTGC3
6974,CTCCACATCGTGCACG1
6975,CTCCACATCTACTGAG2
6976,CTCCACATCTACTGAG3
6977,CTCCATGAGGGCCTCT3
6978,CTCCATGGTGACTGTT2
6979,CTCCATGGTGTTCGAT2
6980,CTCCATGGTGTTCGAT3
6981,CTCCATGTCAGATGCT2
6982,CTCCATGTCCTAGCGG1
6983,CTCCATGTCGCCTAGG2
6984,CTCCATGTCTAGATCG2
6985,CTCCATGTCTAGATCG3
6986,CTCCCAAAGAGCCGAT3
6987,CTCCCAAAGAGTGTTA2
6988,CTCCCAAAGAGTGTTA3
6989,CTCCCAAAGTAAGAGG3
6990,CTCCCAACACCCAACG2
6991,CTCCCAACACCCAACG3
6992,CTCCCAACACGTCGTG2
6993,CTCCCAACACGTCGTG3
6994,CTCCCAACAGTCGTTA1
6995,CTCCCAAGTAAGCAAT3
6996,CTCCCAAGTGGTTTAC1
6997,CTCCCAAGTGGTTTAC2
6998,CTCCCAATCAAGCCAT3
6999,CTCCCAATCGAAGCCC2
7000,CTCCCAATCGACATTG3
7001,CTCCCAATCTGCCCTA1
7002,CTCCCTCAGCCATTCA1
7003,CTCCCTCAGCGCTGCT2
7004,CTCCCTCAGTATAACG2
7005,CTCCCTCAGTATAACG3
7006,CTCCCTCAGTCGCCCA2
7007,CTCCCTCAGTCGCCCA3
7008,CTCCCTCAGTTTGGCT2
7009,CTCCCTCAGTTTGGCT3
7010,CTCCCTCCAAAGGCGT2
7011,CTCCCTCCAAAGGCGT3
7012,CTCCCTCCAAATCAAG1
7013,CTCCCTCCAAATCGGG2
7014,CTCCCTCCAAATCGGG3
7015,CTCCCTCCAATAACGA1
7016,CTCCCTCCAATAACGA2
7017,CTCCCTCCACCACATA1
7018,CTCCCTCCACTTGTGA1
7019,CTCCCTCCACTTGTGA2
7020,CTCCCTCCACTTGTGA3
7021,CTCCCTCGTCCGATCG3
7022,CTCCCTCGTCGGAAAC1
7023,CTCCCTCGTGCCAAGA1
7024,CTCCCTCGTGCCAAGA2
7025,CTCCCTCTCCCGATCT2
7026,CTCCCTCTCCCGATCT3
7027,CTCCCTCTCCGCACTT1
7028,CTCCCTCTCCGCGGAT1
7029,CTCCCTCTCCGGTAAT3
7030,CTCCCTCTCCTAGCGG1
7031,CTCCGATAGGCATGCA1
7032,CTCCGATAGGCATGCA2
7033,CTCCGATCAACAGTGG2
7034,CTCCGATCAACAGTGG3
7035,CTCCGATCACGCGTGT2
7036,CTCCGATCACGCGTGT3
7037,CTCCGATCAGCAGATG3
7038,CTCCGATGTTCATCTT2
7039,CTCCGATGTTCATCTT3
7040,CTCCGATGTTCTCTAT2
7041,CTCCGATGTTCTCTAT3
7042,CTCCGATTCCATAGGT2
7043,CTCCGATTCCATAGGT3
7044,CTCCGATTCGACTCCT3
7045,CTCCGATTCGGCTGTG3
7046,CTCCGATTCGTGGGAA1
7047,CTCCGATTCGTGGGAA2
7048,CTCCGATTCTGGCCGA3
7049,CTCCTCCAGACCAACG2
7050,CTCCTCCAGACCAACG3
7051,CTCCTCCAGGTTTGAA2
7052,CTCCTCCAGGTTTGAA3
7053,CTCCTCCAGTTTGAGA3
7054,CTCCTCCCAAATGCTC2
7055,CTCCTCCCAATCAGCT2
7056,CTCCTCCCAATCAGCT3
7057,CTCCTCCCAGGCCTGT2
7058,CTCCTCCCAGGCCTGT3
7059,CTCCTCCCATGGCGCT2
7060,CTCCTCCCATGGCGCT3
7061,CTCCTCCGTACACGCC3
7062,CTCCTCCGTCGTGATT2
7063,CTCCTCCGTCGTGATT3
7064,CTCCTCCTCGCTAAAC1
7065,CTCCTCCTCGCTGATA2
7066,CTCCTCCTCGCTGATA3
7067,CTCCTTTAGATGTTCC2
7068,CTCCTTTAGATGTTCC3
7069,CTCCTTTAGCCTGAGA1
7070,CTCCTTTAGCCTGAGA2
7071,CTCCTTTAGCGTCGAA1
7072,CTCCTTTAGCGTCGAA2
7073,CTCCTTTAGTAACAGT2
7074,CTCCTTTCAAGGCGTA2
7075,CTCCTTTCAAGGCGTA3
7076,CTCCTTTCATAATGAG2
7077,CTCCTTTCATAATGAG3
7078,CTCCTTTCATGAATCC3
7079,CTCCTTTGTCTTTCTA2
7080,CTCCTTTGTCTTTCTA3
7081,CTCCTTTGTGAGTGAC3
7082,CTCCTTTTCAATCTCT2
7083,CTCCTTTTCAATCTCT3
7084,CTCCTTTTCACCCTTG3
7085,CTCCTTTTCCGAAATC1
7086,CTCCTTTTCCGAAATC2
7087,CTCCTTTTCGCAAGAG2
7088,CTCCTTTTCGCAAGAG3
7089,CTCCTTTTCGGACGTC1
7090,CTCCTTTTCGGACGTC2
7091,CTCCTTTTCTAGACCA2
7092,CTCCTTTTCTAGACCA3
7093,CTCGAGGCAACAACAA1
7094,CTCGAGGCAACAACAA2
7095,CTCGAGGGTGAACGGT3
7096,CTCGAGGTCCCAATAG2
7097,CTCGAGGTCTCCCAAC1
7098,CTCTCAGAGAAGCCAC3
7099,CTCTCAGAGCAGCCCT2
7100,CTCTCAGAGCAGCCCT3
7101,CTCTCAGAGGCCCGTT1
7102,CTCTCAGAGGCCCGTT2
7103,CTCTCAGCACAAAGTA2
7104,CTCTCAGCAGGGAATC3
7105,CTCTCAGCAGGTGTGA2
7106,CTCTCAGCAGGTGTGA3
7107,CTCTCAGCATATTCGG2
7108,CTCTCAGCATATTCGG3
7109,CTCTCAGCATCGTGCG1
7110,CTCTCAGCATCGTGCG2
7111,CTCTCAGGTGACAGGT2
7112,CTCTCAGGTGACAGGT3
7113,CTCTCAGTCCGCCTAT1
7114,CTCTCAGTCCGCCTAT2
7115,CTCTCAGTCCTATTTG2
7116,CTCTCAGTCCTATTTG3
7117,CTCTCAGTCTAGGCAT1
7118,CTCTCGAAGGGCTAAC3
7119,CTCTCGAAGTCTACCA3
7120,CTCTCGACAAGTGGCA3
7121,CTCTCGACATCCGATA2
7122,CTCTCGACATCCGATA3
7123,CTCTCGAGTCGATGCC1
7124,CTCTCGAGTGCTCTTC1
7125,CTCTCGAGTGCTCTTC2
7126,CTCTCGAGTTACCGTA2
7127,CTCTCGAGTTACCGTA3
7128,CTCTCGATCATAGCAC3
7129,CTCTCGATCCCAGCGA3
7130,CTCTCGATCGACGACC2
7131,CTCTCGATCGACGACC3
7132,CTCTCGATCGATGCTA1
7133,CTCTCGATCGGTATGT3
7134,CTCTGGTAGAGGGTAA2
7135,CTCTGGTAGAGGGTAA3
7136,CTCTGGTAGGCCTGCT1
7137,CTCTGGTAGGCCTGCT2
7138,CTCTGGTCACGGCACT2
7139,CTCTGGTCACGGCACT3
7140,CTCTGGTTCATACAGC3
7141,CTCTGGTTCCACGAAT1
7142,CTCTGGTTCCGGTTCT3
7143,CTCTGGTTCGCTGACG2
7144,CTGAATGAGAGAATCT3
7145,CTGAATGAGATTGCGG3
7146,CTGAATGAGCAGAAAG1
7147,CTGAATGAGCAGAAAG2
7148,CTGAATGAGGCTTAAA2
7149,CTGAATGAGGTCCTGC3
7150,CTGAATGAGGTGCCAA2
7151,CTGAATGAGTCTCCTC2
7152,CTGAATGAGTCTCCTC3
7153,CTGAATGCAAGGGTCA3
7154,CTGAATGCACCTCTGT3
7155,CTGAATGCACGTACAT2
7156,CTGAATGCACGTACAT3
7157,CTGAATGCAGCACACC1
7158,CTGAATGGTCTAACTG3
7159,CTGAATGGTTGAGGAC2
7160,CTGAATGTCACTGATG2
7161,CTGAATGTCACTGATG3
7162,CTGAATGTCCGATGTA2
7163,CTGAATGTCCGATGTA3
7164,CTGAATGTCTCTCAAT1
7165,CTGAATGTCTCTCAAT2
7166,CTGAATGTCTGGGTCG1
7167,CTGAATGTCTGGGTCG2
7168,CTGAGCGAGACGCATG3
7169,CTGAGCGAGCCGATCC2
7170,CTGAGCGAGCCGATCC3
7171,CTGAGCGAGCGTTCAT2
7172,CTGAGCGAGCTCAGAG2
7173,CTGAGCGAGCTCAGAG3
7174,CTGAGCGGTCGGCTAC2
7175,CTGAGCGGTCGGCTAC3
7176,CTGAGCGGTGAGCGAT1
7177,CTGAGCGGTTGTTTGG2
7178,CTGAGCGGTTGTTTGG3
7179,CTGAGCGTCCAAATGC2
7180,CTGAGCGTCGAATCCA1
7181,CTGAGGCAGCCACAAG2
7182,CTGAGGCAGCCACAAG3
7183,CTGAGGCAGTCATGCT3
7184,CTGAGGCCAGGCTTGC3
7185,CTGAGGCGTGCTCCGA3
7186,CTGAGGCTCCGAGATT2
7187,CTGAGGCTCTTCGTGC3
7188,CTGATCCAGGCACTAG2
7189,CTGATCCAGGCACTAG3
7190,CTGATCCAGGGAGGCA1
7191,CTGATCCCAAACCGGA3
7192,CTGATCCCAAACTGCT2
7193,CTGATCCCAAACTGCT3
7194,CTGATCCCACAAATAG1
7195,CTGATCCCATTCAGCA2
7196,CTGATCCCATTCAGCA3
7197,CTGATCCGTATCAGCT3
7198,CTGATCCGTTAGAAAC2
7199,CTGATCCTCGCTACAA3
7200,CTGATCCTCTTCACAT3
7201,CTGATCCTCTTCCCAG1
7202,CTGATCCTCTTCCCAG2
7203,CTGCAGGAGATTAGTG1
7204,CTGCAGGAGATTAGTG2
7205,CTGCAGGAGGGCGAGA2
7206,CTGCAGGGTACTCCGG2
7207,CTGCAGGGTACTCCGG3
7208,CTGCAGGGTGTGACCC1
7209,CTGCAGGTCAGCTCTC2
7210,CTGCAGGTCAGCTCTC3
7211,CTGCAGGTCCAAGAGG2
7212,CTGCAGGTCCAAGAGG3
7213,CTGCAGGTCCCACAGG3
7214,CTGCAGGTCTAGTCAG3
7215,CTGCATCAGTTGTCGT1
7216,CTGCATCAGTTGTCGT2
7217,CTGCATCAGTTTGAGA2
7218,CTGCATCAGTTTGAGA3
7219,CTGCATCCAAGAAATC3
7220,CTGCATCCAATGAAAC1
7221,CTGCATCCACCCTAGG2
7222,CTGCATCCAGCGACAA2
7223,CTGCATCCAGCGACAA3
7224,CTGCATCGTATTGACC2
7225,CTGCATCGTATTGACC3
7226,CTGCATCGTGTCTTCC2
7227,CTGCATCGTGTCTTCC3
7228,CTGCATCTCCAGTACA2
7229,CTGCATCTCCAGTACA3
7230,CTGCATCTCTTGGATG3
7231,CTGCCATAGACCTCCG2
7232,CTGCCATAGACCTCCG3
7233,CTGCCATAGAGATGCC2
7234,CTGCCATAGAGATGCC3
7235,CTGCCATAGCCAAGTG1
7236,CTGCCATAGCCAAGTG2
7237,CTGCCATCAAATACGA1
7238,CTGCCATCAAATACGA2
7239,CTGCCATCACGACTAT1
7240,CTGCCATCACGTTCGG1
7241,CTGCCATCACGTTCGG2
7242,CTGCCATCAGGTTCGC1
7243,CTGCCATCAGGTTCGC2
7244,CTGCCATCAGTAGTGG2
7245,CTGCCATCATTGTAGC3
7246,CTGCCATGTATTTCCT1
7247,CTGCCATGTATTTCCT2
7248,CTGCCATGTCTGTCAA3
7249,CTGCCATTCTCAACCC1
7250,CTGCCATTCTTCTAAC3
7251,CTGCCTAAGAAAGCGA2
7252,CTGCCTAAGAAAGCGA3
7253,CTGCCTAAGATCGCTT2
7254,CTGCCTAAGCAGGGAG2
7255,CTGCCTAAGCGCCATC2
7256,CTGCCTAAGCGCCATC3
7257,CTGCCTAAGTTGAATG3
7258,CTGCCTACACAAGTTC1
7259,CTGCCTACACAAGTTC2
7260,CTGCCTACAGAGGCAT2
7261,CTGCCTACAGAGGCAT3
7262,CTGCCTAGTACATTGC2
7263,CTGCCTAGTACATTGC3
7264,CTGCCTAGTACGATGG2
7265,CTGCCTAGTACGATGG3
7266,CTGCCTAGTCATGCAT3
7267,CTGCCTAGTTGTGGCC3
7268,CTGCGAGAGACAGTCG3
7269,CTGCGAGAGCTGTGCC1
7270,CTGCGAGAGCTGTGCC2
7271,CTGCGAGAGGCGAAGG3
7272,CTGCGAGAGGTGAGAA2
7273,CTGCGAGAGGTGAGAA3
7274,CTGCGAGCAAGATGGC1
7275,CTGCGAGCAAGATGGC2
7276,CTGCGAGCACGTAGTT1
7277,CTGCGAGGTAGGCTGA2
7278,CTGCGAGGTCTGCAAT3
7279,CTGCGAGGTGCCTAAT2
7280,CTGCGAGGTGCCTAAT3
7281,CTGCGAGGTTTGGGTT3
7282,CTGCGAGTCCCGATCT2
7283,CTGCGAGTCCCGATCT3
7284,CTGCGAGTCTTAATCC1
7285,CTGCGAGTCTTAATCC2
7286,CTGCTCAAGACGACTG1
7287,CTGCTCAAGAGATCGC3
7288,CTGCTCACAACTGAAA3
7289,CTGCTCACACATTCTT2
7290,CTGCTCACAGTTAAAG1
7291,CTGCTCACATCTGTTT1
7292,CTGCTCACATCTGTTT2
7293,CTGCTCACATCTGTTT3
7294,CTGCTCAGTAGACTGG1
7295,CTGCTCAGTAGGTCAG2
7296,CTGCTCATCACCTGTC2
7297,CTGCTCATCACCTGTC3
7298,CTGCTCATCTCGCGTT1
7299,CTGCTCATCTCGCGTT2
7300,CTGGACGAGACGTCCC1
7301,CTGGACGAGATGGTCG1
7302,CTGGACGAGCCACAAG1
7303,CTGGACGAGCCACAAG2
7304,CTGGACGAGGACTATA2
7305,CTGGACGAGTGCAGGT1
7306,CTGGACGAGTGCAGGT2
7307,CTGGACGCAACAAGTA3
7308,CTGGACGCACTGGACC1
7309,CTGGACGCATACCACA2
7310,CTGGACGCATGAGAAT3
7311,CTGGACGCATGTTTGG3
7312,CTGGACGGTCTTGGTA2
7313,CTGGACGGTCTTGGTA3
7314,CTGGACGGTGGGTATG1
7315,CTGGACGGTTGCGTAT3
7316,CTGGACGTCCATCTAT2
7317,CTGGACGTCCTACCGT2
7318,CTGGACGTCCTACCGT3
7319,CTGGACGTCGAACACT2
7320,CTGGACGTCGAACACT3
7321,CTGGACGTCTGTTGGA3
7322,CTGGCAGAGAAGCTCG2
7323,CTGGCAGAGCGCGTTC2
7324,CTGGCAGAGTCGAAGC1
7325,CTGGCAGCACAGAGAC2
7326,CTGGCAGCACTATCGA1
7327,CTGGCAGCACTATCGA2
7328,CTGGCAGCAGAACTTC1
7329,CTGGCAGCAGAAGTTA2
7330,CTGGCAGCAGAAGTTA3
7331,CTGGCAGCATGACACT3
7332,CTGGCAGCATGGGAAC1
7333,CTGGCAGCATGGGAAC2
7334,CTGGCAGGTCTTGTCC1
7335,CTGGCAGGTCTTGTCC2
7336,CTGGCAGGTTCGGGTC3
7337,CTGGTCTAGGCAGTCA1
7338,CTGGTCTAGGCAGTCA2
7339,CTGGTCTAGTCACTGT2
7340,CTGGTCTAGTCACTGT3
7341,CTGGTCTCAACTTCTT1
7342,CTGGTCTCAATCGCGC2
7343,CTGGTCTCAATCGCGC3
7344,CTGGTCTCACAACATC3
7345,CTGGTCTCACGCGTGT2
7346,CTGGTCTCACGCGTGT3
7347,CTGGTCTCACTTACAG2
7348,CTGGTCTCACTTACAG3
7349,CTGGTCTCAGAGCTAG1
7350,CTGGTCTGTACTGGGA2
7351,CTGGTCTGTACTGGGA3
7352,CTGGTCTTCTCTGCCA1
7353,CTGGTCTTCTCTGCCA2
7354,CTGTACCAGAGGGTCT3
7355,CTGTACCAGCACAAAT2
7356,CTGTACCAGGGCGAGA1
7357,CTGTACCAGGGCGAGA2
7358,CTGTACCAGTGCACTT2
7359,CTGTACCAGTGCACTT3
7360,CTGTACCCAGGAGGAG2
7361,CTGTACCCAGGAGGAG3
7362,CTGTACCCAGTCTTCC3
7363,CTGTACCGTATGAAGT2
7364,CTGTACCGTATGAAGT3
7365,CTGTACCGTCCTACAA3
7366,CTGTACCGTTCGGTTA2
7367,CTGTACCGTTCGGTTA3
7368,CTGTACCTCAGACCCG2
7369,CTGTACCTCAGACCCG3
7370,CTGTACCTCAGCTCTC2
7371,CTGTACCTCATTGTTC2
7372,CTGTACCTCCCTTGTG2
7373,CTGTACCTCCCTTGTG3
7374,CTGTACCTCTCTAAGG3
7375,CTGTACCTCTTGAGCA2
7376,CTGTAGAAGATTGTGA1
7377,CTGTAGAAGATTGTGA2
7378,CTGTAGAAGCCTAACT3
7379,CTGTAGAAGGGCTGAT3
7380,CTGTAGACAACCGACC3
7381,CTGTAGACAGACGCTC3
7382,CTGTAGACATCGGCCA3
7383,CTGTAGAGTCAGACTT2
7384,CTGTAGAGTCAGACTT3
7385,CTGTAGATCCAATCTT2
7386,CTGTAGATCCAATCTT3
7387,CTGTAGATCTGTCGTC2
7388,CTGTAGATCTGTCGTC3
7389,CTGTATTAGGGAGGTG3
7390,CTGTATTAGGGTGAGG3
7391,CTGTATTAGTTGGCTT3
7392,CTGTATTCAACAGATA2
7393,CTGTATTCAACAGATA3
7394,CTGTATTCACGGCGTT1
7395,CTGTATTCACGGCGTT2
7396,CTGTATTCAGAAGTTA2
7397,CTGTATTGTACTAACC1
7398,CTGTATTGTACTAACC2
7399,CTGTATTGTACTCCGG2
7400,CTGTATTGTACTCCGG3
7401,CTGTATTGTGATACAA1
7402,CTGTATTGTTCTGAGT2
7403,CTGTCGTAGAATCGCG2
7404,CTGTCGTAGCGAGTCA2
7405,CTGTCGTAGTAAACAC1
7406,CTGTCGTCACTGAGGA1
7407,CTGTCGTGTCGATTAC1
7408,CTGTCGTGTCGATTAC2
7409,CTGTCGTGTCGATTAC3
7410,CTGTCGTGTTCTTGCC2
7411,CTGTCGTGTTCTTGCC3
7412,CTGTCGTTCAGATGCT3
7413,CTGTCGTTCCCTTGTG2
7414,CTGTCGTTCCCTTGTG3
7415,CTGTCGTTCCGCAGTG2
7416,CTGTCGTTCTGTGCAA3
7417,CTGTCGTTCTTGAACG1
7418,CTGTGAAAGACAACAT2
7419,CTGTGAAAGACAACAT3
7420,CTGTGAAAGCTGTTAC1
7421,CTGTGAAAGCTGTTAC2
7422,CTGTGAAAGTAGAATC2
7423,CTGTGAAAGTAGAATC3
7424,CTGTGAAAGTTGTAAG2
7425,CTGTGAAAGTTGTAAG3
7426,CTGTGAACAGCGACAA3
7427,CTGTGAAGTGAGGCAT3
7428,CTGTGAAGTTGCCGCA3
7429,CTGTGAATCAAGCGTT2
7430,CTGTGAATCAATGCAC3
7431,CTGTGAATCACCCTGT1
7432,CTGTGAATCACCCTGT2
7433,CTGTGAATCCGCGGAT2
7434,CTGTGAATCCGCGGAT3
7435,CTGTGAATCTGTCTCG1
7436,CTGTGGGAGACCCTTA1
7437,CTGTGGGAGACCCTTA2
7438,CTGTGGGAGGACAACC2
7439,CTGTGGGAGGACAACC3
7440,CTGTGGGCAGGGACTA3
7441,CTGTGGGGTCTTCCGT3
7442,CTGTGGGGTTTCGACA2
7443,CTGTGGGTCTCCTGAC2
7444,CTGTGGGTCTCCTGAC3
7445,CTGTGGGTCTCGCCTA1
7446,CTGTGGGTCTCGCCTA2
7447,CTGTGGGTCTGAACGT3
7448,CTTACCGAGACATAGT1
7449,CTTACCGCAGACGGAT3
7450,CTTACCGCAGCGGATA1
7451,CTTACCGCAGCGGATA2
7452,CTTACCGCAGGTCAAG3
7453,CTTACCGCATCATCTT2
7454,CTTACCGCATCATCTT3
7455,CTTACCGGTACCTATG2
7456,CTTACCGGTACCTATG3
7457,CTTACCGGTCGCACGT2
7458,CTTACCGGTCGCACGT3
7459,CTTACCGGTTATAGAG3
7460,CTTACCGTCAGTAGGG2
7461,CTTACCGTCAGTAGGG3
7462,CTTACCGTCCCTTGTG1
7463,CTTACCGTCGAGTCCG3
7464,CTTAGGAAGAGTTCGG3
7465,CTTAGGAAGCGACTGA3
7466,CTTAGGACAAAGGCGT1
7467,CTTAGGACATACCAGT2
7468,CTTAGGACATACCAGT3
7469,CTTAGGACATGCCGAC1
7470,CTTAGGAGTAGATGTA2
7471,CTTAGGAGTAGATGTA3
7472,CTTAGGAGTATTGCCA2
7473,CTTAGGAGTATTGCCA3
7474,CTTAGGAGTCCTGGGT2
7475,CTTAGGAGTCCTGGGT3
7476,CTTAGGAGTGAACCGA2
7477,CTTAGGAGTGAACCGA3
7478,CTTAGGAGTGCCTAAT1
7479,CTTAGGATCCACAGGC1
7480,CTTAGGATCCACAGGC2
7481,CTTAGGATCCTCACCA1
7482,CTTCAATAGAGAGGTA2
7483,CTTCAATAGCTCCACG1
7484,CTTCAATAGCTCCACG2
7485,CTTCAATAGGAGGTTC1
7486,CTTCAATAGGAGGTTC2
7487,CTTCAATAGTACAGCG2
7488,CTTCAATAGTACAGCG3
7489,CTTCAATAGTAGCTCT2
7490,CTTCAATAGTAGCTCT3
7491,CTTCAATCAGCGTTTA2
7492,CTTCAATCAGCGTTTA3
7493,CTTCAATCATTACTCT3
7494,CTTCAATGTATAGCTC3
7495,CTTCAATGTTACGATC3
7496,CTTCAATGTTGTATGC2
7497,CTTCAATGTTGTATGC3
7498,CTTCAATTCAGTCACA2
7499,CTTCAATTCAGTCACA3
7500,CTTCAATTCCAACCGG3
7501,CTTCCGAAGGATTCAA2
7502,CTTCCGAAGGATTCAA3
7503,CTTCCGAAGTCATACC3
7504,CTTCCGAAGTGCGCTC2
7505,CTTCCGAAGTGCGCTC3
7506,CTTCCGACAAATCGTC2
7507,CTTCCGACAAATCGTC3
7508,CTTCCGACAGAACTTC1
7509,CTTCCGACATCGCCTT2
7510,CTTCCGACATCGCCTT3
7511,CTTCCGAGTAGCGTTT1
7512,CTTCCGAGTATCGCAT3
7513,CTTCCGAGTGCGACAA2
7514,CTTCCGATCACCTGTC3
7515,CTTCCGATCCATAGGT1
7516,CTTCCTTAGCACTCCG1
7517,CTTCCTTAGCCAGTAG2
7518,CTTCCTTAGCCAGTAG3
7519,CTTCCTTAGCCTAACT2
7520,CTTCCTTAGGAGTACC2
7521,CTTCCTTAGTCTAGCT3
7522,CTTCCTTCAAAGGATT2
7523,CTTCCTTCAGAGGTAC3
7524,CTTCCTTCAGCACCCA1
7525,CTTCCTTCAGTCTACA2
7526,CTTCCTTCAGTCTACA3
7527,CTTCCTTGTAGCTGAG3
7528,CTTCCTTGTGCACAAG3
7529,CTTCCTTGTGCATTAC1
7530,CTTCCTTGTGCATTAC2
7531,CTTCCTTGTTATCTGG3
7532,CTTCCTTGTTGCGGCT2
7533,CTTCCTTGTTGCGGCT3
7534,CTTCCTTGTTTCGGCG2
7535,CTTCCTTGTTTCGGCG3
7536,CTTCCTTTCAGCAATC2
7537,CTTCCTTTCAGCAATC3
7538,CTTCGGTAGCAGTAAT1
7539,CTTCGGTAGCAGTAAT2
7540,CTTCGGTCAATCGAAA2
7541,CTTCGGTCAGCCGTTG2
7542,CTTCGGTCAGCCGTTG3
7543,CTTCGGTCATCGGATT2
7544,CTTCGGTCATCGGATT3
7545,CTTCGGTGTATAATGG2
7546,CTTCGGTGTATCGTTG1
7547,CTTCGGTGTATCGTTG2
7548,CTTCGGTGTATCTCGA1
7549,CTTCGGTGTATCTCGA2
7550,CTTCGGTGTGAGTAAT3
7551,CTTCGGTGTTGCGGAA2
7552,CTTCGGTTCCACACCT2
7553,CTTCGGTTCCACACCT3
7554,CTTCGGTTCCGAAGGA2
7555,CTTCGGTTCCGAAGGA3
7556,CTTCGGTTCGCGTAGC3
7557,CTTCTAAAGATTAGCA1
7558,CTTCTAAAGATTAGCA2
7559,CTTCTAAAGCATATGA1
7560,CTTCTAAAGCATATGA2
7561,CTTCTAAAGGCATTTC2
7562,CTTCTAAAGGCATTTC3
7563,CTTCTAACAATCTCGA2
7564,CTTCTAACAGAGGGTT3
7565,CTTCTAAGTTACGCCG1
7566,CTTCTAAGTTACGCCG2
7567,CTTCTAATCACCTCGT3
7568,CTTCTAATCTTCTGGC2
7569,CTTCTCTAGAGAGCGG3
7570,CTTCTCTAGATACTGA1
7571,CTTCTCTAGATACTGA2
7572,CTTCTCTAGCCTGGAA1
7573,CTTCTCTAGCCTGGAA2
7574,CTTCTCTAGTAAGGGA3
7575,CTTCTCTAGTGAGGTC1
7576,CTTCTCTAGTGAGGTC2
7577,CTTCTCTCAAACTAAG1
7578,CTTCTCTCACAAGTGG3
7579,CTTCTCTCACGGTGTC1
7580,CTTCTCTCACTCCTGT2
7581,CTTCTCTCACTCCTGT3
7582,CTTCTCTCAGTATTCG1
7583,CTTCTCTCAGTATTCG2
7584,CTTCTCTCAGTATTCG3
7585,CTTCTCTCATCGTTCC2
7586,CTTCTCTCATCGTTCC3
7587,CTTCTCTGTAAGATAC3
7588,CTTGAGAAGAACTCCT2
7589,CTTGAGAAGCCTCTTC3
7590,CTTGAGAAGTTGTACC1
7591,CTTGAGACAGAACTCT3
7592,CTTGAGACAGAGAATT1
7593,CTTGAGACAGAGAATT2
7594,CTTGAGACAGTGGCTC1
7595,CTTGAGAGTGGAAATT2
7596,CTTGAGAGTGGAAATT3
7597,CTTGAGATCCATGATG2
7598,CTTGAGATCCATGATG3
7599,CTTGAGATCCTACAAG1
7600,CTTGATTAGCGAGTAC3
7601,CTTGATTCAGAGGTAC2
7602,CTTGATTGTAGCGATG3
7603,CTTGATTGTGCCGTAC2
7604,CTTGATTGTGCCGTAC3
7605,CTTGATTGTGTGTGTT2
7606,CTTGATTTCGGTAGAG2
7607,CTTGATTTCGGTAGAG3
7608,CTTTCAAAGCATCTTG1
7609,CTTTCAACACTACACA2
7610,CTTTCAACACTACACA3
7611,CTTTCAACAGGCTACC2
7612,CTTTCAACAGGCTACC3
7613,CTTTCAACATGTTACG2
7614,CTTTCAAGTCAAATCC1
7615,CTTTCAAGTCAAATCC2
7616,CTTTCAAGTTAGGGAC2
7617,CTTTCAAGTTAGGGAC3
7618,CTTTCAATCCAACTAG2
7619,CTTTCAATCTACCTTA2
7620,CTTTCGGAGGACGCTA3
7621,CTTTCGGAGGCAGGGA2
7622,CTTTCGGCATGAAGCG2
7623,CTTTCGGCATGAAGCG3
7624,CTTTCGGGTATAATGG2
7625,CTTTCGGGTCATATGC2
7626,CTTTCGGGTCATATGC3
7627,CTTTCGGTCACAGAGG1
7628,CTTTCGGTCACAGAGG2
7629,CTTTCGGTCCGCTGTT2
7630,CTTTCGGTCCGCTGTT3
7631,CTTTCGGTCGCAACAT1
7632,CTTTCGGTCGCCGAAC1
7633,GAAACCTAGAGAGGGC1
7634,GAAACCTAGAGAGGGC2
7635,GAAACCTAGCAACAAT2
7636,GAAACCTAGCAACAAT3
7637,GAAACCTAGCTCCCTT3
7638,GAAACCTAGGAAGTCC2
7639,GAAACCTAGGAAGTCC3
7640,GAAACCTAGGGCAATC1
7641,GAAACCTAGGGCAATC2
7642,GAAACCTAGTTCATCG2
7643,GAAACCTAGTTCATCG3
7644,GAAACCTCATCATTGG2
7645,GAAACCTCATCATTGG3
7646,GAAACCTGTGGACTGA2
7647,GAAACCTGTGGCAGAT3
7648,GAAACCTGTGTCCCTT2
7649,GAAACCTGTGTCCCTT3
7650,GAAACCTGTTACGTAC3
7651,GAAACCTTCAGTGCGC2
7652,GAAACCTTCGACCTAA1
7653,GAAACCTTCGACCTAA2
7654,GAAATGAAGCAAATGT2
7655,GAAATGAAGCACGTCC3
7656,GAAATGAAGGGAACAA2
7657,GAAATGACAATACCCA3
7658,GAAATGACACCGTCGA2
7659,GAAATGACACCGTCGA3
7660,GAAATGACACGCGCTA2
7661,GAAATGACACGCGCTA3
7662,GAAATGAGTAGAGTTA1
7663,GAAATGAGTTAAGAAC2
7664,GAAATGATCATTGCTT3
7665,GAAATGATCTACAGGT3
7666,GAACACTAGACGAAGA2
7667,GAACACTAGACGAAGA3
7668,GAACACTAGGCAGTCA3
7669,GAACACTCAAATGCGG1
7670,GAACACTCAACGCCCA2
7671,GAACACTCAACGCCCA3
7672,GAACACTCAGACCTGC2
7673,GAACACTCAGACCTGC3
7674,GAACACTCAGCTGTCG1
7675,GAACACTCAGCTGTCG2
7676,GAACACTCAGGACAGT1
7677,GAACACTCAGGACAGT2
7678,GAACACTCATGCAGCC2
7679,GAACACTGTAAGATCA2
7680,GAACACTGTAAGATCA3
7681,GAACACTGTCGTCTCT3
7682,GAACACTGTCTACAGT2
7683,GAACACTGTCTACAGT3
7684,GAACACTGTGCTCGTG3
7685,GAACACTGTTCCAAAC1
7686,GAACACTGTTCCAAAC2
7687,GAACACTGTTGACTGT1
7688,GAACACTGTTGACTGT2
7689,GAACACTGTTGCCGAC3
7690,GAACACTTCCTAGCGG3
7691,GAACACTTCGCTCTCA2
7692,GAACACTTCGGTCGAC1
7693,GAACACTTCGGTCGAC2
7694,GAACGTTAGTGCCCGT3
7695,GAACGTTCAAGAGGTC2
7696,GAACGTTCAAGAGGTC3
7697,GAACGTTCAATCTAGC3
7698,GAACGTTCACCGTGAC2
7699,GAACGTTCACCGTGAC3
7700,GAACGTTGTATGCTTG2
7701,GAACGTTGTATGCTTG3
7702,GAACGTTGTTAGGGTG1
7703,GAACGTTGTTGACTGT3
7704,GAACGTTGTTGTTGTG2
7705,GAACGTTTCACGGAGA2
7706,GAACGTTTCACGGAGA3
7707,GAACGTTTCAGACAAA3
7708,GAACGTTTCGCGTCGA3
7709,GAACGTTTCGCTGCGA2
7710,GAACGTTTCTCTGACC3
7711,GAACTGTAGGCTCAAG2
7712,GAACTGTAGGCTCAAG3
7713,GAACTGTAGGTTGGTG2
7714,GAACTGTAGGTTGGTG3
7715,GAACTGTCAACGATTC2
7716,GAACTGTCAACGATTC3
7717,GAACTGTCAATGACCT2
7718,GAACTGTCAATGACCT3
7719,GAACTGTCACAGCATT2
7720,GAACTGTCACAGCATT3
7721,GAACTGTCAGAGCTAG2
7722,GAACTGTCAGAGCTAG3
7723,GAACTGTCAGAGGCAT3
7724,GAACTGTGTCGACTTA2
7725,GAACTGTGTCGACTTA3
7726,GAACTGTGTTGTTTGG3
7727,GAACTGTTCACTCGAA2
7728,GAACTGTTCACTCGAA3
7729,GAACTGTTCCCGTAAA2
7730,GAACTGTTCCCGTAAA3
7731,GAACTGTTCTCCACTG1
7732,GAACTGTTCTCCGAAA2
7733,GAACTGTTCTCCGAAA3
7734,GAAGAATAGAGTCAGC3
7735,GAAGAATAGAGTTGCG2
7736,GAAGAATAGAGTTGCG3
7737,GAAGAATAGTATGAGT2
7738,GAAGAATAGTATGAGT3
7739,GAAGAATCACACCAGC3
7740,GAAGAATCAGTTAGGG1
7741,GAAGAATCATTGTGCA2
7742,GAAGAATGTCAGTCGC1
7743,GAAGAATGTCAGTCGC2
7744,GAAGAATTCAGTCCGG3
7745,GAAGAATTCCACCTCA1
7746,GAAGAATTCCACCTCA2
7747,GAAGAATTCCCTCGTA2
7748,GAAGAATTCCCTCGTA3
7749,GAAGCCCAGGCTTAAA3
7750,GAAGCCCCAACCCTCT2
7751,GAAGCCCCACCCAATA2
7752,GAAGCCCCAGCTTCGG1
7753,GAAGCCCCAGCTTCGG2
7754,GAAGCCCGTCAGTCGC3
7755,GAAGCCCGTGGACTGA1
7756,GAAGCCCGTGGACTGA2
7757,GAAGCCCTCGGCCTTT2
7758,GAAGCCCTCTGACGCG2
7759,GAAGCCCTCTGACGCG3
7760,GAAGCGAAGCGAGGAG1
7761,GAAGCGAAGCGAGGAG2
7762,GAAGCGAAGCGTTGTT3
7763,GAAGCGACACTTTAGG2
7764,GAAGCGAGTCAAGCCC1
7765,GAAGCGAGTCCGATCG2
7766,GAAGCGAGTCCGATCG3
7767,GAAGCGAGTGCGACAA3
7768,GAAGCGATCAGAGTGG2
7769,GAAGCGATCCAAACCA1
7770,GAAGCGATCCAAACCA2
7771,GAAGCGATCCCGAGAC3
7772,GAAGCGATCGCGTGAC2
7773,GAAGCGATCGCGTGAC3
7774,GAAGCGATCTGCATGA2
7775,GAAGCGATCTGCATGA3
7776,GAAGGACCAACTGCCG3
7777,GAAGGACCACGCGGTT2
7778,GAAGGACCACGCGGTT3
7779,GAAGGACCACTGGACC3
7780,GAAGGACGTAGCTGTT2
7781,GAAGGACGTAGCTGTT3
7782,GAAGGGTAGAGCAGCT2
7783,GAAGGGTAGAGCAGCT3
7784,GAAGGGTAGGGCCTCT2
7785,GAAGGGTAGGGCCTCT3
7786,GAAGGGTAGGTGCAGT3
7787,GAAGGGTCAACTACGT1
7788,GAAGGGTCAACTACGT2
7789,GAAGGGTCAGCGCTTG3
7790,GAAGGGTGTACTCGAT1
7791,GAAGGGTGTATAGCTC2
7792,GAAGGGTGTATAGCTC3
7793,GAAGGGTGTATCGAAA1
7794,GAAGGGTGTATCGAAA2
7795,GAAGGGTTCGTGGACC1
7796,GAAGGGTTCGTGGACC2
7797,GAAGGGTTCTAGTGTG2
7798,GAAGGGTTCTCGCTTG2
7799,GAAGGGTTCTCGCTTG3
7800,GAAGTAAAGAACCGCA2
7801,GAAGTAAAGAACCGCA3
7802,GAAGTAAAGCGATGGT2
7803,GAAGTAAAGGACGCTA3
7804,GAAGTAAAGGCAGTCA3
7805,GAAGTAACAGGTGAGT1
7806,GAAGTAAGTCTCTCCA2
7807,GAAGTAAGTCTCTCCA3
7808,GAAGTAAGTGCGGATA1
7809,GAAGTAAGTGCGGATA2
7810,GAAGTAAGTGTTCGAT1
7811,GAAGTAAGTGTTCGAT2
7812,GAAGTAATCAGAATAG1
7813,GAAGTAATCCACGGGT2
7814,GAAGTAATCCACGGGT3
7815,GAAGTAATCCTGTAAG1
7816,GAAGTAATCGACACTA1
7817,GAAGTAATCGTTGTAG3
7818,GAATAGAAGCAGCACA3
7819,GAATAGAAGCCGATCC3
7820,GAATAGACAGCAATTC2
7821,GAATAGACAGCAATTC3
7822,GAATAGACATAACAGA1
7823,GAATAGACATAACAGA2
7824,GAATAGACATATCTCT3
7825,GAATAGAGTAGATCCT3
7826,GAATAGAGTGATGTAA2
7827,GAATAGAGTTACCGTA3
7828,GAATAGAGTTAGGCTT2
7829,GAATAGATCGCATTGA2
7830,GAATAGATCGCATTGA3
7831,GAATAGATCGTGTTCC3
7832,GAATCACAGCAGCAGT3
7833,GAATCACAGCAGGTCA1
7834,GAATCACAGCTAGAGC1
7835,GAATCACAGGAATTAC3
7836,GAATCACAGGAGCAAA3
7837,GAATCACAGGCATCTT3
7838,GAATCACAGGGTCTTT2
7839,GAATCACCACAGTGAG1
7840,GAATCACCACAGTGAG2
7841,GAATCACGTCTGGTTA2
7842,GAATCACGTCTGGTTA3
7843,GAATCACGTGACCGTC2
7844,GAATCACGTGACCGTC3
7845,GAATCACGTGCCCTTT2
7846,GAATCACGTGCCCTTT3
7847,GAATCACGTGTGTGTT2
7848,GAATCACGTGTGTGTT3
7849,GAATCACTCGGACAAG2
7850,GAATCACTCGGTGCAC1
7851,GAATCACTCGGTGCAC2
7852,GAATCACTCTCGTCAC1
7853,GAATCACTCTCGTCAC2
7854,GAATCGTAGATCGCCC1
7855,GAATCGTAGATCGCCC2
7856,GAATCGTAGTCTCGTA1
7857,GAATCGTAGTCTCGTA2
7858,GAATCGTCAACGTATC1
7859,GAATCGTCAACGTATC2
7860,GAATCGTCAATACAGA1
7861,GAATCGTCACTTGTCC2
7862,GAATCGTCACTTGTCC3
7863,GAATCGTCAGAACATA1
7864,GAATCGTCATGGAATA3
7865,GAATCGTGTTATTCCT2
7866,GAATCGTTCCGTAGTA2
7867,GAATCGTTCCGTAGTA3
7868,GACACGCAGGATGCGT3
7869,GACACGCAGTCTAACC2
7870,GACACGCAGTCTAACC3
7871,GACACGCAGTTCATCG2
7872,GACACGCAGTTCATCG3
7873,GACACGCCAAAGCTAA3
7874,GACACGCCACAGCGCT2
7875,GACACGCCACAGCGCT3
7876,GACACGCCACGCCAGT2
7877,GACACGCCACGCCAGT3
7878,GACACGCCAGACCCGT2
7879,GACACGCCAGACCCGT3
7880,GACACGCCATCTGTTT2
7881,GACACGCCATTGACTG2
7882,GACACGCCATTGACTG3
7883,GACACGCGTATTTCTC3
7884,GACACGCGTCATTGCA2
7885,GACACGCGTCGAAGCA3
7886,GACACGCGTCTCGCGA2
7887,GACACGCGTTGATGTC1
7888,GACACGCGTTGATGTC2
7889,GACACGCTCCCTCGAT2
7890,GACACGCTCCCTCGAT3
7891,GACACGCTCCGCTGTT3
7892,GACACGCTCGCCAACG1
7893,GACACGCTCGTTCAGA2
7894,GACACGCTCGTTCAGA3
7895,GACACGCTCTATGTGG3
7896,GACACGCTCTTCTGGC2
7897,GACAGCCAGATAGTGT2
7898,GACAGCCAGCGAGTAC2
7899,GACAGCCAGCGAGTAC3
7900,GACAGCCAGTGCTCGC2
7901,GACAGCCAGTGCTCGC3
7902,GACAGCCCATATACCG1
7903,GACAGCCGTCAATGGG3
7904,GACAGCCGTCCACACG1
7905,GACAGCCGTCCACACG2
7906,GACAGCCTCTAGCATG2
7907,GACAGCCTCTAGCATG3
7908,GACATCACATACAGGG2
7909,GACATCACATACAGGG3
7910,GACATCACATATTCGG3
7911,GACATCAGTACCTATG3
7912,GACATCAGTAGAATAC2
7913,GACATCAGTGAGCGAT2
7914,GACATCAGTGAGCGAT3
7915,GACATCAGTTTGTTGG2
7916,GACATCAGTTTGTTGG3
7917,GACATCATCCGTAATG2
7918,GACATCATCCGTAATG3
7919,GACCAATAGCAACCAG2
7920,GACCAATAGCAACCAG3
7921,GACCAATCAACCGGAA2
7922,GACCAATCAACCGGAA3
7923,GACCAATCAATTAGGA3
7924,GACCAATCACGGATCC2
7925,GACCAATCACGGATCC3
7926,GACCAATCACTGTCGG3
7927,GACCAATCAGAAGCGT2
7928,GACCAATCAGAAGCGT3
7929,GACCAATCAGCTGAGA1
7930,GACCAATCAGCTGAGA2
7931,GACCAATCATCAGCGC2
7932,GACCAATCATCAGCGC3
7933,GACCAATCATGCCATA2
7934,GACCAATCATGCCATA3
7935,GACCAATGTCTACAGT2
7936,GACCAATGTCTACAGT3
7937,GACCAATTCAAGGACG2
7938,GACCAATTCATCGACA2
7939,GACCAATTCATCGACA3
7940,GACCAATTCCATCTAT3
7941,GACCAATTCCGAAATC3
7942,GACCAATTCGGAAGGT3
7943,GACCAATTCGTTATCT2
7944,GACCAATTCGTTATCT3
7945,GACCCAGAGATAACGT2
7946,GACCCAGAGATAACGT3
7947,GACCCAGAGCGATGCA2
7948,GACCCAGCAAGTCATC2
7949,GACCCAGCAAGTCATC3
7950,GACCCAGCACAGTATC2
7951,GACCCAGCACAGTATC3
7952,GACCCAGCACCTTCCA3
7953,GACCCAGCACTGCATA2
7954,GACCCAGCACTGCATA3
7955,GACCCAGCAGGCGTTC2
7956,GACCCAGCATAGACTC1
7957,GACCCAGGTACGAAAT2
7958,GACCCAGGTACGAAAT3
7959,GACCCAGGTATCGGTT2
7960,GACCCAGGTATCGGTT3
7961,GACCCAGGTCCGGTGT3
7962,GACCCAGGTCTAATCG2
7963,GACCCAGGTGGCTAGA3
7964,GACCCAGGTTCCGTTC1
7965,GACCCAGGTTCCGTTC2
7966,GACCCAGTCCTCTCGA2
7967,GACCCAGTCCTCTCGA3
7968,GACCCAGTCGCTTGCT1
7969,GACCCAGTCTAGATCG3
7970,GACCCAGTCTCGGTAA2
7971,GACCCAGTCTCGGTAA3
7972,GACCCAGTCTGCGTCT1
7973,GACCCAGTCTGCGTCT2
7974,GACCCAGTCTGGGCAC2
7975,GACCCAGTCTGGGCAC3
7976,GACCCAGTCTTGGAAC1
7977,GACCCAGTCTTGGAAC2
7978,GACCCTTAGCAACTTC2
7979,GACCCTTAGCAACTTC3
7980,GACCCTTAGCATGTTC2
7981,GACCCTTAGCATGTTC3
7982,GACCCTTAGCGCGTTC2
7983,GACCCTTAGCGCGTTC3
7984,GACCCTTCACTGATTG2
7985,GACCCTTCACTGATTG3
7986,GACCCTTCAGAAGCGT2
7987,GACCCTTCAGAAGCGT3
7988,GACCCTTGTGTTCAGT3
7989,GACCCTTTCCTTCTGG3
7990,GACCCTTTCGACCAAT2
7991,GACCCTTTCGACCAAT3
7992,GACCCTTTCGAGAGCA3
7993,GACCCTTTCTAACGCA2
7994,GACCCTTTCTAACGCA3
7995,GACCCTTTCTAGCCTC2
7996,GACCCTTTCTAGCCTC3
7997,GACCCTTTCTCGTGAA2
7998,GACCCTTTCTCGTGAA3
7999,GACCCTTTCTGCTTAT1
8000,GACCGTGAGAAGATCT2
8001,GACCGTGAGAAGATCT3
8002,GACCGTGAGAGCCGTA2
8003,GACCGTGAGAGCCGTA3
8004,GACCGTGAGATGACAT2
8005,GACCGTGAGATGACAT3
8006,GACCGTGAGCACGTCC2
8007,GACCGTGAGGCGATAC2
8008,GACCGTGAGGCGATAC3
8009,GACCGTGAGTGGACTG2
8010,GACCGTGAGTGGACTG3
8011,GACCGTGCAACAACAA2
8012,GACCGTGCAACAACAA3
8013,GACCGTGCACTTGAGT3
8014,GACCGTGCAGCGAGTA2
8015,GACCGTGCAGCGAGTA3
8016,GACCGTGCAGTGGCTC2
8017,GACCGTGCAGTGGCTC3
8018,GACCGTGTCACTGGGC2
8019,GACCGTGTCACTGGGC3
8020,GACCGTGTCGAGTACT2
8021,GACCGTGTCGCGCCAA1
8022,GACCGTGTCGCGCCAA2
8023,GACCGTGTCGGTTCAA3
8024,GACCTTCCACCACTGG2
8025,GACCTTCCACCACTGG3
8026,GACCTTCGTACGTACT3
8027,GACCTTCGTAGTAAGT2
8028,GACCTTCGTATCATGC3
8029,GACCTTCGTGACTCTA3
8030,GACCTTCTCCCAAGTA2
8031,GACCTTCTCCCAAGTA3
8032,GACCTTCTCGCGTAGC2
8033,GACCTTCTCGCGTAGC3
8034,GACCTTCTCTGGACCG2
8035,GACGCTGAGGCTTAAA1
8036,GACGCTGAGTGCACCC1
8037,GACGCTGAGTGCACCC2
8038,GACGCTGCAATAGTCC1
8039,GACGCTGCAATAGTCC2
8040,GACGCTGCATGATAGA2
8041,GACGCTGCATGATAGA3
8042,GACGCTGGTAACGTTC2
8043,GACGCTGGTAGCTGTT2
8044,GACGCTGGTAGCTGTT3
8045,GACGCTGGTTTACGTG2
8046,GACGCTGGTTTACGTG3
8047,GACGCTGTCACGTAGT1
8048,GACGCTGTCATGCGGC3
8049,GACGCTGTCGTAGTGT3
8050,GACGCTGTCTATCCAT2
8051,GACGCTGTCTATCCAT3
8052,GACGTTAAGCAGTCTT1
8053,GACGTTAAGCAGTCTT2
8054,GACGTTAAGCTTTCCC1
8055,GACGTTAAGCTTTCCC2
8056,GACGTTAAGTTACGTC2
8057,GACGTTAAGTTACGTC3
8058,GACGTTAAGTTGTCAC1
8059,GACGTTAAGTTGTCAC2
8060,GACGTTACATCCGTGG1
8061,GACGTTACATCCGTGG2
8062,GACGTTAGTGGCTTGC3
8063,GACGTTAGTTGTCCCT1
8064,GACGTTAGTTGTCCCT2
8065,GACTATGAGCCTGAGA2
8066,GACTATGAGCCTGAGA3
8067,GACTATGAGTCGCGAA2
8068,GACTATGAGTCGCGAA3
8069,GACTATGGTATCGCTA3
8070,GACTATGTCCATCTAT2
8071,GACTATGTCCATCTAT3
8072,GACTATGTCGAGTCCG1
8073,GACTATGTCGCCAGAC3
8074,GACTCAAAGACTCTTG2
8075,GACTCAAAGACTCTTG3
8076,GACTCAAAGCAGGTCA2
8077,GACTCAAAGCAGGTCA3
8078,GACTCAAAGGTAGCAC3
8079,GACTCAACACACCTAA3
8080,GACTCAACACATATGC2
8081,GACTCAACAGAGATGC2
8082,GACTCAACAGAGATGC3
8083,GACTCAACAGGTCAAG2
8084,GACTCAACAGTTTCGA2
8085,GACTCAACAGTTTCGA3
8086,GACTCAACATCGTGCG3
8087,GACTCAACATGACTAC1
8088,GACTCAACATGACTAC2
8089,GACTCAAGTATGTCTG2
8090,GACTCAAGTATGTCTG3
8091,GACTCAAGTTTCGACA2
8092,GACTCAAGTTTCGACA3
8093,GACTCAATCCATTCGC3
8094,GACTCAATCCTTCTAA2
8095,GACTCAATCCTTCTAA3
8096,GACTCAATCGATAACC2
8097,GACTCAATCGATAACC3
8098,GACTCAATCGGCAGTC3
8099,GACTCAATCGTTGTTT2
8100,GACTCAATCGTTGTTT3
8101,GACTCTCAGAAACCAT1
8102,GACTCTCAGAAACCAT2
8103,GACTCTCAGCATGTTC2
8104,GACTCTCAGCATGTTC3
8105,GACTCTCAGCTACTGT2
8106,GACTCTCAGCTACTGT3
8107,GACTCTCAGGCTCACC2
8108,GACTCTCAGGCTCACC3
8109,GACTCTCAGGCTGGAT2
8110,GACTCTCAGGCTGGAT3
8111,GACTCTCCAAATGGTA2
8112,GACTCTCCAAATGGTA3
8113,GACTCTCCAATCCTAG2
8114,GACTCTCCAATCCTAG3
8115,GACTCTCCACTTCAAG2
8116,GACTCTCCACTTCAAG3
8117,GACTCTCCATAGGTTC2
8118,GACTCTCCATAGGTTC3
8119,GACTCTCGTAATGCGG3
8120,GACTCTCGTAGGGAGG3
8121,GACTCTCGTATGCAAA1
8122,GACTCTCGTCAAAGCG1
8123,GACTCTCGTCAAAGCG2
8124,GACTCTCGTCAAAGCG3
8125,GACTCTCGTTTGTGGT2
8126,GACTCTCGTTTGTGGT3
8127,GACTCTCTCCGTAGGC2
8128,GACTCTCTCCGTAGGC3
8129,GACTGATAGCGACTAG3
8130,GACTGATAGCTTTGTG2
8131,GACTGATAGCTTTGTG3
8132,GACTGATCAAGCTCTA3
8133,GACTGATCACAAATGA3
8134,GACTGATCATACGCAT2
8135,GACTGATCATACGCAT3
8136,GACTGATGTAGATCCT3
8137,GACTGATGTCGACGCT2
8138,GACTGATGTCGACGCT3
8139,GACTGATGTTCTTCAT3
8140,GACTGATGTTTCACTT2
8141,GACTGATGTTTCACTT3
8142,GACTGATTCGGACTGC2
8143,GACTTCCAGAATTCAG3
8144,GACTTCCAGAGGCTGT2
8145,GACTTCCAGAGGCTGT3
8146,GACTTCCAGTTGGCTT3
8147,GACTTCCCAGGTTCAT3
8148,GACTTCCGTCACGTGC1
8149,GACTTCCGTCCCACGA2
8150,GACTTCCGTTCCACAA3
8151,GACTTCCTCCATCTCG1
8152,GAGAAATAGAGAGGGC2
8153,GAGAAATAGAGAGGGC3
8154,GAGAAATCAAGAGTAT2
8155,GAGAAATCACTGCGAC2
8156,GAGAAATCACTGCGAC3
8157,GAGAAATCAGAGTGAC3
8158,GAGAAATCAGCTGTAT2
8159,GAGAAATCAGCTGTAT3
8160,GAGAAATGTATCCCTC2
8161,GAGAAATGTATCCCTC3
8162,GAGAAATGTCTTCGAA1
8163,GAGAAATGTCTTCGAA2
8164,GAGAAATGTGAAGCGT2
8165,GAGAAATGTGAAGCGT3
8166,GAGAAATGTGGTCTAT2
8167,GAGAAATGTTGGGTTT2
8168,GAGAAATGTTGGGTTT3
8169,GAGAAATTCAGGACGA2
8170,GAGAAATTCGACATAC2
8171,GAGAAATTCGACATAC3
8172,GAGAAATTCTATACGG2
8173,GAGAAATTCTATACGG3
8174,GAGAAATTCTTACGTT2
8175,GAGACCCAGCTGGCTC2
8176,GAGACCCAGCTGGCTC3
8177,GAGACCCAGCTTTCTT1
8178,GAGACCCAGCTTTCTT2
8179,GAGACCCAGTGGCAGT2
8180,GAGACCCAGTGGCAGT3
8181,GAGACCCCAATTTCCT1
8182,GAGACCCCAATTTCCT2
8183,GAGACCCCATAGGTTC2
8184,GAGACCCGTCTTTCAT3
8185,GAGACCCGTTTGCAGT3
8186,GAGACCCTCAAGTCTG2
8187,GAGACCCTCAAGTCTG3
8188,GAGACCCTCATGACAC2
8189,GAGACCCTCATGACAC3
8190,GAGACCCTCGTGGACC3
8191,GAGACCCTCTCTAAGG1
8192,GAGACCCTCTCTAAGG2
8193,GAGACCCTCTGTGCGG2
8194,GAGACCCTCTTTCCAA2
8195,GAGACTTAGACATCCT2
8196,GAGACTTAGACATCCT3
8197,GAGACTTAGCACACCC1
8198,GAGACTTAGCACACCC2
8199,GAGACTTAGCCAGACA1
8200,GAGACTTAGCCAGACA2
8201,GAGACTTAGGCAGTCA1
8202,GAGACTTAGGCAGTCA2
8203,GAGACTTCAAGATTGA2
8204,GAGACTTCAAGATTGA3
8205,GAGACTTCAAGTTTGC2
8206,GAGACTTCAAGTTTGC3
8207,GAGACTTCATAGAATG3
8208,GAGACTTGTCAACATC2
8209,GAGACTTGTCAACATC3
8210,GAGACTTGTCGAAGCA2
8211,GAGACTTGTCGAAGCA3
8212,GAGACTTTCAAGAATG2
8213,GAGACTTTCAAGAATG3
8214,GAGACTTTCATGGATC2
8215,GAGACTTTCTTCTCAA1
8216,GAGACTTTCTTCTCAA2
8217,GAGAGGTAGCGCCGTT1
8218,GAGAGGTAGCGCCGTT2
8219,GAGAGGTAGGAGGGTG2
8220,GAGAGGTAGGTAGGCT2
8221,GAGAGGTAGGTAGGCT3
8222,GAGAGGTCAAGAGAGA2
8223,GAGAGGTCAAGAGAGA3
8224,GAGAGGTCAATAGTAG2
8225,GAGAGGTCAATAGTAG3
8226,GAGAGGTCACTTCTCG2
8227,GAGAGGTCACTTCTCG3
8228,GAGAGGTCAGGAGACT1
8229,GAGAGGTCATGGAAGC2
8230,GAGAGGTCATGGAAGC3
8231,GAGAGGTCATTAAGCC2
8232,GAGAGGTCATTAAGCC3
8233,GAGAGGTGTAATGTGA1
8234,GAGAGGTGTGCATTTG3
8235,GAGAGGTTCAACCTCC3
8236,GAGAGGTTCAATGTCG1
8237,GAGAGGTTCGCGCCAA2
8238,GAGAGGTTCGCGCCAA3
8239,GAGAGGTTCTTTCTAG3
8240,GAGATGGAGAGCCTGA3
8241,GAGATGGAGGGCAAGG1
8242,GAGATGGAGTAGACCG2
8243,GAGATGGAGTAGACCG3
8244,GAGATGGCAACCTATG1
8245,GAGATGGCACTGTGTA1
8246,GAGATGGGTATGACAA2
8247,GAGATGGGTATGACAA3
8248,GAGATGGTCAACACGT3
8249,GAGATGGTCCTAGCCT3
8250,GAGCCTGAGATCCTAC3
8251,GAGCCTGAGCATGATA1
8252,GAGCCTGCACGGTAGA1
8253,GAGCCTGCATCCAATG2
8254,GAGCCTGGTCACGTGC2
8255,GAGCCTGGTCACGTGC3
8256,GAGCCTGGTGAGTTTC2
8257,GAGCCTGGTGAGTTTC3
8258,GAGCCTGGTGCAATGG2
8259,GAGCCTGGTTCCACGG2
8260,GAGCCTGGTTCCACGG3
8261,GAGCCTGTCACTGGTA3
8262,GAGCCTGTCGTTGCCT1
8263,GAGCCTGTCGTTGCCT2
8264,GAGCTGCAGAAGCTCG2
8265,GAGCTGCAGTTGGCGA2
8266,GAGCTGCAGTTGGCGA3
8267,GAGCTGCCAGAGTTCT2
8268,GAGCTGCCAGAGTTCT3
8269,GAGCTGCCATGGAATA1
8270,GAGCTGCCATGGAATA2
8271,GAGCTGCGTACGGTTT2
8272,GAGCTGCGTACGGTTT3
8273,GAGCTGCGTAGATCGG3
8274,GAGCTGCGTCGTCGGT2
8275,GAGCTGCGTCGTCGGT3
8276,GAGCTGCGTCTCAGAT3
8277,GAGCTGCGTGGAACAC2
8278,GAGCTGCGTGGAACAC3
8279,GAGCTGCGTGGAATGC3
8280,GAGCTGCTCTCAATCT3
8281,GAGGCAAAGTGCACTT3
8282,GAGGCAACACGCTGTG1
8283,GAGGCAACACGCTGTG2
8284,GAGGCAACATACCATG2
8285,GAGGCAACATACCATG3
8286,GAGGCAAGTCGCCTAG1
8287,GAGGCAAGTCGCCTAG2
8288,GAGGCAATCCGTACGG3
8289,GAGGCCTCAACAAAGT1
8290,GAGGCCTCAACAAAGT2
8291,GAGGCCTCAACAAAGT3
8292,GAGGCCTCACATAACC2
8293,GAGGCCTCACATAACC3
8294,GAGGCCTCACCGTCGA2
8295,GAGGCCTCACCGTCGA3
8296,GAGGCCTCACGTCATA2
8297,GAGGCCTCACGTCATA3
8298,GAGGCCTCAGATACCT1
8299,GAGGCCTCAGATACCT2
8300,GAGGCCTCAGATACTC3
8301,GAGGCCTGTTCACCGG1
8302,GAGGCCTGTTCACCGG2
8303,GAGGCCTGTTTGAAAG1
8304,GAGGCCTGTTTGAAAG2
8305,GAGGCCTTCCCTAGGG2
8306,GAGGCCTTCCGAGGCT2
8307,GAGGGATAGTTCTACG2
8308,GAGGGATAGTTCTACG3
8309,GAGGGATCATCGGATT2
8310,GAGGGATGTGCGTTTA2
8311,GAGGGATGTGCGTTTA3
8312,GAGGGATGTGCTCTTC1
8313,GAGGGATTCGCCTTGT2
8314,GAGGGATTCGCCTTGT3
8315,GAGGGTAAGAGCATAT2
8316,GAGGGTAAGCAGGCAT3
8317,GAGGGTACACTTCATT3
8318,GAGGGTAGTAAGATTG3
8319,GAGGGTAGTAGGAAAG2
8320,GAGGGTAGTAGGAAAG3
8321,GAGGGTAGTATACCCA1
8322,GAGGGTAGTATACCCA2
8323,GAGGGTAGTCTACAAC3
8324,GAGTCATAGCGTTCAT2
8325,GAGTCATAGCGTTCAT3
8326,GAGTCATCACCGGTCA2
8327,GAGTCATCACCGGTCA3
8328,GAGTCATCACCTAAAC3
8329,GAGTCATGTCCAGCAC2
8330,GAGTCATGTCCAGCAC3
8331,GAGTCATGTCGCGTTG2
8332,GAGTCATGTCGCGTTG3
8333,GAGTCATGTGCAGATG2
8334,GAGTCATGTGCAGATG3
8335,GAGTCATGTGGCGCTT3
8336,GAGTCATGTTAAAGTG2
8337,GAGTCATGTTAAAGTG3
8338,GAGTCATGTTCTCTCG1
8339,GAGTCATGTTCTCTCG2
8340,GAGTCATGTTTGGGTT2
8341,GAGTCATTCACCATGA3
8342,GAGTCATTCATGCTAG2
8343,GAGTCATTCATGCTAG3
8344,GAGTCATTCCACCTGT3
8345,GAGTCATTCGTTCAGA2
8346,GAGTCTAAGACTCAAA1
8347,GAGTCTAAGCTAATGA2
8348,GAGTCTAAGCTAATGA3
8349,GAGTCTAAGTTTCGGT1
8350,GAGTCTAAGTTTCGGT2
8351,GAGTCTAAGTTTCGGT3
8352,GAGTCTAGTCAAAGTA2
8353,GAGTCTAGTCAAAGTA3
8354,GAGTCTAGTCACTACA2
8355,GAGTCTAGTCACTACA3
8356,GAGTCTAGTCGTGTTA3
8357,GAGTCTAGTGTTCGAT2
8358,GAGTCTAGTGTTCGAT3
8359,GAGTCTAGTTCTCGTC1
8360,GAGTCTATCGCTACGG1
8361,GAGTCTATCGCTACGG2
8362,GAGTGAGAGAACCCGA2
8363,GAGTGAGAGAACCCGA3
8364,GAGTGAGAGTTGTCGT2
8365,GAGTGAGAGTTGTCGT3
8366,GAGTGAGCAAAGCAAT3
8367,GAGTGAGCACAATGAA1
8368,GAGTGAGCACAATGAA2
8369,GAGTGAGCACCAGTAT1
8370,GAGTGAGCAGCAGACA2
8371,GAGTGAGCAGCAGACA3
8372,GAGTGAGCAGCTGAAG2
8373,GAGTGAGCATTCTTCA3
8374,GAGTGAGGTAACACCT3
8375,GAGTGAGGTAAGAACT2
8376,GAGTGAGGTAAGAACT3
8377,GAGTGAGGTACTAGCT1
8378,GAGTGAGGTCCGCAGT2
8379,GAGTGAGGTCCGCAGT3
8380,GAGTGAGGTCGAGCTC2
8381,GAGTGAGGTCGAGCTC3
8382,GAGTGAGGTGTGCTTA3
8383,GAGTGAGTCCGTCACT2
8384,GAGTGAGTCCGTCACT3
8385,GAGTGAGTCGGTAGGA3
8386,GAGTGAGTCTGATGGT1
8387,GAGTGAGTCTTCGACC3
8388,GAGTGTTAGCGACTGA3
8389,GAGTGTTAGGGACACT1
8390,GAGTGTTAGGTCGTAG3
8391,GAGTGTTCAGAACATA2
8392,GAGTGTTCAGAACATA3
8393,GAGTGTTCAGTGTACT2
8394,GAGTGTTCAGTGTACT3
8395,GAGTGTTCATTGAGGG1
8396,GAGTGTTGTGAACGGT3
8397,GAGTGTTGTTAAGCAA3
8398,GAGTGTTTCAGCTGAT2
8399,GAGTGTTTCAGCTGAT3
8400,GAGTGTTTCCCTATTA2
8401,GAGTGTTTCCCTATTA3
8402,GAGTGTTTCCCTTGTG2
8403,GAGTGTTTCCCTTGTG3
8404,GAGTGTTTCGGACGTC2
8405,GAGTGTTTCGGTAAGG1
8406,GAGTGTTTCTATCCAT1
8407,GAGTTACAGACTCAAA1
8408,GAGTTACAGACTCAAA2
8409,GAGTTACAGCAACTTC2
8410,GAGTTACAGCAACTTC3
8411,GAGTTACAGGGCAGAG1
8412,GAGTTACAGGGCAGAG2
8413,GAGTTACAGGGTAGCT3
8414,GAGTTACAGTGGGAAA2
8415,GAGTTACCACGACGAA1
8416,GAGTTACCAGATTCGT2
8417,GAGTTACCAGATTCGT3
8418,GAGTTACGTTACACTG2
8419,GAGTTACGTTACACTG3
8420,GAGTTACGTTGGAGAC1
8421,GAGTTGTAGAGTACCG2
8422,GAGTTGTAGAGTACCG3
8423,GAGTTGTAGTAGCAAT3
8424,GAGTTGTAGTCGCCCA1
8425,GAGTTGTCAAGGACAC1
8426,GAGTTGTCAAGGACAC2
8427,GAGTTGTCAATACAGA2
8428,GAGTTGTCAATACAGA3
8429,GAGTTGTCACATATGC2
8430,GAGTTGTCACATATGC3
8431,GAGTTGTCACGTAGTT2
8432,GAGTTGTCACGTAGTT3
8433,GAGTTGTCAGTCTACA1
8434,GAGTTGTGTAATTGGA3
8435,GAGTTGTGTTGGGATG3
8436,GAGTTGTTCCTCATAT2
8437,GAGTTGTTCTAGGAAA2
8438,GAGTTGTTCTAGGAAA3
8439,GAGTTGTTCTGACCCT1
8440,GAGTTGTTCTGACCCT2
8441,GAGTTTGCAACTGTGT3
8442,GAGTTTGCAATGTCAC3
8443,GAGTTTGCAATGTCTG2
8444,GAGTTTGCAATGTCTG3
8445,GAGTTTGCACCGGCTA1
8446,GAGTTTGCACTCGATA2
8447,GAGTTTGCACTCGATA3
8448,GAGTTTGCAGCCCACA3
8449,GAGTTTGCATCCGATA3
8450,GAGTTTGCATGAAGCG3
8451,GAGTTTGGTCTCTCAC1
8452,GAGTTTGGTCTCTCAC2
8453,GAGTTTGGTGATTGGG3
8454,GAGTTTGGTTCTTGTT2
8455,GAGTTTGGTTGTTGCA3
8456,GAGTTTGTCATTACGG2
8457,GAGTTTGTCTCATTAC2
8458,GATAGAAAGAGTGTTA3
8459,GATAGAAAGGATACCG3
8460,GATAGAAAGGCTGGAT2
8461,GATAGAAAGGCTGGAT3
8462,GATAGAAAGTCGAAAT2
8463,GATAGAACAATGCAGG3
8464,GATAGAACACCCTTGT2
8465,GATAGAACACTGCACG2
8466,GATAGAACACTGCACG3
8467,GATAGAACATACAGAA3
8468,GATAGAACATGTCAGT2
8469,GATAGAACATGTCAGT3
8470,GATAGAAGTCACGCTG3
8471,GATAGAAGTTAATGAG3
8472,GATAGAAGTTCGGTAT2
8473,GATAGAAGTTCGGTAT3
8474,GATAGAATCCACGGGT2
8475,GATAGAATCCTACGGG1
8476,GATAGAATCCTACGGG2
8477,GATAGAATCCTCCACA1
8478,GATAGAATCTCAAAGC3
8479,GATAGCTAGAATCCCT2
8480,GATAGCTAGAATCCCT3
8481,GATAGCTAGTGCTCAT2
8482,GATAGCTAGTTACGGG2
8483,GATAGCTAGTTACGGG3
8484,GATAGCTCACATCCCT1
8485,GATAGCTCAGAGGCTA2
8486,GATAGCTCAGGCCTGT3
8487,GATAGCTCATGATCTG3
8488,GATAGCTGTCTTCGAA2
8489,GATAGCTGTCTTCGAA3
8490,GATAGCTTCCAGTTCC2
8491,GATAGCTTCCAGTTCC3
8492,GATAGCTTCCCAATAG3
8493,GATAGCTTCCCTCAAC2
8494,GATAGCTTCCCTCAAC3
8495,GATAGCTTCGAGTGAG1
8496,GATAGCTTCGATCCAA2
8497,GATAGCTTCGGCTGAC3
8498,GATCACAAGAGTCTTC3
8499,GATCACAAGATGCGAC2
8500,GATCACAAGCATGCAG3
8501,GATCACAAGTACTCGT2
8502,GATCACAAGTACTCGT3
8503,GATCACACACAAAGTA2
8504,GATCACACACAAAGTA3
8505,GATCACACACTACAGT1
8506,GATCACACAGGGACTA2
8507,GATCACAGTCTGTAGT3
8508,GATCACAGTTCCGCAG3
8509,GATCACATCTGGAGAG2
8510,GATCACATCTGGAGAG3
8511,GATCAGTAGAGGTTTA2
8512,GATCAGTAGCATCCTA1
8513,GATCAGTAGCATCCTA2
8514,GATCAGTAGTCGGGAT3
8515,GATCAGTCATACAGGG1
8516,GATCAGTCATACAGGG2
8517,GATCAGTCATCGCTCT2
8518,GATCAGTCATCGCTCT3
8519,GATCAGTGTAGGAAAG3
8520,GATCAGTGTAGGATAT1
8521,GATCAGTGTAGGATAT2
8522,GATCAGTTCTTCACGC2
8523,GATCATGAGCTGACCC1
8524,GATCATGCACTAAACC3
8525,GATCATGCATGACGAG1
8526,GATCATGGTGCCTAAT1
8527,GATCATGGTGCCTAAT2
8528,GATCATGGTGCCTAAT3
8529,GATCATGGTGTCGCTG1
8530,GATCATGGTGTCGCTG2
8531,GATCCCTAGATGGCAC2
8532,GATCCCTAGATGGCAC3
8533,GATCCCTAGCTACGTT2
8534,GATCCCTAGCTACGTT3
8535,GATCCCTAGTCCCGAC2
8536,GATCCCTAGTCCCGAC3
8537,GATCCCTAGTCGAATA3
8538,GATCCCTCAAGAGGCT1
8539,GATCCCTCAAGTCCCG3
8540,GATCCCTCATGGATCT2
8541,GATCCCTCATGGATCT3
8542,GATCCCTGTACCCAGC2
8543,GATCCCTGTACCCAGC3
8544,GATCCCTGTCATCAGT2
8545,GATCCCTGTCATCAGT3
8546,GATCCCTGTCCCGGTA1
8547,GATCCCTGTCCCGGTA2
8548,GATCCCTGTGAATTGA2
8549,GATCCCTGTGAATTGA3
8550,GATCCCTGTGGCTGCT2
8551,GATCCCTGTGTCTCCT3
8552,GATCCCTGTTCGTAAC2
8553,GATCCCTGTTCGTAAC3
8554,GATCCCTTCCTAAGTG3
8555,GATCGTAAGAAACTGT2
8556,GATCGTAAGAAACTGT3
8557,GATCGTAAGATACAGT1
8558,GATCGTAAGATACAGT2
8559,GATCGTAAGGTTCCGC3
8560,GATCGTACAACCCGCA2
8561,GATCGTACAATCAGCT3
8562,GATCGTACAGAAGCTG1
8563,GATCGTACAGAGTTCT3
8564,GATCGTACATGCAGGA2
8565,GATCGTACATGCAGGA3
8566,GATCGTAGTAGGACCA2
8567,GATCGTAGTAGGACCA3
8568,GATCGTAGTCAGTCTA2
8569,GATCGTAGTCTATGAC3
8570,GATCGTAGTGATTAGA1
8571,GATCGTAGTGATTAGA2
8572,GATCGTATCCTATTTG1
8573,GATCGTATCCTATTTG2
8574,GATCGTATCGGTCTAA2
8575,GATCGTATCGGTCTAA3
8576,GATCGTATCTCCGAAA3
8577,GATCGTATCTCGACCT3
8578,GATGACTAGCTCAGAG2
8579,GATGACTAGCTCAGAG3
8580,GATGACTAGGCAATGC2
8581,GATGACTAGGCAATGC3
8582,GATGACTAGGTCCTGC3
8583,GATGACTCAACGTTAC3
8584,GATGACTCATACAGCT3
8585,GATGACTCATTCTGTT1
8586,GATGACTGTAGGACTG1
8587,GATGACTGTATCACCA2
8588,GATGACTTCAGTGTGT1
8589,GATGACTTCCACGTGG1
8590,GATGACTTCCACGTGG2
8591,GATGACTTCCACTGGG2
8592,GATGACTTCCACTGGG3
8593,GATGACTTCCGCACTT1
8594,GATGACTTCGCGCCAA2
8595,GATGACTTCTCTCTTC3
8596,GATGAGGAGGGTACGT3
8597,GATGAGGAGTCAGCCC2
8598,GATGAGGCACAAACGG2
8599,GATGAGGCACTGTCGG3
8600,GATGAGGCATCCCACT2
8601,GATGAGGCATCCCACT3
8602,GATGAGGGTCCTTTGC1
8603,GATGAGGGTCCTTTGC2
8604,GATGAGGTCAGAGTGG2
8605,GATGAGGTCAGAGTGG3
8606,GATGAGGTCATCCTGC2
8607,GATGAGGTCATCCTGC3
8608,GATGAGGTCGACCATA2
8609,GATGAGGTCGACCATA3
8610,GATGAGGTCTGCGAGC1
8611,GATGATCAGTAATCCC2
8612,GATGATCAGTAATCCC3
8613,GATGATCCACTGCATA1
8614,GATGATCCACTGCATA2
8615,GATGATCCACTTGAAC2
8616,GATGATCCATGACGGA2
8617,GATGATCCATGACGGA3
8618,GATGATCGTAATTAGG1
8619,GATGATCGTAATTAGG2
8620,GATGATCGTACGGCAA1
8621,GATGATCGTATCGTTG3
8622,GATGATCGTATGTGTC1
8623,GATGATCGTGTTTGCA3
8624,GATGATCGTTACAGCT1
8625,GATGATCTCAAAGCCT2
8626,GATGATCTCAAAGCCT3
8627,GATGATCTCAGGCGAA1
8628,GATGATCTCAGGCGAA2
8629,GATGATCTCAGTCACA3
8630,GATGATCTCGCCGAAC2
8631,GATGATCTCGCGAAGA2
8632,GATGATCTCTACGGGC3
8633,GATGCTAAGAAACTAC2
8634,GATGCTAAGAAACTAC3
8635,GATGCTAAGCAGCACA1
8636,GATGCTAAGTTGGAGC2
8637,GATGCTAAGTTGGAGC3
8638,GATGCTACAATTGCGT3
8639,GATGCTACACTGGATT3
8640,GATGCTACAGACGCTC2
8641,GATGCTACAGACGCTC3
8642,GATGCTACATGACGAG2
8643,GATGCTACATGACGAG3
8644,GATGCTAGTTGTACGT3
8645,GATGCTATCCACGGAC1
8646,GATGCTATCCTCACCA1
8647,GATGCTATCCTCACCA2
8648,GATGCTATCGGATAAA3
8649,GATGCTATCTATCACT2
8650,GATGCTATCTCATGGA3
8651,GATGGAGAGCAACTCT1
8652,GATGGAGAGCAACTCT2
8653,GATGGAGAGGTGCCTC2
8654,GATGGAGAGGTGCCTC3
8655,GATGGAGCAGGAGGAG2
8656,GATGGAGCATGTGACT1
8657,GATGGAGCATGTGACT2
8658,GATGGAGTCAGTCAGT2
8659,GATGGAGTCAGTCAGT3
8660,GATGTTGAGACGGAAA2
8661,GATGTTGAGACGGAAA3
8662,GATGTTGAGAGCCTGA2
8663,GATGTTGAGAGCCTGA3
8664,GATGTTGAGAGTACCG2
8665,GATGTTGAGAGTACCG3
8666,GATGTTGAGGATCATA1
8667,GATGTTGAGGATCATA2
8668,GATGTTGAGTTTGAGA1
8669,GATGTTGAGTTTGAGA2
8670,GATGTTGCAACTGGTT2
8671,GATGTTGCAACTGGTT3
8672,GATGTTGCACTCTCGT3
8673,GATGTTGCAGCTTCGG3
8674,GATGTTGGTAACGATA2
8675,GATGTTGGTAACGATA3
8676,GATGTTGGTGTGCCTG1
8677,GATGTTGGTGTGCCTG2
8678,GATGTTGGTTCTCGTC1
8679,GATGTTGGTTCTCGTC2
8680,GATGTTGTCGCCTTTG1
8681,GATTCGAAGCATTTGC1
8682,GATTCGAAGGAGAGGC3
8683,GATTCGAAGGCCACCT1
8684,GATTCGAAGGCCACCT2
8685,GATTCGAAGGCCACCT3
8686,GATTCGAAGGCTAGCA3
8687,GATTCGAAGGGTAGCT3
8688,GATTCGACAAGCGAGT2
8689,GATTCGACAATTGCTG1
8690,GATTCGACAATTGCTG2
8691,GATTCGACACAGTGAG1
8692,GATTCGACACCTAAAC1
8693,GATTCGACATAGGTTC1
8694,GATTCGAGTCTTTCTA2
8695,GATTCGAGTCTTTCTA3
8696,GATTCGAGTTCCCAAA2
8697,GATTCGAGTTCCCAAA3
8698,GATTCGAGTTCGGTTA2
8699,GATTCGAGTTTGGAAA1
8700,GATTCGAGTTTGGAAA2
8701,GATTCGATCTCCCTAG3
8702,GATTCTTAGACTCAAA2
8703,GATTCTTAGACTCAAA3
8704,GATTCTTAGCACTCAT1
8705,GATTCTTAGCAGTAAT1
8706,GATTCTTAGCAGTAAT2
8707,GATTCTTAGGAAAGGT1
8708,GATTCTTAGGAAAGGT2
8709,GATTCTTCACCCAATA2
8710,GATTCTTCACCCAATA3
8711,GATTCTTCACTGGAAG2
8712,GATTCTTCACTGGAAG3
8713,GATTCTTCAGAGAAAG1
8714,GATTCTTCAGAGAAAG2
8715,GATTCTTCAGTCAGCC1
8716,GATTCTTTCTTCTGGC1
8717,GATTGGTAGATGTTAG2
8718,GATTGGTAGCCAAGCA2
8719,GATTGGTCAAGGTTGG1
8720,GATTGGTCAAGTACCT3
8721,GATTGGTCACAACGTT2
8722,GATTGGTCACAACGTT3
8723,GATTGGTCAGAGGACT2
8724,GATTGGTCATTCCTCG2
8725,GATTGGTCATTCCTCG3
8726,GATTGGTGTGTCATGT1
8727,GATTGGTGTGTCATGT2
8728,GATTGGTGTTAAACCC2
8729,GATTGGTGTTAAACCC3
8730,GATTGGTTCATTCTTG2
8731,GATTGGTTCATTCTTG3
8732,GATTGGTTCCGTCACT2
8733,GATTGGTTCCGTCACT3
8734,GATTTCTAGCATAGGC2
8735,GATTTCTCAATTGCGT2
8736,GATTTCTCAATTGCGT3
8737,GATTTCTCATCCTTGC2
8738,GATTTCTGTCAGATTC2
8739,GATTTCTGTCAGATTC3
8740,GATTTCTGTGTCCAAT3
8741,GATTTCTGTTTCCATT3
8742,GATTTCTTCCGTAGGC3
8743,GATTTCTTCTTAGGAC2
8744,GATTTCTTCTTAGGAC3
8745,GCAACATCAACAGATA2
8746,GCAACATCAACAGATA3
8747,GCAACATCACGGTCTG2
8748,GCAACATCACGGTCTG3
8749,GCAACATCAGCTTTCC2
8750,GCAACATCAGCTTTCC3
8751,GCAACATCATCCGATA2
8752,GCAACATCATCCGATA3
8753,GCAACATGTAACATGA2
8754,GCAACATGTAAGTTAG2
8755,GCAACATGTACTTGTG2
8756,GCAACATGTACTTGTG3
8757,GCAACATGTCGCACAC2
8758,GCAACATGTCGCACAC3
8759,GCAACATGTCGCTGCA3
8760,GCAACATGTGCATACT3
8761,GCAACATTCCGTTTCG2
8762,GCAACATTCCGTTTCG3
8763,GCAACATTCGGTAACT3
8764,GCAACATTCTCAACCC1
8765,GCAACATTCTCAACCC2
8766,GCAACCGAGATTCGAA2
8767,GCAACCGAGGTTGAGC3
8768,GCAACCGCACTGGAAG1
8769,GCAACCGCATGACTGT3
8770,GCAACCGGTCAACACT2
8771,GCAACCGGTCTCACAA1
8772,GCAACCGGTGAGAACC1
8773,GCAACCGGTGAGAACC2
8774,GCAACCGGTGCACGCT1
8775,GCAACCGGTGGCTCTG1
8776,GCAACCGGTTCTCTAT1
8777,GCAACCGTCAGAGTGG2
8778,GCAACCGTCAGAGTGG3
8779,GCAACCGTCCACAAGT1
8780,GCAACCGTCCACAAGT2
8781,GCAACCGTCCACTAGA2
8782,GCAACCGTCCACTAGA3
8783,GCAACCGTCCCGTTCA2
8784,GCAACCGTCCCGTTCA3
8785,GCAACCGTCGTTGTGA1
8786,GCAACCGTCGTTGTGA2
8787,GCAACCGTCTTTGCTA1
8788,GCAACCGTCTTTGCTA2
8789,GCACATAAGGAACGAA2
8790,GCACATACAGAGGTAC2
8791,GCACATACAGAGGTAC3
8792,GCACATACAGGCCTGT2
8793,GCACATACATATGCGT3
8794,GCACATACATCAGTCA2
8795,GCACATACATCAGTCA3
8796,GCACATACATCGTCCT3
8797,GCACATAGTGGCATCC2
8798,GCACATAGTGGCATCC3
8799,GCACATATCCGTTTCG2
8800,GCACATATCCGTTTCG3
8801,GCACATATCTCTCAAT3
8802,GCACGGTAGAGAGTGA1
8803,GCACGGTAGAGAGTGA2
8804,GCACGGTAGATTCGCT2
8805,GCACGGTAGATTCGCT3
8806,GCACGGTAGGGTCTTT1
8807,GCACGGTAGGTAAACT3
8808,GCACGGTAGTATCCTG1
8809,GCACGGTAGTATCCTG2
8810,GCACGGTCAGGAGGTT1
8811,GCACGGTCAGGAGGTT2
8812,GCACGGTGTACAGAAT2
8813,GCACGGTGTACAGAAT3
8814,GCACGGTGTGAGGAAA2
8815,GCACGGTGTTAATGAG1
8816,GCACGGTGTTACCTTT1
8817,GCACGGTGTTAGGAGC1
8818,GCACGGTGTTAGGAGC2
8819,GCACGGTGTTCGCGTG2
8820,GCACGGTGTTCGCGTG3
8821,GCACGGTGTTTCTATC2
8822,GCACGGTTCCAGCACG2
8823,GCACGGTTCCAGCACG3
8824,GCACGGTTCCGTAGTA3
8825,GCACGGTTCGGAGTGA1
8826,GCACGGTTCGGAGTGA2
8827,GCACGGTTCTAAGAAG3
8828,GCACGTGAGATCCTAC2
8829,GCACGTGAGATCCTAC3
8830,GCACGTGAGGAACATT1
8831,GCACGTGAGGAACATT2
8832,GCACGTGCAACTTGCA3
8833,GCACGTGCATGTCTAG2
8834,GCACGTGGTCTTAGTG2
8835,GCACGTGGTCTTAGTG3
8836,GCACGTGTCAGCCTTC2
8837,GCACGTGTCAGCCTTC3
8838,GCACGTGTCGTAGGAG3
8839,GCACTAAAGACTCAAA3
8840,GCACTAAAGAGTTGTA3
8841,GCACTAAAGCACTTTG3
8842,GCACTAAAGGTAGCAC2
8843,GCACTAAAGGTAGCAC3
8844,GCACTAAAGTCCGTCG2
8845,GCACTAAAGTCCGTCG3
8846,GCACTAACACCCTATC2
8847,GCACTAACACTCCGGA3
8848,GCACTAAGTAAGTTGA2
8849,GCACTAAGTAAGTTGA3
8850,GCACTAAGTCAATCTG2
8851,GCACTAAGTCAATCTG3
8852,GCACTAAGTCACCACG2
8853,GCACTAAGTCACCACG3
8854,GCACTAAGTGGACTAG2
8855,GCACTAAGTGGACTAG3
8856,GCACTAAGTTGTAAAG2
8857,GCACTAATCCCAGGCA3
8858,GCACTAATCGTGTGGC1
8859,GCAGCCAAGAGTCTGG3
8860,GCAGCCAAGATACAGT2
8861,GCAGCCAAGATACAGT3
8862,GCAGCCAAGCAGGCTA2
8863,GCAGCCAAGCAGGCTA3
8864,GCAGCCAAGCGGGTAT2
8865,GCAGCCAAGCGGGTAT3
8866,GCAGCCACAATTAGGA3
8867,GCAGCCACAGATTAAG1
8868,GCAGCCAGTAACAGGC2
8869,GCAGCCAGTCACATTG2
8870,GCAGCCAGTCACATTG3
8871,GCAGCCATCAACACCA1
8872,GCAGCCATCCGTTGGG1
8873,GCAGCCATCGACTCCT3
8874,GCAGCCATCGCTATTT3
8875,GCAGCTGAGCACTCCG2
8876,GCAGCTGAGCACTCCG3
8877,GCAGCTGAGGTCCCTG1
8878,GCAGCTGAGGTCCCTG2
8879,GCAGCTGAGGTTAAAC3
8880,GCAGCTGCACACCGCA1
8881,GCAGCTGCACACCGCA2
8882,GCAGCTGCACCAAAGG2
8883,GCAGCTGCACCAAAGG3
8884,GCAGCTGCAGAGATTA2
8885,GCAGCTGCAGAGATTA3
8886,GCAGCTGCAGGCACAA3
8887,GCAGCTGCATAGACTC2
8888,GCAGCTGGTCGATTCA2
8889,GCAGCTGTCACTCGAA3
8890,GCAGCTGTCAGGTAAA3
8891,GCAGCTGTCCAAGCTA3
8892,GCAGGCTAGTGACACG3
8893,GCAGGCTCACTTGGGC2
8894,GCAGGCTGTAACACGG2
8895,GCAGGCTGTAACACGG3
8896,GCAGGCTTCCCTGGTT1
8897,GCAGGCTTCCCTGGTT2
8898,GCAGGCTTCCGCCTAT1
8899,GCAGTTAAGCTGCCAC2
8900,GCAGTTAAGCTGCCAC3
8901,GCAGTTAAGCTTTGTG3
8902,GCAGTTAAGGACGCAT2
8903,GCAGTTACAAGCTGTT1
8904,GCAGTTACAAGCTGTT2
8905,GCAGTTACACGCAGTC1
8906,GCAGTTACACGCAGTC2
8907,GCAGTTACAGACAAAT2
8908,GCAGTTACAGACAAAT3
8909,GCAGTTACAGACCGCT1
8910,GCAGTTAGTAGCGTTT2
8911,GCAGTTAGTAGCGTTT3
8912,GCAGTTAGTATACCTG1
8913,GCAGTTAGTATACCTG2
8914,GCAGTTAGTCCAGCGT3
8915,GCAGTTAGTGAGTCAG2
8916,GCAGTTAGTGAGTCAG3
8917,GCAGTTAGTGATTCTG2
8918,GCAGTTAGTGATTCTG3
8919,GCAGTTAGTTACTCAG2
8920,GCAGTTATCATTCGGA3
8921,GCATCGGAGGCCTTGC2
8922,GCATCGGAGGCCTTGC3
8923,GCATCGGAGGCTGAAC2
8924,GCATCGGAGGCTGAAC3
8925,GCATCGGAGTAAGCAT1
8926,GCATCGGAGTAGGCCA3
8927,GCATCGGAGTGATTCC1
8928,GCATCGGCAAATTGCC1
8929,GCATCGGCAAATTGCC2
8930,GCATCGGCAAGCGATG2
8931,GCATCGGCAAGCGATG3
8932,GCATCGGCACCTCGTT2
8933,GCATCGGCACCTCGTT3
8934,GCATCGGCAGAGGAAA1
8935,GCATCGGCATATGCGT1
8936,GCATCGGCATCATCCC2
8937,GCATCGGCATCATCCC3
8938,GCATCGGGTAGCTGAG2
8939,GCATCGGGTATGTCCA3
8940,GCATCGGGTGCCGAAA2
8941,GCATCGGGTGCCGAAA3
8942,GCATCGGGTTCTCACC1
8943,GCATCGGTCGACATAC1
8944,GCATCGGTCGACATAC2
8945,GCATCGGTCTCCAAGA2
8946,GCATCGGTCTCCAAGA3
8947,GCATCTCAGTAGCCAG2
8948,GCATCTCCAAGATTGA2
8949,GCATCTCCACATTCGA2
8950,GCATCTCCACATTCGA3
8951,GCATCTCCACTTGGCG1
8952,GCATCTCCACTTGGCG2
8953,GCATCTCGTACGATGG1
8954,GCATCTCGTACGATGG2
8955,GCATCTCGTAGCTAAA1
8956,GCATCTCGTATGTCTG3
8957,GCATCTCTCATTGGTG1
8958,GCATCTCTCGGCCAAC2
8959,GCATCTCTCGGCCAAC3
8960,GCATGATAGTACTGTC2
8961,GCATGATAGTCTACCA3
8962,GCATGATAGTTGCTCA3
8963,GCATGATCACTTCCTG2
8964,GCATGATCACTTCCTG3
8965,GCATGATCACTTTATC1
8966,GCATGATCACTTTATC2
8967,GCATGATCATACCACA3
8968,GCATGATCATCCAATG2
8969,GCATGATCATCCAATG3
8970,GCATGATGTGGATTTC1
8971,GCATGATGTGGATTTC2
8972,GCATGATGTGTACAGG2
8973,GCATGATGTGTACAGG3
8974,GCATGATGTTTGTTGG1
8975,GCATGATTCAAGAATG1
8976,GCATGATTCACTTTGT1
8977,GCATGATTCCCTATTA3
8978,GCATGATTCTCGTGGG2
8979,GCATGATTCTCGTGGG3
8980,GCATTAGAGAAACCAT2
8981,GCATTAGAGAAACCAT3
8982,GCATTAGAGAGCCGAT3
8983,GCATTAGAGCCAGAGT2
8984,GCATTAGAGGCCATAG1
8985,GCATTAGGTACGAGCA1
8986,GCCAACGAGCGCCTCA2
8987,GCCAACGAGCGCCTCA3
8988,GCCAACGCAAATGATG1
8989,GCCAACGCAAATGATG2
8990,GCCAACGGTCTGGTTA2
8991,GCCAACGGTCTGGTTA3
8992,GCCAACGGTGTGTTTG2
8993,GCCAACGGTGTGTTTG3
8994,GCCAACGGTTAACAGA2
8995,GCCAACGGTTAACAGA3
8996,GCCAACGGTTCGGCGT2
8997,GCCAACGGTTCGTTCC3
8998,GCCAACGTCTATACGG3
8999,GCCAGCAAGGACATCG2
9000,GCCAGCAAGGACATCG3
9001,GCCAGCAAGGATACAT3
9002,GCCAGCAAGGCACTAG2
9003,GCCAGCAAGTACCATC1
9004,GCCAGCAAGTACCATC2
9005,GCCAGCAAGTTTCGGT3
9006,GCCAGCACAAGATGTA2
9007,GCCAGCACAAGATGTA3
9008,GCCAGCACACGACGAA3
9009,GCCAGCACACGGCACT3
9010,GCCAGCACAGCGCTTG2
9011,GCCAGCAGTTAACCTG2
9012,GCCAGCAGTTAACCTG3
9013,GCCAGCATCAAGCTGT2
9014,GCCAGCATCAAGCTGT3
9015,GCCAGGTAGCTTTCCC1
9016,GCCAGGTAGCTTTCCC2
9017,GCCAGGTAGGTCATCT2
9018,GCCAGGTAGGTCATCT3
9019,GCCAGGTAGTGATAGT3
9020,GCCAGGTAGTTGCGAG2
9021,GCCAGGTCAACCGACC2
9022,GCCAGGTCAACCGACC3
9023,GCCAGGTCATATACCG2
9024,GCCAGGTCATATACCG3
9025,GCCAGGTCATTGGATC2
9026,GCCAGGTCATTGGATC3
9027,GCCAGGTGTAATACCC1
9028,GCCAGGTGTATTGGCT2
9029,GCCAGGTGTATTGGCT3
9030,GCCAGGTGTGGTCCCA3
9031,GCCAGGTTCACTTGTT2
9032,GCCAGGTTCAGACAAA1
9033,GCCAGGTTCCTTGACC1
9034,GCCAGGTTCCTTGACC2
9035,GCCAGGTTCGAGCCTG1
9036,GCCAGGTTCGAGCCTG2
9037,GCCAGGTTCTACTGCC1
9038,GCCAGTGAGGCTATCT2
9039,GCCAGTGAGGCTATCT3
9040,GCCAGTGAGGGTCACA2
9041,GCCAGTGAGTGTACCT1
9042,GCCAGTGCAACACACT3
9043,GCCAGTGCAAGACGGT3
9044,GCCAGTGCAATCGAAA3
9045,GCCAGTGCAGATCACT1
9046,GCCAGTGCAGATCACT2
9047,GCCAGTGCAGTTAAAG2
9048,GCCAGTGCAGTTAAAG3
9049,GCCAGTGCATTCAGGT3
9050,GCCAGTGGTGCTTCAA1
9051,GCCAGTGTCACCCATC3
9052,GCCAGTGTCCCAGGAC2
9053,GCCAGTGTCCCAGGAC3
9054,GCCATGGAGAATAACC2
9055,GCCATGGAGAATAACC3
9056,GCCATGGAGCATGAAT1
9057,GCCATGGAGGCGCTCT2
9058,GCCATGGAGGCGCTCT3
9059,GCCATGGAGGGTGGGA2
9060,GCCATGGCAACCCTAA1
9061,GCCATGGCACATAACC2
9062,GCCATGGCACATAACC3
9063,GCCATGGGTTAAGTCC2
9064,GCCATGGGTTAAGTCC3
9065,GCCATGGGTTGCCTAA2
9066,GCCATGGGTTGCCTAA3
9067,GCCATGGTCACCTCGT2
9068,GCCATGGTCACCTCGT3
9069,GCCATGGTCCTTCTGG3
9070,GCCATTCAGGTTGTTC2
9071,GCCATTCAGGTTGTTC3
9072,GCCATTCAGTACCCTA2
9073,GCCATTCAGTACCCTA3
9074,GCCATTCCAATCACGT3
9075,GCCATTCCACGCTGAC2
9076,GCCATTCCACGCTGAC3
9077,GCCATTCCACTGATTG3
9078,GCCATTCCAGGTCAGA2
9079,GCCATTCCAGGTCAGA3
9080,GCCATTCCATTGCTTT1
9081,GCCATTCGTAGTTCCA2
9082,GCCATTCGTAGTTCCA3
9083,GCCATTCGTGGACCAA2
9084,GCCATTCGTTGTGGAG2
9085,GCCATTCTCAAAGACA2
9086,GCCATTCTCAAAGACA3
9087,GCCATTCTCCATCAGA2
9088,GCCATTCTCCATCAGA3
9089,GCCCAGAAGAAGGTAG2
9090,GCCCAGAAGGCGCTTC2
9091,GCCCAGAAGTGGATTA2
9092,GCCCAGAAGTGGATTA3
9093,GCCCAGACAAGTGATA1
9094,GCCCAGACAAGTGATA2
9095,GCCCAGACACATTCGA2
9096,GCCCAGACACATTCGA3
9097,GCCCAGACAGGAGGTT3
9098,GCCCAGACAGGCTATT2
9099,GCCCAGACAGGCTATT3
9100,GCCCAGACATCGGCCA2
9101,GCCCAGACATCGGCCA3
9102,GCCCAGACATGAGGGT2
9103,GCCCAGACATGAGGGT3
9104,GCCCAGAGTCAGCGTC2
9105,GCCCAGAGTCGGCACT1
9106,GCCCAGAGTCGGCACT2
9107,GCCCAGAGTGAGTAAT2
9108,GCCCAGAGTGAGTAAT3
9109,GCCCAGATCCCGAACG2
9110,GCCCAGATCCCGAACG3
9111,GCCCAGATCTGCGGCA3
9112,GCCCGAAAGCCTCTCT2
9113,GCCCGAAAGCCTCTCT3
9114,GCCCGAACAAAGGATT3
9115,GCCCGAAGTAAGATAC1
9116,GCCCGAAGTATGTGTC3
9117,GCCCGAAGTGAACTAA2
9118,GCCCGAAGTGTCGATT1
9119,GCCCGAAGTGTCGATT2
9120,GCCCGAAGTTACGTAC3
9121,GCCCGAATCAAACGAA2
9122,GCCCGAATCAAACGAA3
9123,GCCCGAATCAAGATAG1
9124,GCCCGAATCAAGATAG2
9125,GCCCGAATCACTCACC1
9126,GCCCGAATCCTTCAGC2
9127,GCCCGAATCCTTCAGC3
9128,GCCCGAATCTTCCCGA1
9129,GCCGATGAGCTAGAAT2
9130,GCCGATGAGGTCGTGA3
9131,GCCGATGAGTGCGCTC3
9132,GCCGATGCACGGCCAT1
9133,GCCGATGCACTCACTC3
9134,GCCGATGCAGAAGCTG2
9135,GCCGATGCAGGAATCG3
9136,GCCGATGCATCTCAAG2
9137,GCCGATGCATCTCAAG3
9138,GCCGATGCATTGGCAT2
9139,GCCGATGCATTGGCAT3
9140,GCCGATGGTTGCGAAG3
9141,GCCGATGTCCTACCAC3
9142,GCCGATGTCTAAGCCA2
9143,GCCGATGTCTAAGCCA3
9144,GCCGTGAAGGACAGTC1
9145,GCCGTGAAGGCGCTCT2
9146,GCCGTGAAGTTTGCTG2
9147,GCCGTGAAGTTTGCTG3
9148,GCCGTGACATGGCCCA2
9149,GCCGTGACATGGCCCA3
9150,GCCGTGAGTAGGTCAG1
9151,GCCGTGATCATTGCCC1
9152,GCCGTGATCATTGCCC2
9153,GCCTGTTAGACGAAGA1
9154,GCCTGTTAGGTATTGA3
9155,GCCTGTTAGTATGAAC2
9156,GCCTGTTAGTATGAAC3
9157,GCCTGTTCAAATCAGA1
9158,GCCTGTTCAAATCAGA2
9159,GCCTGTTCAAGGGTCA3
9160,GCCTGTTCACTTGACA3
9161,GCCTGTTCATCCTTGC1
9162,GCCTGTTCATGGAAGC2
9163,GCCTGTTCATGGAAGC3
9164,GCCTGTTGTACGAGTG1
9165,GCCTGTTGTACGAGTG2
9166,GCCTGTTGTATGCGGA2
9167,GCCTGTTGTATGCGGA3
9168,GCCTGTTGTGCTCCGA3
9169,GCCTGTTTCCGTTGAA3
9170,GCCTGTTTCGCCATAA2
9171,GCCTGTTTCGCTAGCG1
9172,GCCTGTTTCTAACGCA2
9173,GCCTGTTTCTAACGCA3
9174,GCCTGTTTCTAGGCCG3
9175,GCGAGAAAGATGAAGG3
9176,GCGAGAACACAAGCTT1
9177,GCGAGAACACAATGTC3
9178,GCGAGAACACATAACC3
9179,GCGAGAACACTCTCGT2
9180,GCGAGAACACTCTCGT3
9181,GCGAGAACACTTTAGG2
9182,GCGAGAACACTTTAGG3
9183,GCGAGAACAGCGACAA1
9184,GCGAGAAGTGAGAACC3
9185,GCGAGAAGTGCAACAG2
9186,GCGAGAAGTGCAACAG3
9187,GCGAGAAGTTGCCAAT2
9188,GCGAGAAGTTGCCAAT3
9189,GCGAGAATCTCACCCA2
9190,GCGAGAATCTCACCCA3
9191,GCGATCGAGATAGGGA3
9192,GCGATCGAGTAATCCC2
9193,GCGATCGAGTAATCCC3
9194,GCGATCGCATAGGCGA3
9195,GCGATCGGTACTCCGG1
9196,GCGATCGGTACTCCGG2
9197,GCGATCGGTTGGTGTT1
9198,GCGATCGGTTGGTGTT2
9199,GCGATCGTCACCCATC2
9200,GCGATCGTCACCCATC3
9201,GCGATCGTCATCACCC1
9202,GCGATCGTCATCACCC2
9203,GCGGAAAAGCACGGAT1
9204,GCGGAAAAGCACGGAT2
9205,GCGGAAAAGGTTCTTG1
9206,GCGGAAACAAGTCATC3
9207,GCGGAAACAGCTACAT2
9208,GCGGAAACAGCTGTGC1
9209,GCGGAAAGTCATCGCG3
9210,GCGGAAAGTGGCTTAT3
9211,GCGGAAATCACTCTTA2
9212,GCGGAAATCACTCTTA3
9213,GCGGAAATCATTCCTA2
9214,GCGGAAATCATTCCTA3
9215,GCGGAAATCCACTGAA2
9216,GCGGAAATCCACTGAA3
9217,GCGGAAATCCATGCAA2
9218,GCGGAAATCTACTCAT2
9219,GCGGAAATCTACTCAT3
9220,GCGGAAATCTGTGTGA2
9221,GCGGAAATCTGTGTGA3
9222,GCGGATCAGAAGGGAT2
9223,GCGGATCAGCACACCC2
9224,GCGGATCAGCACACCC3
9225,GCGGATCCAACAACAA2
9226,GCGGATCCAACAACAA3
9227,GCGGATCCACATGGTT1
9228,GCGGATCCACATGGTT2
9229,GCGGATCCACGCTGAC2
9230,GCGGATCCATTACTCT3
9231,GCGGATCGTAGTCGGA1
9232,GCGGATCGTCCAGGTC2
9233,GCGGATCGTCCAGGTC3
9234,GCGGATCGTCTTACAG3
9235,GCGGATCTCGAGTGGA2
9236,GCGTGCAAGAATTGTG2
9237,GCGTGCAAGGACAGCT2
9238,GCGTGCAAGGCTAGCA3
9239,GCGTGCACAACAGAGC3
9240,GCGTGCACAACGGCTC2
9241,GCGTGCACAACGGCTC3
9242,GCGTGCACATGAGATA1
9243,GCGTGCATCCTCAGGG1
9244,GCGTGCATCTATCACT2
9245,GCGTTTCAGCATCAGG3
9246,GCGTTTCAGTCGAAGC3
9247,GCGTTTCAGTCGTTAC2
9248,GCGTTTCAGTCGTTAC3
9249,GCGTTTCCACAGCTTA2
9250,GCGTTTCCACAGCTTA3
9251,GCGTTTCGTAACTGCT2
9252,GCGTTTCGTGTCTAAC2
9253,GCGTTTCGTGTCTAAC3
9254,GCGTTTCGTTGCATAC1
9255,GCGTTTCGTTGCATAC2
9256,GCGTTTCTCTAGATCG1
9257,GCGTTTCTCTAGATCG2
9258,GCTACAAAGGGAACAA2
9259,GCTACAAAGTCAGAGC1
9260,GCTACAAAGTCAGAGC2
9261,GCTACAAGTAGCACAG3
9262,GCTACAAGTCATGGCC2
9263,GCTACAAGTCATGGCC3
9264,GCTACAAGTGTCTCCT1
9265,GCTACAAGTGTCTCCT2
9266,GCTACAATCAAGTCGT1
9267,GCTACAATCTGGCCTT1
9268,GCTACCTAGCACCTGC1
9269,GCTACCTAGCACCTGC2
9270,GCTACCTAGGCTGAAC2
9271,GCTACCTAGGCTGAAC3
9272,GCTACCTAGGTACAGC1
9273,GCTACCTAGGTACATA2
9274,GCTACCTAGTCAGAGC2
9275,GCTACCTAGTCAGAGC3
9276,GCTACCTCAGACCATT1
9277,GCTACCTCAGACCATT2
9278,GCTACCTCAGCACCCA1
9279,GCTACCTCAGTGTGGA3
9280,GCTACCTGTGCTGTCG2
9281,GCTACCTGTGCTGTCG3
9282,GCTACCTTCCAGTACA3
9283,GCTACCTTCCTAAGTG1
9284,GCTACCTTCCTAAGTG2
9285,GCTACCTTCCTGTTAT2
9286,GCTACCTTCCTGTTAT3
9287,GCTCAAAAGAAGGATG2
9288,GCTCAAAAGAAGGATG3
9289,GCTCAAAAGTAGGATT1
9290,GCTCAAAAGTAGGATT2
9291,GCTCAAAAGTTGGCTT2
9292,GCTCAAAAGTTGGCTT3
9293,GCTCAAACAACGTAAA3
9294,GCTCAAACAATGTGGG2
9295,GCTCAAACACATCCCT3
9296,GCTCAAACATGGTGGA2
9297,GCTCAAAGTTCGGGTC2
9298,GCTCAAATCAAACCTG3
9299,GCTCAAATCCGATCTC2
9300,GCTCAAATCCGATCTC3
9301,GCTCAAATCCTACGAA2
9302,GCTGAATAGGCAGCTA2
9303,GCTGAATAGTAAACAC2
9304,GCTGAATAGTAAACAC3
9305,GCTGAATAGTACTGTC2
9306,GCTGAATAGTGTACAA2
9307,GCTGAATGTACTCGCG2
9308,GCTGAATGTACTCGCG3
9309,GCTGAATGTAGATTGA3
9310,GCTGAATGTGTTGATC2
9311,GCTGAATGTGTTGATC3
9312,GCTGAATTCACAAGAA3
9313,GCTGAATTCACCTCGT2
9314,GCTGAATTCACCTCGT3
9315,GCTGAATTCATCGCAA2
9316,GCTGAATTCATCGCAA3
9317,GCTGAATTCTATCACT1
9318,GCTGAATTCTATCACT2
9319,GCTGAATTCTGTACAG1
9320,GCTGCAGAGAATTGTG1
9321,GCTGCAGAGAGAGTTT1
9322,GCTGCAGAGAGAGTTT2
9323,GCTGCAGAGGTAGGCT3
9324,GCTGCAGAGTGAGGTC1
9325,GCTGCAGCAAATCCCA2
9326,GCTGCAGCACGTATAC2
9327,GCTGCAGCACGTATAC3
9328,GCTGCAGGTCAGGAGT2
9329,GCTGCAGGTCAGGAGT3
9330,GCTGCAGGTCCACTCT1
9331,GCTGCAGGTCCACTCT2
9332,GCTGCAGGTGCTCCGA2
9333,GCTGCAGGTGCTCCGA3
9334,GCTGCAGGTGGCGCTT2
9335,GCTGCAGGTTAGGCCC1
9336,GCTGCAGGTTCCGCGA1
9337,GCTGCAGTCGAACCTA1
9338,GCTGCAGTCGGATACT2
9339,GCTGGGTAGGCACTCC3
9340,GCTGGGTAGGCTCAAG2
9341,GCTGGGTAGGCTCAAG3
9342,GCTGGGTCAAACTCGT2
9343,GCTGGGTCAAACTCGT3
9344,GCTGGGTCACCGCTAG2
9345,GCTGGGTCACCGCTAG3
9346,GCTGGGTCACGAGAAC1
9347,GCTGGGTCACGAGAAC2
9348,GCTGGGTCAGGTGTGA2
9349,GCTGGGTTCTGACCCT2
9350,GCTGGGTTCTGACCCT3
9351,GCTTCACAGAATTGCA1
9352,GCTTCACAGCACTCGC2
9353,GCTTCACAGCACTCGC3
9354,GCTTCACAGCCAACCC3
9355,GCTTCACAGTCGCCAC2
9356,GCTTCACAGTCGCCAC3
9357,GCTTCACAGTGACACG2
9358,GCTTCACAGTGACACG3
9359,GCTTCACCAAATGGCG2
9360,GCTTCACCAAATGGCG3
9361,GCTTCACCAGGCCCTA2
9362,GCTTCACTCCTCTCGA2
9363,GCTTCACTCCTCTCGA3
9364,GCTTCACTCTCCTGAC1
9365,GCTTGGGAGCTTTGTG1
9366,GCTTGGGAGCTTTGTG2
9367,GCTTGGGAGTGAGGTC3
9368,GCTTGGGCATAGATCC2
9369,GCTTGGGCATAGTCGT3
9370,GCTTGGGCATGTGACT3
9371,GCTTGGGTCCCATTCG3
9372,GCTTGGGTCTCGCCTA1
9373,GCTTTCGAGACGCAGT1
9374,GCTTTCGAGACGCAGT2
9375,GCTTTCGAGTGCACTT3
9376,GCTTTCGCACCTCGTT3
9377,GCTTTCGCAGCAGACA1
9378,GCTTTCGCAGCTACCG3
9379,GCTTTCGCATATCTCT3
9380,GCTTTCGGTGTCTCCT3
9381,GCTTTCGGTTGCTGAT1
9382,GCTTTCGGTTGTGCAT2
9383,GCTTTCGGTTGTGCAT3
9384,GCTTTCGGTTTGTTGG3
9385,GCTTTCGTCAGCCTCT3
9386,GGAACCCAGCCTCTCT2
9387,GGAACCCAGCCTCTCT3
9388,GGAACCCAGCTGTTAC2
9389,GGAACCCAGCTGTTAC3
9390,GGAACCCAGGATACAT2
9391,GGAACCCAGGTTTACC2
9392,GGAACCCAGGTTTACC3
9393,GGAACCCAGTAAAGCT1
9394,GGAACCCCAATAGGAT2
9395,GGAACCCCAATAGGAT3
9396,GGAACCCCACACACTA2
9397,GGAACCCCACACACTA3
9398,GGAACCCCACCTGTCT2
9399,GGAACCCCACCTGTCT3
9400,GGAACCCCAGAGGTAC2
9401,GGAACCCCAGAGGTAC3
9402,GGAACCCCAGTCAGTT2
9403,GGAACCCCAGTCAGTT3
9404,GGAACCCCATCCAACA2
9405,GGAACCCCATCCAACA3
9406,GGAACCCCATGAATAG1
9407,GGAACCCGTAGATCCT1
9408,GGAACCCGTATGCAAA3
9409,GGAACCCGTCGAACGA3
9410,GGAACCCGTCTCAAGT1
9411,GGAACCCGTCTCAAGT2
9412,GGAACCCGTCTGCATA1
9413,GGAACCCGTCTGCATA2
9414,GGAACCCGTCTGTAGT3
9415,GGAACCCGTGGAGAAA2
9416,GGAACCCGTGGAGAAA3
9417,GGAACCCGTTATTCCT1
9418,GGAACCCGTTATTCCT2
9419,GGAACCCTCACGGGAA3
9420,GGAAGTGAGACTTAAG2
9421,GGAAGTGAGCGCCATC2
9422,GGAAGTGAGCGCCATC3
9423,GGAAGTGAGTTACGAA3
9424,GGAAGTGCACCCATAA2
9425,GGAAGTGCATAGAAAC3
9426,GGAAGTGGTAGGCAAC2
9427,GGAAGTGGTAGGCAAC3
9428,GGAAGTGGTTGTCCCT1
9429,GGAAGTGGTTGTCCCT2
9430,GGAAGTGTCTCGAACA2
9431,GGAAGTGTCTCGAACA3
9432,GGAATCTAGCAACTTC3
9433,GGAATCTAGCATCGAG3
9434,GGAATCTAGCGCCCAT1
9435,GGAATCTAGCGCCCAT2
9436,GGAATCTAGGCGCTTC3
9437,GGAATCTCACTTCAGA2
9438,GGAATCTCACTTCAGA3
9439,GGAATCTCATCGCCTT3
9440,GGAATCTCATTCGGGC1
9441,GGAATCTCATTCGGGC2
9442,GGAATCTCATTGCCGG2
9443,GGAATCTGTAACATGA2
9444,GGAATCTGTAACATGA3
9445,GGAATCTGTGTATACC2
9446,GGAATCTGTGTATACC3
9447,GGAATCTGTGTCCTAA2
9448,GGAATCTGTGTCCTAA3
9449,GGAATCTGTGTCTTAG2
9450,GGAATGGAGACAACAT1
9451,GGAATGGAGGTAGCCA3
9452,GGAATGGAGGTGGCTA2
9453,GGAATGGAGGTTGGTG2
9454,GGAATGGAGGTTGGTG3
9455,GGAATGGCAACTGTGT3
9456,GGAATGGCAACTTGGT2
9457,GGAATGGCAACTTGGT3
9458,GGAATGGCACTTGACA1
9459,GGAATGGCAGCTGGTC2
9460,GGAATGGCATGTGCTA2
9461,GGAATGGCATTGTACG2
9462,GGAATGGCATTGTACG3
9463,GGAATGGGTTGTTGCA2
9464,GGAATGGGTTGTTGCA3
9465,GGAATGGTCCCAATAG1
9466,GGAATGGTCCCAATAG2
9467,GGAATGGTCGAGAAGC2
9468,GGAATGGTCGAGAATA2
9469,GGACGTCAGACTTGTC2
9470,GGACGTCAGGATGAGA2
9471,GGACGTCAGGATGAGA3
9472,GGACGTCCACAAGGTG1
9473,GGACGTCCACTTGAAC1
9474,GGACGTCCACTTGAAC2
9475,GGACGTCCACTTGAAC3
9476,GGACGTCCAGAAGTTA2
9477,GGACGTCCAGAAGTTA3
9478,GGACGTCCATTGAAGA2
9479,GGACGTCCATTGAAGA3
9480,GGACGTCGTCGTGGAA3
9481,GGACGTCGTGCATTAC2
9482,GGACGTCGTGCTGCAC2
9483,GGACGTCGTGCTGCAC3
9484,GGACGTCTCATGTCTT3
9485,GGACGTCTCCCATACC3
9486,GGACGTCTCCTACCGT2
9487,GGACGTCTCCTACCGT3
9488,GGACGTCTCGGTGTAT2
9489,GGACGTCTCTCTAGGA2
9490,GGACGTCTCTCTAGGA3
9491,GGAGAACAGGAACGCT2
9492,GGAGAACAGGAACGCT3
9493,GGAGAACAGGTCCCTG2
9494,GGAGAACAGGTCCCTG3
9495,GGAGAACAGTAACGAT2
9496,GGAGAACAGTAACGAT3
9497,GGAGAACCAACCCTCT2
9498,GGAGAACCAACCCTCT3
9499,GGAGAACCACCGTGGT2
9500,GGAGAACCACCGTGGT3
9501,GGAGAACCAGGCGATA1
9502,GGAGAACCAGGCGATA2
9503,GGAGAACGTCACTGAT2
9504,GGAGAACGTCACTGAT3
9505,GGAGAACGTCTACTGA3
9506,GGAGAACGTGGACTGA3
9507,GGAGAACTCGACCATA1
9508,GGAGATGAGACCATAA2
9509,GGAGATGAGACCATAA3
9510,GGAGATGAGTGAGGTC2
9511,GGAGATGCAGATCATC1
9512,GGAGATGGTCACCGCA3
9513,GGAGATGGTCCAGCCA1
9514,GGAGATGGTCGAAGCA2
9515,GGAGATGGTCGAAGCA3
9516,GGAGATGGTGATCGTT3
9517,GGAGATGGTGTCATTG2
9518,GGAGATGTCCACTTCG2
9519,GGAGATGTCCACTTCG3
9520,GGAGATGTCGTGTGAT2
9521,GGAGATGTCTTCTTCC2
9522,GGAGATGTCTTCTTCC3
9523,GGAGATGTCTTTCCGG1
9524,GGAGCAAAGAATCGTA2
9525,GGAGCAAAGAATCGTA3
9526,GGAGCAAAGACCTTTG3
9527,GGAGCAAAGATGTTAG2
9528,GGAGCAAAGGCAGTCA2
9529,GGAGCAAAGGCAGTCA3
9530,GGAGCAAAGGCGTCCT3
9531,GGAGCAACAACGATTC2
9532,GGAGCAACAATTGAGA3
9533,GGAGCAACAGTCTGGC1
9534,GGAGCAACATTGACTG2
9535,GGAGCAACATTGACTG3
9536,GGAGCAAGTGGCTGCT2
9537,GGAGCAAGTGGCTGCT3
9538,GGAGCAATCGCTTGCT2
9539,GGAGCAATCGGACCAC1
9540,GGAGCAATCTAGTCAG2
9541,GGAGCAATCTAGTCAG3
9542,GGAGCAATCTCATTTG3
9543,GGAGCAATCTCTCCGA2
9544,GGAGGATAGATGATTG2
9545,GGAGGATAGATGATTG3
9546,GGAGGATAGGACAGTC2
9547,GGAGGATAGGACAGTC3
9548,GGAGGATAGTAATTGG3
9549,GGAGGATAGTCGAAGC2
9550,GGAGGATAGTCGAAGC3
9551,GGAGGATCAATACCTG2
9552,GGAGGATCAATACCTG3
9553,GGAGGATCAATCAGCT2
9554,GGAGGATCAATCAGCT3
9555,GGAGGATCAGAGGAAA1
9556,GGAGGATCAGAGGAAA2
9557,GGAGGATCATGTGCCG3
9558,GGAGGATCATTCAGGT2
9559,GGAGGATCATTCAGGT3
9560,GGAGGATGTAACACCT3
9561,GGAGGATGTGTCCGTG3
9562,GGAGGATGTTAAGTCC3
9563,GGAGGATGTTGCAACT1
9564,GGAGGATTCAAACTGC3
9565,GGAGGATTCAAGTCGT3
9566,GGAGGATTCGAGTACT1
9567,GGAGGATTCGAGTACT2
9568,GGAGGATTCGATGCTA2
9569,GGAGGATTCGATGCTA3
9570,GGAGGATTCTAGACCA2
9571,GGAGGTAAGACCAGAC3
9572,GGAGGTAAGTTTGCTG2
9573,GGAGGTAAGTTTGCTG3
9574,GGAGGTACACTTACAG1
9575,GGAGGTACACTTACAG2
9576,GGAGGTACATCTAGAC2
9577,GGAGGTACATCTAGAC3
9578,GGAGGTAGTAGACTGG1
9579,GGAGGTAGTAGACTGG2
9580,GGAGGTAGTAGCTGTT2
9581,GGAGGTAGTCAGCGTC2
9582,GGAGGTAGTGAGGCAT2
9583,GGAGGTAGTTCCCAAA1
9584,GGAGGTATCAATCTCT2
9585,GGAGGTATCCTTGGAA1
9586,GGAGGTATCCTTGGAA2
9587,GGAGGTATCGTAACAC2
9588,GGAGGTATCGTAACAC3
9589,GGATCTAAGAATTCAG2
9590,GGATCTACACCTCAGG1
9591,GGATCTACATCTCAAG2
9592,GGATCTACATCTCAAG3
9593,GGATCTAGTCTCGGAC2
9594,GGATCTAGTCTCGGAC3
9595,GGATCTAGTGCCCTTT1
9596,GGATCTAGTGCCCTTT2
9597,GGATCTAGTTGGCTAT2
9598,GGATCTATCCGATGCG1
9599,GGATCTATCGGCTATA3
9600,GGATCTATCTGCACCT2
9601,GGATCTATCTGCACCT3
9602,GGATGTTAGATACTGA1
9603,GGATGTTAGATACTGA2
9604,GGATGTTAGCCACAAG1
9605,GGATGTTAGCCACAAG2
9606,GGATGTTAGCTGACTT2
9607,GGATGTTAGCTGACTT3
9608,GGATGTTCAAACACCT2
9609,GGATGTTCAAACACCT3
9610,GGATGTTCAAGAGGTC3
9611,GGATGTTCACACAGCC3
9612,GGATGTTCACTTACAG2
9613,GGATGTTCACTTACAG3
9614,GGATGTTCATCGGCCA2
9615,GGATGTTCATCGGCCA3
9616,GGATGTTGTAAGATCA1
9617,GGATGTTTCTGGGTCG3
9618,GGCACGTAGAGAGCGG1
9619,GGCACGTAGAGAGCGG2
9620,GGCACGTAGATTTGCC2
9621,GGCACGTAGATTTGCC3
9622,GGCACGTCAGACACAG1
9623,GGCACGTGTCTTAGTG2
9624,GGCACGTGTCTTAGTG3
9625,GGCACGTGTGTCGCTG1
9626,GGCACGTGTGTCGCTG2
9627,GGCACGTGTGTTCGAT1
9628,GGCACGTGTGTTCGAT2
9629,GGCACGTTCATTTACC2
9630,GGCACGTTCATTTACC3
9631,GGCAGTCAGCACTAGG2
9632,GGCAGTCAGCACTAGG3
9633,GGCAGTCAGCTCACTA2
9634,GGCAGTCAGCTCACTA3
9635,GGCAGTCAGGCACTAG3
9636,GGCAGTCAGTAGGCCA2
9637,GGCAGTCAGTGTTGTC3
9638,GGCAGTCCAGTCGGAA3
9639,GGCAGTCCATCCTCAC2
9640,GGCAGTCCATCCTCAC3
9641,GGCAGTCGTCCTCAGG1
9642,GGCAGTCGTTGTTGAC2
9643,GGCAGTCTCGAACCTA2
9644,GGCAGTCTCGACGTCG3
9645,GGCGTCAAGACAGCTG2
9646,GGCGTCAAGACAGCTG3
9647,GGCGTCACACCCAACG2
9648,GGCGTCACACCCAACG3
9649,GGCGTCACACTGTGTA3
9650,GGCGTCACAGGAGACT2
9651,GGCGTCACAGGAGACT3
9652,GGCGTCACAGTAGAAT2
9653,GGCGTCACAGTAGAAT3
9654,GGCGTCAGTCACCCTT1
9655,GGCGTCAGTCGTCGGT2
9656,GGCGTCAGTTCTCCAC1
9657,GGCGTCAGTTCTCCAC2
9658,GGCGTCATCATACAGC3
9659,GGCGTCATCGGTAGAG3
9660,GGCTGTGAGATTGAGT2
9661,GGCTGTGAGGATATAC2
9662,GGCTGTGAGGATATAC3
9663,GGCTGTGAGGTACAAT2
9664,GGCTGTGAGGTACAAT3
9665,GGCTGTGAGTCATGGG2
9666,GGCTGTGCAAGCACAG2
9667,GGCTGTGCAAGCACAG3
9668,GGCTGTGGTGGACTAG2
9669,GGCTGTGTCTAGCCAA2
9670,GGCTGTGTCTAGCCAA3
9671,GGCTTGGAGACGACTG1
9672,GGCTTGGAGACGACTG2
9673,GGCTTGGAGACTCTAC2
9674,GGCTTGGAGACTCTAC3
9675,GGCTTGGAGCTCACTA1
9676,GGCTTGGAGTAACCGG1
9677,GGCTTGGAGTAACCGG2
9678,GGCTTGGGTCCTGTCT3
9679,GGCTTGGTCATCGCTC1
9680,GGCTTGGTCCCATAGA1
9681,GGCTTGGTCTCGTGAA2
9682,GGCTTGGTCTCGTGAA3
9683,GGCTTTCAGATTGGGC3
9684,GGCTTTCAGCGACTTT2
9685,GGCTTTCAGCGACTTT3
9686,GGCTTTCAGGTTCACT1
9687,GGCTTTCAGGTTCACT2
9688,GGCTTTCCAAGCCCAC2
9689,GGCTTTCCAAGCCCAC3
9690,GGCTTTCCAGTTAAAG1
9691,GGCTTTCGTACAAGCG3
9692,GGCTTTCGTACTCCCT1
9693,GGCTTTCTCTTTGCGC2
9694,GGGAAGTAGGACTGGT1
9695,GGGAAGTAGTCATCCA2
9696,GGGAAGTAGTCATCCA3
9697,GGGAAGTCACACGGAA1
9698,GGGAAGTGTATGGTTC2
9699,GGGAAGTGTCCACTCT2
9700,GGGAAGTGTCCACTCT3
9701,GGGAAGTGTCTCAAGT2
9702,GGGAAGTGTGAGTCAG1
9703,GGGAAGTGTGTCATGT1
9704,GGGAAGTTCATAGGCT1
9705,GGGAAGTTCATAGGCT2
9706,GGGAAGTTCGAGCACC2
9707,GGGAAGTTCGAGCACC3
9708,GGGAAGTTCGCTGTCT3
9709,GGGACAAAGAGGGCGA3
9710,GGGACAAAGTGATCGG2
9711,GGGACAAAGTGCTCGC2
9712,GGGACAAAGTGCTCGC3
9713,GGGACAACAGAAGTTA2
9714,GGGACAACAGAAGTTA3
9715,GGGACAACATCGTGCG1
9716,GGGACAAGTCGAAACG2
9717,GGGACAAGTCGAAACG3
9718,GGGACAAGTGAGGATC2
9719,GGGACAAGTGAGGATC3
9720,GGGACAAGTGTAACGG3
9721,GGGACAAGTGTATACC1
9722,GGGACAAGTGTATACC2
9723,GGGACAAGTGTTCCTC1
9724,GGGACAAGTTGAGAGC2
9725,GGGACAAGTTGAGAGC3
9726,GGGACAATCCACCTGT3
9727,GGGACAATCTGCGTCT2
9728,GGGACAATCTTCCTAA1
9729,GGGACAATCTTCCTAA2
9730,GGGACCTAGAGTCAGC2
9731,GGGACCTAGAGTCAGC3
9732,GGGACCTAGCAATAGT1
9733,GGGACCTAGCAATAGT2
9734,GGGACCTAGCTGACTT1
9735,GGGACCTCACGATTCA3
9736,GGGACCTCAGCTTTCC3
9737,GGGACCTGTAGGTACG2
9738,GGGACCTGTAGGTACG3
9739,GGGACCTGTGTAAATG2
9740,GGGACCTGTGTAAATG3
9741,GGGACCTTCAACCTTT2
9742,GGGACCTTCAACCTTT3
9743,GGGACTCAGGAACATT3
9744,GGGACTCAGTGGCCTC2
9745,GGGACTCCATTGTCGA3
9746,GGGACTCGTAGCGCCT1
9747,GGGACTCGTAGCGTCC3
9748,GGGACTCGTCCAGCCA1
9749,GGGACTCGTCCTACGG1
9750,GGGACTCGTCCTACGG2
9751,GGGACTCGTGTAACGG2
9752,GGGACTCGTGTAACGG3
9753,GGGACTCTCAAACGAA2
9754,GGGACTCTCCAATCCC3
9755,GGGACTCTCCGTGACG1
9756,GGGACTCTCCGTGACG2
9757,GGGACTCTCGACGATT2
9758,GGGACTCTCGACGATT3
9759,GGGACTCTCTCTTGCG1
9760,GGGACTCTCTCTTGCG2
9761,GGGAGATAGAACTCCT2
9762,GGGAGATAGCACGTCC2
9763,GGGAGATAGCACGTCC3
9764,GGGAGATCACACCGCA1
9765,GGGAGATCACAGCTGC3
9766,GGGAGATCATGAAGCG2
9767,GGGAGATCATTGTAGC3
9768,GGGAGATGTAGCGCCT2
9769,GGGAGATGTAGCGCCT3
9770,GGGAGATGTATCATGC1
9771,GGGAGATGTATGAAAC1
9772,GGGAGATGTGAAGCTG1
9773,GGGAGATGTGCCCAGT1
9774,GGGAGATGTGCCCAGT2
9775,GGGAGATGTTACGCCG1
9776,GGGAGATGTTACGCCG2
9777,GGGAGATTCAGCAATC3
9778,GGGAGATTCCACTGGG3
9779,GGGAGATTCCTGTTGC1
9780,GGGAGATTCGCGCCAA2
9781,GGGAGATTCTTGATTC3
9782,GGGAGTAAGATCGCCC3
9783,GGGAGTAAGCCTGAAG2
9784,GGGAGTACATAAGATG2
9785,GGGAGTAGTACAGAGC2
9786,GGGAGTAGTACAGAGC3
9787,GGGAGTAGTCCAAGAG1
9788,GGGAGTAGTCCAAGAG2
9789,GGGAGTAGTGAACTAA1
9790,GGGAGTAGTGAACTAA2
9791,GGGAGTATCCACCTGT1
9792,GGGAGTATCGTAACCA1
9793,GGGAGTATCTAGCCAA2
9794,GGGAGTATCTAGCCAA3
9795,GGGATCCAGAAACCCG2
9796,GGGATCCAGAAACCCG3
9797,GGGATCCAGAAGCCAC2
9798,GGGATCCAGACGTCGA3
9799,GGGATCCCACGGTGAA3
9800,GGGATCCCAGGCGAAT1
9801,GGGATCCCAGGCGAAT2
9802,GGGATCCCAGTCTTCC2
9803,GGGATCCCATGTTACG2
9804,GGGATCCGTATGGTTC2
9805,GGGATCCGTATGGTTC3
9806,GGGATCCGTCGAGCAA3
9807,GGGATCCGTGCGGCTT2
9808,GGGATCCGTGCGGCTT3
9809,GGGATCCGTGCGTGCT2
9810,GGGATCCGTGCGTGCT3
9811,GGGATCCGTGGTCCGT2
9812,GGGATCCGTGGTCCGT3
9813,GGGATCCTCCGCTTAC3
9814,GGGATCCTCTTCGTGC2
9815,GGGATGAAGAATTCAG3
9816,GGGATGACAAGCGATG2
9817,GGGATGACAGGTAGTG1
9818,GGGATGAGTTCTCCTG1
9819,GGGATGATCCATCCGT2
9820,GGGATGATCCATCCGT3
9821,GGGATGATCGAACCAT2
9822,GGGATGATCGAACCAT3
9823,GGGATGATCGCTTGCT1
9824,GGGATGATCTCGCGTT2
9825,GGGATGATCTCTAGGA2
9826,GGGATGATCTCTAGGA3
9827,GGGCCATAGATTTGCC2
9828,GGGCCATAGATTTGCC3
9829,GGGCCATAGGTTCATC3
9830,GGGCCATAGTTCATGC1
9831,GGGCCATAGTTCATGC2
9832,GGGCCATGTCCTTGTC3
9833,GGGCCATGTCGACTTA2
9834,GGGCCATGTCGACTTA3
9835,GGGCCATGTTAAGAAC2
9836,GGGCCATGTTAAGAAC3
9837,GGGCCATGTTATGTCG1
9838,GGGCCATGTTTGCCGG3
9839,GGGCCATTCCACCTGT1
9840,GGGCCATTCCACCTGT2
9841,GGGCCATTCGTGGCTG2
9842,GGGCCATTCGTGGCTG3
9843,GGGCCATTCTCCCAAC3
9844,GGGCCATTCTGCTAGA2
9845,GGGCCATTCTGCTAGA3
9846,GGGCGTTAGACCAAGC1
9847,GGGCGTTAGACCAAGC2
9848,GGGCGTTAGCTGTTAC2
9849,GGGCGTTAGCTGTTAC3
9850,GGGCGTTAGGATACCG2
9851,GGGCGTTAGGATACCG3
9852,GGGCGTTAGGGTTTCT2
9853,GGGCGTTAGGGTTTCT3
9854,GGGCGTTAGTGCAAAT1
9855,GGGCGTTAGTTCAACC2
9856,GGGCGTTAGTTCAACC3
9857,GGGCGTTCAGCCCAGT1
9858,GGGCGTTGTGCAACGA2
9859,GGGCGTTGTGCAACGA3
9860,GGGCTACAGCCAGTAG1
9861,GGGCTACAGCCAGTAG2
9862,GGGCTACAGCCAGTAG3
9863,GGGCTACAGCTGACTT1
9864,GGGCTACAGCTGACTT2
9865,GGGCTACAGGAAGTCC3
9866,GGGCTACAGGCGAACT2
9867,GGGCTACAGGCGAACT3
9868,GGGCTACAGGCTAGCA2
9869,GGGCTACCACAAATAG3
9870,GGGCTACCATTCCTAT2
9871,GGGCTACCATTCCTAT3
9872,GGGCTACGTGGACCTC3
9873,GGGCTACGTGGTCCCA3
9874,GGGCTACGTTCTTAGG3
9875,GGGCTACTCCTTATAC2
9876,GGGCTACTCCTTATAC3
9877,GGGCTCAAGACTTCCA1
9878,GGGCTCAAGACTTCCA2
9879,GGGCTCAAGTTCCGGC1
9880,GGGCTCAAGTTCCGGC2
9881,GGGCTCAAGTTGGCGA3
9882,GGGCTCACAAGTTTGC1
9883,GGGCTCACAATGCAAA1
9884,GGGCTCACAATGCAAA2
9885,GGGCTCACATAGCTGT1
9886,GGGCTCACATCTGTTT3
9887,GGGCTCACATGTGTCA3
9888,GGGCTCAGTATTGAGA1
9889,GGGCTCAGTGTCTTAG2
9890,GGGCTCAGTGTCTTAG3
9891,GGGCTCAGTGTTACAC2
9892,GGGCTCAGTGTTACAC3
9893,GGGCTCAGTTCGGTCG1
9894,GGGCTCATCAGATTGC2
9895,GGGCTCATCAGATTGC3
9896,GGGTAGAAGGACGCAT2
9897,GGGTAGAAGGACGCAT3
9898,GGGTAGAAGTCTAACC1
9899,GGGTAGAAGTCTAACC2
9900,GGGTAGACAAAGCTAA1
9901,GGGTAGACAAGAGGCT1
9902,GGGTAGACAAGAGGCT2
9903,GGGTAGACAATAGAGT3
9904,GGGTAGACACGTAGAG1
9905,GGGTAGAGTGAGGAAA2
9906,GGGTAGAGTTACACAC1
9907,GGGTAGATCATGCCAA1
9908,GGGTAGATCCGCAAAT2
9909,GGGTAGATCCGCAAAT3
9910,GGGTAGATCCGCGATG2
9911,GGGTAGATCGCCATAA2
9912,GGGTATTAGCCAAGGT2
9913,GGGTATTAGCCAAGGT3
9914,GGGTATTCAGCTGCCA2
9915,GGGTATTCAGCTGCCA3
9916,GGGTATTGTCCGTTTC2
9917,GGGTATTGTCCTGTTC3
9918,GGGTATTGTGCCTAAT1
9919,GGGTATTGTGGAATGC2
9920,GGGTATTGTGGAATGC3
9921,GGGTATTTCTAAGGAA3
9922,GGGTCACAGATAGGGA2
9923,GGGTCACAGATAGGGA3
9924,GGGTCACAGTTTCGAC2
9925,GGGTCACCAAAGGATT2
9926,GGGTCACCAAAGGATT3
9927,GGGTCACGTATCAAGA2
9928,GGGTCACGTCCGTTTC1
9929,GGGTCACGTGAAAGTT2
9930,GGGTCACGTGAAAGTT3
9931,GGGTCACGTTCCACAA1
9932,GGGTCACGTTCCACAA2
9933,GGGTCACGTTCGGTTA1
9934,GGGTCACTCAAAGGTA1
9935,GGGTCACTCCCAAGTA1
9936,GGGTCACTCCCAAGTA2
9937,GGGTCACTCGCATTAG2
9938,GGGTCACTCGCATTAG3
9939,GGGTCTGAGCCTGGAA3
9940,GGGTCTGAGTATGAGT2
9941,GGGTCTGAGTATGAGT3
9942,GGGTCTGAGTTAACGA2
9943,GGGTCTGCACTTGAAC2
9944,GGGTCTGCACTTGAAC3
9945,GGGTCTGCAGTAGAGC2
9946,GGGTCTGCAGTAGAGC3
9947,GGGTCTGCATCCTCAC1
9948,GGGTCTGGTAAGGAGA3
9949,GGGTCTGGTCAGTCTA1
9950,GGGTCTGGTCAGTCTA2
9951,GGGTCTGGTCGGTACC1
9952,GGGTCTGTCATGGATC3
9953,GGGTCTGTCCTGGTCT2
9954,GGGTCTGTCCTGGTCT3
9955,GGGTGAAAGCTGTGCC2
9956,GGGTGAAAGGAGGCAG1
9957,GGGTGAACAGCAGACA2
9958,GGGTGAACAGCTGTCG3
9959,GGGTGAAGTCAACGCC2
9960,GGGTGAAGTCAACGCC3
9961,GGGTGAAGTCGGCACT2
9962,GGGTGAAGTGTTATCG3
9963,GGGTGAATCAGAGTGG2
9964,GGGTGAATCCAACCGG1
9965,GGGTGAATCTACGCAA2
9966,GGGTGTCAGAATGTTG3
9967,GGGTGTCAGACTCAAA3
9968,GGGTGTCAGATGAAGG2
9969,GGGTGTCAGGATTTGA3
9970,GGGTGTCAGTTCAACC3
9971,GGGTGTCCATTGTCGA2
9972,GGGTGTCCATTGTCGA3
9973,GGGTGTCGTATAGGAT2
9974,GGGTGTCGTATAGGAT3
9975,GGGTGTCGTTCGTACA3
9976,GGGTGTCGTTGCCATA3
9977,GGGTGTCTCAAGTAAG2
9978,GGGTGTCTCCAACTGA1
9979,GGGTGTCTCTGTTGGA1
9980,GGGTGTCTCTGTTGGA2
9981,GGGTTATAGTTACGAA2
9982,GGGTTATCAGCTGTCG2
9983,GGGTTATCAGCTGTCG3
9984,GGGTTATGTGGGATTG1
9985,GGGTTATGTGGGATTG2
9986,GGGTTATGTGTCATGT2
9987,GGGTTATGTTGCTTGA2
9988,GGGTTATGTTGCTTGA3
9989,GGGTTATTCCGTGTCT3
9990,GGGTTATTCGTTAGTG1
9991,GGGTTATTCTTTGCGC3
9992,GGGTTTAAGCCACAAG2
9993,GGGTTTAAGCCACAAG3
9994,GGGTTTAAGGGTCTTT3
9995,GGGTTTACACCATATG1
9996,GGGTTTACAGATGCGA3
9997,GGGTTTACAGGCTACC1
9998,GGGTTTACATGACTCA3
9999,GGGTTTAGTACTCCGG3
10000,GGGTTTAGTTAGGCTT3
10001,GGGTTTATCTCAATCT2
10002,GGGTTTATCTCAATCT3
10003,GGTAACTAGATGGCAC1
10004,GGTAACTCACTCCGAG1
10005,GGTAACTCACTCCGAG2
10006,GGTAACTGTACCGTGC1
10007,GGTAACTGTACCGTGC2
10008,GGTAACTGTCAGACGA1
10009,GGTAACTGTCAGACGA2
10010,GGTAACTGTGTTCGAT3
10011,GGTAACTTCCCGAATA2
10012,GGTAACTTCCCGAATA3
10013,GGTAACTTCCGAACGC1
10014,GGTAACTTCTAGCCAA3
10015,GGTAATCAGGGTTAAT3
10016,GGTAATCAGTGCTCGC2
10017,GGTAATCAGTGCTCGC3
10018,GGTAATCCACACAGAG3
10019,GGTAATCCACACTTAG2
10020,GGTAATCCACACTTAG3
10021,GGTAATCGTCGCAGTC2
10022,GGTAATCGTCTAGTGT2
10023,GGTAATCGTCTAGTGT3
10024,GGTAATCGTCTGATAC1
10025,GGTAATCGTCTGATAC2
10026,GGTAATCGTGTATTCG2
10027,GGTAATCGTGTATTCG3
10028,GGTAATCTCAAGAATG1
10029,GGTAATCTCGAGTGGA1
10030,GGTAATCTCGAGTGGA2
10031,GGTAATCTCTCGTCGT3
10032,GGTAATCTCTGCCTCA1
10033,GGTAATCTCTGCCTCA2
10034,GGTAGAGAGATTAGAC3
10035,GGTAGAGAGCCTGGAA1
10036,GGTAGAGAGTAAAGCT2
10037,GGTAGAGAGTAAAGCT3
10038,GGTAGAGCACGCTATA2
10039,GGTAGAGCACGCTATA3
10040,GGTAGAGCAGGCTTGC2
10041,GGTAGAGCAGGCTTGC3
10042,GGTAGAGCAGTTAGAA1
10043,GGTAGAGGTATGGTAA2
10044,GGTAGAGGTATGGTAA3
10045,GGTAGAGTCCACGAAT3
10046,GGTCACGAGAGCCGTA2
10047,GGTCACGAGAGCCGTA3
10048,GGTCACGAGGACCCAA2
10049,GGTCACGAGGCTTAGG2
10050,GGTCACGAGGCTTAGG3
10051,GGTCACGCACGAAAGC1
10052,GGTCACGCACGAAAGC2
10053,GGTCACGCATCTGTTT2
10054,GGTCACGCATCTGTTT3
10055,GGTCACGCATGTTCAG2
10056,GGTCACGCATGTTCAG3
10057,GGTCACGTCCACTAGA2
10058,GGTCACGTCCACTAGA3
10059,GGTCACGTCCGTGACG1
10060,GGTCACGTCGATTGGT1
10061,GGTCACGTCGATTGGT2
10062,GGTCACGTCTTAATCC2
10063,GGTCACGTCTTAATCC3
10064,GGTCTGGAGGGAGATA2
10065,GGTCTGGAGGTCGTCC3
10066,GGTCTGGAGTCCGCGT2
10067,GGTCTGGCACGGTGTC1
10068,GGTCTGGCACTGTTCC2
10069,GGTCTGGCACTGTTCC3
10070,GGTCTGGCATCACAGT3
10071,GGTCTGGGTGACTCTA3
10072,GGTCTGGGTTATAGCC3
10073,GGTCTGGTCCATACAG1
10074,GGTCTGGTCCCTAGGG1
10075,GGTCTGGTCTGACCCT3
10076,GGTCTGGTCTTTACAC3
10077,GGTGAAGAGAAATCCA2
10078,GGTGAAGAGAAATCCA3
10079,GGTGAAGAGCAATTCC1
10080,GGTGAAGAGCAATTCC2
10081,GGTGAAGCAATGAAAC3
10082,GGTGAAGCACCTTCGT2
10083,GGTGAAGGTGGTTCTA2
10084,GGTGAAGTCATATGGC2
10085,GGTGAAGTCTTTACAC3
10086,GGTGATTAGCTACAAA2
10087,GGTGATTAGCTACAAA3
10088,GGTGATTCAACACACT3
10089,GGTGATTGTCCAGCCA2
10090,GGTGATTGTCCAGCCA3
10091,GGTGATTGTGAATAAC3
10092,GGTGATTGTGCAGGAT2
10093,GGTGATTGTGCAGGAT3
10094,GGTGATTGTGTGGACA1
10095,GGTGATTGTGTGGACA2
10096,GGTGATTTCGCCTTTG2
10097,GGTGATTTCGGAAGGT2
10098,GGTGATTTCGGAAGGT3
10099,GGTGGCTAGATAACAC2
10100,GGTGGCTAGATAACAC3
10101,GGTGGCTAGCAACTTC1
10102,GGTGGCTAGCAACTTC2
10103,GGTGGCTAGTTTGCTG1
10104,GGTGGCTCAGGTACGA1
10105,GGTGGCTGTCACTAGT3
10106,GGTGGCTGTCGTTTCC1
10107,GGTGGCTGTCGTTTCC2
10108,GGTGGCTTCATAGAGA2
10109,GGTGGCTTCTCCTGTG3
10110,GGTGTCGAGGTGGGTT2
10111,GGTGTCGAGGTGGGTT3
10112,GGTGTCGAGTGCAAAT3
10113,GGTGTCGCAATACCCA3
10114,GGTGTCGCAGGAATAT1
10115,GGTGTCGCAGGAATAT2
10116,GGTGTCGGTTCGTAAC3
10117,GGTGTCGGTTTACGAC3
10118,GGTGTCGTCACTGTTT1
10119,GGTGTCGTCACTGTTT2
10120,GGTGTCGTCAGCATTG1
10121,GGTGTCGTCCTGCTAC2
10122,GGTGTCGTCCTGCTAC3
10123,GGTGTCGTCGGTCGAC1
10124,GGTGTCGTCTACACTT1
10125,GGTGTTAAGACTCGAG3
10126,GGTGTTAAGAGAGAAC3
10127,GGTGTTACAAAGACTA3
10128,GGTGTTACAATGCAGG1
10129,GGTGTTAGTAAGGTCG1
10130,GGTGTTAGTACTGAGG2
10131,GGTGTTAGTACTGAGG3
10132,GGTGTTAGTAGAGCTG1
10133,GGTGTTAGTGACCGAA2
10134,GGTGTTAGTGACCGAA3
10135,GGTGTTAGTGCACAAG3
10136,GGTGTTAGTGTCTTCC2
10137,GGTGTTAGTGTCTTCC3
10138,GGTGTTATCCCATGGG2
10139,GGTGTTATCCTTTGAT2
10140,GGTGTTATCCTTTGAT3
10141,GGTTAACAGTGACACG1
10142,GGTTAACCATTCGGGC2
10143,GGTTAACCATTCGGGC3
10144,GGTTAACCATTCTTCA2
10145,GGTTAACCATTCTTCA3
10146,GGTTAACGTGCATTTG1
10147,GGTTAACGTGCATTTG2
10148,GGTTAACGTGTCCAAT1
10149,GGTTAACTCACGAGGA2
10150,GGTTAACTCCACTAGA2
10151,GGTTAACTCCACTAGA3
10152,GGTTAACTCCTCTGCA2
10153,GGTTAACTCTCCGAAA1
10154,GGTTCTCAGAGTCGAC2
10155,GGTTCTCAGAGTCGAC3
10156,GGTTCTCAGCATTGTC3
10157,GGTTCTCAGGACACTG1
10158,GGTTCTCAGGACACTG2
10159,GGTTCTCCAATTGCGT2
10160,GGTTCTCCAATTGCGT3
10161,GGTTCTCCACAAGTGG2
10162,GGTTCTCCACATGTTG1
10163,GGTTCTCCAGTCTCTC2
10164,GGTTCTCCAGTCTCTC3
10165,GGTTCTCCATCCAATG2
10166,GGTTCTCGTATACCCA2
10167,GGTTCTCGTCATCGCG3
10168,GGTTCTCGTGTTCCTC1
10169,GGTTCTCTCAAACTGC3
10170,GGTTCTCTCAGTGTCA1
10171,GGTTCTCTCCTATGGA1
10172,GGTTCTCTCCTATGGA2
10173,GGTTCTCTCGTCAACA1
10174,GGTTCTCTCGTCAACA2
10175,GGTTCTCTCTACCTTA3
10176,GGTTGTAAGACGATAT2
10177,GGTTGTAAGACGATAT3
10178,GGTTGTAAGCATACTC2
10179,GGTTGTAAGCCTGAGA2
10180,GGTTGTACACAGACGA3
10181,GGTTGTACATTGTCGA1
10182,GGTTGTACATTGTCGA2
10183,GGTTGTAGTCAGATTC1
10184,GGTTGTAGTCAGATTC2
10185,GGTTGTAGTCAGATTC3
10186,GGTTGTAGTCTTCCGT1
10187,GGTTGTAGTTAAGCAA1
10188,GGTTGTAGTTAAGCAA2
10189,GGTTGTATCAATCAGC1
10190,GGTTGTATCCCAGGAC3
10191,GTAACACAGAAACTGT3
10192,GTAACACAGAGCTGCA2
10193,GTAACACCACCGGCTA1
10194,GTAACACCACGGGTAA2
10195,GTAACACCACGGGTAA3
10196,GTAACACCAGATAAAC1
10197,GTAACACCAGATAAAC2
10198,GTAACACGTGACACAG2
10199,GTAACACGTGACACAG3
10200,GTAACACGTGGCTGAA3
10201,GTAACACGTGTCACAT3
10202,GTAACACGTTACTCAG2
10203,GTAACACGTTACTCAG3
10204,GTAACACTCAACTTTC2
10205,GTAACACTCAACTTTC3
10206,GTAACACTCTGAGTCA2
10207,GTAACACTCTGAGTCA3
10208,GTAACCACAATTGGTC2
10209,GTAACCACAATTGGTC3
10210,GTAACCACAGGGCTTC1
10211,GTAACCACAGGGCTTC2
10212,GTAACCACATGACTAC2
10213,GTAACCACATGACTAC3
10214,GTAACCATCCTGGCTT2
10215,GTAACCATCTCAGTCC1
10216,GTAACCATCTCAGTCC2
10217,GTAACCATCTCAGTCC3
10218,GTAAGTCAGGGTATAT2
10219,GTAAGTCAGGGTATAT3
10220,GTAAGTCAGTACAACA3
10221,GTAAGTCCACCATTCC1
10222,GTAAGTCCAGAGAATT1
10223,GTAAGTCCAGAGAATT2
10224,GTAAGTCCAGCTGTGC3
10225,GTAAGTCCAGGGTCTC1
10226,GTAAGTCCAGGGTCTC2
10227,GTAAGTCGTCGTTGCG3
10228,GTAAGTCGTGTTACAC2
10229,GTAAGTCGTGTTACAC3
10230,GTAAGTCGTTACCGTA1
10231,GTAAGTCGTTACCGTA2
10232,GTAAGTCGTTGCATAC2
10233,GTAAGTCGTTGCATAC3
10234,GTAAGTCTCGACACTA3
10235,GTAAGTCTCGAGATAA3
10236,GTAAGTCTCTAGACCA2
10237,GTAAGTCTCTAGACCA3
10238,GTAAGTCTCTCAGAAC2
10239,GTAAGTCTCTCAGAAC3
10240,GTAAGTCTCTCTATGT1
10241,GTAATCGAGAGTTGTA2
10242,GTAATCGAGCTGAGTG2
10243,GTAATCGAGCTGAGTG3
10244,GTAATCGAGGTTATAG2
10245,GTAATCGAGTCGTTAC3
10246,GTAATCGCACGCTATA3
10247,GTAATCGCACTAGAGG2
10248,GTAATCGCACTAGAGG3
10249,GTAATCGCATCCTGTC3
10250,GTAATCGGTCGCGGTT3
10251,GTAATCGGTGAGGATC2
10252,GTAATCGGTGAGGATC3
10253,GTAATCGTCCGTTGGG2
10254,GTAATCGTCCGTTGGG3
10255,GTAATGCAGACGCTCC2
10256,GTAATGCAGGTTGTTC1
10257,GTAATGCCAAATAAGC3
10258,GTAATGCCAAATCCCA2
10259,GTAATGCCAAATCCCA3
10260,GTAATGCCAGCGGTTC2
10261,GTAATGCCAGCGGTTC3
10262,GTAATGCCATCCTCAC1
10263,GTAATGCCATCCTCAC2
10264,GTAATGCGTCCAGTTA2
10265,GTACAACAGATCCCAT1
10266,GTACAACAGCAGTAAT1
10267,GTACAACAGCAGTAAT2
10268,GTACAACAGGAATGTT1
10269,GTACAACAGGAATGTT2
10270,GTACAACAGGTAAGGA2
10271,GTACAACAGGTAAGGA3
10272,GTACAACAGGTCATAA2
10273,GTACAACAGGTCATAA3
10274,GTACAACAGGTGATCG2
10275,GTACAACAGTTCGCAT3
10276,GTACAACCAGCTGAAG3
10277,GTACAACCATCACCAA1
10278,GTACAACCATCACCAA2
10279,GTACAACGTCTCTCTG1
10280,GTACAACGTCTCTCTG2
10281,GTACAACGTTCTATCT2
10282,GTACAACGTTCTATCT3
10283,GTACAACGTTGCTGAT3
10284,GTACAACTCGTGCGAC2
10285,GTACAACTCGTGCGAC3
10286,GTACAACTCTAGTGAC3
10287,GTACAGTAGAAACCCG2
10288,GTACAGTAGAGAGAAC1
10289,GTACAGTAGGAACGAA3
10290,GTACAGTAGTACTGGG3
10291,GTACAGTAGTTGAATG1
10292,GTACAGTAGTTGAATG2
10293,GTACAGTGTAGACAAT2
10294,GTACAGTGTAGACAAT3
10295,GTACAGTGTCAAAGAT1
10296,GTACAGTGTCAAAGAT2
10297,GTACAGTGTGAGTAGC1
10298,GTACAGTGTGAGTAGC2
10299,GTACAGTGTGCTGATT3
10300,GTACAGTTCGCATGAT2
10301,GTACAGTTCGTTATCT2
10302,GTAGAAACACAGCATT1
10303,GTAGAAACACGCGCTA2
10304,GTAGAAACACGCGCTA3
10305,GTAGAAACACGGCGTT2
10306,GTAGAAACACGGCGTT3
10307,GTAGAAACATGACACT1
10308,GTAGAAAGTCGGTAAG2
10309,GTAGAAAGTCGGTAAG3
10310,GTAGAAAGTTCGTAAC3
10311,GTAGAAATCATGGTAC2
10312,GTAGAAATCATGGTAC3
10313,GTAGAGGAGACCAAAT2
10314,GTAGAGGAGACCAAAT3
10315,GTAGAGGAGGCGCTTC2
10316,GTAGAGGAGGCGCTTC3
10317,GTAGAGGAGGTAGACC2
10318,GTAGAGGAGTGCCCGT2
10319,GTAGAGGCACAATTCG3
10320,GTAGAGGCATGAATCC2
10321,GTAGAGGCATGAATCC3
10322,GTAGAGGGTAGCTTTG2
10323,GTAGAGGGTAGCTTTG3
10324,GTAGAGGGTGCTCTCT1
10325,GTAGAGGGTGCTCTCT2
10326,GTAGAGGTCATCTACT3
10327,GTAGAGGTCGCAGTGC1
10328,GTAGAGGTCTGAGGTT2
10329,GTAGAGGTCTGAGGTT3
10330,GTAGAGGTCTTTGCTA3
10331,GTAGATCAGACCGTTT3
10332,GTAGATCAGGAGAGGC1
10333,GTAGATCAGGAGAGGC2
10334,GTAGATCAGGTTTGAA1
10335,GTAGATCAGTCTCCTC3
10336,GTAGATCCAACTAGAA2
10337,GTAGATCCAACTAGAA3
10338,GTAGATCCAAGGTACG3
10339,GTAGATCCAGAAACCG1
10340,GTAGATCGTGCGAACA2
10341,GTAGATCGTGCGAACA3
10342,GTAGATCTCATACGAC1
10343,GTAGATCTCATACGAC2
10344,GTAGATCTCCGACAGC1
10345,GTAGATCTCCGACAGC2
10346,GTAGCTAAGAAGTGTT3
10347,GTAGCTACACGAGAAC1
10348,GTAGCTACACGAGAAC2
10349,GTAGCTACAGGGAGAG1
10350,GTAGCTAGTGAGATTA3
10351,GTAGCTAGTTTCGTGA3
10352,GTAGCTATCAGTGTTG2
10353,GTAGCTATCAGTGTTG3
10354,GTAGGAGAGACTTAAG2
10355,GTAGGAGAGACTTAAG3
10356,GTAGGAGAGATGAAGG1
10357,GTAGGAGAGGCACAAC2
10358,GTAGGAGCAAGAATGT3
10359,GTAGGAGCAAGTTCCA1
10360,GTAGGAGCACTGATTG2
10361,GTAGGAGCATCGTGCG1
10362,GTAGGAGCATCGTGCG2
10363,GTAGGAGTCAGCTGAT1
10364,GTAGGAGTCTCTGACC2
10365,GTAGGAGTCTCTGACC3
10366,GTAGGAGTCTTTGCTA2
10367,GTAGGAGTCTTTGCTA3
10368,GTAGGTTAGAAGTATC1
10369,GTAGGTTAGAAGTATC2
10370,GTAGGTTAGATACATG3
10371,GTAGGTTAGCTACGTT2
10372,GTAGGTTAGCTACGTT3
10373,GTAGGTTAGGCTGGAT2
10374,GTAGGTTAGGCTGGAT3
10375,GTAGGTTCAAGGGTCA2
10376,GTAGGTTCAAGGGTCA3
10377,GTAGGTTCAGTTCACA2
10378,GTAGGTTCAGTTCACA3
10379,GTAGGTTGTACTCCGG3
10380,GTAGGTTGTAGTCTTG1
10381,GTAGGTTGTAGTCTTG2
10382,GTAGGTTGTCACATTG3
10383,GTAGGTTTCCCTTGGT2
10384,GTAGGTTTCCTACTGC1
10385,GTAGGTTTCGATGCAT1
10386,GTAGGTTTCGGACCAC3
10387,GTAGGTTTCGTCTACC1
10388,GTAGGTTTCGTCTACC2
10389,GTAGGTTTCTCCAATT1
10390,GTAGGTTTCTCCAATT2
10391,GTAGTACAGGACGCAT2
10392,GTAGTACAGGACGCAT3
10393,GTAGTACAGTGAGTGC2
10394,GTAGTACAGTGAGTGC3
10395,GTAGTACAGTTCCGTA2
10396,GTAGTACCACACCTTC3
10397,GTAGTACCACTATCCC2
10398,GTAGTACCACTATCCC3
10399,GTAGTACCATTCGGGC1
10400,GTAGTACGTACGATGG2
10401,GTAGTACGTACGATGG3
10402,GTAGTACTCATGAGTC1
10403,GTAGTACTCTGCTGAA2
10404,GTATTGGAGAGCCGAT1
10405,GTATTGGAGAGCCGAT2
10406,GTATTGGAGATACTGA1
10407,GTATTGGAGGTCCCTG1
10408,GTATTGGAGGTCCCTG2
10409,GTATTGGAGTCGGCAA2
10410,GTATTGGCAACTGAAA1
10411,GTATTGGCAACTGAAA2
10412,GTATTGGCAACTGAAA3
10413,GTATTGGCACAAAGCG3
10414,GTATTGGCATAAGCAA1
10415,GTATTGGGTCTACGAT1
10416,GTATTGGGTCTACGAT2
10417,GTATTGGGTGAGAACC1
10418,GTATTGGGTGAGAACC2
10419,GTATTGGGTGAGATTA2
10420,GTATTGGGTGAGATTA3
10421,GTATTGGTCGAATCCA3
10422,GTATTGGTCGTAGCTA3
10423,GTATTTCCACGAAGAC2
10424,GTATTTCCAGGGTCTC3
10425,GTATTTCCAGTCGCTG3
10426,GTATTTCGTCGATTTG2
10427,GTATTTCGTCGATTTG3
10428,GTATTTCGTGGCTTGC3
10429,GTATTTCGTTACCGTA3
10430,GTATTTCGTTGCCGAC2
10431,GTATTTCGTTGCCGAC3
10432,GTATTTCTCTCGCGTT1
10433,GTCAAACAGCCAAGTG2
10434,GTCAAACAGCCAAGTG3
10435,GTCAAACCACTAAACC2
10436,GTCAAACCAGCGTAGA1
10437,GTCAAACCAGGACTAG2
10438,GTCAAACCAGGACTAG3
10439,GTCAAACGTCCTACAA2
10440,GTCAAACGTCTAACTG2
10441,GTCAAACGTCTAACTG3
10442,GTCAAACTCTTCTTCC2
10443,GTCAAACTCTTCTTCC3
10444,GTCAAGTAGCCTCTGG2
10445,GTCAAGTCAACGCATT2
10446,GTCAAGTCAACGCATT3
10447,GTCAAGTCAATTTCCT1
10448,GTCAAGTCACACCGAC2
10449,GTCAAGTCACACCGAC3
10450,GTCAAGTCATCACAGT1
10451,GTCAAGTCATCACAGT2
10452,GTCAAGTCATTGGCAT1
10453,GTCAAGTGTCACTCTC2
10454,GTCAAGTGTTATGACC3
10455,GTCAAGTGTTCGTGCG1
10456,GTCAAGTGTTGCGGCT1
10457,GTCAAGTGTTGCGGCT2
10458,GTCAAGTTCCGTAATG2
10459,GTCACGGAGGTGCAGT2
10460,GTCACGGAGGTTGGAC3
10461,GTCACGGCAGCGGTTC3
10462,GTCACGGCATGTACGT2
10463,GTCACGGGTAACGGTG3
10464,GTCACGGGTAGCTGTT2
10465,GTCACGGGTAGCTGTT3
10466,GTCACGGGTATAGGAT3
10467,GTCACGGGTCAAACGG1
10468,GTCACGGGTCACCCTT2
10469,GTCACGGGTCACCCTT3
10470,GTCACGGGTCTGTAAC2
10471,GTCACGGGTCTGTAAC3
10472,GTCACGGGTGGCTGAA3
10473,GTCACGGGTGGGCTCT2
10474,GTCACGGGTGGGCTCT3
10475,GTCACGGTCAACTCTT2
10476,GTCACGGTCAACTCTT3
10477,GTCACGGTCGGTGAAG2
10478,GTCACGGTCTCCAAGA3
10479,GTCACTCAGAAATTGC2
10480,GTCACTCAGAAATTGC3
10481,GTCACTCAGACCAGAC2
10482,GTCACTCAGACCAGAC3
10483,GTCACTCAGATGGCGT1
10484,GTCACTCAGATGGCGT2
10485,GTCACTCAGCATGCAG3
10486,GTCACTCAGGTAAGGA2
10487,GTCACTCAGTTAGTGA2
10488,GTCACTCCAAATCAAG1
10489,GTCACTCCAAATCAAG2
10490,GTCACTCCAAATCAAG3
10491,GTCACTCCACTTACAG2
10492,GTCACTCCACTTACAG3
10493,GTCACTCGTGCATGTT3
10494,GTCACTCTCAAGGCTT2
10495,GTCACTCTCATGCCAA2
10496,GTCACTCTCATGCCAA3
10497,GTCACTCTCCTATGGA2
10498,GTCACTCTCCTATGGA3
10499,GTCACTCTCGTTTACT2
10500,GTCAGCGAGAGCAACC3
10501,GTCAGCGAGCAAGTCG3
10502,GTCAGCGGTCACTCGG1
10503,GTCAGCGGTCGCTTGG1
10504,GTCAGCGTCGCCGATG3
10505,GTCAGCGTCGCTTTAT3
10506,GTCAGCGTCGGCCTTT3
10507,GTCATCCAGCAGGCTA2
10508,GTCATCCAGCAGGCTA3
10509,GTCATCCAGCGCCTCA1
10510,GTCATCCAGCGCCTCA2
10511,GTCATCCCAAATCCCA2
10512,GTCATCCCAGATTCGT3
10513,GTCATCCGTAGAATGT1
10514,GTCATCCGTCCTTGTC1
10515,GTCATCCGTCCTTGTC2
10516,GTCATCCGTCTTGGTA2
10517,GTCATCCGTCTTGGTA3
10518,GTCATCCGTGCGTTTA2
10519,GTCATCCGTGCGTTTA3
10520,GTCATCCGTTGCATAC1
10521,GTCATCCGTTGCATAC2
10522,GTCATCCTCACCGGTG1
10523,GTCATCCTCAGTGGGA1
10524,GTCATCCTCAGTGGGA2
10525,GTCATCCTCCCTCGAT3
10526,GTCATGAAGAGTCTTC2
10527,GTCATGAAGCATCTTG2
10528,GTCATGAAGCATCTTG3
10529,GTCATGAAGGACAGCT3
10530,GTCATGACACAACGTT1
10531,GTCATGACACAACGTT2
10532,GTCATGACAGCACACC3
10533,GTCATGAGTAATGATG1
10534,GTCATGAGTAATGATG2
10535,GTCATGAGTCCAAAGG2
10536,GTCATGAGTCCAAAGG3
10537,GTCATGAGTCCGGATC2
10538,GTCATGAGTTGCACGC1
10539,GTCATGATCATTTGTC1
10540,GTCATGATCTGGAGAG1
10541,GTCATGATCTGGAGAG2
10542,GTCATTTAGGCCTAAG2
10543,GTCATTTAGGCCTAAG3
10544,GTCATTTAGTTCTACG3
10545,GTCATTTAGTTGGCTT3
10546,GTCATTTGTACGATGG2
10547,GTCATTTGTACGATGG3
10548,GTCATTTGTGTGGACA2
10549,GTCATTTGTGTGGACA3
10550,GTCATTTGTTAAACCC2
10551,GTCATTTGTTAAACCC3
10552,GTCATTTGTTAAGTCC2
10553,GTCATTTGTTAAGTCC3
10554,GTCATTTGTTCCTAAG1
10555,GTCATTTGTTCCTAAG2
10556,GTCATTTGTTGTTGTG2
10557,GTCATTTGTTGTTGTG3
10558,GTCATTTTCAAGTCTG3
10559,GTCATTTTCCTCTAGC2
10560,GTCATTTTCCTCTAGC3
10561,GTCATTTTCTTTGCTA1
10562,GTCATTTTCTTTGCTA2
10563,GTCCACTAGCGAAACC3
10564,GTCCACTAGGCGAAGG2
10565,GTCCACTAGGCGAAGG3
10566,GTCCACTAGGTTATAG2
10567,GTCCACTAGGTTATAG3
10568,GTCCACTAGTTACGTC2
10569,GTCCACTAGTTACGTC3
10570,GTCCACTCAAGGATGC2
10571,GTCCACTCAAGGATGC3
10572,GTCCACTCACCTCGTT2
10573,GTCCACTGTCGTGTTA1
10574,GTCCACTGTTATGTCG2
10575,GTCCACTGTTATGTCG3
10576,GTCCACTGTTCCTAGA1
10577,GTCCACTGTTCCTAGA2
10578,GTCCACTTCCCAGCGA2
10579,GTCCACTTCCCAGCGA3
10580,GTCCACTTCTGGCCTT2
10581,GTCCACTTCTGGCCTT3
10582,GTCCCATAGGGTAGCT2
10583,GTCCCATAGGGTAGCT3
10584,GTCCCATCAAGACCGA3
10585,GTCCCATCAATGTTGC2
10586,GTCCCATCACCGTGAC2
10587,GTCCCATCACCGTGAC3
10588,GTCCCATCACGGAAGT2
10589,GTCCCATCAGGTATGG2
10590,GTCCCATCAGGTATGG3
10591,GTCCCATCATATGGCT2
10592,GTCCCATTCCTAAGTG2
10593,GTCCCATTCGAAGCCC2
10594,GTCCCATTCGAAGCCC3
10595,GTCCTCAAGGCTCTCG3
10596,GTCCTCAAGTCACTGT3
10597,GTCCTCAAGTCTGGTT2
10598,GTCCTCAAGTCTGGTT3
10599,GTCCTCACAAGTCATC1
10600,GTCCTCACACCTGCAG3
10601,GTCCTCACAGAGGGTT1
10602,GTCCTCAGTGAGGATC2
10603,GTCCTCAGTGAGGATC3
10604,GTCCTCAGTTCAGGTT2
10605,GTCCTCAGTTCAGGTT3
10606,GTCCTCAGTTTGGCTA2
10607,GTCCTCATCAAGTTGC1
10608,GTCCTCATCATGTCTT1
10609,GTCCTCATCATGTCTT2
10610,GTCCTCATCATGTCTT3
10611,GTCCTCATCCTCGCAT2
10612,GTCCTCATCCTCGCAT3
10613,GTCCTCATCTGCATAG3
10614,GTCGAATAGTCGAATA1
10615,GTCGAATAGTCGAATA2
10616,GTCGAATCAATAGTGA2
10617,GTCGAATCAATAGTGA3
10618,GTCGAATCAGCGACAA2
10619,GTCGAATGTACCGTCG2
10620,GTCGAATGTCATAGTC2
10621,GTCGAATGTCATAGTC3
10622,GTCGAATGTGTAGGAC2
10623,GTCGAATGTGTAGGAC3
10624,GTCGAATTCACTTATC2
10625,GTCGAATTCCTGTAGA2
10626,GTCGAATTCCTGTAGA3
10627,GTCGCGAAGCGGTAGT2
10628,GTCGCGAAGGTAGTAT3
10629,GTCGCGACAAGAGTGC1
10630,GTCGCGACAAGAGTGC2
10631,GTCGCGACAAGGCAAC1
10632,GTCGCGACAATACCCA1
10633,GTCGCGACAATACCCA2
10634,GTCGCGACACATTGTG3
10635,GTCGCGAGTGACTGTT3
10636,GTCGCGATCGAAGCCC1
10637,GTCGCGATCGAAGCCC2
10638,GTCGCGATCGGCGATC2
10639,GTCGTAAAGATGCTTC3
10640,GTCGTAAAGGTGGTTG3
10641,GTCGTAAAGTAATCCC1
10642,GTCGTAAAGTAATCCC2
10643,GTCGTAACAAGGACAC2
10644,GTCGTAACAGATTTCG1
10645,GTCGTAACAGATTTCG2
10646,GTCGTAACAGCTTCCT3
10647,GTCGTAAGTAATGATG2
10648,GTCGTAAGTCTGTTAG3
10649,GTCGTAAGTTAGAAGT1
10650,GTCGTAAGTTGCTCCT2
10651,GTCGTAAGTTGCTCCT3
10652,GTCGTAAGTTGCTGAT1
10653,GTCGTAAGTTGCTGAT2
10654,GTCGTAATCAATCTTC1
10655,GTCGTAATCAATCTTC2
10656,GTCGTAATCGAAGAAT2
10657,GTCGTTCAGAGCACTG1
10658,GTCGTTCAGGTCACTT1
10659,GTCGTTCAGGTCACTT2
10660,GTCGTTCCACGCAGTC2
10661,GTCGTTCCACGCAGTC3
10662,GTCGTTCCAGCATACT1
10663,GTCGTTCCATCCAATG1
10664,GTCGTTCCATCCAATG2
10665,GTCGTTCGTGACACGA2
10666,GTCGTTCGTTGTCTAG2
10667,GTCGTTCGTTGTCTAG3
10668,GTCGTTCTCTGTTCAT2
10669,GTCGTTCTCTTGGGCG2
10670,GTCTACCAGAAGCGCT2
10671,GTCTACCAGAAGCGCT3
10672,GTCTACCAGACGGAAA3
10673,GTCTACCAGCGACCCT1
10674,GTCTACCAGCGACCCT2
10675,GTCTACCAGGAAGTGA1
10676,GTCTACCAGGAAGTGA2
10677,GTCTACCAGGTCGTCC3
10678,GTCTACCAGTCTCTGA2
10679,GTCTACCAGTGGTGAC1
10680,GTCTACCCAACCCTCT3
10681,GTCTACCCACTCCTTG2
10682,GTCTACCCACTCCTTG3
10683,GTCTACCCAGAGTGAC3
10684,GTCTACCCAGCCCAGT3
10685,GTCTACCCATATCTGG2
10686,GTCTACCCATATCTGG3
10687,GTCTACCCATATGGCT2
10688,GTCTACCCATCGGATT2
10689,GTCTACCCATCGGATT3
10690,GTCTACCGTCAGTTTG3
10691,GTCTACCGTCCTGTTC3
10692,GTCTACCGTGCATTAC2
10693,GTCTACCGTGCATTAC3
10694,GTCTACCGTTCCGTTC3
10695,GTCTACCTCAAATAGG2
10696,GTCTACCTCATTATCC2
10697,GTCTACCTCATTATCC3
10698,GTCTACCTCCATTTAC2
10699,GTCTACCTCCATTTAC3
10700,GTCTACCTCCGAAGGA1
10701,GTCTACCTCGGCATTA2
10702,GTCTACCTCGGCATTA3
10703,GTCTAGAAGCCGATAG1
10704,GTCTAGAAGCCGATAG2
10705,GTCTAGAAGCGACTTT2
10706,GTCTAGAAGCGACTTT3
10707,GTCTAGAAGGGCCTCT2
10708,GTCTAGAAGTAGCATA1
10709,GTCTAGAAGTCCCTAA2
10710,GTCTAGAAGTTCGGTT2
10711,GTCTAGAAGTTCGGTT3
10712,GTCTAGACAATCAGCT2
10713,GTCTAGACAATCAGCT3
10714,GTCTAGACAATGAGCG1
10715,GTCTAGACATAGCACT2
10716,GTCTAGACATAGCACT3
10717,GTCTAGACATGTACGT1
10718,GTCTAGACATGTACGT2
10719,GTCTAGAGTAGATCCT1
10720,GTCTAGAGTAGATCCT2
10721,GTCTAGAGTCTAATCG3
10722,GTCTAGATCAGCATTG2
10723,GTCTAGATCAGCATTG3
10724,GTCTAGATCCCTATTA1
10725,GTCTAGATCCCTATTA2
10726,GTCTAGATCGACCATA2
10727,GTCTAGATCGACCATA3
10728,GTCTAGATCGCGCCAA3
10729,GTCTAGATCGCTACAA1
10730,GTCTAGATCGGAATTC2
10731,GTCTAGATCGGAATTC3
10732,GTCTCACAGCCTGAGA3
10733,GTCTCACAGGTGTGAC2
10734,GTCTCACAGGTGTGAC3
10735,GTCTCACAGTTTGAGA3
10736,GTCTCACCAAGCCTGC2
10737,GTCTCACCAAGCCTGC3
10738,GTCTCACCAATGGCAG2
10739,GTCTCACCAATGGCAG3
10740,GTCTCACCAGCATGCC2
10741,GTCTCACCAGGTTACT2
10742,GTCTCACCAGGTTACT3
10743,GTCTCACCAGTGCCTG3
10744,GTCTCACCATGACTGT2
10745,GTCTCACCATGACTGT3
10746,GTCTCACCATTCAGCA1
10747,GTCTCACCATTCAGCA2
10748,GTCTCACGTGCTGATT2
10749,GTCTCACGTGCTGATT3
10750,GTCTCACTCATCGCTC1
10751,GTCTCACTCATCGCTC2
10752,GTCTCACTCGAAATCC2
10753,GTCTCACTCGAAATCC3
10754,GTCTCACTCTTAGGAC2
10755,GTCTCACTCTTAGGAC3
10756,GTCTGTCAGAAGTCTA2
10757,GTCTGTCAGAAGTCTA3
10758,GTCTGTCCAGCCCACA2
10759,GTCTGTCCAGCCCACA3
10760,GTCTGTCCAGCGACAA2
10761,GTCTGTCCAGCGACAA3
10762,GTCTGTCCATATACCG2
10763,GTCTGTCCATATACCG3
10764,GTCTGTCCATGGATCT1
10765,GTCTGTCCATGGCCCA2
10766,GTCTGTCCATGGCCCA3
10767,GTCTGTCGTAAGTTGA3
10768,GTCTGTCGTGCCTTCT2
10769,GTCTGTCTCCAGTGCG3
10770,GTCTTTAAGAACTTCC1
10771,GTCTTTAAGGTCATCT1
10772,GTCTTTAAGGTCATCT2
10773,GTCTTTAAGTAGTCTC2
10774,GTCTTTAAGTAGTCTC3
10775,GTCTTTAAGTTGAAAC2
10776,GTCTTTAAGTTGAAAC3
10777,GTCTTTACAGTAGGAC1
10778,GTCTTTAGTAACAAGT2
10779,GTCTTTAGTAACAAGT3
10780,GTCTTTAGTAACGATA1
10781,GTCTTTAGTATGGTAA3
10782,GTCTTTAGTGAAGCTG1
10783,GTCTTTAGTGAAGCTG2
10784,GTCTTTAGTTCCTTGC1
10785,GTCTTTATCGTGGACC3
10786,GTGACGCAGAAATTGC2
10787,GTGACGCAGAAATTGC3
10788,GTGACGCAGCTACTAC2
10789,GTGACGCAGCTACTAC3
10790,GTGACGCCAACACAGG2
10791,GTGACGCCAACACAGG3
10792,GTGACGCCAAGCGGAT3
10793,GTGACGCCATACGCAT2
10794,GTGACGCGTTAACAGA2
10795,GTGACGCGTTAACAGA3
10796,GTGACGCTCCAAGGGA1
10797,GTGACGCTCCAAGGGA2
10798,GTGACGCTCCATCGTC1
10799,GTGACGCTCGCGTAGC3
10800,GTGACGCTCGTGGCGT3
10801,GTGACGCTCTCCTACG3
10802,GTGAGCCAGCCATTCA1
10803,GTGAGCCAGCCATTCA2
10804,GTGAGCCAGCTTTCCC3
10805,GTGAGCCAGGGTGGGA2
10806,GTGAGCCCAGAGGACT1
10807,GTGAGCCCAGAGGACT2
10808,GTGAGCCGTCAAGTTC2
10809,GTGAGCCGTCAAGTTC3
10810,GTGAGCCGTCGCAGTC1
10811,GTGAGCCGTCGCAGTC2
10812,GTGAGCCGTCGTCATA1
10813,GTGAGCCGTCGTCATA2
10814,GTGAGCCGTGAGATAT1
10815,GTGAGCCTCAAGCGTT1
10816,GTGAGCCTCAAGCGTT2
10817,GTGAGCCTCATCTATC3
10818,GTGAGCCTCCCAGGAC2
10819,GTGAGCCTCGGAATTC2
10820,GTGAGCCTCGGATTAC2
10821,GTGAGCCTCGGATTAC3
10822,GTGAGCCTCTGACAGT2
10823,GTGAGCCTCTGACAGT3
10824,GTGAGGAAGAACTGAT3
10825,GTGAGGAAGATGGGCT1
10826,GTGAGGAAGATGGGCT2
10827,GTGAGGAAGGGTCTTT2
10828,GTGAGGACAACGATCT1
10829,GTGAGGACAGCCTATA1
10830,GTGAGGACATACAGGG3
10831,GTGAGGAGTGTCCATA2
10832,GTGAGGAGTTTGTTCT3
10833,GTGAGGATCACTCGAA2
10834,GTGAGGATCACTCGAA3
10835,GTGAGGATCGATACTG2
10836,GTGAGGATCGATACTG3
10837,GTGAGGATCGCTCTAC2
10838,GTGAGGATCGCTCTAC3
10839,GTGAGGATCTACGCAA2
10840,GTGAGGATCTACGCAA3
10841,GTGAGTTAGGCGCTTC2
10842,GTGAGTTAGGCGCTTC3
10843,GTGAGTTAGTAGTCAA2
10844,GTGAGTTAGTAGTCAA3
10845,GTGAGTTAGTCTCCTC2
10846,GTGAGTTAGTCTCCTC3
10847,GTGAGTTCAACTGCTA1
10848,GTGAGTTCAACTGCTA2
10849,GTGAGTTCAAGATCCT1
10850,GTGAGTTCAAGATCCT2
10851,GTGAGTTCAGATTAAG2
10852,GTGAGTTGTAGCTTGT3
10853,GTGAGTTGTCGGCCTA2
10854,GTGAGTTGTCGGCCTA3
10855,GTGAGTTGTTGCATTG2
10856,GTGAGTTGTTGCATTG3
10857,GTGAGTTTCAACGAGG2
10858,GTGAGTTTCAACGAGG3
10859,GTGAGTTTCCTCACCA1
10860,GTGAGTTTCCTCACCA2
10861,GTGAGTTTCTCGTCAC1
10862,GTGAGTTTCTCGTCAC2
10863,GTGATGTAGACAGCGT3
10864,GTGATGTAGCGCATCC2
10865,GTGATGTCAATCAAGA2
10866,GTGATGTCAATCAAGA3
10867,GTGATGTCAGGAGGAG2
10868,GTGATGTCAGGTGGAT3
10869,GTGATGTCAGTAGTTC2
10870,GTGATGTGTCGATTAC2
10871,GTGATGTGTCGATTAC3
10872,GTGATGTGTCTTGAGT3
10873,GTGCACGAGATACCAA2
10874,GTGCACGAGATACCAA3
10875,GTGCACGAGTCACTGT2
10876,GTGCACGAGTCACTGT3
10877,GTGCACGCAAGCGCAA3
10878,GTGCACGCAAGTGATA1
10879,GTGCACGCACGCGCTA2
10880,GTGCACGCACGCGCTA3
10881,GTGCACGCAGGACTTT1
10882,GTGCACGCAGGTGGAT2
10883,GTGCACGCAGGTGGAT3
10884,GTGCACGCATGAGATA1
10885,GTGCACGCATTCATCT2
10886,GTGCACGCATTCATCT3
10887,GTGCACGGTCGAATTC1
10888,GTGCACGGTGCTCTTC1
10889,GTGCACGGTGCTCTTC2
10890,GTGCACGGTGGCTGCT2
10891,GTGCACGGTGGCTGCT3
10892,GTGCACGTCACATCAG3
10893,GTGCACGTCCGGCAAC2
10894,GTGCACGTCCGGCAAC3
10895,GTGCACGTCGTAGGGA2
10896,GTGCAGCAGATTACCC2
10897,GTGCAGCAGATTACCC3
10898,GTGCAGCAGCTTGTTG3
10899,GTGCAGCAGGATTTAG2
10900,GTGCAGCAGGATTTAG3
10901,GTGCAGCCACCTGCTT2
10902,GTGCAGCCACCTGCTT3
10903,GTGCAGCGTACCCACG2
10904,GTGCAGCGTACCCACG3
10905,GTGCAGCGTACCGGCT1
10906,GTGCAGCGTGTTTACG2
10907,GTGCAGCGTGTTTACG3
10908,GTGCAGCTCAAGATAG2
10909,GTGCAGCTCAAGATAG3
10910,GTGCGTGAGGCTTAGG2
10911,GTGCGTGAGGCTTAGG3
10912,GTGCGTGAGTCGGCAA2
10913,GTGCGTGAGTCGGCAA3
10914,GTGCGTGCAACAAGAT1
10915,GTGCGTGCAACTGTGT2
10916,GTGCGTGCAACTGTGT3
10917,GTGCGTGCACGCACCA3
10918,GTGCGTGGTACGGGAT2
10919,GTGCGTGGTACGGGAT3
10920,GTGCGTGGTCCGGACT2
10921,GTGCGTGGTCCGGACT3
10922,GTGCGTGGTGTCTTAG1
10923,GTGCGTGGTGTCTTAG2
10924,GTGCGTGGTTAAGACA2
10925,GTGCGTGGTTAAGACA3
10926,GTGCGTGGTTATCCAG3
10927,GTGCGTGTCACTCACC2
10928,GTGCGTGTCACTCACC3
10929,GTGCTGGAGAGGATGA2
10930,GTGCTGGAGAGGATGA3
10931,GTGCTGGCAGGAGGAG3
10932,GTGCTGGCATCGGATT1
10933,GTGCTGGCATCGGATT2
10934,GTGCTGGGTCCACGCA3
10935,GTGCTGGTCAAACGAA3
10936,GTGCTGGTCACATACG3
10937,GTGCTGGTCATGCCAA2
10938,GTGCTGGTCGCAGTGC3
10939,GTGCTGGTCGTCTACC2
10940,GTGCTGGTCGTCTACC3
10941,GTGCTGGTCTAAACGC3
10942,GTGCTTCAGAAATTCG2
10943,GTGCTTCAGAAATTCG3
10944,GTGCTTCAGAGCCTGA3
10945,GTGCTTCAGCTGAGTG2
10946,GTGCTTCAGGCAGGGA2
10947,GTGCTTCCAAATGCTC1
10948,GTGCTTCCAAATGCTC2
10949,GTGCTTCCAATCAAGA2
10950,GTGCTTCCAATCAAGA3
10951,GTGCTTCCAGCTACCG2
10952,GTGCTTCCAGGAGGAG1
10953,GTGCTTCCAGGAGGAG2
10954,GTGCTTCGTAACCCGC2
10955,GTGCTTCGTAACCCGC3
10956,GTGCTTCGTAGGTAGC2
10957,GTGCTTCGTAGGTAGC3
10958,GTGCTTCGTCTCTCTG1
10959,GTGCTTCTCGACCTAA3
10960,GTGCTTCTCTAGTGTG3
10961,GTGGAAGAGACCAGAC3
10962,GTGGAAGCACTGTCCT3
10963,GTGGAAGCAGTTTCGA2
10964,GTGGAAGCAGTTTCGA3
10965,GTGGAAGGTAGATGTA3
10966,GTGGAAGGTATCTCGA1
10967,GTGGAAGGTATTGCCA3
10968,GTGGAAGGTGATGGCA3
10969,GTGGAAGTCCATGCAA1
10970,GTGGAAGTCCATGCAA2
10971,GTGGAAGTCGAGTTGT2
10972,GTGGAAGTCGAGTTGT3
10973,GTGGAAGTCGGCATCG2
10974,GTGGAAGTCGGCATCG3
10975,GTGGAAGTCTCCTGAC2
10976,GTGGAAGTCTCCTGAC3
10977,GTGGAAGTCTTCGTAT1
10978,GTGGAGAAGAGTGGCT2
10979,GTGGAGAAGAGTGGCT3
10980,GTGGAGAAGATGACAT2
10981,GTGGAGAAGATGACAT3
10982,GTGGAGAAGTCACAGG2
10983,GTGGAGAAGTTCCGTA2
10984,GTGGAGAAGTTCCGTA3
10985,GTGGAGACACGACAGA2
10986,GTGGAGACACGACAGA3
10987,GTGGAGACACTCTGCT2
10988,GTGGAGACACTCTGCT3
10989,GTGGAGAGTATCCCTC1
10990,GTGGAGAGTATCCCTC2
10991,GTGGAGAGTTACAGCT1
10992,GTGGAGATCGCAGTTA2
10993,GTGGAGATCGCAGTTA3
10994,GTGGAGATCTGATTCT2
10995,GTGGAGATCTGATTCT3
10996,GTGGCGTAGAGTCTGG1
10997,GTGGCGTAGGAATCGC2
10998,GTGGCGTAGGAATCGC3
10999,GTGGCGTGTATGCGTT2
11000,GTGGCGTGTCCGAAGA2
11001,GTGGCGTGTGATTCAC2
11002,GTGGCGTGTGCGCTCA2
11003,GTGGCGTGTGTCTTCC2
11004,GTGGCGTGTGTCTTCC3
11005,GTGGCGTTCGCACGGT2
11006,GTGGCGTTCGCACGGT3
11007,GTGGCGTTCGGTAGAG3
11008,GTGGGAAAGACAGCTG3
11009,GTGGGAAAGTCCCAGC3
11010,GTGGGAAAGTCCTGTA2
11011,GTGGGAAAGTGGACTG2
11012,GTGGGAAAGTGGACTG3
11013,GTGGGAAAGTTAGTGA2
11014,GTGGGAAAGTTAGTGA3
11015,GTGGGAACACACGTGC1
11016,GTGGGAACACACGTGC2
11017,GTGGGAACAGAACTCT2
11018,GTGGGAACATCGAAGG2
11019,GTGGGAACATCGAAGG3
11020,GTGGGAAGTGGGATTG2
11021,GTGGGAATCGAGTGAG1
11022,GTGGGAATCGGCCAAC3
11023,GTGGGAATCTAATTCC2
11024,GTGGGAATCTAATTCC3
11025,GTGGTTAAGCTAGAGC2
11026,GTGGTTAAGCTAGAGC3
11027,GTGGTTAAGGAACATT2
11028,GTGGTTAAGGAACATT3
11029,GTGGTTACAGTCAGAG3
11030,GTGGTTAGTAGACAAT2
11031,GTGGTTATCGAGCACC3
11032,GTGGTTATCTAGTCAG1
11033,GTGTAACAGGAGGGTG3
11034,GTGTAACAGGTGCCTC3
11035,GTGTAACAGTCAACAA2
11036,GTGTAACAGTCAACAA3
11037,GTGTAACAGTCAAGCG3
11038,GTGTAACAGTCACTAC2
11039,GTGTAACCAGACAATA1
11040,GTGTAACCAGACAATA2
11041,GTGTAACCAGTTACCA1
11042,GTGTAACGTCATACCA2
11043,GTGTAACGTTAGGCCC1
11044,GTGTAACGTTAGGCCC2
11045,GTGTCCTAGCAGCCTC1
11046,GTGTCCTAGCAGCCTC2
11047,GTGTCCTAGCAGGCAT1
11048,GTGTCCTAGCAGGCAT2
11049,GTGTCCTAGCGATTCT2
11050,GTGTCCTAGCGATTCT3
11051,GTGTCCTAGTACGTCT2
11052,GTGTCCTAGTACGTCT3
11053,GTGTCCTCACGTTGGC2
11054,GTGTCCTCAGACGATG1
11055,GTGTCCTCAGTGACCC3
11056,GTGTCCTCATAGCTGT3
11057,GTGTCCTCATGGGAAC1
11058,GTGTCCTCATGGGAAC2
11059,GTGTCCTCATTGTGCA3
11060,GTGTCCTGTGCCCGTA2
11061,GTGTCCTGTGCCCGTA3
11062,GTGTCCTGTGTCATTG1
11063,GTGTCCTGTTCGGTTA1
11064,GTGTCCTGTTCGGTTA2
11065,GTGTCCTTCAAGTGTC2
11066,GTGTCCTTCAAGTGTC3
11067,GTGTCCTTCTCTGCCA1
11068,GTGTGATAGTTTCTTC2
11069,GTGTGATAGTTTCTTC3
11070,GTGTGATCACAAGCCC2
11071,GTGTGATCAGATAAAC2
11072,GTGTGATCAGATAAAC3
11073,GTGTGATGTACACGTT1
11074,GTGTGATGTCACCTTC1
11075,GTGTGATGTCACCTTC2
11076,GTGTGATGTCTTCATT3
11077,GTGTGATTCGCGTGCA1
11078,GTGTGATTCTATACTC3
11079,GTGTGGCAGGCATCTT1
11080,GTGTGGCAGTGAGTTA3
11081,GTGTGGCAGTTGTAAG1
11082,GTGTGGCCACTAAACC2
11083,GTGTGGCCACTAAACC3
11084,GTGTGGCCATACGCAT2
11085,GTGTGGCCATACGCAT3
11086,GTGTGGCCATAGGAGC3
11087,GTGTGGCCATCCGGTG3
11088,GTGTGGCGTACGGATG2
11089,GTGTGGCGTACGGATG3
11090,GTGTGGCGTAGACAAT2
11091,GTGTGGCGTAGACAAT3
11092,GTGTGGCGTAGCGATG1
11093,GTGTGGCGTAGCGATG2
11094,GTGTGGCGTCAACCAT2
11095,GTGTGGCGTCAACCAT3
11096,GTGTGGCGTCAAGTTC2
11097,GTGTGGCGTCAAGTTC3
11098,GTGTGGCGTCCGGATC2
11099,GTGTGGCGTCCGGATC3
11100,GTGTGGCTCGCACGAC2
11101,GTGTTAGAGACATGCG3
11102,GTGTTAGAGAGCTTTC1
11103,GTGTTAGAGCGAACTG2
11104,GTGTTAGAGGTGAGAA3
11105,GTGTTAGCAATCGCAT1
11106,GTGTTAGCAATCGCAT2
11107,GTGTTAGCACAGTGTT2
11108,GTGTTAGCACAGTGTT3
11109,GTGTTAGCATGACTCA2
11110,GTGTTAGGTCAGTCGC2
11111,GTGTTAGGTGTTCCTC2
11112,GTGTTAGGTGTTCCTC3
11113,GTGTTAGGTTCGTTCC2
11114,GTGTTAGGTTGGCCGT3
11115,GTGTTAGGTTTCAGAC3
11116,GTGTTAGTCACCTTAT3
11117,GTGTTAGTCCACTTCG2
11118,GTGTTAGTCCACTTCG3
11119,GTGTTAGTCGATCCCT3
11120,GTGTTAGTCGGACGTC2
11121,GTGTTAGTCTCGGCTT2
11122,GTGTTAGTCTCGGCTT3
11123,GTGTTAGTCTGCCCTA3
11124,GTGTTCCAGTTTCGGT2
11125,GTGTTCCCACGAAGAC1
11126,GTGTTCCCACGAAGAC2
11127,GTGTTCCCATAGAGGC2
11128,GTGTTCCGTGATATAG1
11129,GTGTTCCGTGATATAG2
11130,GTGTTCCGTTTCCAAG1
11131,GTGTTCCGTTTCCAAG2
11132,GTGTTCCTCAGACAAA2
11133,GTGTTCCTCAGACAAA3
11134,GTGTTCCTCCCTGGTT2
11135,GTGTTCCTCCCTGGTT3
11136,GTGTTCCTCGATTGAC2
11137,GTGTTCCTCGATTGAC3
11138,GTGTTCCTCGCTACAA3
11139,GTGTTCCTCTCGAACA2
11140,GTGTTCCTCTCGAACA3
11141,GTTACAGAGAGCTGCA2
11142,GTTACAGAGCAAGTGC2
11143,GTTACAGAGCTATCCA1
11144,GTTACAGAGCTATCCA2
11145,GTTACAGAGCTTAGTC1
11146,GTTACAGAGCTTAGTC2
11147,GTTACAGAGGAGAATG2
11148,GTTACAGCAACTTCTT1
11149,GTTACAGCAACTTCTT2
11150,GTTACAGCAGAGGACT1
11151,GTTACAGCAGAGGACT2
11152,GTTACAGGTACAGTAA2
11153,GTTACAGGTACAGTAA3
11154,GTTACAGGTCTATGAC2
11155,GTTACAGGTCTATGAC3
11156,GTTACAGGTGCCTATA2
11157,GTTACAGGTGCCTATA3
11158,GTTACAGGTGTTCGAT2
11159,GTTACAGGTTAAAGTG3
11160,GTTACAGGTTCCTTGC1
11161,GTTACAGGTTCCTTGC2
11162,GTTACAGTCACGGACC2
11163,GTTACAGTCGAAGTGG3
11164,GTTACAGTCTTACGGA2
11165,GTTACCCAGATTGTGA1
11166,GTTACCCAGTAATACG2
11167,GTTACCCAGTAATACG3
11168,GTTACCCAGTGCACAG2
11169,GTTACCCAGTGCACAG3
11170,GTTACCCCAAATAAGC3
11171,GTTACCCCACGGCACT1
11172,GTTACCCCACGGCACT2
11173,GTTACCCCACGGCACT3
11174,GTTACCCCAGCAGTGA2
11175,GTTACCCTCGAGTCTA3
11176,GTTACCCTCGGTCATA2
11177,GTTACCCTCGGTCATA3
11178,GTTACCCTCTGCTAGA3
11179,GTTACGAAGACATACA1
11180,GTTACGAAGACATACA2
11181,GTTACGAAGACGACTG2
11182,GTTACGAAGACGACTG3
11183,GTTACGAAGGCTCCCA2
11184,GTTACGAAGGCTCCCA3
11185,GTTACGACATACGCAT1
11186,GTTACGATCCTTGAAG2
11187,GTTACGATCGATTCCC1
11188,GTTACGATCGCAGAGA3
11189,GTTACGATCGCGAAGA1
11190,GTTACGATCTTGTGCC2
11191,GTTACGATCTTGTGCC3
11192,GTTAGACAGAAGCCTG3
11193,GTTAGACAGCTCGGCT1
11194,GTTAGACAGCTCGGCT2
11195,GTTAGACCAACCACGC2
11196,GTTAGACCAACCACGC3
11197,GTTAGACCACATGGTT2
11198,GTTAGACCACATGGTT3
11199,GTTAGACCATTGGATC2
11200,GTTAGACCATTGGATC3
11201,GTTAGACGTATGCTTG1
11202,GTTAGACGTATGCTTG2
11203,GTTAGACGTCTTGCTC2
11204,GTTAGACGTCTTGCTC3
11205,GTTAGTGAGGTCATCT2
11206,GTTAGTGAGGTCATCT3
11207,GTTAGTGGTTCCTTGC3
11208,GTTAGTGTCAAACGTC1
11209,GTTAGTGTCATCGCAA3
11210,GTTAGTGTCCAAATGC2
11211,GTTAGTGTCCAAATGC3
11212,GTTAGTGTCGCTGACG3
11213,GTTAGTGTCTACCACC2
11214,GTTAGTGTCTACCACC3
11215,GTTAGTGTCTGAGGTT2
11216,GTTATGGAGGATGGCT1
11217,GTTATGGCAAGAAATC2
11218,GTTATGGCAAGAAATC3
11219,GTTATGGCATCCAACA3
11220,GTTATGGGTATCTCTT3
11221,GTTATGGGTCCGTTTC2
11222,GTTATGGGTCCGTTTC3
11223,GTTATGGGTCTGTAGT3
11224,GTTATGGGTTGGCTAT2
11225,GTTATGGGTTGGCTAT3
11226,GTTATGGTCATCACAG2
11227,GTTATGGTCGAGAGAC1
11228,GTTATGGTCGAGAGAC2
11229,GTTATGGTCTCCACTG2
11230,GTTCATTAGACCATGG1
11231,GTTCATTAGATGGCAC2
11232,GTTCATTAGCTAAACA3
11233,GTTCATTAGTTGTAAG1
11234,GTTCATTAGTTGTAAG2
11235,GTTCATTCATCGAACT2
11236,GTTCATTCATCGAACT3
11237,GTTCATTGTGTGTTTG1
11238,GTTCATTGTGTGTTTG2
11239,GTTCATTGTTCCGTTC1
11240,GTTCATTTCACCTGGG2
11241,GTTCATTTCACCTGGG3
11242,GTTCATTTCATTGTTC1
11243,GTTCCGTAGCATGATA2
11244,GTTCCGTAGCATGATA3
11245,GTTCCGTAGCGTGTTT1
11246,GTTCCGTAGGTTACCT1
11247,GTTCCGTAGTCTCTGA3
11248,GTTCCGTCACTAACGT2
11249,GTTCCGTCACTAACGT3
11250,GTTCCGTGTCCTACGG1
11251,GTTCCGTGTCCTACGG2
11252,GTTCCGTGTCCTACGG3
11253,GTTCCGTGTGCATGAG2
11254,GTTCCGTGTGCATGAG3
11255,GTTCCGTTCCTGCTAC3
11256,GTTCCGTTCTCTCGCA2
11257,GTTCCGTTCTCTCGCA3
11258,GTTCGCTAGACTGGGT2
11259,GTTCGCTCAACAGAGC2
11260,GTTCGCTCAACAGAGC3
11261,GTTCGCTCACGACGCT3
11262,GTTCGCTCATCCGTGG1
11263,GTTCGCTCATCCGTGG2
11264,GTTCGCTCATTGAAGA2
11265,GTTCGCTGTAGAGATT2
11266,GTTCTATAGAACCGCA1
11267,GTTCTATAGAACCGCA2
11268,GTTCTATAGCTATCCA2
11269,GTTCTATAGCTATCCA3
11270,GTTCTATAGGCACTAG1
11271,GTTCTATAGGCACTAG2
11272,GTTCTATAGGTCCCTG2
11273,GTTCTATAGGTCCCTG3
11274,GTTCTATAGTACTGGG1
11275,GTTCTATCATCGGCCA1
11276,GTTCTATCATCGGCCA2
11277,GTTCTATCATGGCTAT1
11278,GTTCTATCATGGCTAT2
11279,GTTCTATGTGGTCTCG2
11280,GTTCTATGTGGTCTCG3
11281,GTTCTATGTTCGGTTA3
11282,GTTCTATTCGATTCCC2
11283,GTTCTATTCGATTCCC3
11284,GTTCTATTCGGTCTAA1
11285,GTTGAACAGACTTGTC2
11286,GTTGAACAGAGAGGTA3
11287,GTTGAACAGCATAGGC3
11288,GTTGAACCACCGGTCA3
11289,GTTGAACCACGGTGCT2
11290,GTTGAACCACGGTGCT3
11291,GTTGAACCAGAGCCCT3
11292,GTTGAACGTAATCAAG1
11293,GTTGAACGTAATCAAG2
11294,GTTGAACGTCCGGTGT2
11295,GTTGAACGTCCGGTGT3
11296,GTTGAACGTTGCCATA2
11297,GTTGAACGTTGCCATA3
11298,GTTGAACTCAAGGCTT3
11299,GTTGAACTCACCCTTG1
11300,GTTGAACTCACCCTTG2
11301,GTTGAACTCGGACCAC2
11302,GTTGAACTCGGACCAC3
11303,GTTGAACTCGTACCTC2
11304,GTTGAACTCGTACCTC3
11305,GTTGCGGAGAAGCTGC3
11306,GTTGCGGAGAGAACCC2
11307,GTTGCGGAGAGAACCC3
11308,GTTGCGGAGCATGGGT1
11309,GTTGCGGAGCATGGGT2
11310,GTTGCGGGTGACGCCT2
11311,GTTGCGGGTGACGCCT3
11312,GTTGCGGGTTAGCTAC2
11313,GTTGCGGTCATGTCTT2
11314,GTTGCGGTCATGTCTT3
11315,GTTGCTCAGTCAGCCC2
11316,GTTGCTCAGTCAGCCC3
11317,GTTGCTCAGTCATCGT3
11318,GTTGCTCAGTCATGGG2
11319,GTTGCTCAGTCATGGG3
11320,GTTGCTCTCCGAAATC2
11321,GTTGCTCTCTCTCTTC2
11322,GTTGCTCTCTCTCTTC3
11323,GTTGTAGAGATCCCAT1
11324,GTTGTAGAGGTATTGA1
11325,GTTGTAGCACCTTCCA1
11326,GTTGTAGGTCCCAAAT2
11327,GTTGTAGGTGGAGAAA3
11328,GTTGTAGGTTTCTATC2
11329,GTTGTAGTCAGGTAAA3
11330,GTTGTAGTCGGAACTT2
11331,GTTGTAGTCGGAACTT3
11332,GTTGTCCAGGATCACG2
11333,GTTGTCCAGGATCACG3
11334,GTTGTCCAGTTCACTG2
11335,GTTGTCCCAAGATCCT1
11336,GTTGTCCCAAGATCCT2
11337,GTTGTCCCACACACGC2
11338,GTTGTCCCACACACGC3
11339,GTTGTCCCACATGTTG2
11340,GTTGTCCCACATGTTG3
11341,GTTGTCCCACGCTGTG3
11342,GTTGTCCCACTCTCGT2
11343,GTTGTCCCACTCTCGT3
11344,GTTGTCCGTGGACCTC1
11345,GTTGTCCGTTGCAACT1
11346,GTTGTCCTCAGACAAA1
11347,GTTGTCCTCGGTATGT2
11348,GTTGTCCTCTACTTCA3
11349,GTTGTGAAGAAACACT2
11350,GTTGTGAAGAGTAACT3
11351,GTTGTGAAGGAATTAC1
11352,GTTGTGAAGGAATTAC2
11353,GTTGTGAAGTAAAGCT1
11354,GTTGTGAAGTAAAGCT2
11355,GTTGTGAAGTGCTCAT1
11356,GTTGTGAAGTGCTCAT2
11357,GTTGTGACACCTGTCT1
11358,GTTGTGACACTAACCA2
11359,GTTGTGACATTCGATG2
11360,GTTGTGACATTCGATG3
11361,GTTGTGACATTCTTCA3
11362,GTTGTGAGTAGTAAGT2
11363,GTTGTGAGTAGTAAGT3
11364,GTTGTGAGTCGACGCT3
11365,GTTGTGATCAATGTCG2
11366,GTTGTGATCAGCACCG2
11367,GTTGTGATCAGCACCG3
11368,GTTTACTAGAGTCCGA3
11369,GTTTACTAGGCAATGC3
11370,GTTTACTAGGCTGAAC3
11371,GTTTACTCAACCCTCT3
11372,GTTTACTCACAGCATT1
11373,GTTTACTCACCGGTCA3
11374,GTTTACTCAGAGGACT3
11375,GTTTACTCAGTTTCGA2
11376,GTTTACTCATATCTCT1
11377,GTTTACTCATATCTCT2
11378,GTTTACTGTACAGGTG2
11379,GTTTACTGTTTCTATC2
11380,GTTTACTGTTTCTATC3
11381,GTTTACTTCATTGCCC2
11382,GTTTACTTCATTGCCC3
11383,GTTTACTTCCGACAGC1
11384,GTTTACTTCCGACAGC2
11385,GTTTACTTCGTTCCCA2
11386,GTTTACTTCGTTCCCA3
11387,GTTTGGAAGAGCTGAC2
11388,GTTTGGAAGGATGCGT2
11389,GTTTGGAAGGATGCGT3
11390,GTTTGGAAGGCCTAAG2
11391,GTTTGGACACATTGTG2
11392,GTTTGGACACGATTCA2
11393,GTTTGGACACGATTCA3
11394,GTTTGGACAGTAGTGG3
11395,GTTTGGACATTCTGTT1
11396,GTTTGGACATTCTGTT2
11397,GTTTGGAGTATTGAGA2
11398,GTTTGGAGTCGCTCGA1
11399,GTTTGGAGTGGTTCTA1
11400,GTTTGGATCATAAGGA2
11401,GTTTGGATCATAAGGA3
11402,GTTTGGATCCTGCCAT1
11403,GTTTGGATCCTGCCAT2
11404,GTTTGGATCTCCTGAC1
11405,GTTTGGATCTCCTGAC2
11406,GTTTGGATCTCTCGCA3
11407,GTTTGGATCTTTCGAT2
11408,GTTTGGATCTTTCGAT3
11409,TAACACGAGAGATTCA3
11410,TAACACGAGCGACATG2
11411,TAACACGAGGCGAACT2
11412,TAACACGAGGCGAACT3
11413,TAACACGCAGATTCGT2
11414,TAACACGCATACAGCT2
11415,TAACACGGTCCGTTTC2
11416,TAACACGGTCCGTTTC3
11417,TAACACGGTTTACCTT3
11418,TAACACGTCAAATGCC2
11419,TAACACGTCAAATGCC3
11420,TAACACGTCCAACTGA2
11421,TAACACGTCCAACTGA3
11422,TAACACGTCCCGAGTG2
11423,TAACACGTCGGCATAT2
11424,TAACACGTCTGGGAGA2
11425,TAACACGTCTGGGAGA3
11426,TAACCAGAGCGTTACT2
11427,TAACCAGAGGCGAACT2
11428,TAACCAGAGGCGAACT3
11429,TAACCAGCACTGATTG2
11430,TAACCAGCACTGATTG3
11431,TAACCAGTCAAGCGTT1
11432,TAACCAGTCAAGCGTT2
11433,TAACCAGTCCTCAGGG2
11434,TAACCAGTCCTCAGGG3
11435,TAACCAGTCTGGCCTT1
11436,TAACCAGTCTGGCCTT2
11437,TAACGACAGAGTTCGG3
11438,TAACGACAGCCTCTGG1
11439,TAACGACAGCCTCTGG2
11440,TAACGACCAACAAAGT1
11441,TAACGACCACCGTCTT2
11442,TAACGACCACCGTCTT3
11443,TAACGACCAGCTCTGG2
11444,TAACGACGTAGACTGG2
11445,TAACGACGTAGACTGG3
11446,TAACGACTCCGAGGCT2
11447,TAACGACTCGCGAAGA2
11448,TAACGACTCGCGATCG1
11449,TAACGACTCGCGATCG2
11450,TAACGACTCTATCGGA1
11451,TAACGACTCTATCGGA2
11452,TAACGACTCTCGACGG1
11453,TAACGACTCTGTCAGA2
11454,TAACGACTCTGTCAGA3
11455,TAACTTCAGCGGGTTA3
11456,TAACTTCAGGAACGTC3
11457,TAACTTCAGTCACGAG1
11458,TAACTTCAGTCCCAAT1
11459,TAACTTCAGTCCCAAT2
11460,TAACTTCCAAAGCAAT2
11461,TAACTTCCAAAGCAAT3
11462,TAACTTCCAGAATTCC2
11463,TAACTTCCAGAATTCC3
11464,TAACTTCCATTGACCA3
11465,TAACTTCGTACGATTC1
11466,TAACTTCGTACGATTC2
11467,TAACTTCGTGGTCCGT1
11468,TAACTTCGTTCCGGTG2
11469,TAACTTCTCACAATGC2
11470,TAACTTCTCACAATGC3
11471,TAACTTCTCAGCAGAG3
11472,TAACTTCTCGTCGATA3
11473,TAAGCACAGGCCTTGC2
11474,TAAGCACAGGGTTAAT2
11475,TAAGCACAGGGTTAAT3
11476,TAAGCACAGTCAGGGT3
11477,TAAGCACAGTTCGCAT3
11478,TAAGCACCAATTAGGA2
11479,TAAGCACCAGACGATG2
11480,TAAGCACCATCCTTCG2
11481,TAAGCACCATCCTTCG3
11482,TAAGCACGTGATGAAT2
11483,TAAGCACGTGATGAAT3
11484,TAAGCACGTGCATTTG2
11485,TAAGCACGTGCATTTG3
11486,TAAGCACGTGCCGGTT1
11487,TAAGCACGTGCCGGTT2
11488,TAAGCACTCGAGAGCA3
11489,TAAGCACTCGATTTCT3
11490,TAAGCACTCTGTCGCT2
11491,TAAGCCAAGACGGTCA3
11492,TAAGCCAAGAGTTCGG3
11493,TAAGCCAAGATGGTAT2
11494,TAAGCCAAGATGGTAT3
11495,TAAGCCAAGCTCGACC2
11496,TAAGCCAAGCTCGACC3
11497,TAAGCCACACAAATCC2
11498,TAAGCCACACAAATCC3
11499,TAAGCCACACGGGTAA2
11500,TAAGCCACACGGGTAA3
11501,TAAGCCACAGACCAAG2
11502,TAAGCCACAGACCAAG3
11503,TAAGCCACAGGTTACT3
11504,TAAGCCAGTATTCCGA2
11505,TAAGCCAGTATTCCGA3
11506,TAAGCCAGTGAGACGT1
11507,TAAGCCAGTGGGCTTC2
11508,TAAGCCATCAGACAAA2
11509,TAAGCCATCAGACAAA3
11510,TAAGCCATCCTACACC2
11511,TAAGCCATCCTACACC3
11512,TAAGCGTAGCCTGTCG2
11513,TAAGCGTAGCCTGTCG3
11514,TAAGCGTAGCGTTAGG3
11515,TAAGCGTAGTTTGAGA2
11516,TAAGCGTCAAGTGATA2
11517,TAAGCGTCAAGTGATA3
11518,TAAGCGTCAATGTTGC3
11519,TAAGCGTCACATATGC1
11520,TAAGCGTCATTGCTTT1
11521,TAAGCGTCATTGCTTT2
11522,TAAGCGTGTCTCCCTA1
11523,TAAGCGTGTCTCCCTA2
11524,TAAGCGTGTCTTGCGG2
11525,TAAGCGTGTCTTGCGG3
11526,TAAGCGTTCTCTAGGA2
11527,TAAGCGTTCTCTAGGA3
11528,TAAGTCGAGAGGGTGG2
11529,TAAGTCGAGGTGGCTA2
11530,TAAGTCGCAGCGTGCT2
11531,TAAGTCGCAGTCGCTG1
11532,TAAGTCGCATTCTTCA2
11533,TAAGTCGGTACAAACA2
11534,TAAGTCGGTACAAACA3
11535,TAAGTCGGTCGTACAT2
11536,TAAGTCGTCACCTGGG1
11537,TAAGTCGTCACCTGGG2
11538,TAAGTCGTCGCGTGCA2
11539,TAATCTCAGCATCCTA3
11540,TAATCTCCAATGAGCG2
11541,TAATCTCCAATGAGCG3
11542,TAATCTCCACACAGAG1
11543,TAATCTCCAGTCAGCC1
11544,TAATCTCGTAGTGATA2
11545,TAATCTCGTAGTGATA3
11546,TAATCTCGTGGACTAG2
11547,TAATCTCGTGGACTAG3
11548,TAATCTCGTTAAGCAA2
11549,TAATCTCTCCACGGGT3
11550,TAATTCCAGAAGCTGC1
11551,TAATTCCAGAAGCTGC2
11552,TAATTCCAGAAGCTGC3
11553,TAATTCCAGAAGGATG2
11554,TAATTCCAGAAGGATG3
11555,TAATTCCAGCTAGTTC1
11556,TAATTCCAGCTAGTTC2
11557,TAATTCCAGCTATCCA1
11558,TAATTCCAGCTATCCA2
11559,TAATTCCAGGTCCCGT2
11560,TAATTCCAGTCATCCA2
11561,TAATTCCAGTGGTGAC1
11562,TAATTCCAGTGGTGAC2
11563,TAATTCCGTGCAATGG2
11564,TAATTCCGTGCAATGG3
11565,TAATTCCGTTTCAGAC1
11566,TAATTCCGTTTCAGAC2
11567,TAATTCCTCAAGAGGC3
11568,TAATTCCTCCTGTAAG2
11569,TAATTCCTCTACGGGC1
11570,TAATTCCTCTATACTC3
11571,TACAACGAGCAATAGT3
11572,TACAACGAGCACCTGC2
11573,TACAACGAGCACCTGC3
11574,TACAACGAGCCTATTG2
11575,TACAACGAGCCTATTG3
11576,TACAACGAGCTGGCTC3
11577,TACAACGAGTAGATCA1
11578,TACAACGAGTCACAGG2
11579,TACAACGCACGGGTAA2
11580,TACAACGCACGGGTAA3
11581,TACAACGCATGACTGT3
11582,TACAACGGTAAGGCCA2
11583,TACAACGGTACAGGTG1
11584,TACAACGGTACAGGTG2
11585,TACAACGGTCACTTCC2
11586,TACAACGGTGGAACCA2
11587,TACAACGGTGGAACCA3
11588,TACAACGGTTGGGACA2
11589,TACAACGGTTGGGACA3
11590,TACAACGTCAACCTCC1
11591,TACAACGTCAACCTCC2
11592,TACACCCAGGGAGATA2
11593,TACACCCAGGGATCTG2
11594,TACACCCAGGGATCTG3
11595,TACACCCCAAATGAGT2
11596,TACACCCCAAATGAGT3
11597,TACACCCCAATGCAGG1
11598,TACACCCCAATGCAGG2
11599,TACACCCCACCCTATC3
11600,TACACCCCATCCCACT3
11601,TACACCCGTACAGTCT2
11602,TACACCCGTACTGCGC2
11603,TACACCCGTACTGCGC3
11604,TACACCCGTCCATCTC2
11605,TACACCCGTCCATCTC3
11606,TACACCCGTCTTGAAC2
11607,TACACCCGTCTTGAAC3
11608,TACACCCGTGAGACGT1
11609,TACACCCGTTGTCAGT1
11610,TACACCCGTTGTCAGT2
11611,TACACCCGTTTCCATT2
11612,TACACCCTCAGCGCAC3
11613,TACACCCTCCAAAGGG3
11614,TACACCCTCCCATTCG1
11615,TACACCCTCCCATTCG2
11616,TACACCCTCCGCCTAT1
11617,TACACCCTCTACTGAG3
11618,TACAGGTAGAGTTGAT2
11619,TACAGGTAGAGTTGAT3
11620,TACAGGTAGCATTTCG1
11621,TACAGGTAGCATTTCG2
11622,TACAGGTAGCTGACAG2
11623,TACAGGTAGCTGACAG3
11624,TACAGGTAGGGCTTCC2
11625,TACAGGTAGGGCTTCC3
11626,TACAGGTAGTATAGAC3
11627,TACAGGTAGTTCACTG2
11628,TACAGGTAGTTCACTG3
11629,TACAGGTCAACACGTT1
11630,TACAGGTCAGCGTAGA2
11631,TACAGGTCAGCGTAGA3
11632,TACAGGTCATCTTAGG2
11633,TACAGGTCATCTTAGG3
11634,TACAGGTGTATACAGA1
11635,TACAGGTGTGGGATTG2
11636,TACAGGTTCACCTCTG3
11637,TACAGGTTCCATGAGT2
11638,TACAGGTTCCCATGGG1
11639,TACAGGTTCCCATGGG2
11640,TACATTCAGCCGTCGT2
11641,TACATTCCAAGGCAAC1
11642,TACATTCCAAGGCAAC2
11643,TACATTCCACTTCCTG1
11644,TACATTCCATGGAATA2
11645,TACATTCCATGGAATA3
11646,TACATTCCATTGAAAG2
11647,TACATTCCATTGAAAG3
11648,TACATTCGTACAAGCG2
11649,TACATTCGTACAAGCG3
11650,TACATTCGTACAGTCT2
11651,TACATTCGTACAGTCT3
11652,TACATTCGTATCGCAT3
11653,TACATTCGTCCTCATC2
11654,TACATTCGTGATCGTT2
11655,TACATTCGTTCTGAGT1
11656,TACATTCGTTCTGAGT2
11657,TACATTCTCCGAACGC1
11658,TACATTCTCCGACATA2
11659,TACATTCTCTTACCGC3
11660,TACCCACAGCGTGTCC2
11661,TACCCACAGGCGAAGG3
11662,TACCCACAGGGCCAAT2
11663,TACCCACAGGGCCAAT3
11664,TACCCACAGTTGGGAC2
11665,TACCCACAGTTGGGAC3
11666,TACCCACGTAAGATAC3
11667,TACCCACGTGCAGATG1
11668,TACCCACGTGCAGATG2
11669,TACCCACGTGGAAGTC1
11670,TACCCACGTGGAAGTC2
11671,TACCCACTCAGTCATG1
11672,TACCCACTCAGTCATG2
11673,TACCCACTCCCGAAAT3
11674,TACCCACTCCGTATGA3
11675,TACCCACTCCTAGCGG3
11676,TACCCACTCGATTTCT1
11677,TACCCACTCGATTTCT2
11678,TACCCACTCTACTATC2
11679,TACCCACTCTACTATC3
11680,TACCCACTCTGTAAGC1
11681,TACCCACTCTGTAAGC2
11682,TACCCGTAGAAATTCG2
11683,TACCCGTAGAAATTCG3
11684,TACCCGTAGGGCCTCT2
11685,TACCCGTCACAACGAG1
11686,TACCCGTCACACAGAG2
11687,TACCCGTCACACAGAG3
11688,TACCCGTCACACCGCA1
11689,TACCCGTCACACCGCA2
11690,TACCCGTCAGCGTTTA2
11691,TACCCGTCATCGGAGA3
11692,TACCCGTGTAGCACGA3
11693,TACCCGTGTGTTATCG2
11694,TACCCGTGTGTTATCG3
11695,TACCCGTGTTACCTGA3
11696,TACCCGTGTTCGAGCC1
11697,TACCCGTGTTCGAGCC2
11698,TACCCGTGTTCTCTAT3
11699,TACCCGTTCAAAGCCT2
11700,TACCCGTTCAAAGCCT3
11701,TACCCGTTCAGAGCAG2
11702,TACCCGTTCTCGGGAC1
11703,TACCGAAAGACCTGGA1
11704,TACCGAAAGACCTGGA2
11705,TACCGAAAGAGTGAAG2
11706,TACCGAAAGCGCCCAT2
11707,TACCGAAAGCGCCCAT3
11708,TACCGAACAATCCAGT3
11709,TACCGAACACTCACTC2
11710,TACCGAACACTCACTC3
11711,TACCGAACATCAGCGC2
11712,TACCGAACATCAGCGC3
11713,TACCGAAGTCAGGAGT2
11714,TACCGAAGTCAGGAGT3
11715,TACCGAAGTCCAAAGG1
11716,TACCGAAGTGTCTCCT2
11717,TACCGAAGTGTCTCCT3
11718,TACCGAATCATTACGG1
11719,TACCGAATCATTACGG2
11720,TACCGAATCCAAGCTA2
11721,TACCGAATCTCATTTG3
11722,TACCGGGCAAGGTTGG1
11723,TACCGGGCACGATTCA2
11724,TACCGGGCACGATTCA3
11725,TACCGGGTCATATGGC2
11726,TACCGGGTCATATGGC3
11727,TACCTCGAGAGCGACT1
11728,TACCTCGAGCAGCCTC1
11729,TACCTCGAGCAGCCTC2
11730,TACCTCGAGCAGCGAT2
11731,TACCTCGAGCAGCGAT3
11732,TACCTCGAGGATCACG1
11733,TACCTCGAGGATCACG2
11734,TACCTCGAGGCGAACT1
11735,TACCTCGAGGCGAACT2
11736,TACCTCGAGGTACTGG1
11737,TACCTCGAGGTACTGG2
11738,TACCTCGCACCTATCC3
11739,TACCTCGCAGGCTCTG2
11740,TACCTCGCAGGCTCTG3
11741,TACCTCGGTGGAACCA2
11742,TACCTCGGTGGAACCA3
11743,TACCTCGGTGGTTTAC2
11744,TACCTCGGTGTGTCCG2
11745,TACCTCGGTTTGGGAG3
11746,TACCTCGTCTAAACGC1
11747,TACCTCGTCTACCAGA2
11748,TACCTCGTCTACCAGA3
11749,TACCTCGTCTTGGATG2
11750,TACCTCGTCTTGGATG3
11751,TACCTCGTCTTGGGCG3
11752,TACCTGCAGCACGATG3
11753,TACCTGCAGCTGCCAC3
11754,TACCTGCAGGTCCCGT2
11755,TACCTGCAGGTCCCGT3
11756,TACCTGCAGTAAACAC2
11757,TACCTGCAGTAAACAC3
11758,TACCTGCAGTAGCTCT2
11759,TACCTGCAGTAGCTCT3
11760,TACCTGCAGTTCATGC3
11761,TACCTGCCAAGAAATC2
11762,TACCTGCCATACAGAA2
11763,TACCTGCCATACAGAA3
11764,TACCTGCGTTACCCAA3
11765,TACCTGCTCCTGGTCT2
11766,TACCTGCTCCTGGTCT3
11767,TACGCTCAGCTCAGAG3
11768,TACGCTCAGGATTCAA1
11769,TACGCTCAGGATTCAA2
11770,TACGCTCAGTTGAAGT2
11771,TACGCTCAGTTGAAGT3
11772,TACGCTCCACATAGCT1
11773,TACGCTCCATGAAGCG2
11774,TACGCTCCATGAAGCG3
11775,TACGCTCGTTATCCAG3
11776,TACGCTCTCCCTCGTA3
11777,TACGCTCTCCGTATGA1
11778,TACGCTCTCCGTATGA2
11779,TACGCTCTCCTTCACG2
11780,TACGCTCTCCTTCACG3
11781,TACGGGCAGGTACAGC1
11782,TACGGGCAGGTACAGC2
11783,TACGGGCCACGACAGA3
11784,TACGGGCGTACACGTT2
11785,TACGGGCGTACACGTT3
11786,TACGGGCGTACGCTAT3
11787,TACGGGCGTAGGTACG1
11788,TACGGGCGTCGGTGAA2
11789,TACGGGCGTGCCGTAC3
11790,TACGGGCGTGTTCATG3
11791,TACGGGCGTTTGAACC1
11792,TACGGGCTCCGGGACT1
11793,TACGGGCTCCGGGACT2
11794,TACGGGCTCGTAGCTA2
11795,TACGGGCTCTTGGCTC2
11796,TACGGTACAAATACAG2
11797,TACGGTACAACGCCCA1
11798,TACGGTACAACGCCCA2
11799,TACGGTACATACCACA2
11800,TACGGTACATACCACA3
11801,TACGGTACATGACTGT2
11802,TACGGTACATGACTGT3
11803,TACGGTAGTAACAGTA2
11804,TACGGTAGTAGAGATT3
11805,TACGGTAGTCGCTTGG1
11806,TACGGTAGTCGCTTGG2
11807,TACGGTATCGTCGACG1
11808,TACGGTATCGTCGACG2
11809,TACGGTATCGTTCATT1
11810,TACGGTATCGTTCATT2
11811,TACGGTATCGTTCATT3
11812,TACGGTATCTCCAAGA1
11813,TACGTCCAGATGACAT2
11814,TACGTCCAGATGACAT3
11815,TACGTCCAGCGACTTT2
11816,TACGTCCAGGGTGAAA1
11817,TACGTCCAGGGTGAAA2
11818,TACGTCCTCCAACCGG2
11819,TACGTCCTCGAGATGG2
11820,TACTGCCAGCTGGAGT3
11821,TACTGCCAGGTTGCCC2
11822,TACTGCCAGTCACGAG2
11823,TACTGCCAGTCACGAG3
11824,TACTGCCAGTTCTCTT1
11825,TACTGCCAGTTCTCTT2
11826,TACTGCCCAGAGTCAG2
11827,TACTGCCCAGAGTCAG3
11828,TACTGCCCAGATTTCG2
11829,TACTGCCCAGATTTCG3
11830,TACTGCCCAGCTGAGA2
11831,TACTGCCCAGCTGAGA3
11832,TACTGCCCATTCAGGT1
11833,TACTGCCCATTCAGGT2
11834,TACTGCCCATTCAGGT3
11835,TACTGCCGTGTTCAGT2
11836,TACTGCCGTTGCCTAA1
11837,TACTGCCGTTGCCTAA2
11838,TACTGCCTCAGCTGAT2
11839,TACTGCCTCAGCTGAT3
11840,TACTGCCTCCTGCTAC2
11841,TACTGCCTCCTGCTAC3
11842,TACTGCCTCGAGAACG2
11843,TACTGCCTCGAGAACG3
11844,TACTGCCTCGTAGGGA1
11845,TACTGCCTCTCTCGAC2
11846,TACTGCCTCTCTCGAC3
11847,TACTTACAGGAAAGAC2
11848,TACTTACAGGAAAGAC3
11849,TACTTACAGTGGAAGA2
11850,TACTTACCAATCTAGC1
11851,TACTTACCACTCCTGT1
11852,TACTTACCACTCCTGT2
11853,TACTTACGTTAATCGC1
11854,TACTTACGTTAATCGC2
11855,TACTTACTCGTTGTTT1
11856,TACTTCAAGCCATTGT2
11857,TACTTCAAGCCATTGT3
11858,TACTTCACAAAGAGTT1
11859,TACTTCACAAAGAGTT2
11860,TACTTCACAAATACAG1
11861,TACTTCACAAATACAG2
11862,TACTTCACAGCTGAAG2
11863,TACTTCACAGCTGAAG3
11864,TACTTCAGTCACTCAA1
11865,TACTTCAGTCTAATCG3
11866,TACTTCATCTGGTCAA2
11867,TACTTCATCTGGTCAA3
11868,TACTTGTAGCGACCCT1
11869,TACTTGTAGCGCCTCA1
11870,TACTTGTAGGATTTAG1
11871,TACTTGTAGGATTTAG2
11872,TACTTGTAGGTAGCCA2
11873,TACTTGTAGGTAGCCA3
11874,TACTTGTAGTGAGGCT1
11875,TACTTGTAGTGAGGCT2
11876,TACTTGTAGTGGCAGT1
11877,TACTTGTAGTGGCAGT2
11878,TACTTGTAGTTGCGAG2
11879,TACTTGTAGTTGCGAG3
11880,TACTTGTCAAGGAGTC2
11881,TACTTGTCAAGGAGTC3
11882,TACTTGTCACCGGAAA3
11883,TACTTGTGTAACATGA3
11884,TACTTGTGTAAGTTAG2
11885,TACTTGTGTTGCCGCA2
11886,TACTTGTGTTGCCGCA3
11887,TACTTGTTCAAGGAGC2
11888,TACTTGTTCAAGGAGC3
11889,TACTTGTTCGCAAGAG2
11890,TACTTGTTCGCAAGAG3
11891,TACTTGTTCGTTACCC2
11892,TAGACCAAGAAGGTAG2
11893,TAGACCAAGAAGGTAG3
11894,TAGACCAAGCACACCC1
11895,TAGACCAAGCACACCC2
11896,TAGACCAAGCACACCC3
11897,TAGACCACAAGCCATT3
11898,TAGACCACACGACGTC1
11899,TAGACCACAGCTGTAT2
11900,TAGACCACATAGGCGA2
11901,TAGACCACATAGGCGA3
11902,TAGACCATCCTATGGA3
11903,TAGACCATCCTGTACC2
11904,TAGACCATCGGTGTAT3
11905,TAGACTGAGGCTAACG3
11906,TAGACTGAGTAAGACT3
11907,TAGACTGAGTCTAACC1
11908,TAGACTGCACTCCCTA3
11909,TAGACTGCAGATTTCG1
11910,TAGACTGCAGGGCTTC2
11911,TAGACTGCAGGGCTTC3
11912,TAGACTGGTCCTTGTC1
11913,TAGACTGGTCCTTGTC2
11914,TAGACTGGTTCGAGCC2
11915,TAGACTGGTTCGAGCC3
11916,TAGACTGTCCAATCCC3
11917,TAGACTGTCCTAAACG2
11918,TAGACTGTCCTAAACG3
11919,TAGAGTCAGACTCTAC2
11920,TAGAGTCAGACTCTAC3
11921,TAGAGTCAGCGGTATG1
11922,TAGAGTCAGTGATGGC2
11923,TAGAGTCCAACACGAG2
11924,TAGAGTCCACTTGAGT1
11925,TAGAGTCCACTTGAGT2
11926,TAGAGTCCAGCGCTTG1
11927,TAGAGTCCAGCGCTTG2
11928,TAGAGTCCATAGAAAC2
11929,TAGAGTCCATAGAAAC3
11930,TAGAGTCCATGAGTAA3
11931,TAGAGTCGTCCCTAAA2
11932,TAGAGTCGTCCCTAAA3
11933,TAGAGTCGTGACACAG2
11934,TAGAGTCGTGACACAG3
11935,TAGAGTCTCGGTCAGC2
11936,TAGAGTCTCTCCGAGG3
11937,TAGATCGAGATGCGAC3
11938,TAGATCGAGCTTCGTA1
11939,TAGATCGAGCTTCGTA2
11940,TAGATCGAGGGAGTGG2
11941,TAGATCGAGGGAGTGG3
11942,TAGATCGAGTCATACC1
11943,TAGATCGAGTCATACC2
11944,TAGATCGAGTGTACCT1
11945,TAGATCGAGTGTACCT2
11946,TAGATCGCAGCTAACT3
11947,TAGATCGGTCTGTGAT1
11948,TAGATCGGTTGCAAGG2
11949,TAGATCGGTTGTGCAT2
11950,TAGATCGGTTGTGCAT3
11951,TAGATCGTCGAACACT2
11952,TAGATCGTCGAACACT3
11953,TAGCACAAGAGCCTGA1
11954,TAGCACAAGAGCCTGA2
11955,TAGCACAAGCTGCCTG3
11956,TAGCACAAGGAATGTT3
11957,TAGCACAAGGTTCCGC3
11958,TAGCACAAGGTTGCCC3
11959,TAGCACAAGTCTCCTC2
11960,TAGCACAAGTCTCCTC3
11961,TAGCACACAACGACAG2
11962,TAGCACACAACGACAG3
11963,TAGCACACACCGGAAA2
11964,TAGCACACACCGGAAA3
11965,TAGCACACATGGATCT2
11966,TAGCACAGTACAAGCG1
11967,TAGCACAGTACAAGCG2
11968,TAGCACAGTCAAGGCA1
11969,TAGCACAGTCAAGGCA2
11970,TAGCACAGTGATGTAA2
11971,TAGCACAGTGATGTAA3
11972,TAGCACATCGATTTCT1
11973,TAGCACATCGATTTCT2
11974,TAGCACATCGCTCTCA3
11975,TAGCACATCTCTCTAA3
11976,TAGGAGGAGCGCATCC2
11977,TAGGAGGAGCTGTGCC3
11978,TAGGAGGCACGAAGAC3
11979,TAGGAGGCAGTAACAA2
11980,TAGGAGGGTATCACGT1
11981,TAGGAGGGTATCACGT2
11982,TAGGAGGGTGACCTGC1
11983,TAGGAGGTCGGACAAG2
11984,TAGGAGGTCGGACAAG3
11985,TAGGGTTAGAATGTTG1
11986,TAGGGTTAGGGCTGAT3
11987,TAGGGTTAGTCACTGT3
11988,TAGGGTTCAAGTGTCT1
11989,TAGGGTTCAAGTGTCT2
11990,TAGGGTTCACACACTA2
11991,TAGGGTTCACACACTA3
11992,TAGGGTTCAGACACAG2
11993,TAGGGTTCAGACACAG3
11994,TAGGGTTCATCATCTT1
11995,TAGGGTTGTAATTGGA1
11996,TAGGGTTTCCGTGCGA2
11997,TAGGGTTTCCGTGCGA3
11998,TAGGGTTTCCTGGCTT2
11999,TAGGGTTTCCTGGCTT3
12000,TAGGGTTTCGGCAGTC2
12001,TAGGGTTTCTATCACT1
12002,TAGGGTTTCTATCACT2
12003,TAGGTACAGACATGCG2
12004,TAGGTACAGACATGCG3
12005,TAGGTACAGAGCAACC2
12006,TAGGTACAGAGCAACC3
12007,TAGGTACAGGCCCACT2
12008,TAGGTACAGGCCCACT3
12009,TAGGTACCAACTTCTT3
12010,TAGGTACCAATCTCGA1
12011,TAGGTACCAATCTCGA2
12012,TAGGTACCACCTCAGG1
12013,TAGGTACCACCTCAGG2
12014,TAGGTACCACTCCACT3
12015,TAGGTACCAGTATACC3
12016,TAGGTACGTATAGGAT2
12017,TAGGTACGTATAGGAT3
12018,TAGGTACGTCCACTCT1
12019,TAGGTACGTCCACTCT2
12020,TAGGTACGTCTACACA1
12021,TAGGTACGTCTACACA2
12022,TAGGTACGTGACACGA2
12023,TAGGTACGTGACACGA3
12024,TAGGTACGTGTGCTTA2
12025,TAGGTACGTGTGCTTA3
12026,TAGGTACTCCAATCCC2
12027,TAGGTACTCCAATCCC3
12028,TAGGTACTCTTTCTAG2
12029,TAGGTACTCTTTCTAG3
12030,TAGGTTGCACAAATGA3
12031,TAGGTTGCACTACAGT2
12032,TAGGTTGCACTACAGT3
12033,TAGGTTGCAGACGGAT1
12034,TAGGTTGCAGACGGAT2
12035,TAGGTTGCAGACGGAT3
12036,TAGGTTGCAGCTATTG2
12037,TAGGTTGCAGCTATTG3
12038,TAGGTTGGTACTTCCC1
12039,TAGGTTGGTACTTCCC2
12040,TAGGTTGTCATCCCGT3
12041,TAGGTTGTCCGCAACG2
12042,TAGGTTGTCCGCAACG3
12043,TAGTGCAAGCGATGAC1
12044,TAGTGCAAGGAAAGGT2
12045,TAGTGCAAGGATAATC2
12046,TAGTGCAAGGATAATC3
12047,TAGTGCAAGGGCGAGA2
12048,TAGTGCAAGGGCGAGA3
12049,TAGTGCAAGTATTCCG3
12050,TAGTGCACATGGTGGA3
12051,TAGTGCACATGTAACC2
12052,TAGTGCACATGTAACC3
12053,TAGTGCATCCGCGGAT2
12054,TAGTGCATCCGCGGAT3
12055,TAGTGCATCTACCTTA2
12056,TATACCTAGACATATG3
12057,TATACCTCAAGACAAT1
12058,TATACCTCAAGCCTGC2
12059,TATACCTCAAGCCTGC3
12060,TATACCTCAATAGTAG1
12061,TATACCTCAATAGTAG2
12062,TATACCTCACTCCACT3
12063,TATACCTCAGGACGAT3
12064,TATACCTCATACTGAC2
12065,TATACCTCATACTGAC3
12066,TATACCTGTTAATGAG2
12067,TATACCTGTTAATGAG3
12068,TATACCTTCGGAACTT2
12069,TATACCTTCTCGGGAC2
12070,TATACCTTCTCGGGAC3
12071,TATACCTTCTTGCAAG2
12072,TATACCTTCTTGCAAG3
12073,TATATCCAGCACTAGG2
12074,TATATCCAGCACTAGG3
12075,TATATCCAGCCATGCC1
12076,TATATCCAGCCTCCAG2
12077,TATATCCAGCCTCCAG3
12078,TATATCCAGTAAGAGG1
12079,TATATCCCAACTTCTT2
12080,TATATCCCAACTTCTT3
12081,TATATCCCAAGAATAC3
12082,TATATCCCAATTTCTC2
12083,TATATCCCACATGGTT2
12084,TATATCCGTTGTACGT1
12085,TATATCCGTTGTACGT2
12086,TATATCCTCTATTCGT2
12087,TATATCCTCTATTCGT3
12088,TATCAGGAGAACTCCT2
12089,TATCAGGAGAACTCCT3
12090,TATCAGGAGAAGTCTA3
12091,TATCAGGCAGTCGCAC2
12092,TATCAGGCAGTCGCAC3
12093,TATCAGGCATGCAGGA2
12094,TATCAGGCATTGTGCA3
12095,TATCAGGGTAACTGCT2
12096,TATCAGGGTAACTGCT3
12097,TATCAGGGTAATGCTC2
12098,TATCAGGGTAATGCTC3
12099,TATCAGGGTGAGGCAT2
12100,TATCAGGGTGAGGCAT3
12101,TATCAGGTCACATCAG3
12102,TATCAGGTCGACATCA2
12103,TATCCTAAGAGCAGAA1
12104,TATCCTAAGAGCAGAA2
12105,TATCCTAAGAGCAGAA3
12106,TATCCTAAGTGTGTTC2
12107,TATCCTAAGTGTGTTC3
12108,TATCCTACAGACCAGA3
12109,TATCCTACATTGTAGC2
12110,TATCCTACATTGTAGC3
12111,TATCCTAGTCGAATGG2
12112,TATCCTAGTTACAGCT2
12113,TATCCTAGTTACAGCT3
12114,TATCCTAGTTTGGGTT2
12115,TATCCTAGTTTGGGTT3
12116,TATCCTATCGCTCCTA2
12117,TATCCTATCGCTCCTA3
12118,TATCCTATCGTACCTC2
12119,TATCCTATCGTACCTC3
12120,TATCGCCAGAACTTCC2
12121,TATCGCCAGAACTTCC3
12122,TATCGCCAGCACTCGC1
12123,TATCGCCAGGTGCAGT3
12124,TATCGCCAGTTCCAGT2
12125,TATCGCCAGTTCCAGT3
12126,TATCGCCCATACCAGT2
12127,TATCGCCCATACCAGT3
12128,TATCGCCGTGACCTGC2
12129,TATCGCCGTGACCTGC3
12130,TATCGCCGTTCTCGTC3
12131,TATCGCCTCGCTGACG3
12132,TATCGCCTCTACGGTA2
12133,TATCTGTCACAGAGAC2
12134,TATCTGTCACAGCTGC3
12135,TATCTGTCAGTGTGGA2
12136,TATCTGTGTGGTCTAT2
12137,TATCTGTGTGTTCAGT3
12138,TATCTGTTCTAGCAAC2
12139,TATCTGTTCTAGCAAC3
12140,TATCTTGAGGTGATAT3
12141,TATCTTGCAAATACAG3
12142,TATCTTGCATCATTTC2
12143,TATCTTGGTAGGTGCA1
12144,TATCTTGGTAGGTGCA2
12145,TATCTTGGTCGCATCG2
12146,TATCTTGGTGACTCGC2
12147,TATCTTGGTGCTCTCT2
12148,TATCTTGGTGCTCTCT3
12149,TATCTTGGTGTGAGCA2
12150,TATCTTGGTTCTCACC1
12151,TATCTTGTCATGAGTC3
12152,TATCTTGTCATTCGGA2
12153,TATCTTGTCCACAAGT1
12154,TATCTTGTCCACAAGT2
12155,TATCTTGTCCATTGCC2
12156,TATCTTGTCCATTGCC3
12157,TATCTTGTCTCCGTGT1
12158,TATGTTCAGAGTCTGG2
12159,TATGTTCAGAGTCTGG3
12160,TATGTTCAGTAGCTCT2
12161,TATGTTCAGTAGCTCT3
12162,TATGTTCAGTTCCGTA3
12163,TATGTTCCAACGATCT3
12164,TATGTTCCAAGTGCTT3
12165,TATGTTCCAGACTCTA2
12166,TATGTTCCAGACTCTA3
12167,TATGTTCCAGTTGGTT1
12168,TATGTTCCATTGGGAG2
12169,TATGTTCCATTGGGAG3
12170,TATGTTCGTCGTCAGC2
12171,TATGTTCGTGCGACAA2
12172,TATGTTCGTGCGACAA3
12173,TATGTTCTCACTGTCC2
12174,TATGTTCTCACTGTCC3
12175,TATGTTCTCCGTATAG1
12176,TATGTTCTCGTTCCTG1
12177,TATGTTCTCGTTCCTG2
12178,TATGTTCTCTACACTT1
12179,TATGTTCTCTACACTT2
12180,TATTCCAAGCAACAGC2
12181,TATTCCAAGCACTCCG2
12182,TATTCCAAGCACTCCG3
12183,TATTCCAAGTGATGGC1
12184,TATTCCAAGTGATGGC2
12185,TATTCCAGTACGATTC3
12186,TATTCCAGTGGCAACA2
12187,TATTCCAGTGGCAACA3
12188,TATTCCATCGATACGT3
12189,TATTCCATCGATGGAG1
12190,TATTCCATCGATGGAG2
12191,TATTCCATCGCAATTG2
12192,TATTGCTAGCACTCGC2
12193,TATTGCTAGCACTCGC3
12194,TATTGCTAGCGCTTCG2
12195,TATTGCTAGGCTCACC3
12196,TATTGCTCACAAACGG1
12197,TATTGCTCACAAACGG2
12198,TATTGCTCACCCATAA2
12199,TATTGCTCACCCATAA3
12200,TATTGCTCATATCGGT3
12201,TATTGCTTCCGATCTC1
12202,TATTGCTTCTCTCTTC2
12203,TATTGCTTCTCTCTTC3
12204,TATTGGGAGTCTGTAC1
12205,TATTGGGAGTCTGTAC2
12206,TATTGGGCAACACAGG3
12207,TATTGGGCAGCACACC1
12208,TATTGGGCAGCACACC2
12209,TATTGGGCAGTATGAA1
12210,TATTGGGCATACTGAC2
12211,TATTGGGCATACTGAC3
12212,TATTGGGCATGACTAC2
12213,TATTGGGTCGACCATA2
12214,TATTGGGTCGACCATA3
12215,TATTGGGTCGAGTTGT2
12216,TATTGGGTCGAGTTGT3
12217,TATTGGGTCTATCGTT2
12218,TATTGGGTCTCAATCT2
12219,TATTGGGTCTCAATCT3
12220,TATTGGGTCTCCAATT2
12221,TATTGGGTCTCCAATT3
12222,TATTTCGCAAATGGTA1
12223,TATTTCGCAAATGGTA2
12224,TATTTCGCATCCGAGC3
12225,TATTTCGCATCCTTGC3
12226,TATTTCGGTCATCTAG3
12227,TATTTCGTCGACATCA2
12228,TATTTCGTCGACATCA3
12229,TATTTCGTCGCGGACT3
12230,TATTTCGTCTGTTCAT2
12231,TATTTCGTCTGTTCAT3
12232,TCAAGACAGACCATTC2
12233,TCAAGACAGACCATTC3
12234,TCAAGACAGATGAATC2
12235,TCAAGACAGATGAATC3
12236,TCAAGACAGCAATTAG2
12237,TCAAGACAGCAATTAG3
12238,TCAAGACAGCAGGTCA1
12239,TCAAGACCAAAGGCTG3
12240,TCAAGACCACAAATGA1
12241,TCAAGACGTACTGGGA2
12242,TCAAGACGTACTGGGA3
12243,TCAAGACGTAGACAAT3
12244,TCAAGACGTTGGAGGT1
12245,TCAAGCAAGAGGGTCT3
12246,TCAAGCACAAAGCTAA3
12247,TCAAGCACAACCAATC1
12248,TCAAGCACAGGACATG3
12249,TCAAGCACAGTATACC2
12250,TCAAGCAGTGAGCTCC3
12251,TCAAGCATCAAAGCCT3
12252,TCAAGCATCAGGTGTT1
12253,TCAAGCATCAGGTGTT2
12254,TCAAGCATCATTGTGG2
12255,TCAAGCATCATTGTGG3
12256,TCAAGCATCGCTTGAA2
12257,TCAAGCATCGCTTGAA3
12258,TCAAGCATCGGCATAT2
12259,TCAAGCATCGGCATAT3
12260,TCAAGTGAGACTAGAT2
12261,TCAAGTGAGAGGCCAT1
12262,TCAAGTGAGAGGCCAT2
12263,TCAAGTGAGAGGCCAT3
12264,TCAAGTGAGCAAATCA1
12265,TCAAGTGAGCAAATCA2
12266,TCAAGTGCAACCACAT2
12267,TCAAGTGCAACCACAT3
12268,TCAAGTGCATCTCATT2
12269,TCAAGTGCATCTCATT3
12270,TCAAGTGGTGAGGAAA1
12271,TCAAGTGGTGAGGAAA2
12272,TCAAGTGGTGAGGAAA3
12273,TCAAGTGGTGGCTCTG2
12274,TCAAGTGGTGGCTCTG3
12275,TCAAGTGTCACTTCTA2
12276,TCAAGTGTCCCAACTC3
12277,TCAAGTGTCGCTCTAC3
12278,TCAATCTAGAGTTGTA3
12279,TCAATCTAGGATGTTA2
12280,TCAATCTAGGATGTTA3
12281,TCAATCTAGGGACCAT2
12282,TCAATCTAGGGACCAT3
12283,TCAATCTAGTAGTCCT2
12284,TCAATCTAGTAGTCCT3
12285,TCAATCTCAAAGCTCT2
12286,TCAATCTCAAAGCTCT3
12287,TCAATCTCAAATGCTC2
12288,TCAATCTCAAATGCTC3
12289,TCAATCTCAGATTCGT1
12290,TCAATCTCAGATTCGT2
12291,TCAATCTCAGCTGTGC1
12292,TCAATCTCAGCTGTGC2
12293,TCAATCTGTGTTGACT3
12294,TCAATCTTCATCACAG3
12295,TCAATCTTCGTGTGAT2
12296,TCAATCTTCGTGTGAT3
12297,TCAATCTTCTTAGGAC1
12298,TCAATCTTCTTAGGAC2
12299,TCAATTCAGACAACTA2
12300,TCAATTCAGACAACTA3
12301,TCAATTCAGATGAACT2
12302,TCAATTCAGATGAACT3
12303,TCAATTCAGCCGATTT2
12304,TCAATTCAGCCGATTT3
12305,TCAATTCAGCTTTCCC3
12306,TCAATTCAGTATGATG2
12307,TCAATTCAGTATGATG3
12308,TCAATTCCAGCCATTA1
12309,TCAATTCCAGCCATTA2
12310,TCAATTCGTGTATTGC2
12311,TCAATTCTCACAGAGG2
12312,TCAATTCTCCTGTAGA2
12313,TCAATTCTCCTGTAGA3
12314,TCACAAGAGACGGATC2
12315,TCACAAGAGACGGATC3
12316,TCACAAGAGGAGGTTC2
12317,TCACAAGAGTAAACTG1
12318,TCACAAGAGTAAACTG2
12319,TCACAAGCAATTTCGG2
12320,TCACAAGCAATTTCGG3
12321,TCACAAGCACGAGGAT1
12322,TCACAAGCAGCTGTCG3
12323,TCACAAGCATGATCTG2
12324,TCACAAGCATGATCTG3
12325,TCACAAGGTCCTGGTG3
12326,TCACAAGGTGGAACAC3
12327,TCACAAGGTGTTTACG2
12328,TCACAAGGTGTTTACG3
12329,TCACAAGTCATTGGTG3
12330,TCACAAGTCGAGTGAG3
12331,TCACAAGTCGATCCCT1
12332,TCACAAGTCGATCCCT2
12333,TCACAAGTCTAAGGAA2
12334,TCACAAGTCTGGGATT1
12335,TCACAAGTCTGGGATT2
12336,TCACAAGTCTTCTGTA3
12337,TCACACCAGACAGCTG3
12338,TCACACCAGTACTGTC3
12339,TCACACCAGTCACTGT2
12340,TCACACCAGTCACTGT3
12341,TCACACCCACATACGT2
12342,TCACACCCACTTCCTG3
12343,TCACACCCATTGAGGG2
12344,TCACACCCATTGAGGG3
12345,TCACACCGTACTGTTG3
12346,TCACACCGTGCCTGCA2
12347,TCACACCGTTGTAGCT1
12348,TCACACCGTTGTAGCT2
12349,TCACACCGTTTCACAG2
12350,TCACACCGTTTCACAG3
12351,TCACACCTCCTACACC1
12352,TCACACCTCTGCGGCA3
12353,TCACACCTCTTAAGGC1
12354,TCACATTAGCAACTTC1
12355,TCACATTAGCAACTTC2
12356,TCACATTAGCACGTCC2
12357,TCACATTAGCACGTCC3
12358,TCACATTAGCAGCACA2
12359,TCACATTAGCAGCACA3
12360,TCACATTAGCTAGCCC1
12361,TCACATTCAAATAGCA3
12362,TCACATTCAACAAAGT1
12363,TCACATTCAATTGAGA3
12364,TCACATTCACGATTCA2
12365,TCACATTGTCTAGTGT2
12366,TCACATTGTCTAGTGT3
12367,TCACATTGTTGAAGTA1
12368,TCACATTTCCCATAAG2
12369,TCACATTTCCCATAAG3
12370,TCACGCTAGCATTTGC3
12371,TCACGCTAGCCTCCAG2
12372,TCACGCTCAGGTCTCG2
12373,TCACGCTCAGGTCTCG3
12374,TCACGCTGTGGTCTAT2
12375,TCACGCTGTGGTCTAT3
12376,TCACGCTTCAGTGGGA3
12377,TCACGCTTCATCTCTA2
12378,TCACGCTTCATCTCTA3
12379,TCACGCTTCTAGGCAT2
12380,TCACGGGAGCTGCCAC3
12381,TCACGGGAGGCCACCT3
12382,TCACGGGAGGGAGGCA1
12383,TCACGGGCACGCTATA2
12384,TCACGGGCACGCTATA3
12385,TCACGGGGTAACAGGC1
12386,TCACGGGGTAACAGGC2
12387,TCACGGGGTCCTTAAG3
12388,TCACGGGGTTGATCGT2
12389,TCACGGGGTTGATCGT3
12390,TCACGGGTCCCTTTGG3
12391,TCACGGGTCCTCAGAA3
12392,TCACGGGTCGGTTCAA3
12393,TCACGGGTCTCTCTTC3
12394,TCACTATAGTCCCGGT2
12395,TCACTATAGTCCCGGT3
12396,TCACTATCAACCCGCA1
12397,TCACTATCAACCCGCA2
12398,TCACTATCAATTGAGA2
12399,TCACTATCACCTGCAG2
12400,TCACTATCACCTGCAG3
12401,TCACTATGTAGTTACC2
12402,TCACTATGTAGTTACC3
12403,TCACTATGTGCCCGTA2
12404,TCACTATGTTATGTCG2
12405,TCACTATGTTATGTCG3
12406,TCACTATTCCGAGAAG3
12407,TCACTATTCCGCAGTG2
12408,TCACTATTCCGCAGTG3
12409,TCACTATTCTACGGGC3
12410,TCACTCGCACTCATAG2
12411,TCACTCGCACTCATAG3
12412,TCACTCGGTAGGAGGG1
12413,TCACTCGGTTCTAAGC2
12414,TCACTCGGTTCTAAGC3
12415,TCACTCGGTTGCGGAA3
12416,TCAGCAACAAATAAGC3
12417,TCAGCAACAACTCCAA2
12418,TCAGCAACAACTCCAA3
12419,TCAGCAACAGATCCAT2
12420,TCAGCAACAGATCCAT3
12421,TCAGCAACAGCAAGAC2
12422,TCAGCAACAGGATTCT1
12423,TCAGCAACAGGATTCT2
12424,TCAGCAATCCAATGCA2
12425,TCAGCAATCCTGTTGC2
12426,TCAGCAATCGGCCTTT2
12427,TCAGCAATCGGTGAAG1
12428,TCAGCCTAGACTCCGC1
12429,TCAGCCTAGACTCCGC2
12430,TCAGCCTAGAGTCTGG2
12431,TCAGCCTAGAGTCTGG3
12432,TCAGCCTAGTATCTGC2
12433,TCAGCCTAGTATCTGC3
12434,TCAGCCTCAAGTGATA2
12435,TCAGCCTCAAGTGATA3
12436,TCAGCCTCAGCGACAA2
12437,TCAGCCTCAGCGACAA3
12438,TCAGCCTCAGGACAGT1
12439,TCAGCCTCAGGACAGT2
12440,TCAGCCTCATTGAGCT3
12441,TCAGCCTGTATGAGCG1
12442,TCAGCCTGTATGAGCG2
12443,TCAGCCTGTCACTAGT2
12444,TCAGCCTGTCACTAGT3
12445,TCAGCCTGTCTGTCCT2
12446,TCAGCCTGTCTGTCCT3
12447,TCAGCCTGTGAGCTCC1
12448,TCAGCCTGTGTTAACC2
12449,TCAGCCTGTGTTAACC3
12450,TCAGCCTGTTAATCGC2
12451,TCAGCCTTCAAGCTGT3
12452,TCAGCCTTCGCCTTTG3
12453,TCAGCCTTCTCTGGTC2
12454,TCAGCCTTCTCTGGTC3
12455,TCAGCCTTCTTGGAAC3
12456,TCAGGGCAGATTCGAA1
12457,TCAGGGCAGGGCAATC3
12458,TCAGGGCCAACCGACC2
12459,TCAGGGCCAACCGACC3
12460,TCAGGGCCAATCGAAA2
12461,TCAGGGCCAATCGAAA3
12462,TCAGGGCGTCCATCTC1
12463,TCAGGGCGTCCGGCAT2
12464,TCAGGGCGTCGAGATG1
12465,TCAGGGCGTCGAGATG2
12466,TCAGGGCGTGAGTGAC2
12467,TCAGGGCGTGAGTGAC3
12468,TCAGGGCGTTTCAGAC3
12469,TCAGGGCTCATATGGC1
12470,TCAGGGCTCTATTGTC1
12471,TCAGGGCTCTATTGTC2
12472,TCAGGTAAGAAATTCG3
12473,TCAGGTAAGGCTTAGG2
12474,TCAGGTAAGTATGGAT3
12475,TCAGGTAAGTTGCTCA3
12476,TCAGGTACAACGACTT1
12477,TCAGGTACAACGACTT2
12478,TCAGGTACACTGTCGG2
12479,TCAGGTACACTGTCGG3
12480,TCAGGTACAGTCGCTG2
12481,TCAGGTACATGACCCG2
12482,TCAGGTACATGACCCG3
12483,TCAGGTAGTAGCCCTG3
12484,TCAGGTAGTCCTTGTC2
12485,TCAGGTAGTCCTTGTC3
12486,TCAGGTAGTTTACGTG2
12487,TCAGGTATCAGCCTTC2
12488,TCAGGTATCAGCCTTC3
12489,TCAGGTATCTGCGTCT3
12490,TCAGTCCAGGTAGCCA1
12491,TCAGTCCAGGTAGCCA2
12492,TCAGTCCAGGTCCGAA1
12493,TCAGTCCAGGTCCGAA2
12494,TCAGTCCCAAAGTATG1
12495,TCAGTCCCAAAGTATG2
12496,TCAGTCCCAACGACTT3
12497,TCAGTCCCAGGAACCA1
12498,TCAGTCCCATTGCTGA2
12499,TCAGTCCCATTGCTGA3
12500,TCAGTCCGTAACAAGT1
12501,TCAGTCCGTAACAAGT2
12502,TCAGTCCGTCACAGTT2
12503,TCAGTCCGTCTCCCTA2
12504,TCAGTCCGTCTCCCTA3
12505,TCAGTCCTCACTACTT1
12506,TCAGTGAAGAGTCCGA2
12507,TCAGTGAAGAGTCCGA3
12508,TCAGTGAAGATTGGGC2
12509,TCAGTGAAGATTGGGC3
12510,TCAGTGAAGGCACGAT2
12511,TCAGTGAAGTATGACA3
12512,TCAGTGACAAGTCCAT1
12513,TCAGTGACAGTAGGAC2
12514,TCAGTGACAGTAGGAC3
12515,TCAGTGACATGAGGGT1
12516,TCAGTGACATGAGGGT2
12517,TCAGTGAGTAAGGAGA2
12518,TCAGTGAGTGATTAGA2
12519,TCAGTGAGTGATTAGA3
12520,TCAGTGAGTTCCGGTG2
12521,TCAGTGAGTTCCGGTG3
12522,TCAGTGAGTTGGACTT3
12523,TCAGTGATCACCCTCA1
12524,TCAGTGATCACCCTCA2
12525,TCAGTGATCCTCACCA2
12526,TCAGTGATCGACCCAG2
12527,TCAGTGATCGACCCAG3
12528,TCAGTGATCTACCTTA2
12529,TCAGTGATCTACCTTA3
12530,TCAGTGATCTACGCAA2
12531,TCAGTGATCTACGCAA3
12532,TCAGTTTAGGGAGAAT2
12533,TCAGTTTAGGGCTGAT1
12534,TCAGTTTAGGGCTGAT2
12535,TCAGTTTAGTCCGTCG3
12536,TCAGTTTCAAACGAGC2
12537,TCAGTTTCACCCTGAG3
12538,TCAGTTTCACGAAAGC3
12539,TCAGTTTGTACGTACT2
12540,TCAGTTTGTACGTACT3
12541,TCAGTTTGTGAATTGA2
12542,TCAGTTTGTTGCGGCT3
12543,TCATACTAGAAGGATG1
12544,TCATACTAGAAGGATG2
12545,TCATACTAGAATCGAT3
12546,TCATACTAGATGCTTC2
12547,TCATACTAGATGCTTC3
12548,TCATACTAGCATCTTG2
12549,TCATACTAGTCGAATA2
12550,TCATACTAGTCGAATA3
12551,TCATACTCAAGCACAG3
12552,TCATACTCAGCCATTA1
12553,TCATACTCAGCCATTA2
12554,TCATACTCAGCTTCCT3
12555,TCATACTGTAAGATTG3
12556,TCATACTGTAGCTAAA2
12557,TCATACTGTAGCTAAA3
12558,TCATACTGTAGTCCTA2
12559,TCATACTGTAGTCCTA3
12560,TCATACTGTAGTCTTG2
12561,TCATACTGTAGTCTTG3
12562,TCATACTGTCCACTTC1
12563,TCATACTGTCCACTTC2
12564,TCATACTGTGCGCTCA1
12565,TCATACTGTGCGCTCA2
12566,TCATACTGTTCTCTAT2
12567,TCATACTTCATTTGGG2
12568,TCATACTTCCACATAG1
12569,TCATATCAGAGTGAAG1
12570,TCATATCAGAGTGAAG2
12571,TCATATCAGGAACGAA1
12572,TCATATCAGGAACGAA2
12573,TCATATCCAAGGCGTA3
12574,TCATATCCACGAAAGC2
12575,TCATATCCACGAAAGC3
12576,TCATATCCATTATGCG1
12577,TCATATCGTCTCAGGC2
12578,TCATATCTCTCAGTCC1
12579,TCATATCTCTCAGTCC2
12580,TCATATCTCTGGACTA3
12581,TCATATCTCTGTCAGA2
12582,TCATATCTCTGTCAGA3
12583,TCATCATAGAGCAACC2
12584,TCATCATAGAGCAACC3
12585,TCATCATCAAATGGTA2
12586,TCATCATCAAATGGTA3
12587,TCATCATCAACTCCCT2
12588,TCATCATCAACTCCCT3
12589,TCATCATGTGACGCCT2
12590,TCATCATGTGACGCCT3
12591,TCATCATGTGGAACCA2
12592,TCATCATGTGGAACCA3
12593,TCATCATTCATTGTTC1
12594,TCATCATTCATTGTTC2
12595,TCATCATTCGGATTAC3
12596,TCATCATTCGGTGCAC2
12597,TCATCATTCGGTGCAC3
12598,TCATCCGAGAGGGTCT3
12599,TCATCCGAGGAGGTTC2
12600,TCATCCGAGGAGGTTC3
12601,TCATCCGAGTATGGCG2
12602,TCATCCGAGTATGGCG3
12603,TCATCCGCAATACCTG2
12604,TCATCCGCAATACCTG3
12605,TCATCCGCAATCGAAA3
12606,TCATCCGCACTCCGGA2
12607,TCATCCGCACTCCGGA3
12608,TCATCCGCAGCTATTG1
12609,TCATCCGCAGCTATTG2
12610,TCATCCGCATCATCCC2
12611,TCATCCGGTGAGCCAA1
12612,TCATCCGTCATCACAG1
12613,TCATCCGTCATCACAG2
12614,TCATCCGTCCAGGACC1
12615,TCATCCGTCCAGGACC2
12616,TCATCCGTCCGTATGA2
12617,TCATCCGTCCGTATGA3
12618,TCATGAGAGAGAGCAA1
12619,TCATGAGAGGAGATAG1
12620,TCATGAGCACGTCTCT2
12621,TCATGAGCAGGCAATG3
12622,TCATGAGGTAAGTTAG2
12623,TCATGAGGTAAGTTAG3
12624,TCATGAGGTAGAGCTG3
12625,TCATGAGGTCGATTCA2
12626,TCATGAGTCAACACGT1
12627,TCATGAGTCAACACGT2
12628,TCATGAGTCAGGACGA1
12629,TCATGAGTCAGGACGA2
12630,TCATGAGTCCATGAGT3
12631,TCATGAGTCCCGAGTG1
12632,TCATGAGTCCCGAGTG2
12633,TCATGAGTCCGAGGCT1
12634,TCATGAGTCCGAGGCT2
12635,TCATGAGTCCGCACTT1
12636,TCATGAGTCCGCACTT2
12637,TCATGAGTCCTCTCGA2
12638,TCATGAGTCCTCTCGA3
12639,TCATGCCAGACGGTTG1
12640,TCATGCCAGGGATCGT2
12641,TCATGCCAGTTGAAAC3
12642,TCATGCCCAAGAAACT1
12643,TCATGCCCACCTGATA1
12644,TCATGCCCATATACCG1
12645,TCATGCCGTACCCGCA2
12646,TCATGCCGTACCCGCA3
12647,TCATGCCGTAGTAAGT1
12648,TCATGCCGTAGTAAGT2
12649,TCATGCCGTCTTGCTC3
12650,TCATGCCGTTCTCCTG2
12651,TCATGCCGTTCTCCTG3
12652,TCATGCCTCAAGTTGC2
12653,TCATGCCTCAAGTTGC3
12654,TCATGCCTCGCTTAAG3
12655,TCATGCCTCTATCACT2
12656,TCATGCCTCTATCACT3
12657,TCATGCCTCTGAACGT2
12658,TCATGGAAGACAAGCC1
12659,TCATGGAAGACAAGCC2
12660,TCATGGAAGGTCATTC2
12661,TCATGGAAGTACTCGT1
12662,TCATGGAAGTACTCGT2
12663,TCATGGAAGTATGTAG1
12664,TCATGGAAGTCTGCAT2
12665,TCATGGAAGTGTACCT1
12666,TCATGGACACTATGTG2
12667,TCATGGACACTATGTG3
12668,TCATGGACATGGAACG3
12669,TCATGGACATGGTACT2
12670,TCATGGACATGGTACT3
12671,TCATGGAGTACCCAGC3
12672,TCATGGAGTACTGAGG2
12673,TCATGGAGTACTGAGG3
12674,TCATGGAGTATGGAGC2
12675,TCATGGAGTATGGAGC3
12676,TCATGGAGTGCATTTG2
12677,TCATGGAGTTAGGAGC2
12678,TCATGGAGTTAGGAGC3
12679,TCATGGATCAACCTCC2
12680,TCATGGATCAACCTCC3
12681,TCATGGATCAGGAAGC3
12682,TCATGGATCGAGTTGT3
12683,TCATGGATCTGGAGAG2
12684,TCATGTTAGATCGACG2
12685,TCATGTTAGATCGACG3
12686,TCATGTTAGTGTAGTA2
12687,TCATGTTCAGATCATC2
12688,TCATGTTCAGATCATC3
12689,TCATGTTGTACGTTCA2
12690,TCATGTTGTACGTTCA3
12691,TCATGTTGTAGGGAGG1
12692,TCATGTTGTGTTGACT1
12693,TCATGTTTCGACATCA1
12694,TCATTACAGTAGTCTC1
12695,TCATTACAGTCTGCGC2
12696,TCATTACAGTCTGCGC3
12697,TCATTACCACATGGTT3
12698,TCATTACCAGGATCTT2
12699,TCATTACCAGGATCTT3
12700,TCATTACCAGTTGTTG1
12701,TCATTACCAGTTGTTG2
12702,TCATTACGTCTTCTAT2
12703,TCATTACGTCTTCTAT3
12704,TCATTACGTGAATTAG3
12705,TCATTACTCAACCTTT2
12706,TCATTACTCAACCTTT3
12707,TCATTACTCGGAGTGA3
12708,TCATTACTCGTGGCGT1
12709,TCATTCAAGAGGACTC1
12710,TCATTCAAGGACGCAT1
12711,TCATTCAAGGACGCAT2
12712,TCATTCACACTTGACA1
12713,TCATTCACAGCAGGAT1
12714,TCATTCACAGCAGGAT2
12715,TCATTCACAGCAGGAT3
12716,TCATTCACAGCGCGTT2
12717,TCATTCACATGACCCG3
12718,TCATTCACATTCTTCA2
12719,TCATTCAGTCTTCGAA2
12720,TCATTCAGTCTTCGAA3
12721,TCATTCATCATTCATC2
12722,TCATTCATCATTCATC3
12723,TCATTGTAGAATACAC1
12724,TCATTGTAGCACACCC2
12725,TCATTGTAGCACACCC3
12726,TCATTGTCACTGTCGG1
12727,TCATTGTCACTGTCGG2
12728,TCATTGTCAGAACATA1
12729,TCATTGTCAGAACATA2
12730,TCATTGTCATCTGGGC1
12731,TCATTGTGTACGAGTG3
12732,TCATTGTGTCGGAACA2
12733,TCATTGTGTTTATGCG2
12734,TCATTGTGTTTATGCG3
12735,TCATTGTTCCTGGCTT2
12736,TCATTGTTCCTGGCTT3
12737,TCATTGTTCCTGGTCT2
12738,TCATTGTTCCTGGTCT3
12739,TCATTTGAGCATAGGC1
12740,TCATTTGAGCATGAAT1
12741,TCATTTGAGCATGAAT2
12742,TCATTTGAGCCAGACA3
12743,TCATTTGAGGTAGATT2
12744,TCATTTGAGGTAGTCG1
12745,TCATTTGAGGTAGTCG2
12746,TCATTTGAGTGGACGT3
12747,TCATTTGCACAGCCAC2
12748,TCATTTGCACAGCCAC3
12749,TCATTTGCAGTTGCGC1
12750,TCATTTGCAGTTGCGC2
12751,TCATTTGCATGTTACG2
12752,TCATTTGCATGTTACG3
12753,TCATTTGGTATCGCAT2
12754,TCATTTGGTATTTCCT2
12755,TCATTTGGTATTTCCT3
12756,TCATTTGGTCTGCATA2
12757,TCATTTGGTCTGCATA3
12758,TCATTTGTCAGCGGAA3
12759,TCATTTGTCGGTGTAT1
12760,TCATTTGTCGTCTAAG3
12761,TCCACCAAGTGTACCT3
12762,TCCACCACAAATTGGA2
12763,TCCACCACAGCTATAC2
12764,TCCACCACAGCTATAC3
12765,TCCACCAGTGGACAGT2
12766,TCCACCAGTGGACAGT3
12767,TCCACCATCACCATGA2
12768,TCCACCATCACCATGA3
12769,TCCACCATCATCCCGT2
12770,TCCACCATCATCCCGT3
12771,TCCACCATCCCATAAG2
12772,TCCACCATCGCTACAA1
12773,TCCACCATCGCTACAA2
12774,TCCACCATCGGAATTC1
12775,TCCACCATCGGAATTC2
12776,TCCACCATCGTCACCT3
12777,TCCACGTAGCCGATAG2
12778,TCCACGTAGCCGATAG3
12779,TCCACGTAGGTCACAG3
12780,TCCACGTAGTAATACG3
12781,TCCACGTCAAATTGCC2
12782,TCCACGTCAAATTGCC3
12783,TCCACGTCAACGACAG1
12784,TCCACGTCAACGACAG2
12785,TCCACGTCAAGTTCCA2
12786,TCCACGTCAAGTTCCA3
12787,TCCACGTCAGAAACCG1
12788,TCCACGTCAGAAACCG2
12789,TCCACGTCAGCACAGA2
12790,TCCACGTCAGCTCCTT3
12791,TCCACGTCATGTGGTT2
12792,TCCACGTTCACTTGTT1
12793,TCCACGTTCATTGTTC1
12794,TCCACGTTCATTGTTC2
12795,TCCACGTTCTCGGGAC1
12796,TCCACGTTCTCGGGAC2
12797,TCCAGAAAGATTGCGG2
12798,TCCAGAAAGATTGCGG3
12799,TCCAGAAAGCGTGAGT3
12800,TCCAGAAAGCTCTATG1
12801,TCCAGAAAGCTCTATG2
12802,TCCAGAAAGGACGCAT2
12803,TCCAGAAAGGGACCAT1
12804,TCCAGAAAGGGACCAT2
12805,TCCAGAAAGTTATGGA1
12806,TCCAGAACAACGGCCT1
12807,TCCAGAACAGTGTACT3
12808,TCCAGAAGTAAGACCG2
12809,TCCAGAAGTAAGACCG3
12810,TCCAGAAGTACGAGTG2
12811,TCCAGAAGTACGAGTG3
12812,TCCAGAAGTCAAGGCA3
12813,TCCAGAAGTGTTAGCT2
12814,TCCAGAAGTGTTAGCT3
12815,TCCAGAAGTTACACAC2
12816,TCCAGAATCCAGTGTA2
12817,TCCAGAATCCAGTGTA3
12818,TCCAGAATCCTCTCTT1
12819,TCCAGAATCGTGCTCT1
12820,TCCAGAATCTTACTGT2
12821,TCCAGAATCTTACTGT3
12822,TCCATCGAGATGGGCT2
12823,TCCATCGAGATGGGCT3
12824,TCCATCGAGCCGAACA1
12825,TCCATCGAGCCGAACA2
12826,TCCATCGAGTGCAAAT2
12827,TCCATCGAGTGCAAAT3
12828,TCCATCGAGTGCACCC1
12829,TCCATCGAGTGCACCC2
12830,TCCATCGCAAGGTACG1
12831,TCCATCGCAAGGTACG2
12832,TCCATCGGTACTCAAC1
12833,TCCATCGGTATACGGG2
12834,TCCATCGGTATACGGG3
12835,TCCATCGGTATAGGAT2
12836,TCCATCGGTATAGGAT3
12837,TCCATCGGTTAGAGAT2
12838,TCCATCGGTTAGAGAT3
12839,TCCATCGGTTCTCGCT1
12840,TCCATCGTCGCTAGCG3
12841,TCCATGCAGAGGCGTT2
12842,TCCATGCAGAGGCGTT3
12843,TCCATGCAGCGTCAAG3
12844,TCCATGCAGTGCGTCC1
12845,TCCATGCAGTTGCTGT3
12846,TCCATGCCAATTTCTC1
12847,TCCATGCCAATTTCTC2
12848,TCCATGCCACCCTCTA2
12849,TCCATGCCACCCTCTA3
12850,TCCATGCCACCTATCC3
12851,TCCATGCCAGGACGAT1
12852,TCCATGCGTTGAGAGC2
12853,TCCATGCGTTGAGAGC3
12854,TCCCACAAGACATGCG3
12855,TCCCACAAGCGTTAGG1
12856,TCCCACAAGCGTTAGG2
12857,TCCCACAAGGATTACA2
12858,TCCCACAAGGATTACA3
12859,TCCCACAAGTCGCCCA2
12860,TCCCACAAGTCGCCCA3
12861,TCCCACACAACTCCCT3
12862,TCCCACACACAAGCTT2
12863,TCCCACACACACACTA1
12864,TCCCACACACACACTA2
12865,TCCCACACACTCCACT2
12866,TCCCACACACTCCACT3
12867,TCCCACACACTCTGCT1
12868,TCCCACACACTCTGCT2
12869,TCCCACACATTGAGCT2
12870,TCCCACAGTAGAATAC1
12871,TCCCAGTAGAAAGTCT2
12872,TCCCAGTAGAAAGTCT3
12873,TCCCAGTCAACCAATC3
12874,TCCCAGTCACACTTAG1
12875,TCCCAGTCACTTCATT1
12876,TCCCAGTCACTTCATT2
12877,TCCCAGTGTTACCGTA1
12878,TCCCAGTTCCACGTAA2
12879,TCCCAGTTCCACGTAA3
12880,TCCCAGTTCCTCACTG3
12881,TCCCAGTTCGAGGCAA1
12882,TCCCAGTTCGAGGCAA2
12883,TCCCAGTTCGCAGTGC3
12884,TCCCATGAGAAGTCCG2
12885,TCCCATGAGGATCACG2
12886,TCCCATGAGGATCACG3
12887,TCCCATGAGTGTTCAC3
12888,TCCCATGCAATGCAAA2
12889,TCCCATGCAATGCAAA3
12890,TCCCATGCAGTTTCAG1
12891,TCCCATGCAGTTTCAG2
12892,TCCCATGGTCTCTCCA2
12893,TCCCATGGTGTGCTTA2
12894,TCCCATGGTGTGCTTA3
12895,TCCCATGGTTGTGGCC3
12896,TCCGAAAAGACATAAC1
12897,TCCGAAAAGACATAAC2
12898,TCCGAAAAGCGTCTCG2
12899,TCCGAAAAGCTTCTAG2
12900,TCCGAAAAGCTTCTAG3
12901,TCCGAAAAGTAGACAT2
12902,TCCGAAAAGTAGACAT3
12903,TCCGAAAAGTCGCTAT1
12904,TCCGAAAAGTCGCTAT2
12905,TCCGAAAAGTTAGTAG2
12906,TCCGAAAAGTTAGTAG3
12907,TCCGAAACACATGTTG3
12908,TCCGAAACACTGCTTC1
12909,TCCGAAACATTCATCT1
12910,TCCGAAAGTAAGCGGT1
12911,TCCGAAAGTACAGCGA1
12912,TCCGAAAGTCAAGTTC2
12913,TCCGAAAGTCAAGTTC3
12914,TCCGAAAGTCGAGCAA3
12915,TCCGAAATCCTTCTTC3
12916,TCCGAAATCGCAGTTA2
12917,TCCGAAATCGCAGTTA3
12918,TCCGATCAGAATCCCT2
12919,TCCGATCAGACCATTC2
12920,TCCGATCAGACCATTC3
12921,TCCGATCAGGCCACCT1
12922,TCCGATCAGGCCACCT2
12923,TCCGATCAGTCGGCAA2
12924,TCCGATCCAAGGACAC2
12925,TCCGATCCAAGGACAC3
12926,TCCGATCCATGTTTGG2
12927,TCCGATCCATGTTTGG3
12928,TCCGATCGTACGAGTG2
12929,TCCGATCGTACGAGTG3
12930,TCCGATCGTCACCCTT3
12931,TCCGATCGTCACTCAA2
12932,TCCGATCGTCTCCCTA3
12933,TCCGATCTCAACACCA2
12934,TCCGATCTCAACACCA3
12935,TCCGATCTCAACTGGT1
12936,TCCGATCTCCTCAGAA2
12937,TCCGATCTCCTCAGAA3
12938,TCCGATCTCTTGTTAC2
12939,TCCGATCTCTTTGCAT2
12940,TCCGATCTCTTTGCAT3
12941,TCCGGGAAGAGCACTG2
12942,TCCGGGAAGAGCACTG3
12943,TCCGGGAAGCACTTTG2
12944,TCCGGGAAGTAGACCG3
12945,TCCGGGAAGTCTTGGT2
12946,TCCGGGAAGTCTTGGT3
12947,TCCGGGACACCCTATC1
12948,TCCGGGACACCCTATC2
12949,TCCGGGACACTCAGAT2
12950,TCCGGGACACTCAGAT3
12951,TCCGGGAGTCTGGTTA2
12952,TCCGGGAGTCTGGTTA3
12953,TCCGGGATCAGTCCGG2
12954,TCCGGGATCCACGGAC3
12955,TCCGGGATCCCTGTTG2
12956,TCCGGGATCCCTGTTG3
12957,TCCGGGATCGTTGTTT3
12958,TCCGGGATCTATCGTT3
12959,TCCGTGTCAATACCCA2
12960,TCCGTGTCACAGTCAT2
12961,TCCGTGTCACAGTCAT3
12962,TCCGTGTGTGTTTCTT1
12963,TCCGTGTGTGTTTCTT2
12964,TCCGTGTGTGTTTCTT3
12965,TCCGTGTGTTAGAGAT2
12966,TCCGTGTTCCAAATGC3
12967,TCCGTGTTCGGCTTCT3
12968,TCCTAATAGCAATAAC3
12969,TCCTAATCACGACAAG3
12970,TCCTAATCACGGTAGA2
12971,TCCTAATCATCAGTCA1
12972,TCCTAATCATCAGTCA2
12973,TCCTAATCATGGAACG2
12974,TCCTAATCATGGAACG3
12975,TCCTAATGTAGTGTGG3
12976,TCCTAATTCGTGGCGT2
12977,TCCTAATTCGTGGCGT3
12978,TCCTCCCAGAGTGAAG2
12979,TCCTCCCAGAGTGAAG3
12980,TCCTCCCAGCACTTTG2
12981,TCCTCCCAGCACTTTG3
12982,TCCTCCCAGCGCCATC2
12983,TCCTCCCAGCGCCATC3
12984,TCCTCCCAGCGGGTAT1
12985,TCCTCCCAGGGCATGT1
12986,TCCTCCCCAATGCAGG2
12987,TCCTCCCCAATGCAGG3
12988,TCCTCCCCACGTACTA1
12989,TCCTCCCCACGTACTA2
12990,TCCTCCCCACTACAGT2
12991,TCCTCCCCACTACAGT3
12992,TCCTCCCCATCCGTGG3
12993,TCCTCCCGTATTTCCT3
12994,TCCTCCCGTGTTAAAG2
12995,TCCTCCCGTGTTAAAG3
12996,TCCTCCCGTTAAGACA1
12997,TCCTCCCGTTAGGCTT1
12998,TCCTCCCGTTAGGCTT2
12999,TCCTCCCTCATCTCTA2
13000,TCCTCCCTCATCTCTA3
13001,TCCTCCCTCGTGCTCT2
13002,TCCTCCCTCGTGCTCT3
13003,TCCTCCCTCTGTGCAA2
13004,TCCTCCCTCTGTGCAA3
13005,TCCTCGAAGTCGTTAC1
13006,TCCTCGAAGTCGTTAC2
13007,TCCTCGAAGTTATGGA2
13008,TCCTCGAAGTTATGGA3
13009,TCCTCGAGTGGATTTC1
13010,TCCTCGAGTGGATTTC2
13011,TCCTCGAGTTGCTCAA2
13012,TCCTCGAGTTGCTCAA3
13013,TCCTCGAGTTTGAACC2
13014,TCCTCGAGTTTGAACC3
13015,TCCTCGATCCTACGAA3
13016,TCCTCGATCGGCAGTC3
13017,TCCTCGATCTTTCTAG1
13018,TCCTCGATCTTTCTAG2
13019,TCCTCTTAGAGATGCC1
13020,TCCTCTTAGAGATGCC2
13021,TCCTCTTAGGAGCTGT2
13022,TCCTCTTAGGAGCTGT3
13023,TCCTCTTAGGGTACAC1
13024,TCCTCTTAGGTCACAG2
13025,TCCTCTTAGGTCACAG3
13026,TCCTCTTAGTCAAGCG3
13027,TCCTCTTAGTGAGGCT3
13028,TCCTCTTCACCGGTCA3
13029,TCCTCTTCATCAACCA2
13030,TCCTCTTCATCAACCA3
13031,TCCTCTTCATCGAACT2
13032,TCCTCTTCATTCTCCG3
13033,TCCTCTTGTATCATGC2
13034,TCCTCTTGTATCATGC3
13035,TCCTCTTGTCGCAACC1
13036,TCCTCTTGTCGCAACC2
13037,TCCTCTTGTCTGTAAC3
13038,TCCTCTTGTGAGAACC1
13039,TCCTCTTGTTATTCCT3
13040,TCCTCTTGTTCTCCCA2
13041,TCCTCTTGTTTGTGGT1
13042,TCCTCTTGTTTGTGGT2
13043,TCCTCTTTCACCTGGG2
13044,TCCTCTTTCACCTGGG3
13045,TCCTCTTTCACTGGTA3
13046,TCCTCTTTCATCGCAA1
13047,TCCTGCAAGATGCAGC2
13048,TCCTGCAAGATGCAGC3
13049,TCCTGCAAGCAAATGT3
13050,TCCTGCAAGCTCACTA2
13051,TCCTGCAAGTCCCAAT1
13052,TCCTGCACACATTACG3
13053,TCCTGCACACCCGTAG2
13054,TCCTGCACACCCGTAG3
13055,TCCTGCAGTAGCTTAC3
13056,TCCTGCATCACCTTAT2
13057,TCCTGCATCACCTTAT3
13058,TCCTGCATCATGCATG3
13059,TCCTGCATCCTTTGAT2
13060,TCCTGCATCTAATTCC1
13061,TCCTGCATCTAATTCC2
13062,TCCTTCTAGAGGTGCT3
13063,TCCTTCTAGCTGTACT2
13064,TCCTTCTAGTTACGTC3
13065,TCCTTCTCAATTGCGT3
13066,TCCTTCTCAGTAACGG2
13067,TCCTTCTCAGTAACGG3
13068,TCCTTCTCATAGCACT2
13069,TCCTTCTGTACAACGG2
13070,TCCTTCTGTACAACGG3
13071,TCCTTCTTCAAACCCA1
13072,TCCTTCTTCAAACCCA2
13073,TCCTTCTTCACTTATC1
13074,TCCTTCTTCACTTATC2
13075,TCCTTCTTCACTTATC3
13076,TCCTTCTTCCGGCAAC2
13077,TCCTTCTTCCGGCAAC3
13078,TCCTTCTTCGGAAACG2
13079,TCCTTCTTCGGAAACG3
13080,TCCTTTCAGCAACAAT2
13081,TCCTTTCAGCAACAAT3
13082,TCCTTTCAGCCGATCC2
13083,TCCTTTCAGCCGATCC3
13084,TCCTTTCAGGAATTAC1
13085,TCCTTTCAGTGCCGAA1
13086,TCCTTTCAGTGTGTTC3
13087,TCCTTTCCAATAGTGA2
13088,TCCTTTCCACCCTTGT3
13089,TCCTTTCGTATCGATC1
13090,TCCTTTCGTATCGATC2
13091,TCCTTTCGTCCTTTGC2
13092,TCCTTTCGTCCTTTGC3
13093,TCCTTTCGTCGACTGC2
13094,TCCTTTCGTCGACTGC3
13095,TCCTTTCTCAAGCTTG1
13096,TCCTTTCTCACTACGA2
13097,TCCTTTCTCACTACGA3
13098,TCCTTTCTCACTTTGT2
13099,TCCTTTCTCACTTTGT3
13100,TCCTTTCTCATGCCCT3
13101,TCCTTTCTCGTTGCCT3
13102,TCGAACAAGCTCACTA2
13103,TCGAACAAGCTCACTA3
13104,TCGAACAAGGACTTCT3
13105,TCGAACAAGTCATGAA1
13106,TCGAACAAGTCATGAA2
13107,TCGAACAAGTGACCTT3
13108,TCGAACACAACCAGAG1
13109,TCGAACACAACCAGAG2
13110,TCGAACACACAAATCC2
13111,TCGAACACACGTACTA1
13112,TCGAACACACGTACTA2
13113,TCGAACACAGAAATTG3
13114,TCGAACAGTCTAGATC2
13115,TCGAACAGTCTAGATC3
13116,TCGAACATCAATCCGA2
13117,TCGAACATCAATCCGA3
13118,TCGAACATCTAGCAAC1
13119,TCGAAGTAGAAACCAT2
13120,TCGAAGTAGAAACCAT3
13121,TCGAAGTAGATGGCGT1
13122,TCGAAGTAGATGGCGT2
13123,TCGAAGTAGGGATCTG1
13124,TCGAAGTAGTGCAACG2
13125,TCGAAGTTCGATCCCT2
13126,TCGACCTAGAACTTCC1
13127,TCGACCTAGAACTTCC2
13128,TCGACCTAGATTAGCA1
13129,TCGACCTAGCGTCAAG2
13130,TCGACCTAGCGTCAAG3
13131,TCGACCTAGTCGGGAT2
13132,TCGACCTAGTCGGGAT3
13133,TCGACCTAGTTCCGGC1
13134,TCGACCTAGTTCCGGC2
13135,TCGACCTAGTTGAATG1
13136,TCGACCTAGTTGAATG2
13137,TCGACCTCAGCTGTCG3
13138,TCGACCTCATCGTTCC1
13139,TCGACCTGTCACTCAA3
13140,TCGACCTGTCGATTCA2
13141,TCGACCTGTCGATTCA3
13142,TCGACCTGTCTTGCGG2
13143,TCGACCTGTCTTGCGG3
13144,TCGACCTGTGTCCCTT2
13145,TCGACCTGTGTCCCTT3
13146,TCGACCTGTTTGAACC2
13147,TCGACCTGTTTGAACC3
13148,TCGACCTTCTATCCAT1
13149,TCGACCTTCTCACCCA2
13150,TCGACGGAGTAAACGT2
13151,TCGACGGCACCAAATC2
13152,TCGACGGCACCAAATC3
13153,TCGACGGCACCCTCTA2
13154,TCGACGGCACCCTCTA3
13155,TCGACGGCAGCGTATT2
13156,TCGACGGCAGCGTATT3
13157,TCGACGGCAGCTGGTC1
13158,TCGACGGCAGGTTCAT2
13159,TCGACGGCAGGTTCAT3
13160,TCGACGGCAGTCTCTC1
13161,TCGACGGCAGTCTCTC2
13162,TCGACGGGTAAGGTCG3
13163,TCGACGGGTCGCATCG1
13164,TCGACGGGTTATGTGC2
13165,TCGACGGGTTATGTGC3
13166,TCGACGGGTTCGGTTA2
13167,TCGACGGGTTCGGTTA3
13168,TCGACGGTCGGTCACG2
13169,TCGACGGTCGTCTCAC2
13170,TCGACGGTCGTGTGAT3
13171,TCGACGGTCTAGAGCT2
13172,TCGACGGTCTAGAGCT3
13173,TCGATTTAGACAGCTG3
13174,TCGATTTAGCGTTAGG3
13175,TCGATTTAGGCATCAG1
13176,TCGATTTGTACTGGGA2
13177,TCGATTTGTACTGGGA3
13178,TCGATTTGTCTTCCGT3
13179,TCGATTTGTGTACATC2
13180,TCGATTTGTGTACATC3
13181,TCGATTTTCCGGACTG1
13182,TCGATTTTCGTCTCAC1
13183,TCGATTTTCGTCTCAC2
13184,TCGCACTAGCAATAGT2
13185,TCGCACTAGCAATAGT3
13186,TCGCACTAGGAAACGA3
13187,TCGCACTAGGTCTACT1
13188,TCGCACTCACAACATC2
13189,TCGCACTCACAACATC3
13190,TCGCACTCACAACGAG2
13191,TCGCACTCACAACGAG3
13192,TCGCACTCAGACCATT2
13193,TCGCACTCAGACCATT3
13194,TCGCACTCAGCGTAGA2
13195,TCGCACTGTACCCAGC1
13196,TCGCACTGTACCCAGC2
13197,TCGCACTGTAGCGTCC2
13198,TCGCACTGTAGCGTCC3
13199,TCGCACTGTGACACGA1
13200,TCGCACTGTGACACGA2
13201,TCGCACTGTTGCTTGA2
13202,TCGCACTGTTGCTTGA3
13203,TCGCACTTCACGATCA1
13204,TCGCACTTCACGATCA2
13205,TCGCACTTCATGCGGC2
13206,TCGCACTTCATGCGGC3
13207,TCGCACTTCGTGCTCT3
13208,TCGCAGGAGAACAAGG2
13209,TCGCAGGAGAACAAGG3
13210,TCGCAGGAGACATAAC2
13211,TCGCAGGAGACATAAC3
13212,TCGCAGGAGATGCTAA3
13213,TCGCAGGAGGCCTAAG3
13214,TCGCAGGAGTAAACGT2
13215,TCGCAGGAGTGATAGT2
13216,TCGCAGGAGTGATAGT3
13217,TCGCAGGCACAAGCCC2
13218,TCGCAGGCACAAGCCC3
13219,TCGCAGGCACGAAAGC3
13220,TCGCAGGCATCGTGCG1
13221,TCGCAGGCATCTTAGG3
13222,TCGCAGGGTAATGCTC2
13223,TCGCAGGGTCTGTAGT1
13224,TCGCAGGGTCTGTAGT2
13225,TCGCAGGGTGACGTCC2
13226,TCGCAGGGTGACGTCC3
13227,TCGCAGGGTGTCATTG2
13228,TCGCAGGGTGTCATTG3
13229,TCGCAGGTCACGGAGA1
13230,TCGCAGGTCTTCCCGA2
13231,TCGCAGGTCTTCCCGA3
13232,TCGCTCACAACGACTT2
13233,TCGCTCACAACGACTT3
13234,TCGCTCACACACACTA3
13235,TCGCTCACACACCGAC1
13236,TCGCTCACACACCGAC2
13237,TCGCTCACACACCTAA3
13238,TCGCTCACAGCAGGAT2
13239,TCGCTCACAGCAGGAT3
13240,TCGCTCACATGAAGGC2
13241,TCGCTCAGTAGGAAAG1
13242,TCGCTCAGTATGAGGC1
13243,TCGCTCAGTGCCCTTT2
13244,TCGCTCAGTGCCCTTT3
13245,TCGCTCATCAACTCTT2
13246,TCGCTCATCAACTCTT3
13247,TCGCTCATCCATCTCG3
13248,TCGCTCATCGGTTCAA2
13249,TCGCTCATCTAGAGCT2
13250,TCGCTCATCTAGAGCT3
13251,TCGCTTGAGCCAACCC2
13252,TCGCTTGAGCCAACCC3
13253,TCGCTTGAGGAATTAC1
13254,TCGCTTGAGGAATTAC2
13255,TCGCTTGAGTGCAACG2
13256,TCGCTTGGTCAGACGA2
13257,TCGCTTGGTCAGACGA3
13258,TCGCTTGGTTCTATCT2
13259,TCGCTTGGTTCTATCT3
13260,TCGCTTGTCAATCTTC2
13261,TCGCTTGTCCATCGTC2
13262,TCGCTTGTCCATCGTC3
13263,TCGCTTGTCGTACACA2
13264,TCGGATAAGAACAAGG2
13265,TCGGATAAGAACAAGG3
13266,TCGGATAAGACAAGCC2
13267,TCGGATAAGACGATAT2
13268,TCGGATAAGACGATAT3
13269,TCGGATAAGAGAGTGA2
13270,TCGGATAAGAGAGTGA3
13271,TCGGATAAGCACTAAA2
13272,TCGGATAAGCACTAAA3
13273,TCGGATACAGTATACC3
13274,TCGGATAGTCAACGCC2
13275,TCGGATAGTCAACGCC3
13276,TCGGATATCATCACTT3
13277,TCGGATATCCCGTGAG2
13278,TCGGATATCCCGTGAG3
13279,TCGGATATCGGCATCG3
13280,TCGGATATCTGAATCG2
13281,TCGGATATCTGAATCG3
13282,TCGGGACCAAACGTGG3
13283,TCGGGACCAACCACAT2
13284,TCGGGACCAACCACAT3
13285,TCGGGACCAATCAAGA1
13286,TCGGGACCATCCTTGC3
13287,TCGGGACGTAACAGTA2
13288,TCGGGACGTAACAGTA3
13289,TCGGGACGTACAGAAT2
13290,TCGGGACGTACAGAAT3
13291,TCGGGACGTCTGCGCA2
13292,TCGGGACGTCTGCGCA3
13293,TCGGGACGTGACACGA3
13294,TCGGGACGTTAGAGAT2
13295,TCGGGACGTTAGAGAT3
13296,TCGGGACGTTGAGGAC2
13297,TCGGGACGTTGAGGAC3
13298,TCGGGACTCAAGCCTA2
13299,TCGGGACTCAAGCCTA3
13300,TCGGGACTCACTTTGT1
13301,TCGGGACTCACTTTGT2
13302,TCGGGACTCCATCTGC3
13303,TCGGGACTCCGACAGC1
13304,TCGGGACTCGAGTGAG1
13305,TCGGGACTCGAGTGAG2
13306,TCGGGACTCTCTATAC2
13307,TCGGGACTCTCTATAC3
13308,TCGGGACTCTTGAGCA2
13309,TCGGGCAAGCCTGACC1
13310,TCGGGCAAGCCTGACC2
13311,TCGGGCAAGGCTGTAG3
13312,TCGGGCAAGTCTAGCT2
13313,TCGGGCAAGTCTAGCT3
13314,TCGGGCACAGCGGTTC2
13315,TCGGGCACAGCGGTTC3
13316,TCGGGCACATGTTCAG2
13317,TCGGGCACATGTTCAG3
13318,TCGGGCAGTAAGCTCT1
13319,TCGGGCAGTATGGAGC1
13320,TCGGGCAGTGCATTAC1
13321,TCGGGCAGTGCATTAC2
13322,TCGGGCATCATCGCAA2
13323,TCGGGCATCCCGTAAA2
13324,TCGGGCATCCCGTAAA3
13325,TCGGGTGAGCTGAGTG1
13326,TCGGGTGAGGTGCTAG3
13327,TCGGGTGAGTCACGAG2
13328,TCGGGTGAGTTGAAAC2
13329,TCGGGTGAGTTGAAAC3
13330,TCGGGTGCAACACAAA2
13331,TCGGGTGCAACACAAA3
13332,TCGGGTGCAAGAAATC3
13333,TCGGGTGCAGCTGTTA1
13334,TCGGGTGCAGCTGTTA2
13335,TCGGGTGCAGTTGGTT2
13336,TCGGGTGCAGTTGGTT3
13337,TCGGGTGCATCAGTGT3
13338,TCGGGTGCATGCCGCA3
13339,TCGGGTGGTCAGTCCG1
13340,TCGGGTGGTCAGTCCG2
13341,TCGGGTGGTCCAGAAG2
13342,TCGGGTGGTCCGGTGT2
13343,TCGGGTGGTCCGGTGT3
13344,TCGGTCTAGACAACTA2
13345,TCGGTCTAGACAACTA3
13346,TCGGTCTAGACTCCGC1
13347,TCGGTCTAGACTCCGC2
13348,TCGGTCTCACGCAAAG2
13349,TCGGTCTCAGGGCTTC2
13350,TCGGTCTGTCAGTCCG2
13351,TCGGTCTGTCAGTCCG3
13352,TCGGTCTGTGCTAGCC2
13353,TCGGTCTGTTAAGCAA1
13354,TCGGTCTGTTATAGAG3
13355,TCGTAGAAGATCGGTG3
13356,TCGTAGACACCATATG3
13357,TCGTAGACAGACGGAT3
13358,TCGTAGACAGTTAAAG2
13359,TCGTAGACAGTTAAAG3
13360,TCGTAGAGTCGCGGTT1
13361,TCGTAGAGTCGCGGTT2
13362,TCGTAGAGTGCAATGG3
13363,TCGTAGATCCCGTTGT2
13364,TCGTAGATCCCGTTGT3
13365,TCGTAGATCGTCCATC2
13366,TCGTAGATCGTCCATC3
13367,TCGTAGATCGTTTACT2
13368,TCGTAGATCTCCAAGA1
13369,TCGTAGATCTCTGCCA1
13370,TCGTCCAAGATTAGCA1
13371,TCGTCCAAGCAAATGT2
13372,TCGTCCAAGCATAGGC2
13373,TCGTCCAAGCATAGGC3
13374,TCGTCCAGTCGTCGGT2
13375,TCGTCCATCGACGCGT2
13376,TCGTGCTCACGGTAGA2
13377,TCGTGCTCACGGTAGA3
13378,TCGTGCTCAGTCGCTG1
13379,TCGTGCTCAGTCGCTG2
13380,TCGTGCTGTACCCGCA2
13381,TCGTGCTGTAGATTGA3
13382,TCGTGCTGTGCACATT2
13383,TCGTGGGAGAACAAGG2
13384,TCGTGGGAGGGAGGGT2
13385,TCGTGGGAGGGAGGGT3
13386,TCGTGGGCAATGTGGG1
13387,TCGTGGGCACACGTGC2
13388,TCGTGGGCACACGTGC3
13389,TCGTGGGCACTTACAG3
13390,TCGTGGGGTAAGATCA2
13391,TCGTGGGGTAAGATCA3
13392,TCGTGGGGTCCGATCG1
13393,TCGTGGGGTCCGATCG2
13394,TCGTGGGGTCCGGACT3
13395,TCGTGGGTCCCACAGG2
13396,TCGTGGGTCCCACAGG3
13397,TCGTGGGTCGGCTGAC2
13398,TCGTGGGTCGGCTGAC3
13399,TCGTGGGTCTCTCTTC2
13400,TCGTGGGTCTCTCTTC3
13401,TCTAACTAGAATCGAT2
13402,TCTAACTAGAATCGAT3
13403,TCTAACTAGCCGCTTG3
13404,TCTAACTAGCGCATCC2
13405,TCTAACTAGCGCATCC3
13406,TCTAACTAGGAGAATG1
13407,TCTAACTAGGAGAATG2
13408,TCTAACTAGTGCTAGG2
13409,TCTAACTAGTGCTAGG3
13410,TCTAACTCAAGACTGG3
13411,TCTAACTCATGACAAA2
13412,TCTAACTCATGACAAA3
13413,TCTAACTCATGGCCCA2
13414,TCTAACTCATGGCCCA3
13415,TCTAACTGTACAGAGC3
13416,TCTAACTGTAGCCAGA1
13417,TCTAACTGTAGCCAGA2
13418,TCTAACTGTAGCGTTT3
13419,TCTAACTGTCTACACA3
13420,TCTAACTTCCATAGAC3
13421,TCTAACTTCCATCCGT1
13422,TCTAACTTCCATCCGT2
13423,TCTACATAGAGAGTGA2
13424,TCTACATAGAGAGTGA3
13425,TCTACATAGCTTAGTC2
13426,TCTACATAGCTTAGTC3
13427,TCTACATAGGAAGAAC2
13428,TCTACATCACAGTACT2
13429,TCTACATCAGGTTACT2
13430,TCTACATCAGGTTACT3
13431,TCTACATCATACTGTG3
13432,TCTACATGTAAGTAGT2
13433,TCTACATGTAAGTAGT3
13434,TCTACATGTACGACAG3
13435,TCTACATTCCATCAGA2
13436,TCTACATTCCATCAGA3
13437,TCTACATTCGGAATGG3
13438,TCTACATTCTACACTT2
13439,TCTACATTCTACACTT3
13440,TCTACCGAGACCATAA2
13441,TCTACCGAGACTTCCA2
13442,TCTACCGAGACTTCCA3
13443,TCTACCGAGGACAGTC2
13444,TCTACCGAGGACAGTC3
13445,TCTACCGCAGTCAGAG2
13446,TCTACCGCAGTCAGAG3
13447,TCTACCGGTAGTCGTT1
13448,TCTACCGGTAGTCGTT2
13449,TCTACCGGTCATTCCC1
13450,TCTACCGGTCATTCCC2
13451,TCTACCGGTCTTTATC2
13452,TCTACCGGTCTTTATC3
13453,TCTACCGGTGAGGATC1
13454,TCTACCGGTGAGGATC2
13455,TCTACCGGTGGCTTGC1
13456,TCTACCGGTGGCTTGC2
13457,TCTACCGGTTCTAAGC3
13458,TCTACCGGTTGTATGC2
13459,TCTACCGGTTGTATGC3
13460,TCTACCGTCATCAGTG1
13461,TCTACCGTCATCAGTG2
13462,TCTACCGTCCATGCAA2
13463,TCTACCGTCCATGCAA3
13464,TCTACCGTCCTGTTGC2
13465,TCTACCGTCCTGTTGC3
13466,TCTACCGTCGAATGCT2
13467,TCTACCGTCGAATGCT3
13468,TCTACCGTCGCTACAA2
13469,TCTACCGTCGCTACAA3
13470,TCTACCGTCGTCAACA3
13471,TCTACCGTCTCACCCA2
13472,TCTACCGTCTCACCCA3
13473,TCTATACAGCATGATA3
13474,TCTATACAGTGAGTTA1
13475,TCTATACAGTGAGTTA2
13476,TCTATACAGTTAACGA1
13477,TCTATACAGTTAACGA2
13478,TCTATACCAAGCAATA1
13479,TCTATACCAAGCAATA2
13480,TCTATACCAGCTTCCT1
13481,TCTATACCAGCTTCCT2
13482,TCTATACCAGTATGAA3
13483,TCTATACGTCCTTGTC3
13484,TCTATACGTGCATCTA1
13485,TCTATACGTGCATCTA2
13486,TCTATACGTTCAACGT1
13487,TCTATACGTTCAACGT2
13488,TCTATACGTTCCTTGC1
13489,TCTATACGTTCCTTGC2
13490,TCTATACTCAACACCA2
13491,TCTATACTCAACACCA3
13492,TCTATACTCGGAGCAA2
13493,TCTATCAAGCTATCTG3
13494,TCTATCAAGGATTACA2
13495,TCTATCAAGGATTACA3
13496,TCTATCAAGGTAATCA2
13497,TCTATCAAGGTAATCA3
13498,TCTATCACAAGTTCGT2
13499,TCTATCACAAGTTCGT3
13500,TCTATCACACACCTGG2
13501,TCTATCACACACCTGG3
13502,TCTATCACACATGTTG3
13503,TCTATCACAGAAGTTA2
13504,TCTATCACAGTAGGAC2
13505,TCTATCACAGTAGGAC3
13506,TCTATCACAGTGGGTA2
13507,TCTATCACAGTGGGTA3
13508,TCTATCAGTAGAGACC1
13509,TCTATCAGTAGAGACC2
13510,TCTATCAGTATGCAAA2
13511,TCTATCAGTATTGGCT3
13512,TCTATCATCCCTTGGT3
13513,TCTCACGAGCACACAG2
13514,TCTCACGAGCACTCTA2
13515,TCTCACGAGCACTCTA3
13516,TCTCACGAGCATGATA1
13517,TCTCACGAGCATGATA2
13518,TCTCACGAGCTCTATG1
13519,TCTCACGAGCTCTATG2
13520,TCTCACGAGCTGTCCG2
13521,TCTCACGAGCTGTCCG3
13522,TCTCACGAGGCATCAG2
13523,TCTCACGCACTAGGTT1
13524,TCTCACGCACTAGGTT2
13525,TCTCACGCAGTATACC3
13526,TCTCACGCAGTTTGGT2
13527,TCTCACGCATCTCATT3
13528,TCTCACGCATTCGGGC2
13529,TCTCACGCATTCGGGC3
13530,TCTCACGGTATACAGA1
13531,TCTCACGGTATACAGA2
13532,TCTCACGGTCATACCA2
13533,TCTCACGGTCATACCA3
13534,TCTCACGGTCGTTGGC3
13535,TCTCACGGTTAGGCTT2
13536,TCTCACGGTTAGGCTT3
13537,TCTCACGGTTTAGTCG1
13538,TCTCACGGTTTAGTCG2
13539,TCTCACGTCCACTGGG2
13540,TCTCACGTCCACTGGG3
13541,TCTCACGTCGGCATCG3
13542,TCTCACGTCTACGGTA2
13543,TCTCACGTCTATGCCC2
13544,TCTCACGTCTATGCCC3
13545,TCTCAGCAGAGCTGCA1
13546,TCTCAGCAGATACCAA2
13547,TCTCAGCAGGATCACG3
13548,TCTCAGCAGTCACACT2
13549,TCTCAGCAGTCACACT3
13550,TCTCAGCAGTGGTGGT3
13551,TCTCAGCCAAACGGCA3
13552,TCTCAGCCAGAGTGTG1
13553,TCTCAGCCAGAGTGTG2
13554,TCTCAGCGTCATGGCC2
13555,TCTCAGCGTCTATGAC2
13556,TCTCAGCGTGGAATGC3
13557,TCTCAGCGTTCCTAAG1
13558,TCTCAGCTCGCAGTTA3
13559,TCTCAGCTCGCTCTCA2
13560,TCTCAGCTCGCTCTCA3
13561,TCTCAGCTCTGGTGCG3
13562,TCTCCGAAGACAAGCC2
13563,TCTCCGACACACTGGC1
13564,TCTCCGACACACTGGC2
13565,TCTCCGACACGGCACT2
13566,TCTCCGACACGGCACT3
13567,TCTCCGACAGGTTTAC2
13568,TCTCCGAGTACATACC3
13569,TCTCCGAGTGGCTGAA2
13570,TCTCCGAGTGGCTGAA3
13571,TCTCCGAGTTTGAACC1
13572,TCTCCGAGTTTGAACC2
13573,TCTCCGAGTTTGACAC2
13574,TCTCCGAGTTTGACAC3
13575,TCTCCGATCGGCGATC2
13576,TCTCCGATCGGCGATC3
13577,TCTCCGATCTGCGGGT2
13578,TCTCCGATCTGCGGGT3
13579,TCTCCGATCTGGTTGA3
13580,TCTCTGGAGAAACTCA3
13581,TCTCTGGAGGCCATAG3
13582,TCTCTGGAGGCGTCCT1
13583,TCTCTGGAGGCTAGCA1
13584,TCTCTGGCAAACTCTG2
13585,TCTCTGGCAAACTCTG3
13586,TCTCTGGCAAGCTCTA2
13587,TCTCTGGCAAGCTCTA3
13588,TCTCTGGCAAGGCCTC1
13589,TCTCTGGCAAGGCCTC2
13590,TCTCTGGTCAACGAGG2
13591,TCTGCCAAGAATTTGG2
13592,TCTGCCAAGAATTTGG3
13593,TCTGCCAAGAGAAGGT3
13594,TCTGCCAAGAGAGCGG1
13595,TCTGCCAAGGTATCTC2
13596,TCTGCCAAGGTATCTC3
13597,TCTGCCAAGTCAACAA3
13598,TCTGCCAAGTGCTCGC1
13599,TCTGCCAAGTGCTCGC2
13600,TCTGCCACACGAAGAC1
13601,TCTGCCACACGAAGAC2
13602,TCTGCCAGTAGCGTAG2
13603,TCTGCCAGTAGCGTAG3
13604,TCTGCCAGTAGGAGGG2
13605,TCTGCCAGTAGGAGGG3
13606,TCTGCCAGTATTTCTC2
13607,TCTGCCAGTATTTCTC3
13608,TCTGCCAGTTGCTCCT1
13609,TCTGCCAGTTGCTCCT2
13610,TCTGCCATCAAAGACA1
13611,TCTGCCATCAAAGACA2
13612,TCTGCCATCACCATGA3
13613,TCTGCCATCACTGGTA3
13614,TCTGCCATCCATCACC2
13615,TCTGCCATCCATCACC3
13616,TCTGCCATCCTCTCTT3
13617,TCTGCCATCTATACGG3
13618,TCTGGCTAGATTAGCA3
13619,TCTGGCTAGCACACAG2
13620,TCTGGCTAGCACACAG3
13621,TCTGGCTAGGGCTGAT2
13622,TCTGGCTAGTCGGGAT1
13623,TCTGGCTAGTGGACTG1
13624,TCTGGCTAGTTGCGAG3
13625,TCTGGCTAGTTGTCGT2
13626,TCTGGCTAGTTGTCGT3
13627,TCTGGCTCAAACGAGC2
13628,TCTGGCTCAAACGAGC3
13629,TCTGGCTCATCCCGTT2
13630,TCTGGCTCATCCCGTT3
13631,TCTGGCTGTACAAAGT2
13632,TCTGGCTGTACAAAGT3
13633,TCTGGCTGTAGCGCTC2
13634,TCTGGCTGTAGCGCTC3
13635,TCTGGCTGTATAATGG2
13636,TCTGGCTGTATAATGG3
13637,TCTGGCTGTATAGCTC2
13638,TCTGGCTGTTACCCTC1
13639,TCTGGCTGTTACGTAC2
13640,TCTGGCTGTTACGTAC3
13641,TCTGGCTGTTAGAAGT2
13642,TCTGGCTGTTAGAAGT3
13643,TCTGTCGAGACTCAAA3
13644,TCTGTCGAGGCATCAG2
13645,TCTGTCGAGGCATCAG3
13646,TCTGTCGAGTAGCTCT1
13647,TCTGTCGAGTAGCTCT2
13648,TCTGTCGCAGGCCCTA1
13649,TCTGTCGCAGGCCCTA2
13650,TCTGTCGCATCAGTCA2
13651,TCTGTCGCATCAGTCA3
13652,TCTGTCGGTAATGATG1
13653,TCTGTCGGTAATGATG2
13654,TCTGTCGGTATGTGTC3
13655,TCTGTCGGTCAAAGAT2
13656,TCTGTCGGTCAAAGAT3
13657,TCTGTCGTCAAGATAG1
13658,TCTGTCGTCAAGATAG2
13659,TCTGTCGTCCTACACC2
13660,TCTGTCGTCCTACACC3
13661,TCTGTCGTCTCTAGGA2
13662,TCTTAGTAGAAACTCA1
13663,TCTTAGTAGCAACTCT2
13664,TCTTAGTAGCAACTCT3
13665,TCTTAGTAGCACCGAA2
13666,TCTTAGTAGCACCGAA3
13667,TCTTAGTAGTAACGTA3
13668,TCTTAGTCAAACAGGC2
13669,TCTTAGTCAAACAGGC3
13670,TCTTAGTCACGTCGGT2
13671,TCTTAGTCACGTCGGT3
13672,TCTTAGTCAGACTGCC2
13673,TCTTAGTCAGACTGCC3
13674,TCTTAGTCATGACTCA1
13675,TCTTAGTTCCAAATGC2
13676,TCTTAGTTCCAAATGC3
13677,TCTTAGTTCTGGGAGA1
13678,TCTTAGTTCTGGGAGA2
13679,TCTTAGTTCTTAATCC3
13680,TCTTCCTAGCGAAACC2
13681,TCTTCCTAGCGAAACC3
13682,TCTTCCTAGCGCACAA2
13683,TCTTCCTAGCGCACAA3
13684,TCTTCCTAGTAGACCG1
13685,TCTTCCTAGTAGACCG2
13686,TCTTCCTAGTCAGAGC2
13687,TCTTCCTCACATACTG3
13688,TCTTCCTCAGGATTCT2
13689,TCTTCCTCAGGATTCT3
13690,TCTTCCTGTCAGTCTA2
13691,TCTTCCTGTCAGTCTA3
13692,TCTTCCTTCGTGGGAA3
13693,TCTTGCGAGCATCGAG2
13694,TCTTGCGAGCATCGAG3
13695,TCTTGCGAGCTCGGCT1
13696,TCTTGCGAGTCAATCC1
13697,TCTTGCGAGTCAATCC2
13698,TCTTGCGCAGACACAG1
13699,TCTTGCGCAGACACAG2
13700,TCTTGCGCAGCTGGTC3
13701,TCTTGCGCAGCTGTTA2
13702,TCTTGCGCAGCTGTTA3
13703,TCTTGCGCAGTAACAA2
13704,TCTTGCGCAGTAACAA3
13705,TCTTGCGGTCGCGGTT3
13706,TCTTGCGGTTCGATTG2
13707,TCTTGCGGTTCGATTG3
13708,TCTTGCGTCACCATGA1
13709,TCTTGCGTCACCATGA2
13710,TCTTGCGTCTTAGCCC2
13711,TCTTGCGTCTTAGCCC3
13712,TCTTTGAAGTATTCCG1
13713,TCTTTGAAGTATTCCG2
13714,TCTTTGACAAACAGGC2
13715,TCTTTGACAAACAGGC3
13716,TCTTTGACAACAAAGT2
13717,TCTTTGACAAGCCCAC1
13718,TCTTTGACAAGCCCAC2
13719,TCTTTGACAAGCGAAC1
13720,TCTTTGACAAGCGAAC2
13721,TCTTTGACAAGTAGTA2
13722,TCTTTGACAAGTAGTA3
13723,TCTTTGACACGACAGA2
13724,TCTTTGACACGACAGA3
13725,TCTTTGAGTCCCACGA2
13726,TCTTTGAGTCCCACGA3
13727,TCTTTGAGTTCGGCCA1
13728,TCTTTGAGTTCGGCCA2
13729,TCTTTGATCGTAGAGG2
13730,TGAACGTAGGCATCTT1
13731,TGAACGTAGGCATCTT2
13732,TGAACGTCACCTGCAG2
13733,TGAACGTCACCTGCAG3
13734,TGAACGTTCCCTATTA2
13735,TGAACGTTCCCTATTA3
13736,TGAACGTTCGCTGTTC1
13737,TGAACGTTCTAGGCAT2
13738,TGAACGTTCTAGGCAT3
13739,TGAATCGAGATGGCGT2
13740,TGAATCGAGATGGCGT3
13741,TGAATCGAGCTGGCCT3
13742,TGAATCGAGGTCATTC3
13743,TGAATCGCAACCGACC3
13744,TGAATCGCACAGAAGC1
13745,TGAATCGCACTCAAGT3
13746,TGAATCGGTACCTTCC3
13747,TGAATCGGTCACTCAA2
13748,TGAATCGGTCACTCAA3
13749,TGAATCGTCTCTGCCA2
13750,TGAATCGTCTCTGCCA3
13751,TGAATGCAGGCAGGGA2
13752,TGAATGCAGGCAGGGA3
13753,TGAATGCCATTGCCTC3
13754,TGAATGCGTGGACAGT2
13755,TGAATGCGTGGACAGT3
13756,TGAATGCTCCATCTGC3
13757,TGACAGTAGGACTATA2
13758,TGACAGTAGGACTATA3
13759,TGACAGTAGTCAGCGA2
13760,TGACAGTAGTCAGCGA3
13761,TGACAGTCAAGATGGC2
13762,TGACAGTCAAGATGGC3
13763,TGACAGTCAATAACCC2
13764,TGACAGTCAATAACCC3
13765,TGACAGTCACAGCTTA2
13766,TGACAGTCAGCTCCTT1
13767,TGACAGTCAGCTCCTT2
13768,TGACAGTGTGTACGCC2
13769,TGACAGTGTGTACGCC3
13770,TGACAGTGTTAGGGTG2
13771,TGACAGTGTTAGGGTG3
13772,TGACAGTTCCATCAGA1
13773,TGACAGTTCCATCAGA2
13774,TGACAGTTCGATGCTA1
13775,TGACAGTTCGATGCTA2
13776,TGACCCTAGAGCCGTA1
13777,TGACCCTAGAGCCGTA2
13778,TGACCCTAGGACACTG2
13779,TGACCCTAGGATACAT1
13780,TGACCCTAGGATACAT2
13781,TGACCCTAGGCTAACG2
13782,TGACCCTAGGCTAACG3
13783,TGACCCTAGGCTTAGG3
13784,TGACCCTAGTAAGCAT1
13785,TGACCCTCAATGGCCC3
13786,TGACCCTCAATTCACG1
13787,TGACCCTCAATTCACG2
13788,TGACCCTCACGGTAGA1
13789,TGACCCTCACGGTAGA2
13790,TGACCCTCAGAGAATT1
13791,TGACCCTCAGAGAATT2
13792,TGACCCTCAGCGACAA2
13793,TGACCCTGTAGCTTAC2
13794,TGACCCTGTAGCTTAC3
13795,TGACCCTGTCCGGATC3
13796,TGACCCTGTGGACTGA2
13797,TGACCCTGTGGACTGA3
13798,TGACGCGAGATGGCAC2
13799,TGACGCGAGATGGCAC3
13800,TGACGCGCACTGCGTG3
13801,TGACGCGGTCCCGGTA3
13802,TGACGCGGTCTCTCAC2
13803,TGACGCGGTCTCTCAC3
13804,TGACGCGTCATCTACT3
13805,TGACGCGTCGAACCTA3
13806,TGACGCGTCTATACGG3
13807,TGACTCCAGATCGGTG1
13808,TGACTCCAGGCAATGC1
13809,TGACTCCAGGCAATGC2
13810,TGACTCCAGGGAACAA1
13811,TGACTCCAGTAGTGCG3
13812,TGACTCCGTACGTGTT1
13813,TGACTCCGTCAAAGTA2
13814,TGACTCCGTTCCGGTG2
13815,TGACTCCGTTCCGGTG3
13816,TGACTCCTCCTGTTAT1
13817,TGACTCCTCCTGTTAT2
13818,TGACTCCTCCTGTTAT3
13819,TGACTCCTCGTGGAAG2
13820,TGACTCCTCTGTGTGA2
13821,TGACTCCTCTTACGTT3
13822,TGAGACTCAAATAGCA3
13823,TGAGACTCACAGTACT2
13824,TGAGACTCACAGTACT3
13825,TGAGACTCACCATTCC3
13826,TGAGACTGTAGACTGG2
13827,TGAGACTGTAGACTGG3
13828,TGAGACTGTGAATATG3
13829,TGAGACTGTTCGGCTG2
13830,TGAGACTGTTCGGCTG3
13831,TGAGACTTCCACGTGG2
13832,TGAGACTTCCACGTGG3
13833,TGAGACTTCGACATTG3
13834,TGAGACTTCTACACAG1
13835,TGAGACTTCTACACAG2
13836,TGAGACTTCTTTCCAA2
13837,TGAGACTTCTTTCCAA3
13838,TGAGCATAGATAACGT1
13839,TGAGCATAGTAACCTC3
13840,TGAGCATGTATCCCAA2
13841,TGAGCATGTATCCCAA3
13842,TGAGCATGTTCAAAGA2
13843,TGAGCATGTTCAAAGA3
13844,TGAGCATTCCTTTGAT3
13845,TGAGCATTCGAAGCCC3
13846,TGAGCATTCGGAAACG3
13847,TGAGCATTCGTGTGGC1
13848,TGAGCATTCGTGTGGC2
13849,TGAGCATTCTCTGGTC3
13850,TGAGCATTCTGGGCGT2
13851,TGAGCATTCTGGGCGT3
13852,TGAGCGCCAAGTCCCG3
13853,TGAGCGCGTACAAAGT3
13854,TGAGCGCGTCCCAAAT2
13855,TGAGCGCGTGCAAGAC2
13856,TGAGCGCGTTGATCGT1
13857,TGAGCGCGTTGATCGT2
13858,TGAGCGCGTTTGGGAG3
13859,TGAGCGCTCTAAGAAG1
13860,TGAGGAGAGACATCAA2
13861,TGAGGAGAGACATCAA3
13862,TGAGGAGAGCACCAGA3
13863,TGAGGAGAGGAACTCG2
13864,TGAGGAGAGGATACAT2
13865,TGAGGAGAGGATACAT3
13866,TGAGGAGAGGGCGAAG2
13867,TGAGGAGAGGGCGAAG3
13868,TGAGGAGAGGTCTGGA2
13869,TGAGGAGAGGTCTGGA3
13870,TGAGGAGAGTCGAATA2
13871,TGAGGAGAGTGTTCAC2
13872,TGAGGAGAGTGTTCAC3
13873,TGAGGAGCAAGCGCAA2
13874,TGAGGAGCAAGCGCAA3
13875,TGAGGAGCAATCGAAA2
13876,TGAGGAGCAATCGAAA3
13877,TGAGGAGCAGACTGCC1
13878,TGAGGAGCAGACTGCC2
13879,TGAGGAGCAGTGTACT1
13880,TGAGGAGTCAGGACAG1
13881,TGAGGAGTCAGGACAG2
13882,TGAGGAGTCTCGCCTA3
13883,TGAGGGAAGACCAGAC2
13884,TGAGGGAAGACTCCGC3
13885,TGAGGGAAGCCTATTG2
13886,TGAGGGAAGTGCGTCC2
13887,TGAGGGAAGTTCGGTT2
13888,TGAGGGACAAGAGATT2
13889,TGAGGGACAAGAGATT3
13890,TGAGGGACAGGCTTGC1
13891,TGAGGGACATACTGAC1
13892,TGAGGGACATACTGAC2
13893,TGAGGGACATGGCCAC3
13894,TGAGGGAGTGACAACG2
13895,TGAGGGAGTTAATGAG1
13896,TGAGGGAGTTAATGAG2
13897,TGAGGGATCACCTGTC3
13898,TGAGGGATCCACGTCT1
13899,TGAGGGATCCACGTCT2
13900,TGAGGGATCTTTCCGG2
13901,TGAGGGATCTTTCCGG3
13902,TGAGGTTAGAGTCAAT1
13903,TGAGGTTAGTCAGCGA1
13904,TGAGGTTAGTCAGCGA2
13905,TGAGGTTCAAGAGTTA1
13906,TGAGGTTCAAGAGTTA2
13907,TGAGGTTCAATGACCT1
13908,TGAGGTTCAATGACCT2
13909,TGAGGTTGTAACGCGA2
13910,TGAGGTTGTAACGCGA3
13911,TGAGGTTGTCCCACGA2
13912,TGAGGTTGTCCCACGA3
13913,TGAGGTTGTGCTCCGA1
13914,TGAGGTTGTTGAATCC2
13915,TGAGGTTTCTCTGAGA2
13916,TGAGGTTTCTCTGAGA3
13917,TGAGTCAAGTTAACGA2
13918,TGAGTCAAGTTAACGA3
13919,TGAGTCACAAGCGATG3
13920,TGAGTCAGTACACTCA2
13921,TGAGTCAGTACACTCA3
13922,TGAGTCATCCATCACC2
13923,TGAGTCATCCATCACC3
13924,TGAGTCATCGTGCAGC2
13925,TGAGTCATCTATTGTC1
13926,TGAGTCATCTATTGTC2
13927,TGATCAGAGATACAGT2
13928,TGATCAGAGCTATCCA3
13929,TGATCAGAGCTCGCAC3
13930,TGATCAGAGTTGCGAG1
13931,TGATCAGAGTTGCGAG2
13932,TGATCAGCAAAGTGTA1
13933,TGATCAGCAAAGTGTA2
13934,TGATCAGCAAAGTGTA3
13935,TGATCAGCAACAAGTA2
13936,TGATCAGCAACAAGTA3
13937,TGATCAGCAAGGCAAC1
13938,TGATCAGCAAGGCAAC2
13939,TGATCAGCAAGGCAAC3
13940,TGATCAGCAGCCGTTG1
13941,TGATCAGGTAGCTTAC1
13942,TGATCAGGTCTAATCG2
13943,TGATCAGGTCTAATCG3
13944,TGATCAGGTTGCCTAA3
13945,TGATCAGGTTTACGAC2
13946,TGATCAGTCATACAGC3
13947,TGATCAGTCATTCGTT1
13948,TGATCTTAGAGGCGGA3
13949,TGATCTTAGATAGTCA3
13950,TGATCTTAGTGGATTA3
13951,TGATCTTCAAGGTCAG1
13952,TGATCTTCAAGGTCAG2
13953,TGATCTTCACACTGGC2
13954,TGATCTTCACACTGGC3
13955,TGATCTTCAGCCTATA3
13956,TGATCTTCATGGAAGC2
13957,TGATCTTCATGGAAGC3
13958,TGATCTTCATTCACCC2
13959,TGATCTTCATTCACCC3
13960,TGATCTTGTATCCTTT2
13961,TGATCTTGTCTGCCTT3
13962,TGATCTTGTGCCTGAC1
13963,TGATCTTGTGCCTGAC2
13964,TGATCTTGTGTCTAAC1
13965,TGATCTTGTGTCTAAC2
13966,TGATCTTGTTGCTCAA2
13967,TGATCTTGTTGCTCAA3
13968,TGATCTTTCACTCCGT2
13969,TGATCTTTCACTCCGT3
13970,TGATCTTTCATGAGGG2
13971,TGATCTTTCATGAGGG3
13972,TGATCTTTCCTAAGTG2
13973,TGATCTTTCCTGGGAC3
13974,TGATCTTTCCTTATCA3
13975,TGATCTTTCTGGACCG1
13976,TGATCTTTCTGGACCG2
13977,TGATGCAAGAGGCTGT2
13978,TGATGCAAGAGGCTGT3
13979,TGATGCAAGCATCAAA2
13980,TGATGCAAGCATCAAA3
13981,TGATGCAAGCGACCCT2
13982,TGATGCAAGCGACCCT3
13983,TGATGCAAGGTACAAT2
13984,TGATGCAAGGTACAAT3
13985,TGATGCAAGTTGGACG3
13986,TGATGCACACACTGGC3
13987,TGATGCACACAGCTGC1
13988,TGATGCACATGAGTAA2
13989,TGATGCACATGAGTAA3
13990,TGATGCAGTTGATCGT2
13991,TGATGCAGTTGATCGT3
13992,TGATGCATCATGCCCT3
13993,TGATGCATCATTTGCT3
13994,TGATGCATCCCAGCGA1
13995,TGATGCATCCCAGCGA2
13996,TGATGCATCCCATAGA1
13997,TGATGCATCCGTATGA1
13998,TGATGCATCGACCAAT2
13999,TGATGCATCGACCAAT3
14000,TGATGCATCTGGGATT1
14001,TGATGGTAGCATGAAT2
14002,TGATGGTCAAGGTTGG2
14003,TGATGGTCAAGTGTCT1
14004,TGATGGTCAAGTGTCT2
14005,TGATGGTCAAGTGTCT3
14006,TGATGGTCAGTCAGAG2
14007,TGATGGTCAGTCAGAG3
14008,TGATGGTCAGTGTGCC2
14009,TGATGGTCAGTGTGCC3
14010,TGATGGTCATAAGCGG2
14011,TGATGGTCATTGCAAC2
14012,TGATGGTCATTGCAAC3
14013,TGATGGTCATTGGGAG2
14014,TGATGGTGTCAGTCCG3
14015,TGATGGTGTTATCCAG2
14016,TGATGGTGTTATCCAG3
14017,TGATGGTTCACTACTT2
14018,TGATTCTAGAGGGTAA2
14019,TGATTCTAGCCGTTGC2
14020,TGATTCTAGCCGTTGC3
14021,TGATTCTAGCCTCTTC2
14022,TGATTCTAGCCTCTTC3
14023,TGATTCTAGGGAGGGT1
14024,TGATTCTAGGGAGGGT2
14025,TGATTCTAGTCTGGTT3
14026,TGATTCTCAGCTGCCA2
14027,TGATTCTCAGGTCAGA3
14028,TGATTCTCATCTGCGG2
14029,TGATTCTCATCTGCGG3
14030,TGATTCTGTGAGAACC3
14031,TGATTCTTCCAACCGG3
14032,TGATTCTTCGAGCCTG2
14033,TGATTTCAGAGAGTTT2
14034,TGATTTCAGAGTTCGG2
14035,TGATTTCAGAGTTCGG3
14036,TGATTTCAGGCACCAA1
14037,TGATTTCAGGCCCACT2
14038,TGATTTCAGGCCCACT3
14039,TGATTTCCAAATGGAT1
14040,TGATTTCCAAGCTGCC3
14041,TGATTTCCACAAGGTG1
14042,TGATTTCCACCTCTGT1
14043,TGATTTCCACCTCTGT2
14044,TGATTTCCACGAGGTA2
14045,TGATTTCCACGAGGTA3
14046,TGATTTCCACTAGGTT2
14047,TGATTTCCACTAGGTT3
14048,TGATTTCCAGAGTAAT1
14049,TGATTTCCAGAGTAAT2
14050,TGATTTCCATCTGTTT1
14051,TGATTTCCATGGAACG2
14052,TGATTTCGTATCAGCT3
14053,TGATTTCGTGAACGGT1
14054,TGATTTCGTGTATACC1
14055,TGATTTCGTGTATACC2
14056,TGATTTCTCACAAGAA2
14057,TGATTTCTCACAAGAA3
14058,TGATTTCTCATGCCGG2
14059,TGATTTCTCCACGGGT2
14060,TGATTTCTCCACGGGT3
14061,TGATTTCTCCCAAGCG1
14062,TGATTTCTCGATTCCC2
14063,TGATTTCTCGATTCCC3
14064,TGATTTCTCGCACTCT1
14065,TGATTTCTCGCACTCT2
14066,TGATTTCTCGTTTACT1
14067,TGATTTCTCGTTTACT2
14068,TGATTTCTCTCTAGGA1
14069,TGCACGGAGAGTCACG2
14070,TGCACGGAGAGTCACG3
14071,TGCACGGAGCATGCGA2
14072,TGCACGGAGCATGCGA3
14073,TGCACGGAGTTGTAGA2
14074,TGCACGGAGTTGTAGA3
14075,TGCACGGCAGCATGCC2
14076,TGCACGGGTACCTTCC1
14077,TGCACGGGTACCTTCC2
14078,TGCACGGGTGAAGCTG1
14079,TGCACGGGTGGGTTGA3
14080,TGCACGGGTTCCGTTC2
14081,TGCACGGGTTCCGTTC3
14082,TGCACGGGTTGTAGCT3
14083,TGCACGGTCCGGTAGC2
14084,TGCACGGTCCGGTAGC3
14085,TGCACGGTCGACGACC2
14086,TGCACGGTCGTCCTTG1
14087,TGCAGATAGACCCTTA1
14088,TGCAGATAGACCCTTA2
14089,TGCAGATAGACCTCCG2
14090,TGCAGATAGACCTCCG3
14091,TGCAGATAGATGATTG3
14092,TGCAGATAGGGCAGGA2
14093,TGCAGATAGGGCAGGA3
14094,TGCAGATCAAAGCGTG2
14095,TGCAGATCATCAGCGC1
14096,TGCAGATCATCAGCGC2
14097,TGCAGATCATGACTTG1
14098,TGCAGATCATGACTTG2
14099,TGCAGATGTAGAATAC2
14100,TGCAGATGTAGAATAC3
14101,TGCAGATGTCAAGCGA1
14102,TGCAGATGTCAAGCGA2
14103,TGCAGATGTTTAGACC2
14104,TGCAGATGTTTAGACC3
14105,TGCAGATTCACCATCC2
14106,TGCAGATTCACCATCC3
14107,TGCAGATTCCCATACC3
14108,TGCAGATTCTTGTTAC3
14109,TGCAGGCAGATGATTG1
14110,TGCAGGCAGGACTTCT2
14111,TGCAGGCAGGACTTCT3
14112,TGCAGGCAGTAGAATC2
14113,TGCAGGCAGTCTCCTC2
14114,TGCAGGCAGTCTCCTC3
14115,TGCAGGCCAAGGTTGG3
14116,TGCAGGCCATCTCAAG2
14117,TGCAGGCCATCTCAAG3
14118,TGCAGGCGTAGCACAG1
14119,TGCAGGCGTGGATTTC1
14120,TGCAGGCGTGGATTTC2
14121,TGCAGGCGTGTAAACA1
14122,TGCAGGCGTGTAAACA2
14123,TGCAGGCTCTATACGG1
14124,TGCAGGCTCTCGGTCT2
14125,TGCAGGCTCTCGGTCT3
14126,TGCAGTAAGAGGATCC3
14127,TGCAGTAAGATGGTCG3
14128,TGCAGTAAGCAAATGT2
14129,TGCAGTAAGCAAATGT3
14130,TGCAGTAAGTCGAGGT1
14131,TGCAGTAAGTCGAGGT2
14132,TGCAGTACATACAGAA1
14133,TGCAGTACATACAGAA2
14134,TGCAGTACATCAACCA1
14135,TGCAGTACATCAACCA2
14136,TGCAGTAGTCACAATC2
14137,TGCAGTAGTCACAATC3
14138,TGCAGTAGTGCCTGAC1
14139,TGCAGTATCGAGAACG2
14140,TGCAGTATCGCGTCGA3
14141,TGCAGTATCTCGCGTT1
14142,TGCATCCAGCCAGTAG2
14143,TGCATCCAGCCAGTAG3
14144,TGCATCCAGTGTACCT3
14145,TGCATCCCAACGCCCA2
14146,TGCATCCCAACGCCCA3
14147,TGCATCCCAACTCGTA2
14148,TGCATCCCACCAATTG1
14149,TGCATCCCACCAATTG2
14150,TGCATCCCACTGAGTT3
14151,TGCATCCGTACCAGAG1
14152,TGCATCCGTACCAGAG2
14153,TGCATCCGTGATAGAT1
14154,TGCATCCGTGATAGAT2
14155,TGCATCCGTTCGAGCC2
14156,TGCATCCTCACCTCGT3
14157,TGCATCCTCACCTTGC1
14158,TGCATCCTCACCTTGC2
14159,TGCATCCTCGTTAGTG2
14160,TGCATCCTCTTGGTGA3
14161,TGCATGAAGAGTGGCT2
14162,TGCATGAAGGTCTGGA2
14163,TGCATGAAGGTCTGGA3
14164,TGCATGAAGTAGAATC2
14165,TGCATGAAGTAGAATC3
14166,TGCATGACAACACAGG2
14167,TGCATGACAACACAGG3
14168,TGCATGACACTGGACC1
14169,TGCATGACAGGTGGAT2
14170,TGCATGACAGGTTCAT1
14171,TGCATGACAGGTTCAT2
14172,TGCATGAGTTCGTACA1
14173,TGCATGATCCGTGACG3
14174,TGCATGATCTGCAGCG3
14175,TGCATGATCTTGCAGA2
14176,TGCCGAGAGAGGCGTT3
14177,TGCCGAGAGTACAACA1
14178,TGCCGAGCACCACATA2
14179,TGCCGAGCACCACATA3
14180,TGCCGAGCACCCGTAG1
14181,TGCCGAGCACCCGTAG2
14182,TGCCGAGGTAAGGCCA2
14183,TGCCGAGGTAAGGCCA3
14184,TGCCGAGGTATGGTAA1
14185,TGCCGAGGTATGGTAA2
14186,TGCCGAGGTATGGTAA3
14187,TGCCGAGGTCGTGTTA2
14188,TGCCGAGGTTTGGCTA1
14189,TGCCGAGGTTTGGCTA2
14190,TGCCGAGGTTTGGCTA3
14191,TGCCGAGTCATCGGGC2
14192,TGCCGAGTCATCGGGC3
14193,TGCGACGAGAAGTCTA1
14194,TGCGACGAGAAGTCTA2
14195,TGCGACGAGACCTCAT3
14196,TGCGACGAGGAGACCT2
14197,TGCGACGAGGAGTATT1
14198,TGCGACGAGGAGTATT2
14199,TGCGACGAGGGACAGG2
14200,TGCGACGAGGTCGTAG2
14201,TGCGACGAGGTCGTAG3
14202,TGCGACGAGTGTAGAT1
14203,TGCGACGAGTGTAGAT2
14204,TGCGACGCAAACCATC3
14205,TGCGACGCAATGAACA2
14206,TGCGACGCAATGAACA3
14207,TGCGACGCACTGGATT3
14208,TGCGACGCATGGCACC1
14209,TGCGACGGTAAGTTGA2
14210,TGCGACGGTAAGTTGA3
14211,TGCGACGGTCTTTCAT3
14212,TGCGACGGTGTCACAT1
14213,TGCGACGGTTTCACAG2
14214,TGCGACGTCCGTGGCA2
14215,TGCGACGTCCGTGGCA3
14216,TGCGATAAGACTACGG2
14217,TGCGATAAGACTACGG3
14218,TGCGATAAGATTGACA2
14219,TGCGATAAGCAAGTCG2
14220,TGCGATAAGCAAGTCG3
14221,TGCGATAAGCAATTCC2
14222,TGCGATAAGCAATTCC3
14223,TGCGATAAGGGCAGTT2
14224,TGCGATAAGGTCTGGA2
14225,TGCGATAAGGTCTGGA3
14226,TGCGATAAGTAAGGGA2
14227,TGCGATAAGTAAGGGA3
14228,TGCGATAAGTTGTCGT1
14229,TGCGATACAGTGGGTA1
14230,TGCGATAGTCAGATTC1
14231,TGCGATAGTCCGACGT2
14232,TGCGATAGTCCGACGT3
14233,TGCGATAGTCTGTCAA3
14234,TGCGATAGTGACACAG3
14235,TGCGATAGTGAGATAT3
14236,TGCGATAGTGGTCTGC2
14237,TGCGATATCTGGACTA3
14238,TGCGGCAAGGACGCTA2
14239,TGCGGCAAGGTCGTAG2
14240,TGCGGCAAGGTCGTAG3
14241,TGCGGCAAGGTTCCAT3
14242,TGCGGCAAGTTTAGGA2
14243,TGCGGCAAGTTTAGGA3
14244,TGCGGCACAAGTGGGT2
14245,TGCGGCACAAGTGGGT3
14246,TGCGGCAGTACGGATG2
14247,TGCGGCAGTACGGATG3
14248,TGCGGCAGTAGCTGCC1
14249,TGCGGCAGTAGCTGCC2
14250,TGCGGCAGTAGTAAGT3
14251,TGCGGCAGTATGGGAC2
14252,TGCGGCAGTCTTGTCC2
14253,TGCGGCAGTGTACGCC2
14254,TGCGGCAGTGTACGCC3
14255,TGCGGCAGTTGTGTTG2
14256,TGCGGCAGTTGTGTTG3
14257,TGCGGCATCAGCTCTC2
14258,TGCGGCATCAGCTCTC3
14259,TGCGGCATCCGATAAC1
14260,TGCGGCATCTCCCAAC3
14261,TGCGGCATCTTGAGCA2
14262,TGCGGCATCTTGAGCA3
14263,TGCGGGTAGAAATTCG1
14264,TGCGGGTAGAAATTCG2
14265,TGCGGGTAGCCATCCG1
14266,TGCGGGTAGGCAGCTA2
14267,TGCGGGTAGTGATAGT2
14268,TGCGGGTCAGGATCTT3
14269,TGCGGGTCAGGTCCGT1
14270,TGCGGGTCAGTGCGCT2
14271,TGCGGGTCAGTGCGCT3
14272,TGCGGGTGTACGATTC2
14273,TGCGGGTGTACGATTC3
14274,TGCGGGTGTAGGGTAC3
14275,TGCGGGTGTCCTGTCT1
14276,TGCGGGTGTCCTGTCT2
14277,TGCGGGTGTGGCCTCA1
14278,TGCGGGTGTTCAGGTT1
14279,TGCGGGTTCACCTCGT3
14280,TGCGGGTTCGCAGTTA2
14281,TGCGGGTTCGCAGTTA3
14282,TGCTCCAAGAGTCGAC1
14283,TGCTCCAAGTGGAAAG2
14284,TGCTCCAAGTGGAAAG3
14285,TGCTCCACATGGAAGC2
14286,TGCTCCAGTAGCCAGA3
14287,TGCTCCAGTAGGGTAC1
14288,TGCTCCAGTAGGGTAC2
14289,TGCTCCAGTCCGAAGA2
14290,TGCTCCAGTCCGAAGA3
14291,TGCTCCAGTCTTGTCC3
14292,TGCTCCAGTGTTGAGG3
14293,TGCTCCAGTGTTGATC2
14294,TGCTCCAGTTCCATTT1
14295,TGCTCCAGTTCCATTT2
14296,TGCTCCAGTTCCATTT3
14297,TGCTCCAGTTGCCAAT1
14298,TGCTCCATCATCACCC2
14299,TGCTCCATCATCACCC3
14300,TGCTCGTAGCGGATCA3
14301,TGCTCGTAGGCTAGCA3
14302,TGCTCGTCACCTATCC1
14303,TGCTCGTCACCTATCC2
14304,TGCTCGTCAGACCCGT2
14305,TGCTCGTCAGACCCGT3
14306,TGCTCGTGTACAAGTA3
14307,TGCTCGTGTATTTCTC3
14308,TGCTCGTGTCAACACT3
14309,TGCTCGTGTCACCCTT2
14310,TGCTCGTGTCACCCTT3
14311,TGCTCGTGTTCTTCAT1
14312,TGCTCGTTCAAGCCTA2
14313,TGCTCGTTCAGAGCAG2
14314,TGCTCGTTCCGGACGT1
14315,TGCTCGTTCCGGACGT2
14316,TGCTGAAAGTATGTAG2
14317,TGCTGAAAGTCCCAGC3
14318,TGCTGAACAAATGAGT2
14319,TGCTGAACAAATGAGT3
14320,TGCTGAACAAGACAAT2
14321,TGCTGAACAGCGTAGA2
14322,TGCTGAACAGCGTAGA3
14323,TGCTGAAGTATGTGTC1
14324,TGCTGAAGTATGTGTC2
14325,TGCTGAAGTGGTAACG2
14326,TGCTGAAGTGGTAACG3
14327,TGCTGAAGTGTCCACG2
14328,TGCTGAAGTGTTGCCG2
14329,TGCTGAAGTTAACAGA1
14330,TGCTGAAGTTAACAGA2
14331,TGCTTCGCAATCTAGC2
14332,TGCTTCGCAATCTAGC3
14333,TGCTTCGCAATGTGGG2
14334,TGCTTCGCAATGTGGG3
14335,TGCTTCGCAGAACTTC1
14336,TGCTTCGGTACTGCGC1
14337,TGCTTCGGTACTGCGC2
14338,TGCTTCGGTCACAGAG1
14339,TGCTTCGGTGAGATAT2
14340,TGCTTCGTCCGGCAGT1
14341,TGCTTCGTCGCTCTCA2
14342,TGCTTGCAGCATCCCG3
14343,TGCTTGCAGCGTGCTC2
14344,TGCTTGCAGCGTGCTC3
14345,TGCTTGCAGCTAATGA2
14346,TGCTTGCAGGCGTTGA2
14347,TGCTTGCAGGTTGTTC3
14348,TGCTTGCCAAGAATGT3
14349,TGCTTGCCAGGTGACA1
14350,TGCTTGCCAGGTGACA2
14351,TGCTTGCCAGTAACAA1
14352,TGCTTGCGTCTTGAAC1
14353,TGCTTGCGTCTTGAAC2
14354,TGCTTGCGTGACGCCT3
14355,TGCTTGCGTGATGAAT2
14356,TGCTTGCGTGATGAAT3
14357,TGCTTGCGTGCAATAA2
14358,TGCTTGCGTGCAATAA3
14359,TGCTTGCGTTGCATTG2
14360,TGCTTGCGTTGGATCT1
14361,TGCTTGCTCATCGCCT2
14362,TGCTTGCTCATCGCCT3
14363,TGGAACTAGACGACTG1
14364,TGGAACTAGACGACTG2
14365,TGGAACTAGGTTGTTC2
14366,TGGAACTAGGTTGTTC3
14367,TGGAACTCAAAGGGTC2
14368,TGGAACTCAAGTGGGT2
14369,TGGAACTCAAGTGGGT3
14370,TGGAACTCATGGCTAT3
14371,TGGAACTTCACGGACC3
14372,TGGAACTTCCACTAGA2
14373,TGGAACTTCCACTAGA3
14374,TGGAACTTCCATGATG2
14375,TGGAACTTCCATGATG3
14376,TGGAACTTCGGACCAC2
14377,TGGAACTTCGGACCAC3
14378,TGGAGAGAGATTGTGA2
14379,TGGAGAGAGATTGTGA3
14380,TGGAGAGAGCCATATC2
14381,TGGAGAGAGGGCCTCT2
14382,TGGAGAGAGGGCCTCT3
14383,TGGAGAGCAAATACAG2
14384,TGGAGAGCAAATACAG3
14385,TGGAGAGCAGAGTCAG2
14386,TGGAGAGCAGAGTCAG3
14387,TGGAGAGCAGGAATCG2
14388,TGGAGAGCAGTAGTGG1
14389,TGGAGAGCAGTAGTGG2
14390,TGGAGAGCAGTTGGTT2
14391,TGGAGAGCAGTTGGTT3
14392,TGGAGAGGTGAGATTA1
14393,TGGAGAGGTGAGATTA2
14394,TGGAGAGGTTACGATC2
14395,TGGAGAGGTTACGATC3
14396,TGGAGAGGTTCTCGTC1
14397,TGGAGAGTCACCTGGG3
14398,TGGAGAGTCGACCAAT2
14399,TGGAGAGTCGACCAAT3
14400,TGGAGGAAGAGCCATG2
14401,TGGAGGAAGAGCCATG3
14402,TGGAGGAAGGGCAATC3
14403,TGGAGGAAGGGTTAAT3
14404,TGGAGGACAAAGGAGA3
14405,TGGAGGAGTAGTCGGA2
14406,TGGAGGAGTAGTCGGA3
14407,TGGAGGAGTCGTGGAA2
14408,TGGAGGATCCAACACA2
14409,TGGAGGATCCATCTAT3
14410,TGGAGGATCCGTTGGG1
14411,TGGAGGATCCGTTGGG2
14412,TGGAGGATCCTTCGAC1
14413,TGGAGGATCTGATGGT2
14414,TGGATCAAGAGAGTTT1
14415,TGGATCAAGAGAGTTT2
14416,TGGATCAAGAGAGTTT3
14417,TGGATCAAGAGGGTAA3
14418,TGGATCAAGCATACTC1
14419,TGGATCAAGTACTGTC1
14420,TGGATCACACTAGAGG2
14421,TGGATCACAGCTACAT2
14422,TGGATCACAGCTACAT3
14423,TGGATCAGTAGATCGG2
14424,TGGATCAGTATCAGCT2
14425,TGGATCAGTATCAGCT3
14426,TGGATCAGTGCGCTCA2
14427,TGGATCAGTGCGCTCA3
14428,TGGATCATCGAGAAAT3
14429,TGGATCATCGGAAGGT2
14430,TGGATCATCGGAAGGT3
14431,TGGATCATCGTTATCT1
14432,TGGATCATCGTTATCT2
14433,TGGATGTAGACCATGG2
14434,TGGATGTAGACCATGG3
14435,TGGATGTAGCAACCAG3
14436,TGGATGTAGCACAAAT1
14437,TGGATGTCACCGTGAC2
14438,TGGATGTCACCGTGAC3
14439,TGGATGTCATGGCTAT2
14440,TGGATGTGTAGGTACG2
14441,TGGATGTGTAGGTACG3
14442,TGGATGTGTAGTTACC2
14443,TGGATGTGTAGTTACC3
14444,TGGATGTGTCCTACAA2
14445,TGGATGTGTCCTACAA3
14446,TGGATGTGTCTACGAT1
14447,TGGATGTGTCTACGAT2
14448,TGGATGTTCACACGAT1
14449,TGGATGTTCACACGAT2
14450,TGGATGTTCGTGTGGC1
14451,TGGCGTGCAGCACACC1
14452,TGGCGTGGTATTCTCT1
14453,TGGCGTGGTATTCTCT2
14454,TGGCGTGGTCGAAGCA2
14455,TGGCGTGGTCTGTGTA2
14456,TGGCGTGGTCTGTGTA3
14457,TGGCGTGTCAAGTAAG1
14458,TGGCGTGTCAAGTAAG2
14459,TGGCGTGTCGACCCAG2
14460,TGGGAAGAGACTTCGT2
14461,TGGGAAGAGACTTCGT3
14462,TGGGAAGAGCGGGTTA3
14463,TGGGAAGCAAGGCTTT2
14464,TGGGAAGCACACAGAG2
14465,TGGGAAGCACACAGAG3
14466,TGGGAAGCAGATTTCG2
14467,TGGGAAGCAGGTCTCG3
14468,TGGGAAGCAGTTTGGT2
14469,TGGGAAGCAGTTTGGT3
14470,TGGGAAGCATAGGCGA3
14471,TGGGAAGCATCATCCC2
14472,TGGGAAGCATCATCCC3
14473,TGGGAAGGTAGGCAGT2
14474,TGGGAAGGTATCGTGT3
14475,TGGGAAGGTCTTAGTG1
14476,TGGGAAGGTTGTTGAC2
14477,TGGGAAGTCCAACCGG1
14478,TGGGAAGTCCTGGGTG3
14479,TGGGAGAAGTGGAAGA2
14480,TGGGAGAAGTGGAAGA3
14481,TGGGAGACAAGGTCGA2
14482,TGGGAGACAAGGTCGA3
14483,TGGGAGACAGCTAACT2
14484,TGGGAGACAGCTAACT3
14485,TGGGAGACAGGTGTGA1
14486,TGGGAGACAGGTGTGA2
14487,TGGGAGACATCGATCA2
14488,TGGGAGACATCGATCA3
14489,TGGGAGACATCGATGT3
14490,TGGGAGAGTAGCGTAG2
14491,TGGGAGAGTGTTCGTA2
14492,TGGGAGAGTGTTCGTA3
14493,TGGGAGATCACCTACC1
14494,TGGGAGATCACCTACC2
14495,TGGGAGATCACCTACC3
14496,TGGGAGATCCATAGGT1
14497,TGGGAGATCCTTCAGC2
14498,TGGGAGATCCTTCAGC3
14499,TGGGAGATCCTTCTAA2
14500,TGGGAGATCCTTCTAA3
14501,TGGGATTAGCTGACCC1
14502,TGGGATTAGCTGACCC2
14503,TGGGATTAGTGGTTCT1
14504,TGGGATTAGTGGTTCT2
14505,TGGGATTCAGCGGTTC3
14506,TGGGATTGTACACGTT3
14507,TGGGATTGTATGACAA2
14508,TGGGATTGTATGACAA3
14509,TGGGATTGTGAGTAAT3
14510,TGGGATTGTGCAATGG2
14511,TGGGATTGTGCAATGG3
14512,TGGGATTGTTAAGGAT2
14513,TGGGATTGTTAAGGAT3
14514,TGGGATTGTTGGAGGT2
14515,TGGGATTTCCCGTAAA3
14516,TGGGCGTAGAACTGAT2
14517,TGGGCGTAGAACTGAT3
14518,TGGGCGTAGCAAGCCA2
14519,TGGGCGTAGCAAGCCA3
14520,TGGGCGTAGCCTGTCG2
14521,TGGGCGTAGCCTGTCG3
14522,TGGGCGTCACTGGAAG1
14523,TGGGCGTCACTGGAAG2
14524,TGGGCGTCACTGGACC1
14525,TGGGCGTCAGCGGTTC2
14526,TGGGCGTCATGTGCTA1
14527,TGGGCGTGTATAGGGC1
14528,TGGGCGTGTCCAGCGT2
14529,TGGGCGTGTGAGCTCC1
14530,TGGGCGTGTGGCCCAT3
14531,TGGGCGTGTTGACTAC1
14532,TGGGCGTTCGGTATGT2
14533,TGGGCGTTCTAAGCCA2
14534,TGGGCGTTCTAAGCCA3
14535,TGGGCTGAGATGCCGA2
14536,TGGGCTGAGCCATGCC3
14537,TGGGCTGAGCCTTCTC2
14538,TGGGCTGAGCCTTCTC3
14539,TGGGCTGAGTAAACGT3
14540,TGGGCTGAGTGGAAAG1
14541,TGGGCTGCACTTGGGC1
14542,TGGGCTGCACTTGGGC2
14543,TGGGCTGCATTCTCCG1
14544,TGGGCTGCATTCTCCG2
14545,TGGGCTGGTCACCACG3
14546,TGGGCTGGTTCGAAGG2
14547,TGGGCTGGTTCGAAGG3
14548,TGGGCTGGTTGATCGT2
14549,TGGGCTGTCCGGCAAC1
14550,TGGGCTGTCCGGCAAC2
14551,TGGGCTGTCGATAACC2
14552,TGGGCTGTCGCAGTCG2
14553,TGGGCTGTCGTCTACC3
14554,TGGGTTACAGGTTACT2
14555,TGGGTTACAGGTTACT3
14556,TGGGTTAGTCAAAGTA2
14557,TGGGTTAGTCAAAGTA3
14558,TGGGTTAGTCGAACAG1
14559,TGGGTTAGTCGTTGCG3
14560,TGGGTTAGTGGAGGTT2
14561,TGGGTTATCGGCTTCT2
14562,TGGGTTATCTAGACAC2
14563,TGGGTTATCTAGACAC3
14564,TGGTACAAGAACCGCA2
14565,TGGTACAAGACTCCGC1
14566,TGGTACAAGACTCCGC2
14567,TGGTACAAGATGACAT1
14568,TGGTACAAGATGACAT2
14569,TGGTACAAGATGACAT3
14570,TGGTACAAGCAAATGT1
14571,TGGTACAAGCATGATA2
14572,TGGTACAAGGACAACC2
14573,TGGTACAAGGACAACC3
14574,TGGTACAAGGCGTCCT1
14575,TGGTACAAGGCGTTAG2
14576,TGGTACAAGGCGTTAG3
14577,TGGTACACATCGCTGG3
14578,TGGTACATCAGAGCAG2
14579,TGGTACATCAGAGCAG3
14580,TGGTACATCCAACCGG1
14581,TGGTACATCGCTGACG3
14582,TGGTACATCTTCCCAG2
14583,TGGTACATCTTCCCAG3
14584,TGGTAGTGTCCATACA2
14585,TGGTAGTGTCCATACA3
14586,TGGTAGTGTGGACCAA1
14587,TGGTAGTGTGGACCAA2
14588,TGGTAGTTCACTGTTT3
14589,TGGTAGTTCAGATTGC1
14590,TGGTAGTTCAGATTGC2
14591,TGGTAGTTCCTTTAGT1
14592,TGGTAGTTCGCTAGCG2
14593,TGGTAGTTCGGTGTAT1
14594,TGGTAGTTCGGTGTAT2
14595,TGGTAGTTCTAAGAAG2
14596,TGGTAGTTCTAAGAAG3
14597,TGGTGATAGAACTCCT2
14598,TGGTGATAGAACTCCT3
14599,TGGTGATAGAGGCGTT3
14600,TGGTGATAGGTACCTT2
14601,TGGTGATAGGTACCTT3
14602,TGGTGATAGGTTCCAT3
14603,TGGTGATAGTTTGGCT3
14604,TGGTGATCAACAACAA1
14605,TGGTGATCAACAACAA2
14606,TGGTGATCAACCAATC3
14607,TGGTGATCATACAGGG1
14608,TGGTGATCATACCGTA1
14609,TGGTGATCATACCGTA2
14610,TGGTGATGTAGACTGG2
14611,TGGTGATGTAGACTGG3
14612,TGGTGATGTTCGGACC2
14613,TGGTGATGTTCGGACC3
14614,TGGTGATTCCGCAACG2
14615,TGGTGATTCGCATGAT3
14616,TGGTGATTCGGACCAC1
14617,TGGTGATTCGTAATGC2
14618,TGGTGATTCGTAATGC3
14619,TGGTGATTCTTTGATC3
14620,TGGTTAGAGATCCCGC2
14621,TGGTTAGAGATCCCGC3
14622,TGGTTAGAGTTCGGTT3
14623,TGGTTAGAGTTTGTCG2
14624,TGGTTAGAGTTTGTCG3
14625,TGGTTAGCAGAGGAAA1
14626,TGGTTAGCAGAGGAAA2
14627,TGGTTAGCATGGGAAC3
14628,TGGTTAGGTCGTAATC2
14629,TGGTTAGGTCGTAATC3
14630,TGGTTAGGTGGAGGTT3
14631,TGGTTAGGTGTGTGTT2
14632,TGGTTAGGTGTGTGTT3
14633,TGGTTAGGTTAGAAGT1
14634,TGGTTAGTCCGGCTTT2
14635,TGGTTAGTCCGGCTTT3
14636,TGGTTAGTCGAGTGGA3
14637,TGGTTAGTCGGAAGGT1
14638,TGGTTAGTCTCGGCTT2
14639,TGTAACGAGACATAAC2
14640,TGTAACGAGATGAAGG2
14641,TGTAACGAGATGAAGG3
14642,TGTAACGAGATTGAGT3
14643,TGTAACGAGTATGCAA3
14644,TGTAACGAGTCGCCCA2
14645,TGTAACGAGTCGCCCA3
14646,TGTAACGCACCAACAT3
14647,TGTAACGCAGTCCGTG3
14648,TGTAACGCATGCCATA2
14649,TGTAACGGTACCTATG3
14650,TGTAACGGTCACATTG1
14651,TGTAACGGTCACATTG2
14652,TGTAACGGTCCAAATC2
14653,TGTAACGGTCCAAATC3
14654,TGTAACGTCACTTTGT2
14655,TGTAACGTCCATCGTC2
14656,TGTAACGTCCATCGTC3
14657,TGTAACGTCGTCTAAG3
14658,TGTAACGTCTCCCATG1
14659,TGTAAGCAGGTAGTCG1
14660,TGTAAGCCACCTGCTT2
14661,TGTAAGCCACGCCACA1
14662,TGTAAGCCACGCCACA2
14663,TGTAAGCGTAACGGTG2
14664,TGTAAGCGTTATAGAG2
14665,TGTAAGCGTTATAGAG3
14666,TGTAAGCGTTCCGTTC2
14667,TGTAAGCGTTCCGTTC3
14668,TGTAAGCGTTTGGCTA2
14669,TGTAAGCGTTTGGCTA3
14670,TGTAAGCTCACTTCTA2
14671,TGTAAGCTCACTTCTA3
14672,TGTAAGCTCTCCCATG1
14673,TGTACAGAGAACGTGC3
14674,TGTACAGAGAAGTCCG3
14675,TGTACAGAGACAGCGT2
14676,TGTACAGAGTTTGTCG2
14677,TGTACAGCAGCGTGCT3
14678,TGTACAGCATAGGAGC2
14679,TGTACAGCATTGTAGC2
14680,TGTACAGCATTGTAGC3
14681,TGTACAGGTAACCCTA2
14682,TGTACAGGTAACCCTA3
14683,TGTACAGGTAGAGACC1
14684,TGTACAGGTAGAGACC2
14685,TGTACAGGTAGTCACT1
14686,TGTACAGGTCACAGAG3
14687,TGTACAGGTGGTCTCG2
14688,TGTAGACAGAGAATCT3
14689,TGTAGACAGATGGCAC1
14690,TGTAGACAGATGGCAC2
14691,TGTAGACAGCGCGTTC1
14692,TGTAGACAGCGCGTTC2
14693,TGTAGACAGGCGCTCT2
14694,TGTAGACCATCAACCA1
14695,TGTAGACCATCAACCA2
14696,TGTAGACCATCTATCT2
14697,TGTAGACCATCTATCT3
14698,TGTAGACGTCAACGCC2
14699,TGTAGACGTCACAGTT2
14700,TGTAGACGTCACAGTT3
14701,TGTAGACGTGGCTACC2
14702,TGTAGACTCACCACAA2
14703,TGTAGACTCACCACAA3
14704,TGTAGACTCCATACAG1
14705,TGTAGACTCCCGTGTT3
14706,TGTCAGAAGATCGCCC2
14707,TGTCAGAAGATCGCCC3
14708,TGTCAGACACGGCGTT3
14709,TGTCAGACAGCTACAT2
14710,TGTCAGACAGCTACAT3
14711,TGTCAGACATTGACTG2
14712,TGTCAGACATTGACTG3
14713,TGTCAGAGTATTGCCA2
14714,TGTCAGAGTTAATCGC3
14715,TGTCAGATCCGAGAAG2
14716,TGTCAGATCGACGTCG3
14717,TGTCAGATCGTAGTGT1
14718,TGTCCACAGAAGCCAC1
14719,TGTCCACAGAAGCCAC2
14720,TGTCCACAGCATCCTA2
14721,TGTCCACAGGTCATAA2
14722,TGTCCACAGTCAAGCG3
14723,TGTCCACCATGTCGTA3
14724,TGTCCACCATTAGGAA3
14725,TGTCCACGTGACAGGT1
14726,TGTCCACGTGACAGGT2
14727,TGTCCACGTGATGAAT1
14728,TGTCCACGTGATGAAT2
14729,TGTCCACTCAGAGTTC1
14730,TGTCCACTCAGAGTTC2
14731,TGTCCACTCGAGTACT3
14732,TGTCCACTCGTAACCA2
14733,TGTCCACTCGTAACCA3
14734,TGTCCACTCTCGCGTT2
14735,TGTCCACTCTCGCGTT3
14736,TGTCCCAAGCAGCCTC3
14737,TGTCCCAAGCCTCTTC2
14738,TGTCCCAAGCCTCTTC3
14739,TGTCCCAAGTGAGTTA2
14740,TGTCCCAAGTGAGTTA3
14741,TGTCCCACAGAACTAA2
14742,TGTCCCACAGAACTAA3
14743,TGTCCCACATACCGTA2
14744,TGTCCCACATACCGTA3
14745,TGTCCCAGTCATATGC1
14746,TGTCCCAGTGGGAGAG2
14747,TGTCCCAGTTCAAGTC3
14748,TGTCCCAGTTGCAAGG1
14749,TGTCCCAGTTGCAAGG2
14750,TGTCCCATCCGTCCTA1
14751,TGTCCCATCGTAACAC3
14752,TGTCCCATCTGCGTCT2
14753,TGTCCCATCTGCGTCT3
14754,TGTCCTGCAAGCAGGT3
14755,TGTCCTGCAATGGGTG2
14756,TGTCCTGCAATGGGTG3
14757,TGTCCTGCACGATAGG1
14758,TGTCCTGCACGATAGG2
14759,TGTCCTGCATGCCGAC2
14760,TGTCCTGCATGCCGAC3
14761,TGTCCTGGTTACCCTC2
14762,TGTCCTGGTTACCCTC3
14763,TGTCCTGTCCATACAG2
14764,TGTCCTGTCCATACAG3
14765,TGTCCTGTCGCCAGAC2
14766,TGTCCTGTCGCCAGAC3
14767,TGTGAGTAGACAACAT1
14768,TGTGAGTAGACAACAT2
14769,TGTGAGTAGATCCAAA2
14770,TGTGAGTAGATCCAAA3
14771,TGTGAGTAGGACGCAT1
14772,TGTGAGTCACTAGGCC3
14773,TGTGAGTCACTGCATA2
14774,TGTGAGTCACTGCATA3
14775,TGTGAGTCATCTAACG2
14776,TGTGAGTCATCTAACG3
14777,TGTGAGTCATTGCCTC2
14778,TGTGAGTCATTGCCTC3
14779,TGTGAGTGTCAAAGCG1
14780,TGTGAGTGTCGATTTG1
14781,TGTGAGTGTCGATTTG2
14782,TGTGAGTGTGCCAAGA3
14783,TGTGAGTGTGGCTGCT2
14784,TGTGAGTGTGGCTGCT3
14785,TGTGAGTTCAGCACCG2
14786,TGTGAGTTCAGCACCG3
14787,TGTGATGAGAACTCCT3
14788,TGTGATGAGCGACTAG1
14789,TGTGATGAGCTCCCTT3
14790,TGTGATGCAAGAATAC2
14791,TGTGATGCAGAGGTTG2
14792,TGTGATGCAGCCTACG1
14793,TGTGATGCAGCCTACG2
14794,TGTGATGCATCGGATT3
14795,TGTGATGGTACAGTTC1
14796,TGTGATGGTAGGAGGG3
14797,TGTGATGGTGCTAGCC3
14798,TGTGATGGTGTATACC1
14799,TGTGATGGTGTCTCCT2
14800,TGTGATGGTGTCTCCT3
14801,TGTGATGTCATCGCCT2
14802,TGTGATGTCCAGCCTT2
14803,TGTGATGTCCAGCCTT3
14804,TGTGATGTCGTAATGC3
14805,TGTGATGTCTATACTC2
14806,TGTGATGTCTATACTC3
14807,TGTGATGTCTCCACTG1
14808,TGTGATGTCTCCACTG2
14809,TGTGCGGCAAGTCATC1
14810,TGTGCGGCACACCTTC1
14811,TGTGCGGCACACCTTC2
14812,TGTGCGGCACACGCCA3
14813,TGTGCGGCAGTCTCTC3
14814,TGTGCGGCATCGCTGG1
14815,TGTGCGGCATTGGATC1
14816,TGTGCGGCATTGGATC2
14817,TGTGCGGGTAGAATAC2
14818,TGTGCGGGTAGAATAC3
14819,TGTGCGGGTAGTATAG1
14820,TGTGCGGGTGCCGAAA3
14821,TGTGCGGGTGTTGCCG2
14822,TGTGCGGGTGTTGCCG3
14823,TGTGCGGGTTACCTGA2
14824,TGTGCGGGTTACCTGA3
14825,TGTGCGGGTTAGGCTT1
14826,TGTGCGGTCGAGAAGC2
14827,TGTGCGGTCGAGAAGC3
14828,TGTGGCGAGGAGGTTC1
14829,TGTGGCGAGGAGGTTC2
14830,TGTGGCGAGTGTGTTC2
14831,TGTGGCGCAAATCGGG3
14832,TGTGGCGCACGTAGTT2
14833,TGTGGCGCACGTAGTT3
14834,TGTGGCGCAGTAGATA1
14835,TGTGGCGGTACTGGGA2
14836,TGTGGCGGTACTGGGA3
14837,TGTGGCGGTGAAGCTG1
14838,TGTGGCGGTGACTGAG2
14839,TGTGGCGGTGACTGAG3
14840,TGTGGCGTCACTACGA2
14841,TGTGGCGTCACTACGA3
14842,TGTGGCGTCCATTGCC2
14843,TGTGGCGTCCCGGTAG2
14844,TGTGGCGTCCCGGTAG3
14845,TGTGGCGTCCTTCTAA3
14846,TGTGTGAAGCGAACTG2
14847,TGTGTGAAGCGAGTAC2
14848,TGTGTGAAGCGAGTAC3
14849,TGTGTGAAGTACAACA2
14850,TGTGTGAAGTACAACA3
14851,TGTGTGACATCGCTCT3
14852,TGTGTGACATCTCATT3
14853,TGTGTGAGTCCGACGT3
14854,TGTGTGATCACGGAGA1
14855,TGTGTGATCCACGTAA3
14856,TGTGTGATCGGATTAC1
14857,TGTGTGATCGGATTAC2
14858,TGTGTGATCGGCTGAC2
14859,TGTGTGATCTGGTGGC2
14860,TGTGTGATCTGGTGGC3
14861,TGTTACTAGAGGTCAC3
14862,TGTTACTAGATACTGA3
14863,TGTTACTAGTCTGGAG2
14864,TGTTACTAGTCTGGAG3
14865,TGTTACTGTAATCAAG3
14866,TGTTACTGTAGTACGG3
14867,TGTTACTGTATAGGGC1
14868,TGTTACTGTATAGGGC2
14869,TGTTACTGTCCCAAAT2
14870,TGTTACTGTCCCAAAT3
14871,TGTTACTTCCGGTAAT1
14872,TGTTACTTCCTTATAC3
14873,TGTTACTTCGTAGAGG3
14874,TGTTACTTCTACCCAC2
14875,TGTTACTTCTACCCAC3
14876,TGTTCATAGTATAGAC1
14877,TGTTCATAGTGGCGAT3
14878,TGTTCATCACAAGCAG2
14879,TGTTCATCACAAGCAG3
14880,TGTTCATCACGGTGAA2
14881,TGTTCATCATTGAAGA3
14882,TGTTCATGTCATGACT2
14883,TGTTCATGTCGCACGT3
14884,TGTTCATGTGCTGCAC3
14885,TGTTCATGTGGTCAAG2
14886,TGTTCATGTGGTCAAG3
14887,TGTTCATGTTCAGCTA1
14888,TGTTCATGTTCAGCTA2
14889,TGTTCATGTTCTAAGC3
14890,TGTTCATTCCGATCGG1
14891,TGTTCATTCCGATCGG2
14892,TGTTCATTCGAACGGA2
14893,TGTTCATTCTCAGTCC2
14894,TGTTCATTCTCAGTCC3
14895,TGTTCATTCTGCATAG2
14896,TGTTCATTCTGCATAG3
14897,TGTTCCGAGCCATGCC1
14898,TGTTCCGAGCCTTTCC1
14899,TGTTCCGAGGCTGGAT1
14900,TGTTCCGAGTTGCGCC3
14901,TGTTCCGCACACCTTC2
14902,TGTTCCGCACACCTTC3
14903,TGTTCCGCATAATGCC1
14904,TGTTCCGCATAGAAAC1
14905,TGTTCCGCATAGAAAC2
14906,TGTTCCGGTGACACAG1
14907,TGTTCCGGTGGGCTCT1
14908,TGTTCCGGTGGGCTCT2
14909,TGTTCCGGTGGGCTCT3
14910,TGTTCCGTCACTTTGT2
14911,TGTTCTACAACCGACC1
14912,TGTTCTACAACCGACC2
14913,TGTTCTACAAGGTCAG1
14914,TGTTCTACAAGGTCAG2
14915,TGTTCTACAGATACTC2
14916,TGTTCTACATCATCCC2
14917,TGTTCTACATGCTGCG2
14918,TGTTCTACATGCTGCG3
14919,TGTTCTAGTACAAGTA1
14920,TGTTCTAGTACAAGTA2
14921,TGTTCTAGTCACCACG1
14922,TGTTCTAGTCACCACG2
14923,TGTTCTAGTTCCTACC3
14924,TGTTCTAGTTGTAGCT2
14925,TGTTCTAGTTGTGGCC3
14926,TGTTCTATCACCCTCA3
14927,TGTTCTATCAGCAATC2
14928,TGTTCTATCAGCAATC3
14929,TGTTCTATCATTTACC3
14930,TGTTCTATCGGTTAGT3
14931,TGTTGAGAGACTGTTC2
14932,TGTTGAGAGACTGTTC3
14933,TGTTGAGAGAGGATCC2
14934,TGTTGAGAGAGGATCC3
14935,TGTTGAGAGAGTGAAG2
14936,TGTTGAGAGAGTGAAG3
14937,TGTTGAGAGCAAACAT2
14938,TGTTGAGAGCGTTACT1
14939,TGTTGAGAGCGTTACT2
14940,TGTTGAGAGGACGGAG1
14941,TGTTGAGAGTTAACAG3
14942,TGTTGAGCAAATTGGA1
14943,TGTTGAGCAAATTGGA2
14944,TGTTGAGCAGAACTTC3
14945,TGTTGAGCAGTTGCGC3
14946,TGTTGAGGTCATAAAG1
14947,TGTTGAGTCTGGCCGA2
14948,TGTTGAGTCTGGCCGA3
14949,TGTTGGAAGAGCTGCA2
14950,TGTTGGAAGAGCTGCA3
14951,TGTTGGAAGCGTGCTC2
14952,TGTTGGAAGCGTGCTC3
14953,TGTTGGAAGGTGCCTC2
14954,TGTTGGACACAGAAGC2
14955,TGTTGGACACAGAAGC3
14956,TGTTGGACATCCTTGC1
14957,TGTTGGACATCCTTGC2
14958,TGTTGGACATTAGGAA2
14959,TGTTGGACATTAGGAA3
14960,TGTTGGAGTCCGGACT2
14961,TGTTGGAGTCCGGACT3
14962,TGTTGGAGTGTGTCCG1
14963,TGTTGGATCCGATCTC1
14964,TGTTGGATCTAGTGTG2
14965,TGTTGGATCTAGTGTG3
14966,TGTTGGATCTCCTGAC3
14967,TGTTTGTAGCCATATC2
14968,TGTTTGTAGCCATATC3
14969,TGTTTGTAGCCGGATA1
14970,TGTTTGTAGCGTGAAC1
14971,TGTTTGTAGCGTGAAC2
14972,TGTTTGTAGTACTGTC3
14973,TGTTTGTGTACGGATG3
14974,TGTTTGTGTCTGGTTA1
14975,TGTTTGTGTCTGGTTA2
14976,TGTTTGTGTCTGGTTA3
14977,TGTTTGTGTGCATGTT3
14978,TGTTTGTGTGCCTACG3
14979,TGTTTGTTCCACGTAA3
14980,TGTTTGTTCCTACAAG2
14981,TGTTTGTTCCTACAAG3
14982,TGTTTGTTCTTGCGCT1
14983,TTAATCCAGAGCTGCA2
14984,TTAATCCAGAGCTGCA3
14985,TTAATCCAGCGAGTCA3
14986,TTAATCCAGCTCAGAG2
14987,TTAATCCAGCTCAGAG3
14988,TTAATCCAGGAATCGC2
14989,TTAATCCAGGAATCGC3
14990,TTAATCCAGGCGCTTC1
14991,TTAATCCAGGTCGAGT2
14992,TTAATCCAGGTCGAGT3
14993,TTAATCCAGTATTAGG2
14994,TTAATCCAGTATTAGG3
14995,TTAATCCAGTCGTCTA2
14996,TTAATCCCAATGCTCA1
14997,TTAATCCCAATGCTCA2
14998,TTAATCCGTAGCGTCC3
14999,TTAATCCGTATGGAAT3
15000,TTAATCCGTATGTCTG2
15001,TTAATCCGTATGTCTG3
15002,TTAATCCGTGATGAAT3
15003,TTAATCCTCGTGGGTC3
15004,TTAATCCTCGTTCTCG1
15005,TTAATCCTCGTTCTCG2
15006,TTAATCCTCTCAGGCG2
15007,TTAATCCTCTCAGGCG3
15008,TTAATCCTCTTTCCGG3
15009,TTACAGGAGAGGGCGA1
15010,TTACAGGAGGACTAAT2
15011,TTACAGGAGTAACGAT2
15012,TTACAGGAGTAACGAT3
15013,TTACAGGAGTTGGCTT1
15014,TTACAGGAGTTGGCTT2
15015,TTACAGGCAAACGTGG3
15016,TTACAGGCAATCAGCT1
15017,TTACAGGCAATCAGCT2
15018,TTACAGGCACAAAGCG2
15019,TTACAGGCACAAAGCG3
15020,TTACAGGCACGTGTGC1
15021,TTACAGGCAGCCCAGT1
15022,TTACAGGCAGCCCAGT2
15023,TTACAGGTCACGAGGA3
15024,TTACAGGTCTACTATC2
15025,TTACAGGTCTACTATC3
15026,TTACCATAGATGCTGG1
15027,TTACCATAGATGCTGG2
15028,TTACCATAGCTCGACC2
15029,TTACCATAGCTCGACC3
15030,TTACCATCAATGGCAG1
15031,TTACCATCAATGGCAG2
15032,TTACCATGTACCGTCG1
15033,TTACCATGTACCGTCG2
15034,TTACCATGTAGAGGAA1
15035,TTACCATGTAGAGGAA2
15036,TTACCATGTCCGAAAG2
15037,TTACCATGTGATTCTG2
15038,TTACCATGTGGTACAG1
15039,TTACCATGTGGTACAG2
15040,TTACCATTCCACCCTA3
15041,TTACCATTCCTTGGAA2
15042,TTACCATTCGGAATTC2
15043,TTACCATTCGGAATTC3
15044,TTACCATTCTTCCGTG2
15045,TTACCATTCTTCCGTG3
15046,TTACCGCAGAATTGCA3
15047,TTACCGCAGCCAAGGT1
15048,TTACCGCCAATCGTCA2
15049,TTACCGCCAATCGTCA3
15050,TTACCGCCACGGTGCT1
15051,TTACCGCCACTAGAGG2
15052,TTACCGCCACTAGAGG3
15053,TTACCGCCAGAACCGA2
15054,TTACCGCCAGATCATC3
15055,TTACCGCCATTCACCC2
15056,TTACCGCCATTCACCC3
15057,TTACCGCGTACGTGAG3
15058,TTACCGCGTATCTCTT1
15059,TTACCGCGTATCTCTT2
15060,TTACCGCGTTACTCAG3
15061,TTACCGCTCACCTGTC3
15062,TTACCGCTCAGGGTAG2
15063,TTACCGCTCAGGGTAG3
15064,TTACCGCTCCAAGGGA3
15065,TTACCGCTCCTACTGC1
15066,TTACCGCTCTCTATGT2
15067,TTACCGCTCTCTATGT3
15068,TTACGCCAGTAAGGGA1
15069,TTACGCCCAACGGTAG1
15070,TTACGCCCAACGGTAG2
15071,TTACGCCCAAGGCGTA2
15072,TTACGCCCAAGGCGTA3
15073,TTACGCCGTGGCCACT1
15074,TTACGCCGTGGCCACT2
15075,TTACGCCGTGTCCGGT2
15076,TTACGCCGTTCAACGT1
15077,TTACGCCGTTCAACGT2
15078,TTACGCCGTTCAACGT3
15079,TTACGCCTCGCATAGT2
15080,TTACGCCTCGCATAGT3
15081,TTACGCCTCTACACTT3
15082,TTACGCCTCTATCGTT2
15083,TTACGCCTCTATCGTT3
15084,TTACGTTAGTACAGAT3
15085,TTACGTTAGTATCTGC3
15086,TTACGTTCAATCGCGC2
15087,TTACGTTCAATCGCGC3
15088,TTACGTTCATAATCGC3
15089,TTACGTTGTAGTTAGA1
15090,TTACGTTGTGGACCTC3
15091,TTACGTTTCTGAGCAT2
15092,TTACGTTTCTGAGCAT3
15093,TTACGTTTCTTGGGCG3
15094,TTACTGTAGAGCATAT2
15095,TTACTGTAGAGCATAT3
15096,TTACTGTAGATTGGGC2
15097,TTACTGTAGCGTTCAT2
15098,TTACTGTCAATTCTTC3
15099,TTACTGTCAGCGAACA2
15100,TTACTGTCAGGTAGTG1
15101,TTACTGTCAGTTTCGA1
15102,TTACTGTCAGTTTCGA2
15103,TTACTGTCATCTAACG3
15104,TTACTGTCATTACGGT3
15105,TTACTGTGTACCCGAC2
15106,TTACTGTGTACCCGAC3
15107,TTACTGTGTACCGTGC2
15108,TTACTGTGTACCGTGC3
15109,TTACTGTGTTCTCAGA2
15110,TTACTGTTCAAGCGTT2
15111,TTACTGTTCAAGCGTT3
15112,TTACTGTTCACCTGGG3
15113,TTACTGTTCGAAGTGG1
15114,TTACTGTTCGGTAGAG3
15115,TTAGGCAAGAAGCCAC2
15116,TTAGGCAAGAAGCCAC3
15117,TTAGGCAAGAGGACTC3
15118,TTAGGCAAGGTTGTTC3
15119,TTAGGCAAGTAGAATC2
15120,TTAGGCAAGTAGAATC3
15121,TTAGGCAAGTATGGAT1
15122,TTAGGCAAGTCTTGGT2
15123,TTAGGCAAGTCTTGGT3
15124,TTAGGCAAGTGTGTTC3
15125,TTAGGCACACTCGATA3
15126,TTAGGCAGTAGTAAGT3
15127,TTAGGCAGTCTTGGTA3
15128,TTAGGCAGTTCCCAAA3
15129,TTAGGCAGTTGTGGAG2
15130,TTAGGGTAGAAGGGAT3
15131,TTAGGGTAGCAACTTC3
15132,TTAGGGTAGGGCTGAT2
15133,TTAGGGTAGGGCTGAT3
15134,TTAGGGTCAAGAGCTG3
15135,TTAGGGTCAATGCAAA2
15136,TTAGGGTGTCCAAATC1
15137,TTAGGGTGTGACTCTA1
15138,TTAGGGTGTGACTCTA2
15139,TTAGGGTTCACTGGTA3
15140,TTAGGGTTCCCACAGG2
15141,TTAGGGTTCCCACAGG3
15142,TTAGGGTTCCTACGGG2
15143,TTAGGGTTCCTACGGG3
15144,TTAGGGTTCTGTCTCG1
15145,TTAGGGTTCTGTCTCG2
15146,TTAGTCTAGATCCAAA1
15147,TTAGTCTAGGAGGGTG2
15148,TTAGTCTAGGAGGGTG3
15149,TTAGTCTGTATCGCGC3
15150,TTAGTCTGTGATTAGA3
15151,TTAGTCTGTTTGAAAG1
15152,TTAGTCTTCAAGCGTT2
15153,TTAGTCTTCAAGCGTT3
15154,TTAGTCTTCATGAAAG3
15155,TTAGTCTTCTATTTCG1
15156,TTATTGCAGAGTCAAT2
15157,TTATTGCAGAGTCAAT3
15158,TTATTGCAGTTGCCCG3
15159,TTATTGCCAAGAATGT3
15160,TTATTGCCAATTTCGG2
15161,TTATTGCCACCTGCTT2
15162,TTATTGCCACTCCTTG2
15163,TTATTGCCACTCCTTG3
15164,TTATTGCCAGATACTC2
15165,TTATTGCCAGATACTC3
15166,TTATTGCCATCCGATA2
15167,TTATTGCCATCCGATA3
15168,TTATTGCGTACACGCC1
15169,TTATTGCGTACACGCC2
15170,TTATTGCGTATCGTAC3
15171,TTATTGCGTATTAAGG2
15172,TTATTGCGTTGCCATA3
15173,TTATTGCGTTGGAGAC2
15174,TTATTGCGTTGGAGAC3
15175,TTATTGCTCCTGTTAT2
15176,TTATTGCTCCTGTTAT3
15177,TTCAATCAGCCTTTGA1
15178,TTCAATCAGCCTTTGA2
15179,TTCAATCAGCTACTAC3
15180,TTCAATCAGGATACGC2
15181,TTCAATCAGGATACGC3
15182,TTCAATCAGTGCGTCC2
15183,TTCAATCAGTGCGTCC3
15184,TTCAATCCAAGAGTGC2
15185,TTCAATCCAAGAGTGC3
15186,TTCAATCCAGAGGACT1
15187,TTCAATCCATAGGCGA1
15188,TTCAATCCATAGGCGA2
15189,TTCAATCGTGCCGGTT3
15190,TTCAATCGTGGCGTAA2
15191,TTCAATCGTGGCGTAA3
15192,TTCAATCGTTCTATCT3
15193,TTCAATCTCATTGAGC2
15194,TTCAATCTCATTGAGC3
15195,TTCAATCTCCAATGCA2
15196,TTCAATCTCCAATGCA3
15197,TTCACCGAGATTAGAC3
15198,TTCACCGAGGGTATAT1
15199,TTCACCGAGGGTATAT2
15200,TTCACCGAGTCCGTCG3
15201,TTCACCGAGTCCTGTA1
15202,TTCACCGAGTCCTGTA2
15203,TTCACCGCACTTCAAG3
15204,TTCACCGCAGATGCGA2
15205,TTCACCGCAGATGCGA3
15206,TTCACCGCATGGCCAC2
15207,TTCACCGCATGGCCAC3
15208,TTCACCGCATGTGACT2
15209,TTCACCGCATGTGACT3
15210,TTCACCGCATTGAAAG3
15211,TTCACCGCATTGACTG1
15212,TTCACCGCATTGACTG2
15213,TTCACCGGTACAGTTC3
15214,TTCACCGGTACGAGTG2
15215,TTCACCGGTACGAGTG3
15216,TTCACCGGTATGTCTG1
15217,TTCACCGGTATGTCTG2
15218,TTCACCGGTCTGTCCT2
15219,TTCACCGTCATGCCAA3
15220,TTCACGCAGAGTAACT1
15221,TTCACGCAGGTACTGG1
15222,TTCACGCAGGTACTGG2
15223,TTCACGCCACAAATCC2
15224,TTCACGCCACAAATCC3
15225,TTCACGCCACCAACAT2
15226,TTCACGCCACCAACAT3
15227,TTCACGCCACTCGATA2
15228,TTCACGCCACTCGATA3
15229,TTCACGCCAGAGCGTA2
15230,TTCACGCCAGAGCGTA3
15231,TTCACGCCAGAGGGTT2
15232,TTCACGCCAGAGGGTT3
15233,TTCACGCCAGTAGTGG1
15234,TTCACGCGTCACCGAC1
15235,TTCACGCGTCACCGAC2
15236,TTCAGGAAGACCTGGA1
15237,TTCAGGAAGACCTGGA2
15238,TTCAGGAAGGACGCAT1
15239,TTCAGGAAGGACGCAT2
15240,TTCAGGAAGGCAGTCA1
15241,TTCAGGAAGGCAGTCA2
15242,TTCAGGAAGGGCAGAG2
15243,TTCAGGAAGTTGAAGT2
15244,TTCAGGACAAATCGGG2
15245,TTCAGGACAAATCGGG3
15246,TTCAGGACAACGGTAG3
15247,TTCAGGACACGAAGAC1
15248,TTCAGGACACGAAGAC2
15249,TTCAGGACAGTAGATA1
15250,TTCAGGACAGTAGATA2
15251,TTCAGGACATGGAAGC3
15252,TTCATGTAGAGAGTTT1
15253,TTCATGTAGTCCTGCG2
15254,TTCATGTCAAGATGGC2
15255,TTCATGTCAAGATGGC3
15256,TTCATGTCAGACGCTC1
15257,TTCATGTCAGACGCTC2
15258,TTCATGTGTTGCTGAT3
15259,TTCATGTTCCGTGTGG1
15260,TTCATGTTCGGTGAAG2
15261,TTCATGTTCGGTGAAG3
15262,TTCATGTTCTGTCGCT3
15263,TTCATTGAGCACCTGC2
15264,TTCATTGAGTGAGGTC1
15265,TTCATTGAGTGAGGTC2
15266,TTCATTGCAGCGTACC1
15267,TTCATTGGTCAGGTAG3
15268,TTCATTGGTCGATGCC2
15269,TTCATTGGTTAAACAG2
15270,TTCATTGGTTAAACAG3
15271,TTCATTGGTTGCATAC2
15272,TTCATTGGTTGCATAC3
15273,TTCATTGTCCACACAA3
15274,TTCATTGTCGTAACTG3
15275,TTCCAATAGGGCCTCT2
15276,TTCCAATAGGGCCTCT3
15277,TTCCAATAGTCTACCA3
15278,TTCCAATCAGACAATA3
15279,TTCCAATTCACCATCC3
15280,TTCCAATTCTAGATCG1
15281,TTCCAATTCTAGATCG2
15282,TTCCAATTCTAGATCG3
15283,TTCCACGAGAAGGATG1
15284,TTCCACGAGATGTTAG2
15285,TTCCACGAGATGTTAG3
15286,TTCCACGAGTATCCTG2
15287,TTCCACGAGTATCCTG3
15288,TTCCACGAGTCCCTAA2
15289,TTCCACGAGTCCCTAA3
15290,TTCCACGAGTTCCTGA2
15291,TTCCACGAGTTCCTGA3
15292,TTCCACGCACGTTCGG3
15293,TTCCACGCATCATCCC2
15294,TTCCACGCATCATCCC3
15295,TTCCACGGTCGTTTCC1
15296,TTCCACGGTCGTTTCC2
15297,TTCCACGGTGAATATG2
15298,TTCCACGGTGAATATG3
15299,TTCCACGGTGAGGCAT3
15300,TTCCACGGTGGCCTCA1
15301,TTCCACGTCTACACTT3
15302,TTCCGGTAGACGCTCC1
15303,TTCCGGTAGACGCTCC2
15304,TTCCGGTAGACTGGGT1
15305,TTCCGGTAGACTGGGT2
15306,TTCCGGTGTCCTTTGC3
15307,TTCCGGTGTCTGTGCG1
15308,TTCCGGTGTCTGTGCG2
15309,TTCCGGTGTGCTGATT2
15310,TTCCGGTGTGTCCGGT2
15311,TTCCGGTGTGTCCGGT3
15312,TTCCGGTGTTTGTGGT2
15313,TTCCGGTGTTTGTGGT3
15314,TTCCGGTTCATTCGTT1
15315,TTCCGGTTCATTCGTT2
15316,TTCCGGTTCCGCTGTT1
15317,TTCCGTGAGAAGTCTA2
15318,TTCCGTGAGCACAAAT3
15319,TTCCGTGAGCACTCGC2
15320,TTCCGTGAGGAGACCT3
15321,TTCCGTGCAAAGGGTC2
15322,TTCCGTGCATTACTCT3
15323,TTCCGTGGTCCACGCA2
15324,TTCCGTGTCGCGTGCA1
15325,TTCCGTGTCTCTATGT3
15326,TTCCTAAAGAGCCGAT1
15327,TTCCTAAAGAGCCGAT2
15328,TTCCTAAAGAGGCGTT2
15329,TTCCTAAAGAGGCGTT3
15330,TTCCTAAAGGGTGAGG1
15331,TTCCTAAAGGGTGAGG2
15332,TTCCTAACAAATGAAC1
15333,TTCCTAACACTTACAG3
15334,TTCCTAACAGAGTAAT2
15335,TTCCTAACAGAGTAAT3
15336,TTCCTAACATCATCCC3
15337,TTCCTAACATCATTGG3
15338,TTCCTAACATGGGATG2
15339,TTCCTAACATGGGATG3
15340,TTCCTAAGTACGCGTC2
15341,TTCCTAAGTACGCGTC3
15342,TTCCTAAGTCGCATCG1
15343,TTCCTAAGTCGCATCG2
15344,TTCCTAATCAGCTCTC3
15345,TTCCTAATCATGCCCT2
15346,TTCCTAATCATGCCCT3
15347,TTCCTAATCGGACGTC3
15348,TTCCTAATCTCTCAAT2
15349,TTCCTAATCTCTCAAT3
15350,TTCCTAATCTTAGCCC1
15351,TTCCTAATCTTAGCCC2
15352,TTCCTCTAGCACACAG2
15353,TTCCTCTAGCACACAG3
15354,TTCCTCTAGCTAATGA2
15355,TTCCTCTAGCTAATGA3
15356,TTCCTCTAGTACCATC1
15357,TTCCTCTCAATTTCGG3
15358,TTCCTCTCAGTTTCAG1
15359,TTCCTCTCATATTCGG2
15360,TTCCTCTCATATTCGG3
15361,TTCCTCTCATCGCTCT2
15362,TTCCTCTCATCGCTCT3
15363,TTCCTCTGTAGTCGGA2
15364,TTCCTTCAGCTTCTAG2
15365,TTCCTTCAGCTTCTAG3
15366,TTCCTTCAGGCATGGT3
15367,TTCCTTCCAACACGAG1
15368,TTCCTTCCAACACGAG2
15369,TTCCTTCCAAGTGTCT2
15370,TTCCTTCCAAGTGTCT3
15371,TTCCTTCCAGCTGTTA2
15372,TTCCTTCCAGCTGTTA3
15373,TTCCTTCGTCGGAAAC3
15374,TTCCTTCGTCGTTATG1
15375,TTCCTTCGTCGTTATG2
15376,TTCCTTCGTGTGCCTG2
15377,TTCCTTCGTGTGCCTG3
15378,TTCCTTCGTGTGTTTG2
15379,TTCCTTCGTGTGTTTG3
15380,TTCCTTCTCGCAACAT2
15381,TTCCTTCTCGCAACAT3
15382,TTCCTTCTCTCCTGAC2
15383,TTCCTTCTCTCCTGAC3
15384,TTCGATTAGAGGCGTT2
15385,TTCGATTAGAGGCGTT3
15386,TTCGATTAGATACCAA3
15387,TTCGATTCATACAGGG1
15388,TTCGATTCATACAGGG2
15389,TTCGATTTCAGATGCT2
15390,TTCGATTTCAGATGCT3
15391,TTCGATTTCAGTCACA1
15392,TTCGATTTCTCAACCC2
15393,TTCGATTTCTCAACCC3
15394,TTCGCTGAGCCTCTTC2
15395,TTCGCTGAGCCTCTTC3
15396,TTCGCTGCAGGCCCTA3
15397,TTCGCTGCATCGATCA2
15398,TTCGCTGCATCGATCA3
15399,TTCGCTGGTCCTTAAG3
15400,TTCGCTGGTGGCAACA2
15401,TTCGCTGGTGTACAGG1
15402,TTCGCTGGTGTACAGG2
15403,TTCGCTGGTTAAGGAT1
15404,TTCGCTGTCGAGAGAC2
15405,TTCGCTGTCGAGAGAC3
15406,TTCGCTGTCTTGGCTC2
15407,TTCGCTGTCTTGGCTC3
15408,TTCGGTCAGCTGAGCA3
15409,TTCGGTCAGGCGACAT3
15410,TTCGGTCAGTCTGCAT2
15411,TTCGGTCAGTCTGCAT3
15412,TTCGGTCCAGATAAAC3
15413,TTCGGTCCAGCAGTCC2
15414,TTCGGTCCAGGTTCAT2
15415,TTCGGTCGTACAGGTG2
15416,TTCGGTCGTACAGGTG3
15417,TTCGGTCGTTCCTAGA2
15418,TTCGGTCGTTCCTAGA3
15419,TTCGGTCGTTGCAACT2
15420,TTCTAACAGGGTAGCT3
15421,TTCTAACAGTTAGAAC2
15422,TTCTAACAGTTAGAAC3
15423,TTCTAACCAAGGCGTA1
15424,TTCTAACCAATGCAGG3
15425,TTCTAACGTAGGAGTC1
15426,TTCTAACGTCGGCTAC1
15427,TTCTAACGTCGGCTAC2
15428,TTCTAACTCATTACTC1
15429,TTCTAACTCCATTGCC2
15430,TTCTAACTCCATTGCC3
15431,TTCTAGTAGCCAAGGT1
15432,TTCTAGTCACCCGTAG2
15433,TTCTAGTCACCCGTAG3
15434,TTCTAGTCAGACCGCT3
15435,TTCTAGTCAGCTACCG2
15436,TTCTAGTCATAGAGGC2
15437,TTCTAGTCATAGAGGC3
15438,TTCTAGTCATTAGGAA2
15439,TTCTAGTCATTAGGAA3
15440,TTCTAGTTCATCCCGT1
15441,TTCTAGTTCGAACGCC2
15442,TTCTAGTTCGAACGCC3
15443,TTCTAGTTCGTTCAGA2
15444,TTCTAGTTCGTTCAGA3
15445,TTCTAGTTCTACGGTA2
15446,TTCTAGTTCTACGGTA3
15447,TTCTCTCAGCGGATCA2
15448,TTCTCTCAGCGGATCA3
15449,TTCTCTCAGTGCTACT3
15450,TTCTCTCCAACCAATC3
15451,TTCTCTCCATTAGGAA1
15452,TTCTCTCCATTAGGAA2
15453,TTCTCTCGTCAAGCGA2
15454,TTCTCTCGTCAAGCGA3
15455,TTCTCTCGTGACAACG3
15456,TTCTCTCGTGTCCTAA3
15457,TTCTCTCGTTCTCCCA2
15458,TTCTCTCGTTGTCCCT2
15459,TTCTCTCTCCTTCGAC1
15460,TTCTCTCTCGAGTCTA2
15461,TTCTCTCTCGAGTCTA3
15462,TTCTGTAAGACCTGGA3
15463,TTCTGTAAGATTAGCA3
15464,TTCTGTAAGCCAGTAG3
15465,TTCTGTAAGTCCGTCG3
15466,TTCTGTAGTACAGGTG1
15467,TTCTGTAGTACAGGTG2
15468,TTCTGTAGTCGAGTTT3
15469,TTCTGTAGTTCTCCAC3
15470,TTCTGTAGTTCTTGTT1
15471,TTCTGTAGTTCTTGTT2
15472,TTCTTCCAGTAGCATA2
15473,TTCTTCCAGTTCATCG3
15474,TTCTTCCCAAGGCAAC2
15475,TTCTTCCCAAGGCAAC3
15476,TTCTTCCCAAGTGGTG1
15477,TTCTTCCCAAGTGGTG2
15478,TTCTTCCCAGCAGGAT2
15479,TTCTTCCCAGCAGGAT3
15480,TTCTTCCGTACCACGC1
15481,TTCTTCCGTACCACGC2
15482,TTCTTCCGTACGTGTT1
15483,TTCTTCCGTACGTGTT2
15484,TTCTTCCGTAGCCAGA2
15485,TTCTTCCGTAGCCAGA3
15486,TTCTTCCGTATGAGCG2
15487,TTCTTCCGTATGAGCG3
15488,TTCTTCCGTCTACAAC1
15489,TTCTTCCGTCTACAAC2
15490,TTCTTCCGTCTACAAC3
15491,TTCTTCCGTGAAGCTG2
15492,TTCTTCCGTGAAGCTG3
15493,TTCTTCCGTGTCTCCT1
15494,TTCTTCCGTTGTCAGT2
15495,TTCTTCCGTTGTCAGT3
15496,TTCTTCCGTTGTCTAG3
15497,TTCTTCCTCCTTGACC2
15498,TTCTTCCTCCTTGACC3
15499,TTCTTCCTCGCATGAT2
15500,TTCTTCCTCGCATGAT3
15501,TTCTTCCTCGTAACCA2
15502,TTCTTCCTCGTAACCA3
15503,TTCTTGAAGACCAACG2
15504,TTCTTGAAGACCAACG3
15505,TTCTTGAAGCCAACCC2
15506,TTCTTGAAGGCTCTCG1
15507,TTCTTGACATCATCCC1
15508,TTCTTGACATCATCCC2
15509,TTCTTGACATCGCTCT2
15510,TTCTTGACATCGCTCT3
15511,TTCTTGAGTCAACGCC2
15512,TTCTTGAGTCAACGCC3
15513,TTCTTGAGTGACAACG2
15514,TTCTTGAGTGACAACG3
15515,TTCTTGAGTGCTCGTG3
15516,TTCTTGATCAGACAAA2
15517,TTCTTGATCCACACCT3
15518,TTCTTGATCGACATCA3
15519,TTCTTGATCGAGTGGA1
15520,TTCTTGATCGTTGCCT1
15521,TTCTTGATCGTTGCCT2
15522,TTGAACGAGCTTTGTG1
15523,TTGAACGAGCTTTGTG2
15524,TTGAACGCAACGCATT3
15525,TTGAACGCAAGCTCTA2
15526,TTGAACGCAAGCTCTA3
15527,TTGAACGCACCCTGTT1
15528,TTGAACGCACCCTGTT2
15529,TTGAACGCAGACACCC2
15530,TTGAACGCAGACACCC3
15531,TTGAACGGTAACATGA2
15532,TTGAACGGTAACATGA3
15533,TTGAACGGTAGTAAGT2
15534,TTGAACGGTAGTAAGT3
15535,TTGAACGGTATCGAGG2
15536,TTGAACGGTATCGAGG3
15537,TTGAACGGTCAAACGG2
15538,TTGAACGGTCAAACGG3
15539,TTGAACGGTCCCACGA2
15540,TTGAACGGTCGCACGT2
15541,TTGAACGGTCGTTGGC2
15542,TTGAACGGTTCGAAGG3
15543,TTGAACGTCAGCTGTA1
15544,TTGAACGTCAGCTGTA2
15545,TTGACCCAGGTCCAGA3
15546,TTGACCCCAATAGTCC3
15547,TTGACCCCACTGAATC1
15548,TTGACCCCACTGAATC2
15549,TTGACCCCAGCAATTC2
15550,TTGACCCCAGCAATTC3
15551,TTGACCCGTAGATTGA1
15552,TTGACCCGTAGATTGA2
15553,TTGACCCGTCCAGCGT2
15554,TTGACCCGTCCAGCGT3
15555,TTGACCCGTCGTGCCA2
15556,TTGACCCGTTATCTTC1
15557,TTGACCCTCATCACCC1
15558,TTGACCCTCATCACCC2
15559,TTGACCCTCTGCATAG2
15560,TTGACCCTCTGCATAG3
15561,TTGAGTGAGACGGTCA3
15562,TTGAGTGAGAGTCGAC2
15563,TTGAGTGAGAGTCGAC3
15564,TTGAGTGAGGGTGAAA1
15565,TTGAGTGAGGGTGAAA2
15566,TTGAGTGAGTCTCCTC1
15567,TTGAGTGAGTGGACGT2
15568,TTGAGTGCAACTACGT1
15569,TTGAGTGCACACGTGC1
15570,TTGAGTGGTATTGACC3
15571,TTGAGTGGTCAAAGTA1
15572,TTGAGTGGTCATCCGG1
15573,TTGAGTGGTGAGAACC3
15574,TTGAGTGTCGACTCCT1
15575,TTGAGTGTCTCACGAA1
15576,TTGAGTGTCTCACGAA2
15577,TTGATGGAGTAATACG1
15578,TTGATGGAGTAATACG2
15579,TTGATGGCAAATTGCC1
15580,TTGATGGCAAGCGAAC1
15581,TTGATGGCAAGCGAAC2
15582,TTGATGGCAAGCGAAC3
15583,TTGATGGCACCAGCGT1
15584,TTGATGGCACCAGCGT2
15585,TTGATGGCACCATAAC2
15586,TTGATGGCAGTAGAGC2
15587,TTGATGGCAGTAGAGC3
15588,TTGATGGGTCGAATTC1
15589,TTGATGGGTCGAATTC2
15590,TTGATGGGTGGGAGAG2
15591,TTGATGGTCACTTATC2
15592,TTGATGGTCACTTATC3
15593,TTGATGGTCCGTGTCT3
15594,TTGATGGTCGGATTAC1
15595,TTGCATTCAAGCCCAC2
15596,TTGCATTCAAGCCCAC3
15597,TTGCATTCATTACTCT3
15598,TTGCATTCATTGAAGA1
15599,TTGCATTGTCAGGTAG2
15600,TTGCATTGTCAGGTAG3
15601,TTGCATTGTTCCTAGA1
15602,TTGCATTGTTCCTAGA2
15603,TTGCATTTCAGACCTA3
15604,TTGCATTTCGAGTCTA1
15605,TTGCCTGAGAGGGTCT2
15606,TTGCCTGAGCCGTCGT2
15607,TTGCCTGAGCCGTCGT3
15608,TTGCCTGAGTCACGCC2
15609,TTGCCTGAGTCACGCC3
15610,TTGCCTGAGTTGTCAC2
15611,TTGCCTGAGTTGTCAC3
15612,TTGCCTGCAACGTTAC2
15613,TTGCCTGCAACTCGAT3
15614,TTGCCTGCACCAGGTC1
15615,TTGCCTGCATAAGCAA2
15616,TTGCCTGCATAAGCAA3
15617,TTGCCTGCATGTACGT1
15618,TTGCCTGCATGTACGT2
15619,TTGCCTGGTACCAATC1
15620,TTGCCTGGTCCGCAGT3
15621,TTGCCTGGTCTTAGTG2
15622,TTGCCTGGTCTTAGTG3
15623,TTGCCTGGTGCTGCAC2
15624,TTGCCTGGTGCTGCAC3
15625,TTGCCTGGTGGTCTAT3
15626,TTGCCTGTCACCATCC2
15627,TTGCCTGTCACCATCC3
15628,TTGCCTGTCCGCTAGG2
15629,TTGCCTGTCCGCTAGG3
15630,TTGCCTGTCGACATAC1
15631,TTGCCTGTCGACATAC2
15632,TTGCCTGTCGCCTAGG2
15633,TTGCCTGTCTACGCGG3
15634,TTGCGTCAGAATCCCT3
15635,TTGCGTCAGCCACTCG2
15636,TTGCGTCAGCCACTCG3
15637,TTGCGTCAGTCACAGG1
15638,TTGCGTCAGTCACAGG2
15639,TTGCGTCCACTATCGA3
15640,TTGCGTCCATGGAATA2
15641,TTGCGTCCATGGAATA3
15642,TTGCGTCGTATACCTG3
15643,TTGCGTCGTTAACCTG2
15644,TTGCGTCGTTAACCTG3
15645,TTGCTGCAGAAGCGAA3
15646,TTGCTGCAGATGCTGG2
15647,TTGCTGCAGATGCTGG3
15648,TTGCTGCCAGAAGCGT3
15649,TTGCTGCCAGCAGTTT2
15650,TTGCTGCCAGCAGTTT3
15651,TTGCTGCGTGAAAGTT1
15652,TTGCTGCGTTATGACC1
15653,TTGCTGCGTTCGGACC3
15654,TTGCTGCGTTCGTACA2
15655,TTGCTGCGTTCGTACA3
15656,TTGCTGCGTTGCCGAC2
15657,TTGCTGCTCAAGGTGG3
15658,TTGCTGCTCACTTGGA2
15659,TTGCTGCTCACTTGGA3
15660,TTGCTGCTCTTGCAAG1
15661,TTGGATGAGGTGGGTT3
15662,TTGGATGAGTCGTCTA3
15663,TTGGATGAGTCTGCGC1
15664,TTGGATGCAAAGGCAC1
15665,TTGGATGCAAAGGCAC2
15666,TTGGATGCACCACATA2
15667,TTGGATGCACCACATA3
15668,TTGGATGCAGGGCTTC3
15669,TTGGATGGTAGACAAT2
15670,TTGGATGGTAGACAAT3
15671,TTGGATGGTGTCCAAT2
15672,TTGGATGGTGTCCAAT3
15673,TTGGATGTCGCCCAGA1
15674,TTGGATGTCTCCACTG2
15675,TTGGATGTCTCCACTG3
15676,TTGGATGTCTGGAGAG2
15677,TTGGATGTCTTGGCTC2
15678,TTGGATGTCTTGGCTC3
15679,TTGGGATAGATTGCGG2
15680,TTGGGATAGCGCATCC3
15681,TTGGGATAGTGATGGC3
15682,TTGGGATAGTTGCTCA2
15683,TTGGGATCAAAGCTCT2
15684,TTGGGATCAAAGCTCT3
15685,TTGGGATCAACATCGT1
15686,TTGGGATCAGCATTGT2
15687,TTGGGATCAGCATTGT3
15688,TTGGGATGTACAAACA2
15689,TTGGGATGTACAAACA3
15690,TTGGGATGTCCACATA1
15691,TTGGGATGTCCACATA2
15692,TTGGGATGTCCCTGAG1
15693,TTGGGATGTCCCTGAG2
15694,TTGGGATTCCATTCGC2
15695,TTGGGATTCCATTCGC3
15696,TTGGGATTCCCTTGTG3
15697,TTGGGCGAGCAAGTGC1
15698,TTGGGCGAGCGGGTTA2
15699,TTGGGCGCAAGTGACG1
15700,TTGGGCGCATACGCAT2
15701,TTGGGCGGTAAGTTGA2
15702,TTGGGCGGTCCCTAAA2
15703,TTGGGCGGTCCCTAAA3
15704,TTGGGCGTCGCCTTTG3
15705,TTGGGCGTCGGAAGGT1
15706,TTGGGCGTCGGCATAT2
15707,TTGGGCGTCTCACGAA3
15708,TTGGGTAAGACGACTG3
15709,TTGGGTAAGAGTTGAT2
15710,TTGGGTAAGAGTTGAT3
15711,TTGGGTAAGGGATCTG3
15712,TTGGGTACAACTGATC2
15713,TTGGGTACAACTGATC3
15714,TTGGGTACAGGCACTC2
15715,TTGGGTACAGGCACTC3
15716,TTGGGTAGTATGATCC2
15717,TTGGGTAGTATGATCC3
15718,TTGGGTAGTATGGGAC2
15719,TTGGGTAGTATGGGAC3
15720,TTGGGTATCAGTGTTG1
15721,TTGGGTATCCCATACC3
15722,TTGGGTATCTGGCTGG2
15723,TTGGGTATCTGGCTGG3
15724,TTGGTTTAGTGTAGAT2
15725,TTGGTTTAGTGTAGAT3
15726,TTGGTTTAGTTTGTCG3
15727,TTGGTTTGTCGATTCA1
15728,TTGGTTTGTGCTGCAC1
15729,TTGGTTTGTGCTGCAC2
15730,TTGGTTTGTGCTGCAC3
15731,TTGGTTTGTTATGTGC1
15732,TTGGTTTGTTATGTGC2
15733,TTGGTTTTCCACGGGT2
15734,TTGGTTTTCCACGGGT3
15735,TTGGTTTTCTCCACTG2
15736,TTGGTTTTCTCCACTG3
15737,TTGTGGAAGCAATAAC1
15738,TTGTGGACACGTAGAG3
15739,TTGTGGACAGCACGAA1
15740,TTGTGGACAGCTGGTC1
15741,TTGTGGAGTCACCACG3
15742,TTGTGGAGTCTAGGTT2
15743,TTGTGGAGTGTCCCTT1
15744,TTGTGGATCTAGACCA2
15745,TTGTGGATCTAGACCA3
15746,TTGTGGATCTGCTAGA1
15747,TTGTGTTAGAGTGAAG1
15748,TTGTGTTAGAGTGAAG2
15749,TTGTGTTAGGAACATT1
15750,TTGTGTTCAGACATCT2
15751,TTGTGTTCATTGAAAG2
15752,TTGTGTTTCACTGGGC3
15753,TTGTTCAAGAAGCTGC3
15754,TTGTTCAAGTAAGCAT1
15755,TTGTTCAAGTTGGCGA3
15756,TTGTTCACAGCTAACT3
15757,TTGTTCACATCAACCA2
15758,TTGTTCACATCAACCA3
15759,TTGTTCAGTCCTGGGT2
15760,TTGTTCAGTCCTGGGT3
15761,TTGTTCATCAGATGCT3
15762,TTGTTGTAGAAGGCTC1
15763,TTGTTGTAGAAGGCTC2
15764,TTGTTGTAGAAGGGAT3
15765,TTGTTGTCAATAGTAG2
15766,TTGTTGTCAATAGTAG3
15767,TTGTTGTCAGGAGACT3
15768,TTGTTGTCATGGAATA2
15769,TTGTTGTCATGGAATA3
15770,TTGTTGTGTAGAAACT2
15771,TTGTTGTGTATCATGC2
15772,TTGTTGTGTGCTATTG2
15773,TTGTTGTTCCACGAAT2
15774,TTGTTGTTCCACGAAT3
15775,TTGTTGTTCGTCTACC3
15776,TTGTTTGAGCGTGCCT3
15777,TTGTTTGAGTAAACAC3
15778,TTGTTTGAGTCGCTAT2
15779,TTGTTTGCACCGTGGT2
15780,TTGTTTGCAGCGTGCT2
15781,TTGTTTGCAGCGTGCT3
15782,TTGTTTGGTGTTGAGG3
15783,TTGTTTGGTTTACGTG2
15784,TTGTTTGGTTTACGTG3
15785,TTGTTTGGTTTAGAGA3
15786,TTGTTTGTCGTCCTCA1
15787,TTGTTTGTCGTCCTCA2
15788,TTGTTTGTCTGCACCT3
15789,TTTACCAAGAAGTGTT2
15790,TTTACCAAGAAGTGTT3
15791,TTTACCAAGCGTTAGG2
15792,TTTACCAAGGTACAAT3
15793,TTTACCAAGTCATAGA2
15794,TTTACCAAGTCATAGA3
15795,TTTACCACAACGACAG1
15796,TTTACCACAACGACAG2
15797,TTTACCACACTGGAAG1
15798,TTTACCACACTGGAAG2
15799,TTTACCACAGCACAGA3
15800,TTTACCACAGTGAGCA2
15801,TTTACCACAGTGAGCA3
15802,TTTACCACATTCGGGC1
15803,TTTACCACATTCGGGC2
15804,TTTACCAGTAACTAAG2
15805,TTTACCAGTAACTAAG3
15806,TTTACCAGTCTCACGG2
15807,TTTACCAGTGCGTGCT3
15808,TTTACCAGTGGTCTGC1
15809,TTTACCATCACCGACG2
15810,TTTACCATCCATGAGT2
15811,TTTACCATCCATGAGT3
15812,TTTACGTAGGAGCTGT3
15813,TTTACGTAGTCCCGGT1
15814,TTTACGTCAATAGGAT1
15815,TTTACGTCATGCAGCC3
15816,TTTACGTGTGAATTAG2
15817,TTTACGTTCGTTCCTG2
15818,TTTACGTTCGTTCCTG3
15819,TTTACTGAGGATTACA2
15820,TTTACTGAGGATTACA3
15821,TTTACTGAGTGTACCT3
15822,TTTACTGCAATTCTTC2
15823,TTTACTGCAATTCTTC3
15824,TTTACTGCACGTTCGG3
15825,TTTACTGCACTGCGTG3
15826,TTTACTGCAGACGCTC2
15827,TTTACTGCAGGTCAAG3
15828,TTTACTGGTAGCTTGT2
15829,TTTACTGGTCACCTTC1
15830,TTTACTGGTCGTCATA3
15831,TTTACTGGTTAAACAG3
15832,TTTACTGTCATGGATC2
15833,TTTACTGTCATGGATC3
15834,TTTACTGTCCCTAGGG1
15835,TTTACTGTCGTCTCAC1
15836,TTTACTGTCTAGCCAA1
15837,TTTAGTCAGACCAAAT2
15838,TTTAGTCAGGAGCTGT3
15839,TTTAGTCCAACCGACC1
15840,TTTAGTCCAAGACCTT3
15841,TTTAGTCGTAACAGTA2
15842,TTTAGTCGTAACAGTA3
15843,TTTAGTCGTCCACTTC1
15844,TTTAGTCTCCCTTGTG2
15845,TTTAGTCTCCCTTTGG1
15846,TTTAGTCTCGTCAGAT1
15847,TTTAGTCTCTCAATCT3
15848,TTTATGCAGATCGACG1
15849,TTTATGCAGATCGACG2
15850,TTTATGCAGCAAACAT3
15851,TTTATGCAGCACCCAC2
15852,TTTATGCAGCACCCAC3
15853,TTTATGCAGCGTCTCG2
15854,TTTATGCAGGACTTCT1
15855,TTTATGCAGGGCTGAT2
15856,TTTATGCAGGGCTGAT3
15857,TTTATGCAGGTAGACC2
15858,TTTATGCAGGTCTACT2
15859,TTTATGCAGGTCTACT3
15860,TTTATGCCAGGATGAC2
15861,TTTATGCCAGGATGAC3
15862,TTTATGCTCCCGAGGT2
15863,TTTATGCTCCCTCGAT3
15864,TTTATGCTCGATAACC1
15865,TTTATGCTCGATAACC2
15866,TTTCACAAGAATTGCA2
15867,TTTCACAAGACGTCCC1
15868,TTTCACAAGTCAACAA2
15869,TTTCACAAGTCAACAA3
15870,TTTCACAAGTTTGTCG3
15871,TTTCACACACCTTCCA1
15872,TTTCACACACTGCATA2
15873,TTTCACACACTTGTCC3
15874,TTTCACAGTATCGATC2
15875,TTTCACAGTATCGATC3
15876,TTTCACAGTCCCTCAT2
15877,TTTCACAGTCCGGTCA2
15878,TTTCACAGTCCGGTCA3
15879,TTTCACAGTGTACGCC3
15880,TTTCACAGTGTCCAAT2
15881,TTTCACAGTGTCCAAT3
15882,TTTCACATCAGGAACG2
15883,TTTCACATCCAATCCC3
15884,TTTCAGTAGAATTTGG2
15885,TTTCAGTAGAATTTGG3
15886,TTTCAGTGTCTGATCA3
15887,TTTCAGTGTTGCTGAT1
15888,TTTCAGTGTTGCTGAT2
15889,TTTCAGTTCACTACTT3
15890,TTTCAGTTCTACGGTA3
15891,TTTCAGTTCTTACGTT2
15892,TTTCAGTTCTTACGTT3
15893,TTTCATGAGCCTTTCC2
15894,TTTCATGAGCCTTTCC3
15895,TTTCATGAGGAAGAAC3
15896,TTTCATGAGTGGTGAC1
15897,TTTCATGGTCTTGAAC2
15898,TTTCATGGTCTTGAAC3
15899,TTTCATGGTGGAACAC3
15900,TTTCATGGTTGGTACT1
15901,TTTCATGTCGAGTACT3
15902,TTTCATGTCGGATTAC2
15903,TTTCATGTCTAAGAAG3
15904,TTTCCTCAGGTACAAT2
15905,TTTCCTCAGGTACAAT3
15906,TTTCCTCAGGTTTGAA3
15907,TTTCCTCCAAGCTACT3
15908,TTTCCTCCACCGTGAC3
15909,TTTCCTCGTACGACTT3
15910,TTTCCTCGTATCTTCT1
15911,TTTCCTCTCCCAATAG1
15912,TTTCCTCTCCCAATAG2
15913,TTTCCTCTCCCAATAG3
15914,TTTCCTCTCTCAATCT1
15915,TTTCCTCTCTCAATCT2
15916,TTTCGATAGAGACAAG3
15917,TTTCGATAGCCGCACT2
15918,TTTCGATAGCCGCACT3
15919,TTTCGATCAGGCATGA3
15920,TTTCGATGTCGCGTCA2
15921,TTTCGATGTCGCGTCA3
15922,TTTCGATGTTGGGACA3
15923,TTTCGATTCAGGTGTT2
15924,TTTCGATTCAGGTGTT3
15925,TTTCGATTCGCTGTTC3
15926,TTTGACTAGGTCCAGA2
15927,TTTGACTAGGTCCAGA3
15928,TTTGACTAGTGATGGC3
15929,TTTGACTAGTGCAACG1
15930,TTTGACTCATGTCTAG2
15931,TTTGACTCATGTCTAG3
15932,TTTGACTGTATTCCGA2
15933,TTTGACTGTTCGGGTC3
15934,TTTGACTTCAAAGGTA1
15935,TTTGACTTCCTCTAAT1
15936,TTTGACTTCCTCTAAT2
15937,TTTGACTTCTACCTTA2
15938,TTTGACTTCTACCTTA3
15939,TTTGACTTCTATGTGG1
15940,TTTGACTTCTATGTGG2
15941,TTTGATCAGAACTTCC1
15942,TTTGATCAGATCGACG2
15943,TTTGATCAGATCGACG3
15944,TTTGATCAGCATACTC1
15945,TTTGATCAGGTTCATC3
15946,TTTGATCAGTGCTCGC1
15947,TTTGATCAGTGCTCGC2
15948,TTTGATCCAAGCACCC2
15949,TTTGATCCAGATACTC2
15950,TTTGATCCAGATACTC3
15951,TTTGATCCAGGACGAT2
15952,TTTGATCCAGTAGAAT1
15953,TTTGATCCAGTAGAAT2
15954,TTTGATCCATGACAAA2
15955,TTTGATCGTAGACGGT2
15956,TTTGATCTCATGCGGC3
15957,TTTGATCTCCCGTGTT1
15958,TTTGATCTCGTCACCT1
15959,TTTGATCTCGTCACCT2
15960,TTTGGAGAGAGAACCC1
15961,TTTGGAGAGAGCAGTC2
15962,TTTGGAGAGAGCCGAT2
15963,TTTGGAGAGAGCCGAT3
15964,TTTGGAGAGTATCTGC2
15965,TTTGGAGAGTCTGCAT2
15966,TTTGGAGAGTCTGCAT3
15967,TTTGGAGCACATACTG1
15968,TTTGGAGCACCGTGGT2
15969,TTTGGAGCATCGCTCT1
15970,TTTGGAGCATCGCTCT2
15971,TTTGGAGCATGACAAA1
15972,TTTGGAGCATGACAAA2
15973,TTTGGAGTCAAGAGTA1
15974,TTTGGAGTCGAGAGCA2
15975,TTTGGAGTCGAGAGCA3
15976,TTTGGAGTCGGTGAAG1
15977,TTTGGAGTCTTCGCTG3
15978,TTTGGTTCAAATGCGG2
15979,TTTGGTTCAACAGTGG2
15980,TTTGGTTCAGCCTACG2
15981,TTTGGTTCAGCCTACG3
15982,TTTGGTTGTACTGACT2
15983,TTTGGTTGTACTGACT3
15984,TTTGGTTGTCCGGATC2
15985,TTTGGTTGTCCGGATC3
15986,TTTGGTTTCATTGAGC1
15987,TTTGGTTTCATTGAGC2
15988,TTTGGTTTCCCATACC2
15989,TTTGGTTTCCCATACC3
15990,TTTGGTTTCTGGGTCG3
15991,TTTGTTGAGAGTTCGG2
15992,TTTGTTGAGAGTTCGG3
15993,TTTGTTGAGCACACAG2
15994,TTTGTTGAGCACACAG3
15995,TTTGTTGAGCGTACAG3
15996,TTTGTTGCAAGTATCC1
15997,TTTGTTGCACACACTA2
15998,TTTGTTGCAGAGATTA2
15999,TTTGTTGCAGAGATTA3
16000,TTTGTTGCAGAGCCCT2
16001,TTTGTTGCAGCAAGAC2
16002,TTTGTTGCAGCAAGAC3
16003,TTTGTTGCATGAAGGC3
16004,TTTGTTGTCATGCATG2
16005,TTTGTTGTCGCCCAGA2
16006,TTTGTTGTCGCCCAGA3
