parent,child,branch_length
10580,10581,0.0495513737655333
10581,3808,0.441703587770462
10581,8368,0.441703587770462
10580,10582,0.00644854759375407
10582,10583,0.00671180635061225
10583,1092,0.478094607591629
10583,10590,0.0470601320266724
10590,6211,0.431034475564957
10590,8203,0.431034475564957
10582,10584,0.00274670552812473
10584,10585,0.0906527550793082
10585,166,0.391406953334808
10585,5630,0.391406953334808
10584,10586,5.880552637888e-05
10586,10587,0.0252238965000271
10587,2849,0.456777006387711
10587,10638,0.0218026041984558
10638,4767,0.434974402189255
10638,8573,0.434974402189255
10586,10588,0.00088987431835591
10588,1475,0.481111028569382
10588,10589,0.00468816045600434
10589,10591,0.0217941621349839
10591,4162,0.454628705978394
10591,4879,0.454628705978394
10589,10592,0.00164747210663768
10592,10593,0.0567673963481551
10593,6038,0.418007999658585
10593,8971,0.418007999658585
10592,10594,0.000278411320640382
10594,10595,0.0111341418878663
10595,2735,0.463362842798233
10595,9913,0.463362842798233
10594,10596,0.00122705791677907
10596,10597,0.0623791091271084
10597,1586,0.410890817642212
10597,9193,0.410890817642212
10596,10598,0.00120954675375096
10598,10599,0.00812174144764483
10599,706,0.463938638567924
10599,10615,0.0383365899324417
10615,3066,0.425602048635483
10615,10460,0.425602048635483
10598,10600,0.000766453243799869
10600,10601,0.0852978830896711
10601,2831,0.385996043682098
10601,11143,0.089950293302536
11143,6113,0.296045750379562
11143,9324,0.296045750379562
10600,10602,0.00075925987891301
10602,10603,0.00517016973790535
10603,10613,0.0298806242644787
10613,5058,0.435483872890472
10613,10449,0.435483872890472
10603,10614,0.0166040025651455
10614,10668,0.064199760556221
10668,3633,0.384560734033585
10668,6612,0.384560734033585
10614,10669,0.00152377784252167
10669,6828,0.447236716747284
10669,9244,0.447236716747284
10602,10604,0.00210963180615104
10604,10605,0.00997963508708688
10605,1219,0.458445399999619
10605,9839,0.458445399999619
10604,10606,0.000285659855534415
10606,10607,0.0182874003862384
10607,5766,0.449851974844933
10607,10663,0.014902338385582
10663,1178,0.434949636459351
10663,2885,0.434949636459351
10606,10608,0.00159728881130816
10608,10609,0.00565088666243629
10609,6180,0.460891199757427
10609,10626,0.00703119434606608
10626,10652,0.0270097862015994
10652,10757,0.0247762988672766
10757,10968,0.0128427320942029
10968,6676,0.389231188248282
10968,11107,0.0193342125919312
11107,2687,0.36989697565635
11107,11357,0.0289619893545196
11357,11913,0.025385165640286
11913,4716,0.315549820661545
11913,8389,0.315549820661545
11357,11914,0.00766214477226107
11914,6439,0.33327284152957
11914,12102,0.00276921687415221
12102,12180,0.0307489752547065
12180,5062,0.299754649400711
12180,5980,0.299754649400711
12102,12181,0.0162877995011864
12181,12526,0.00666137154285723
12526,1633,0.307554453611374
12526,6441,0.307554453611374
12181,12527,0.00337623245331825
12527,12608,0.109884708410218
12608,7134,0.200954884290695
12608,9114,0.200954884290695
12527,12609,0.00142987986909271
12609,10078,0.30940971283182
12609,12647,0.00626795982881895
12647,12790,0.0420277219265699
12790,3382,0.261114031076431
12790,3998,0.261114031076431
12647,12791,0.00153884792353137
12791,8623,0.30160290507947
12791,12829,0.0161155754279004
12829,2253,0.285487329651569
12829,13222,0.019070914079403
13222,5531,0.266416415572166
13222,13707,0.00837157016450707
13707,13912,0.0686855232173746
13912,5756,0.189359322190285
13912,5778,0.189359322190285
13707,13913,0.00289805718142577
13913,638,0.255146788226234
13913,13996,0.00393760691281242
13996,14102,0.0137411956371618
14102,14509,0.0362772011027044
14509,8666,0.201190784573555
14509,10201,0.201190784573555
14102,14510,0.00725860249403179
14510,5854,0.230209383182228
14510,14750,0.00825357779939759
14750,3968,0.22195580538283
14750,15010,0.0126009516108483
15010,15479,0.0240377959750948
15479,16417,0.0416272614683424
16417,9919,0.143689796328545
16417,18112,0.00308436900377274
18112,18243,0.0937879756093025
18243,247,0.0468174517154694
18243,7632,0.0468174517154694
18112,18244,0.0325493812561035
18244,8153,0.108056046068668
18244,9738,0.108056046068668
15479,16418,0.00418084753411155
16418,16576,0.112856929004192
16576,1546,0.0682792812585831
16576,2131,0.0682792812585831
16418,16577,0.0425701763480902
16577,5604,0.138566033914685
16577,18307,0.00363742498060068
18307,2194,0.134928608934085
18307,18472,0.0261779526869456
18472,3544,0.108750656247139
18472,19453,0.0657443851232529
19453,6427,0.0430062711238861
19453,8820,0.0430062711238861
15010,15480,0.0171271527180819
15480,3783,0.1922277010539
15480,16128,0.00589740542037523
16128,16378,0.0198773640207946
16378,17171,0.0338717125356197
17171,3849,0.13258121907711
17171,7773,0.13258121907711
16378,17172,0.00874186723212306
17172,17533,0.0123212541761011
17533,7104,0.145389810204506
17533,18042,0.0193104661173291
18042,5111,0.126079344087177
18042,18816,0.0313545093768173
18816,19950,0.0223340250551701
19950,5830,0.0723908096551895
19950,20589,0.00343634063998859
20589,523,0.0689544690152009
20589,20665,0.0100225986291965
20665,10001,0.0589318703860044
20665,20861,0.0116655770689249
20861,1679,0.0472662933170795
20861,4276,0.0472662933170795
18816,19951,0.0183625253538291
19951,4184,0.0763623093565305
19951,20480,0.014324236040314
20480,1600,0.0620380733162165
20480,20809,0.0130870249122381
20809,8031,0.0489510484039783
20809,8313,0.0489510484039783
17172,17534,0.00607419276787272
17534,1001,0.151636871612734
17534,17779,0.0199448013179053
17779,7207,0.131692070294829
17779,18606,0.0106944979771095
18606,7626,0.120997572317719
18606,19017,0.0180784580962998
19017,19652,0.0066025084150689
19652,2144,0.0963166058063507
19652,6756,0.0963166058063507
19017,19653,0.00564626508116067
19653,4489,0.0972728491402589
19653,19870,0.0150729290827181
19870,20329,0.0240880434977866
20329,20877,0.0191384072725971
20877,5482,0.0389734692871571
20877,21091,0.0172319523990154
21091,3519,0.0217415168881416
21091,3581,0.0217415168881416
20329,20878,0.00372213901331027
20878,6574,0.0543897375464439
20878,20927,0.0053173191845417
20927,7991,0.0490724183619022
20927,20995,0.0265953633934259
20995,7796,0.0224770549684763
20995,9360,0.0224770549684763
19870,20330,0.00645719999003977
20330,2429,0.0757427200675011
20330,20504,0.0157020412385464
20504,20849,0.01490543410182
20849,808,0.0451352447271347
20849,4600,0.0451352447271347
20504,20850,0.0148127693682909
20850,1683,0.0452279094606638
20850,21046,0.0124807860702276
21046,981,0.0327471233904362
21046,9004,0.0327471233904362
16128,16379,0.014794475864619
16379,1694,0.171535819768906
16379,8732,0.171535819768906
13996,14103,0.011463646356966
14103,5469,0.239745534956455
14103,14449,0.0795717611908913
14449,6219,0.160173773765564
14449,8126,0.160173773765564
10757,10969,0.0124010087495923
10969,9626,0.389672911592892
10969,11100,0.00824555841387897
11100,2296,0.381427353179013
11100,11183,0.00628592052690663
11183,6687,0.375141432652107
11183,11285,0.0385894624086527
11285,4427,0.336551970243454
11285,12020,0.00399992341796557
12020,610,0.332552046825488
12020,12123,0.026817604744186
12123,12724,0.0975876272922116
12724,1584,0.208146814789091
12724,15522,0.0120086153703076
15522,15966,0.0571842826902866
15966,1416,0.138953916728497
15966,18300,0.0426077321171761
18300,7193,0.0963461846113205
18300,7982,0.0963461846113205
15522,15967,0.0249024443328381
15967,7919,0.171235755085945
15967,16954,0.0622102282941341
16954,8444,0.109025526791811
16954,19440,0.0257725901901722
19440,5397,0.0832529366016388
19440,6899,0.0832529366016388
12123,12725,0.0188681241790099
12725,13194,0.0384082453591483
13194,1215,0.248458072543144
13194,5447,0.248458072543144
12725,13195,0.0205459426065067
13195,3335,0.266320375295786
13195,13711,0.0059729692263481
13711,8605,0.260347406069438
13711,13849,0.00581500374135518
13849,14006,0.0165696571980204
14006,4662,0.237962745130062
14006,14494,0.0362582392990589
14494,15766,0.0545117445290089
15766,5087,0.147192761301994
15766,5443,0.147192761301994
14494,15767,0.0160211808979511
15767,7198,0.185683324933052
15767,9719,0.185683324933052
13849,14007,0.00871977515163877
14007,9935,0.245812627176444
14007,14283,0.0396216536561648
14283,7439,0.206190973520279
14283,15590,0.014564131697019
15590,16150,0.0601097146670024
16150,8252,0.131517127156258
16150,8957,0.131517127156258
15590,16151,0.0291229287783305
16151,4359,0.16250391304493
16151,17341,0.0244469791650772
17341,5029,0.138056933879852
17341,5467,0.138056933879852
10652,10758,0.0067093263957021
10758,1420,0.420140892814059
10758,10802,0.00188669562172061
10802,10268,0.418254197192338
10802,10807,0.00945113479384574
10807,10904,0.042997257669031
10904,4826,0.365805804729462
10904,9580,0.365805804729462
10807,10905,0.00487903846927279
10905,10944,0.0271650014549309
10944,6636,0.376759022474289
10944,9530,0.376759022474289
10905,10945,0.00583109391031794
10945,11016,0.00874108260113093
11016,11103,0.00899944938823949
11103,11199,0.0103883348619594
11199,2306,0.369964063167572
11199,7479,0.369964063167572
11103,11200,0.0019639005182413
11200,11227,0.0528582069076525
11227,126,0.325530290603638
11227,5870,0.325530290603638
11200,11228,0.00250684262193729
11228,461,0.375881654889353
11228,11268,0.00461562668657306
11268,11335,0.054114690340765
11335,1360,0.317151337862015
11335,2280,0.317151337862015
11268,11336,0.00193859797471096
11336,4795,0.369327430228069
11336,11360,0.00137981281059263
11360,11379,0.0503100248633838
11379,4561,0.317637592554092
11379,6824,0.317637592554092
11360,11380,0.00509057201317581
11380,11457,0.0608349757116887
11457,1601,0.302022069692612
11457,12816,0.138892620801926
12816,1672,0.163129448890686
12816,2557,0.163129448890686
11380,11458,0.00269586955884166
11458,11502,0.0148730481847074
11502,4567,0.345288127660751
11502,11807,0.0758017599582672
11807,812,0.269486367702484
11807,3098,0.269486367702484
11458,11503,0.0068610144357607
11503,31,0.353300161409698
11503,11641,0.00809957623348628
11641,11812,0.0307568777100863
11812,5064,0.314443707466125
11812,9395,0.314443707466125
11641,11813,0.000329760039089688
11813,394,0.344870825137122
11813,11821,0.000459434867427277
11821,4099,0.344411390269695
11821,11841,0.00181067902493365
11841,11870,0.0150514772121302
11870,10330,0.327549234032631
11870,12254,0.0288906842470169
12254,4020,0.298658549785614
12254,9016,0.298658549785614
11841,11871,0.00173322554947303
11871,11915,0.0167665293745255
11915,12311,0.0644453912973404
12311,967,0.259655565023422
12311,1008,0.259655565023422
11915,12312,0.0565404742956161
12312,1923,0.267560482025146
12312,9371,0.267560482025146
11871,11916,0.0011860031926576
11916,8347,0.339681482502631
11916,11944,0.00409176629166924
11944,12055,0.0961530897766351
12055,7275,0.239436626434326
12055,9673,0.239436626434326
11944,12056,0.000128854599257988
12056,506,0.335460861611703
12056,12057,0.00136523823204154
12057,12083,0.0365965925511858
12083,7556,0.297499030828476
12083,12950,0.0367652177810669
12950,5464,0.260733813047409
12950,7084,0.260733813047409
12057,12084,0.000760780863131749
12084,6859,0.33333484251653
12084,12099,0.00169236125656436
12099,12154,0.0147468324228761
12154,3183,0.31689564883709
12154,12470,0.0939308404922485
12470,7002,0.222964808344841
12470,8664,0.222964808344841
12099,12155,0.00186590181632279
12155,12196,0.0110951903502438
12196,8483,0.318681389093399
12196,12420,0.0553407967090607
12420,9906,0.263340592384338
12420,10391,0.263340592384338
12155,12197,0.00122373650615049
12197,12230,0.0221122511253586
12230,4786,0.306440591812134
12230,6036,0.306440591812134
12197,12231,0.00530451770438611
12231,9392,0.323248325233106
12231,12330,0.00219252865191094
12330,12375,0.071578261094974
12375,1929,0.249477535486221
12375,9505,0.249477535486221
12330,12376,0.00284225756521744
12376,12437,0.015979366194933
12437,5196,0.302234172821045
12437,7821,0.302234172821045
12376,12438,0.00202537583883583
12438,12478,0.028945646301875
12478,1348,0.287242516875267
12478,13185,0.0711184740066528
13185,6059,0.216124042868614
13185,8370,0.216124042868614
12438,12479,0.00417558258622708
12479,12579,0.0322310602242463
12579,7793,0.279781520366669
12579,7999,0.279781520366669
12479,12580,0.000982012978027635
12580,12605,0.0349656352665433
12605,4412,0.276064932346344
12605,6416,0.276064932346344
12580,12606,0.00114777855815718
12606,12630,0.050369403460839
12630,39,0.259513385593891
12630,13869,0.0129311606287956
13869,4088,0.246582224965096
13869,6818,0.246582224965096
12606,12631,0.00132022700911089
12631,12665,0.0596655012937043
12665,4337,0.248897060751915
12665,8834,0.248897060751915
12631,12666,0.0016366312207316
12666,12699,0.00652741715015165
12699,5387,0.300398513674736
12699,12858,0.033587321639061
12858,633,0.266811192035675
12858,4926,0.266811192035675
12666,12700,0.00134718019659058
12700,12727,0.0338619622171566
12727,3187,0.27171678841114
12727,13565,0.0273196846246719
13565,2948,0.244397103786469
13565,4247,0.244397103786469
12700,12728,0.000892970552078654
12728,12757,0.0154610064308174
12757,9057,0.289224773645401
12757,13138,0.017509788274765
13138,869,0.271714985370636
13138,13566,0.0485037565231323
13566,7811,0.223211228847504
13566,9929,0.223211228847504
12728,12758,0.0027099940085803
12758,12819,0.000752761900517707
12819,5685,0.30122302416712
12819,12838,0.000189807176777801
12838,12842,0.0508495154751449
12842,4784,0.250183701515198
12842,7818,0.250183701515198
12838,12843,0.00185700190053784
12843,12888,0.0298808355703422
12888,684,0.269295379519463
12888,13618,0.0578551143407822
13618,7428,0.21144026517868
13618,10529,0.21144026517868
12843,12889,0.000540830743585519
12889,12902,0.0214268623840534
12902,6656,0.277208521962166
12902,13416,0.0361518859863281
13416,9647,0.241056635975838
13416,10155,0.241056635975838
12889,12903,0.00547571194954699
12903,13066,0.0554689479642039
13066,3810,0.237690724432468
13066,14501,0.0215522721409798
14501,2706,0.216138452291489
14501,4762,0.216138452291489
12903,13067,0.000692041846668379
13067,2479,0.292467630550004
13067,13079,0.00437523642960602
13079,13161,0.0322373106548217
13161,972,0.255855083465576
13161,3249,0.255855083465576
13079,13162,0.0121512014139719
13162,1379,0.275941192706426
13162,13451,0.00222891573628337
13451,13504,0.0141289643659802
13504,13865,0.0410454306337569
13865,2320,0.218537881970406
13865,15123,0.0382209122180939
15123,2313,0.180316969752312
15123,9078,0.180316969752312
13504,13866,0.0391645986172888
13866,2088,0.220418713986874
13866,15064,0.0344560220837593
15064,3881,0.185962691903114
15064,6712,0.185962691903114
13451,13505,0.00191349770621352
13505,13561,0.0357990181146419
13561,14570,0.038472605869174
14570,4745,0.197527155280113
14570,8764,0.197527155280113
13561,14571,0.0196199845522642
14571,9633,0.216379776597023
14571,15210,0.0117765218019485
15210,1463,0.204603254795074
15210,15644,0.024473562836647
15644,4952,0.180129691958427
15644,7940,0.180129691958427
13505,13562,0.00108354885578693
13562,5022,0.270715230408142
13562,13590,0.00256838222625871
13590,13650,0.0231476778785388
13650,3702,0.244999170303345
13650,6969,0.244999170303345
13590,13651,0.00163468097169428
13651,13705,0.0702783433147348
13705,1481,0.196233823895454
13705,8608,0.196233823895454
13651,13706,0.0179262213948424
13706,14205,0.0116273368925515
14205,14525,0.0156682182019867
14525,15030,0.00966390849016299
15030,148,0.211626482230646
15030,15393,0.0171510265420669
15393,16045,0.0102175445428917
16045,16473,0.034806577116251
16473,7565,0.149451334029436
16473,17877,0.0311812870204449
17877,7471,0.118270047008991
17877,19129,0.0153056681156158
19129,6494,0.102964378893375
19129,19649,0.0421620793640614
19649,3434,0.060802299529314
19649,9098,0.060802299529314
16045,16474,0.0113995686173439
16474,223,0.172858342528343
16474,8839,0.172858342528343
15393,16046,0.00364552676183152
16046,16194,0.0122038777541331
16194,4236,0.178626051172614
16194,16692,0.0505750464896361
16692,18731,0.0215878435721
18731,1259,0.106463161110878
18731,19521,0.0221199046820402
19521,10355,0.0843432564288378
19521,20274,0.00484612956643105
20274,20394,0.0137363951653242
20394,2407,0.0657607316970825
20394,6603,0.0657607316970825
20274,20395,0.0083202850073576
20395,549,0.0711768418550491
20395,1406,0.0711768418550491
16692,18732,0.0119706609596809
18732,2523,0.116080343723297
18732,3494,0.116080343723297
16046,16195,0.00632954757622997
16195,7756,0.184500381350517
16195,16465,0.0211295802146196
16465,17298,0.0192548127224048
17298,18096,0.0224425459901492
18096,9007,0.121673442423344
18096,18996,0.0379015579819679
18996,5204,0.0837718844413757
18996,9765,0.0837718844413757
17298,18097,0.0201920012633006
18097,18903,0.0248090848326683
18903,1876,0.099114902317524
18903,6178,0.099114902317524
18097,18904,0.0154855735599995
18904,3408,0.108438413590193
18904,19466,0.0199513025581837
19466,4498,0.0884871110320091
19466,8583,0.0884871110320091
16465,17299,0.00875909440219402
17299,68,0.154611706733704
17299,6565,0.154611706733704
14525,15031,0.00359733909429269
15031,605,0.217693051626516
15031,15165,0.00224479113748247
15165,15248,0.0158219786315429
15248,4717,0.199626281857491
15248,7906,0.199626281857491
15165,15249,0.00941305364959122
15249,3503,0.206035206839442
15249,15600,0.0166656620427966
15600,16260,0.0103551507180538
16260,16669,0.0117644248718415
16669,7776,0.16724996920675
16669,17136,0.0145117221400142
17136,17729,0.0153517700731754
17729,3296,0.137386476993561
17729,18361,0.0130382258445025
18361,9570,0.124348251149058
18361,18895,0.00665937674542268
18895,3894,0.117688874403636
18895,19148,0.0199886659781138
19148,2248,0.0977002084255219
19148,19862,0.0317676216363907
19862,5339,0.0659325867891312
19862,9265,0.0659325867891312
17136,17730,0.00624645128846169
17730,4686,0.146491795778275
17730,7616,0.146491795778275
16260,16670,0.0036895636657272
16670,2294,0.175324830412865
16670,16811,0.0134359683841467
16811,17372,0.0574293825775385
17372,7759,0.10445947945118
17372,8849,0.10445947945118
16811,17373,0.00951291700559004
17373,7917,0.152375945023128
17373,17750,0.00314191835267202
17750,6025,0.149234026670456
17750,17884,0.0218847870826721
17884,6442,0.127349239587784
17884,18755,0.0049131277948618
18755,8956,0.122436111792922
18755,18982,0.0177882369607687
18982,1002,0.104647874832153
18982,19590,0.0238231606781483
19590,9969,0.0808247141540051
19590,20358,0.0454978607594967
20358,5899,0.0353268533945084
20358,5936,0.0353268533945084
15600,16261,0.00601904723401134
16261,8331,0.183350497562634
16261,16505,0.0235940612112863
16505,17456,0.0263050222430717
17456,6356,0.133451414108276
17456,18539,0.0129522744566202
18539,19036,0.0156556700489351
19036,4169,0.104843469602721
19036,19584,0.00606844340051924
19584,19803,0.0312484100461006
19803,7696,0.0675266161561012
19803,8984,0.0675266161561012
19584,19804,0.00602105148136615
19804,5120,0.0927539747208357
19804,20012,0.0116668492555618
20012,20352,0.0120751019567251
20352,1149,0.0690120235085487
20352,6379,0.0690120235085487
20012,20353,0.00958785228431225
20353,2682,0.0714992731809616
20353,5450,0.0714992731809616
18539,19037,0.0156375523656607
19037,1913,0.104861587285995
19037,8738,0.104861587285995
16505,17457,0.00936653937950924
17457,5785,0.150389896971839
17457,17820,0.00425347774511292
17820,6550,0.146136419226726
17820,18013,0.0101463494201501
18013,2005,0.135990069806576
18013,18432,0.0256875532368819
18432,19391,0.0431482655306657
19391,2752,0.0671542510390282
19391,3892,0.0671542510390282
18432,19392,0.0100436409314473
19392,5883,0.100258875638247
19392,19753,0.0419606491923332
19753,3930,0.0582982264459133
19753,10420,0.0582982264459133
14205,14526,0.00778844025747297
14526,14775,0.0365932536396113
14775,5444,0.192576915025711
14775,5526,0.192576915025711
14526,14776,0.00525018694725904
14776,7467,0.223919981718063
14776,14943,0.0178220110014081
14943,15595,0.0391580713912845
15595,3712,0.166939899325371
15595,3953,0.166939899325371
14943,15596,0.013400790547686
15596,4190,0.192697180168969
15596,16118,0.0116237951886086
16118,3338,0.181073384980361
16118,16581,0.0131450338910023
16581,17104,0.0172101985663176
17104,17808,0.037159688770771
17808,1689,0.11355846375227
17808,3067,0.11355846375227
17104,17809,0.0357692614197731
17809,2835,0.114948891103268
17809,4576,0.114948891103268
16581,17105,0.00872286967933178
17105,5470,0.159205481410027
17105,6882,0.159205481410027
13706,14206,0.0109558424822723
14206,8170,0.237630103333075
14206,14504,0.0148211897099136
14504,14974,0.00705906893936989
14974,15230,0.0149051265404472
15230,15815,0.0820989664644003
15815,6792,0.118745751678944
15815,10121,0.118745751678944
15230,15816,0.0200226224426712
15816,8133,0.180822095700673
15816,16597,0.03007957977908
16597,876,0.150742515921593
16597,17804,0.027936115860939
17804,9848,0.122806400060654
17804,18968,0.00338865195711455
18968,19079,0.0277489150563876
19079,1343,0.0916688330471516
19079,20045,0.0101815424859524
20045,2538,0.0814872905611992
20045,8776,0.0814872905611992
18968,19080,0.00830027336875597
19080,2697,0.111117474734783
19080,3872,0.111117474734783
14974,15231,0.00325020724050534
15231,4741,0.212499637443286
15231,15362,0.00215485377953603
15362,15429,0.00847070634365082
15429,1970,0.201874077320099
15429,6715,0.201874077320099
15362,15430,0.00804369419813156
15430,15734,0.0246391490101814
15734,1474,0.177661940455437
15734,16729,0.0299003968636195
16729,6701,0.147761543591817
16729,17946,0.00635543217261633
17946,4674,0.141406111419201
17946,18210,0.0119192227721214
18210,3593,0.129486888647079
18210,10498,0.129486888647079
15430,15735,0.00201073251384543
15735,15830,0.0266693453078482
15830,16868,0.00814151303899111
16868,17211,0.0135924462229013
17211,9488,0.151887052382032
17211,17768,0.00818537373208642
17768,1123,0.143701678649946
17768,18111,0.00563277839259665
18111,1748,0.138068900257349
18111,18331,0.00640697437855933
18331,1617,0.13166192587879
18331,18607,0.00671519846138027
18607,1826,0.124946727417409
18607,18875,0.0207210014175091
18875,578,0.1042257259999
18875,19607,0.00418896458688237
19607,6994,0.100036761413018
19607,19767,0.0152472394208113
19767,9601,0.0847895219922066
19767,20257,0.00883948306242625
20257,20497,0.0240114678939184
20497,435,0.051938571035862
20497,1514,0.051938571035862
20257,20498,0.00540025283892949
20498,9713,0.0705497860908508
20498,20634,0.0490539222955704
20634,208,0.0214958637952805
20634,10386,0.0214958637952805
16868,17212,0.00519231768945849
17212,10457,0.160287180915475
17212,17444,0.00370756297239236
17444,1684,0.156579617943083
17444,17584,0.0441532937543733
17584,19324,0.0319465011358261
19324,1936,0.0804798230528831
19324,20371,0.0237221208711465
20371,6779,0.0567577021817366
20371,20902,0.00838135244945685
20902,8323,0.0483763497322798
20902,21006,0.0220551081001759
21006,1595,0.0263212416321039
21006,5150,0.0263212416321039
17584,19325,0.00665641427040101
19325,9175,0.105769909918308
19325,9831,0.105769909918308
15830,16869,0.00706820673676151
16869,6896,0.166552804907163
16869,17169,0.00766938761586233
17169,6009,0.158883417291301
17169,17485,0.0100509138955247
17485,17905,0.0078930430735151
17905,18231,0.0676819991320372
18231,4646,0.0732574611902237
18231,8319,0.0732574611902237
17905,18232,0.0218431953695558
18232,19091,0.012600314581678
19091,5930,0.106495950371027
19091,19517,0.0348144434392452
19517,837,0.0716815069317818
19517,8405,0.0716815069317818
18232,19092,0.00553004266250701
19092,19283,0.0226687515775363
19283,5091,0.0908974707126617
19283,20066,0.0180255621671677
20066,1384,0.0728719085454941
20066,5791,0.0728719085454941
19092,19284,0.00966997692982356
19284,7436,0.103896245360374
19284,19620,0.0392307080328465
19620,720,0.064665537327528
19620,20749,0.0158192031085491
20749,9391,0.0488463342189789
20749,10307,0.0488463342189789
17485,17906,0.00220042808602253
17906,3957,0.146632075309753
17906,10443,0.146632075309753
15735,15831,0.0191914413152333
15831,10395,0.181098915636539
15831,16579,0.0336307853460312
16579,3216,0.147468130290508
16579,17957,0.0123794518411159
17957,18467,0.0277867019176483
18467,4032,0.107301976531744
18467,19496,0.0266441218554974
19496,272,0.0806578546762466
19496,4014,0.0806578546762466
17957,18468,0.0144168324768543
18468,1971,0.120671845972538
18468,9767,0.120671845972538
14504,14975,0.00469953766537598
14975,9532,0.218109375957785
14975,15134,0.000410407925834827
15134,5118,0.21769896803195
15134,15164,0.0226889423965504
15164,16012,0.0184211105107004
16012,16767,0.0228381644538689
16767,17694,0.0298388781646887
17694,7942,0.123911872506142
17694,18905,0.020351342856884
18905,2598,0.103560529649258
18905,4946,0.103560529649258
16767,17695,0.0161658724503858
17695,18349,0.0168952700637636
18349,19026,0.01139135658741
19026,1,0.109298251569271
19026,5414,0.109298251569271
18349,19027,0.003429281214873
19027,19155,0.047106941541036
19155,174,0.0701533854007721
19155,7858,0.0701533854007721
19027,19156,0.0224943173428376
19156,3886,0.0947660095989704
19156,19949,0.0134026147425175
19949,7114,0.0813633948564529
19949,8848,0.0813633948564529
17695,18350,0.0145757478617486
18350,6117,0.123009130358696
18350,18950,0.0029454305768013
18950,483,0.120063699781895
18950,6150,0.120063699781895
16012,16768,0.0205849275940348
16768,17614,0.0118761560467839
17614,18093,0.030597277606527
18093,8468,0.113530553877354
18093,19286,0.0327185466885567
19286,903,0.080812007188797
19286,2983,0.080812007188797
17614,18094,0.0245933936287959
18094,1506,0.119534437855085
18094,19073,0.0237171662350496
19073,1660,0.0958172716200352
19073,19912,0.0201224870979786
19912,3276,0.0756947845220566
19912,5311,0.0756947845220566
16768,17615,0.00351552604997363
17615,9363,0.152488461480691
17615,17744,0.0137455048373877
17744,8651,0.138742956643303
17744,18302,0.00749838730376778
18302,4166,0.131244569339535
18302,18626,0.00496533370830796
18626,2230,0.126279235631228
18626,18801,0.00674732352296513
18801,9426,0.119531912108262
18801,19076,0.00655854617555936
19076,8646,0.112973365932703
19076,19303,0.0183444539351123
19303,5576,0.0946289119975907
19303,19953,0.0092367088156087
19953,7105,0.085392203181982
19953,20236,0.00570145323872566
20236,2430,0.0796907499432564
20236,20389,0.0101266235113144
20389,20656,0.0244921371340752
20656,246,0.0450719892978668
20656,7304,0.0450719892978668
20389,20657,0.0215289983898401
20657,4588,0.0480351280421019
20657,21011,0.0162174832075834
21011,6209,0.0318176448345184
21011,10524,0.0318176448345184
15164,16013,0.0130123071765739
16013,532,0.181997718458826
16013,16553,0.0213237058201974
16553,17424,0.0234727034345269
17424,7950,0.137201309204102
17424,10506,0.137201309204102
16553,17425,0.0109865785576403
17425,17865,0.0074084458280016
17865,10406,0.142278988252987
17865,18179,0.0161829785415621
18179,18813,0.0108845273653666
18813,8078,0.115211482346058
18813,19224,0.0479557599872351
19224,296,0.0672557223588228
19224,20694,0.00634217324356238
20694,7312,0.0609135491152604
20694,20834,0.0215018292268117
20834,277,0.0394117198884487
20834,21087,0.00608668476343155
21087,2341,0.0333250351250172
21087,3244,0.0333250351250172
18179,18814,0.0065255135297775
18814,19071,0.0273152167598407
19071,613,0.0922552794218063
19071,7060,0.0922552794218063
18814,19072,0.00992616141835849
19072,6930,0.109644334763288
19072,19416,0.021272961050272
19416,383,0.0883713737130165
19416,9474,0.0883713737130165
17425,17866,0.00650404626503587
17866,8280,0.143183387815952
17866,18129,0.0353006221354008
18129,19482,0.0195638664066791
19482,5839,0.0883188992738724
19482,6198,0.0883188992738724
18129,19483,0.0122681982815266
19483,19919,0.0308661758899689
19919,10413,0.0647483915090561
19919,20748,0.0223120488226414
20748,1242,0.0424363426864147
20748,1397,0.0424363426864147
19483,19920,0.00517202168703079
19920,4417,0.0904425457119942
19920,5912,0.0904425457119942
12758,12820,0.000587269045505268
12820,7252,0.301388517022133
12820,12832,0.0457595139741898
12832,4658,0.255629003047943
12832,5761,0.255629003047943
11016,11104,0.00713613147300396
11104,7328,0.382215715944767
11104,11175,0.00476260731617612
11175,7313,0.377453108628591
11175,11241,0.0253333648045858
11241,4459,0.352119743824005
11241,11668,0.0319827198982239
11668,3016,0.320137023925781
11668,4473,0.320137023925781
10945,11017,0.00532702058553702
11017,5333,0.392765909433365
11017,6316,0.392765909433365
10626,10653,0.00706135300085325
10653,3352,0.446798652410507
10653,10670,0.0389039218425751
10670,2078,0.407894730567932
10670,3372,0.407894730567932
10608,10610,0.00106838900820394
10610,10611,0.0155214750047947
10611,10661,0.0513128414750099
10661,755,0.398639380931854
10661,905,0.398639380931854
10611,10662,0.0374688878655434
10662,9322,0.412483334541321
10662,10057,0.412483334541321
10610,10612,0.00183419239343485
10612,10616,0.00785221475941084
10616,10644,0.0204118629313083
10644,7941,0.435375427327505
10644,10710,0.00936867873579877
10710,10763,0.0293507420170754
10763,3730,0.396656006574631
10763,7191,0.396656006574631
10710,10764,0.00120249559103158
10764,10772,0.0265488749927858
10772,7135,0.398255378007889
10772,8558,0.398255378007889
10764,10773,0.00682687813668403
10773,10808,0.0123167914261245
10808,10925,0.0278075177087249
10925,1473,0.377853065729141
10925,4379,0.377853065729141
10808,10926,0.0149664465768918
10926,11091,0.00393396266646207
11091,9048,0.386760174194512
11091,11135,0.0175082820495952
11135,11363,0.031735316093205
11363,8305,0.337516576051712
11363,9091,0.337516576051712
11135,11364,0.0231624282447997
11364,2988,0.346089463900117
11364,11793,0.00567514755627935
11793,5139,0.340414316343838
11793,11924,0.00153723057012023
11924,877,0.338877085773718
11924,11969,0.00686518865681818
11969,12146,0.0392695553600789
12146,2152,0.292742341756821
12146,5978,0.292742341756821
11969,12147,0.00534645619265983
12147,2516,0.32666544092424
12147,12275,0.00907540423766129
12275,12455,0.132579961117426
12455,548,0.185010075569153
12455,7573,0.185010075569153
12275,12456,0.0110369444856446
12456,12706,0.123802122075735
12706,7158,0.182750970125198
12706,9279,0.182750970125198
12456,12707,0.00262190873983392
12707,9930,0.3039311834611
12707,12767,0.0013999353736967
12767,1030,0.302531248087403
12767,12798,0.00131350148481962
12798,2316,0.301217746602584
12798,12839,0.0130461158572906
12839,13159,0.0205208178809894
13159,4569,0.267650812864304
13159,13663,0.0224897265434265
13663,5200,0.245161086320877
13663,9210,0.245161086320877
12839,13160,0.0157590051626985
13160,13548,0.0203694230631777
13548,6963,0.252043202519417
13548,14077,0.0357293635606766
14077,7462,0.21631383895874
14077,7625,0.21631383895874
13160,13549,0.00375660391892713
13549,13634,0.0149184118301884
13634,14031,0.0518386326730251
14031,4657,0.201898977160454
14031,8460,0.201898977160454
13634,14032,0.010425042361021
14032,3744,0.243312567472458
14032,4033,0.243312567472458
13549,13635,0.00457159969191884
13635,13755,0.0364584037456018
13755,8650,0.227626018226147
13755,14837,0.0808996483683586
14837,6665,0.146726369857788
14837,10561,0.146726369857788
13635,13756,0.000602119649394439
13756,13765,0.0205088256740234
13765,5555,0.242973476648331
13765,14359,0.0218783169984818
14359,78,0.221095159649849
14359,6773,0.221095159649849
13756,13766,0.00150286436879155
13766,13806,0.022692448979945
13806,581,0.239286988973618
13806,14463,0.0112608820199966
14463,754,0.228026106953621
14463,1126,0.228026106953621
13766,13807,0.00309058699967035
13807,13883,0.0331209702757153
13883,6462,0.225767880678177
13883,9549,0.225767880678177
13807,13884,0.0023649641488207
13884,3027,0.256523886805071
13884,13951,0.00049541099950634
13951,9794,0.256028475805565
13951,13967,0.00262004780202624
13967,3200,0.253408428003539
13967,14048,0.00479784512354045
14048,14201,0.0288937955417416
14201,9414,0.219716787338257
14201,9596,0.219716787338257
14048,14202,0.00990672821358704
14202,10164,0.238703854666411
14202,14475,0.00491107111721267
14475,10195,0.233792783549199
14475,14641,0.00123967169425809
14641,14676,0.0101455026306212
14676,118,0.222407609224319
14676,4031,0.222407609224319
14641,14677,0.00267016791965902
14677,1928,0.229882943935282
14677,14760,0.0012516694858348
14760,7819,0.228631274449447
14760,14798,0.00210586920784975
14798,14870,0.0329868735805635
14870,4734,0.193538531661034
14870,6075,0.193538531661034
14798,14871,0.0057508065551056
14871,15053,0.0194994884417405
15053,4052,0.201275110244751
15053,15791,0.0173122733831406
15791,3336,0.18396283686161
15791,8187,0.18396283686161
14871,15054,0.00235972660152095
15054,15125,0.0276557720650387
15125,3580,0.190759100019932
15125,16197,0.0453066155314445
16197,3861,0.145452484488487
16197,10279,0.145452484488487
15054,15126,0.0104878654507213
15126,15533,0.0242464201173921
15533,9277,0.183680586516857
15533,16490,0.00611846894025803
16490,2968,0.177562117576599
16490,5308,0.177562117576599
15126,15534,0.00547273404197235
15534,4931,0.202454272592277
15534,15728,0.000869863701022627
15728,15777,0.0199237567306097
15777,2774,0.181660652160645
15777,7520,0.181660652160645
15728,15778,0.000999124545395413
15778,8057,0.200585284345859
15778,15821,0.00154802997654524
15821,15867,0.0815604334235738
15867,1182,0.11747682094574
15867,3062,0.11747682094574
15821,15868,0.000110064214522698
15868,2099,0.198927190154791
15868,15872,0.0299951250605785
15872,17055,0.00324290273612268
17055,6685,0.16568916235809
17055,17200,0.00580153516920023
17200,75,0.159887627188889
17200,17451,0.00112326514024522
17451,9956,0.158764362048644
17451,17488,0.00176418295655495
17488,5737,0.157000179092089
17488,17562,0.00512586648265514
17562,2081,0.151874312609434
17562,17769,0.00413665811322178
17769,7583,0.147737654496212
17769,17947,0.00199207225171472
17947,18031,0.0115590916193546
18031,18496,0.00762082561850547
18496,4606,0.126565665006638
18496,7274,0.126565665006638
18031,18497,0.00578510019668313
18497,18721,0.0211786321949127
18721,9456,0.107222758233547
18721,10579,0.107222758233547
18497,18722,0.00729748674087813
18722,19013,0.0368330762153719
19013,1609,0.0842708274722099
19013,9896,0.0842708274722099
18722,19014,0.00568805433718897
19014,3922,0.115415849350393
19014,19214,0.000816025801405704
19214,19238,0.0279759760643985
19238,5360,0.0866238474845886
19238,20193,0.0228949338197708
20193,2109,0.0637289136648178
20193,7165,0.0637289136648178
19214,19239,0.00359880056109156
19239,3784,0.111001022987896
19239,19363,0.00380894667099393
19363,7529,0.107192076316902
19363,19497,0.000461233523371934
19497,19510,0.0277216674929315
19510,4863,0.0790091753005981
19510,9447,0.0790091753005981
19497,19511,0.00133502396585589
19511,5043,0.105395818827674
19511,19562,0.00227142213242909
19562,6431,0.103124396695245
19562,19643,0.00429044712403541
19643,19799,0.00764044866498027
19799,2923,0.091193500906229
19799,20061,0.0157175622880459
20061,5136,0.0754759386181831
20061,5528,0.0754759386181831
19643,19800,0.00477949208111832
19800,2264,0.094054457490091
19800,19964,0.00569529460812057
19964,20144,0.00660104371607304
20144,1559,0.0817581191658974
20144,5695,0.0817581191658974
19964,20145,0.00297631638745467
20145,2183,0.0853828464945157
20145,20241,0.00468754045891039
20241,20365,0.0116869109598073
20365,26,0.069008395075798
20365,7937,0.069008395075798
20241,20366,0.00374808530141781
20366,4803,0.0769472207341875
20366,20466,0.00459382789475578
20466,4884,0.0723533928394318
20466,20590,0.00620693982475334
20590,20718,0.0137046772158808
20718,4715,0.0524417757987976
20718,6405,0.0524417757987976
20590,20719,0.00166210197399254
20719,3061,0.0644843510406859
20719,20759,0.00297863521229695
20759,4011,0.0615057158283889
20759,20820,0.0114953769060473
20820,9070,0.0500103389223417
20820,20985,0.00873726845630222
20985,21071,0.00476918440711286
21071,21110,0.0149818213656545
21110,4446,0.0215220646932721
21110,21152,0.00390491665651401
21152,1380,0.0176171480367581
21152,21156,0.0127442881154517
21156,9952,0.00487285992130637
21156,21157,0.00486203963555454
21157,2917,1.08202857518336e-05
21157,5365,1.08202857518336e-05
21071,21111,0.00422754157334566
21111,7885,0.0322763444855809
21111,21126,0.0140029499307275
21126,5592,0.0182733945548534
21126,5881,0.0182733945548534
20985,21072,0.00112758449367469
21072,3379,0.0401454859723647
21072,21082,0.00112074468698767
21082,21089,0.0172348412581616
21089,976,0.0217899000272155
21089,21151,0.00352408457547426
21151,2567,0.0182658154517412
21151,6808,0.0182658154517412
21082,21090,0.0110221336492234
21090,5657,0.0280026076361537
21090,21141,0.00638388935476542
21141,8311,0.0216187182813883
21141,8396,0.0216187182813883
17947,18032,0.0108801492668213
18032,975,0.134865432977676
18032,9152,0.134865432977676
15872,17056,0.00115215091912382
17056,7774,0.167779914175089
17056,17115,0.00238228778999588
17115,17216,0.027916264757514
17216,1241,0.137481361627579
17216,7920,0.137481361627579
17115,17217,0.00248339512074983
17217,17327,0.012275859558334
17327,463,0.150638371706009
17327,9651,0.150638371706009
17217,17328,0.00492610893681222
17328,5707,0.157988122327531
17328,17516,0.00255659014799883
17516,8772,0.155431532179532
17516,17638,0.00799834538295333
17638,17959,0.0129664939912883
17959,1865,0.13446669280529
17959,1867,0.13446669280529
17638,17960,0.00499323922471315
17960,10410,0.142439947571865
17960,18171,0.00194945353940679
18171,18250,0.0192379349070351
18250,491,0.121252559125423
18250,4457,0.121252559125423
18171,18251,0.00408609669382978
18251,7983,0.136404397338629
18251,18414,0.00376828444239341
18414,18574,0.0343132669008092
18574,3936,0.0983228459954262
18574,10304,0.0983228459954262
18414,18575,0.0106487618168187
18575,18989,0.00516373246871665
18989,4272,0.1168236186107
18989,19169,0.0186153550942739
19169,8284,0.0982082635164261
19169,19836,0.0164358168840408
19836,666,0.0817724466323853
19836,9337,0.0817724466323853
18575,18990,0.00321473747837395
18990,19118,0.00903469474037223
19118,19408,0.00463415045237195
19408,2082,0.105103768408298
19408,19578,0.0203733816742897
19578,4476,0.0847303867340088
19578,5453,0.0847303867340088
19118,19409,0.00387192151370569
19409,6844,0.105865997346965
19409,19537,0.00126110278553777
19537,8432,0.104604894561427
19537,19591,0.0131041767873934
19591,9752,0.0915007177740335
19591,20050,0.00682163770300347
20050,20262,0.00833972874728642
20262,5987,0.0763393513237437
20262,20483,0.00421464762114214
20483,7499,0.0721247037026015
20483,20596,0.00760006523606452
20596,20757,0.0049261087551713
20757,6155,0.0595985297113657
20757,20857,0.0111995507031679
20857,2627,0.0483989790081978
20857,2945,0.0483989790081978
20596,20758,0.00369910756126046
20758,20836,0.01893046265468
20836,21068,0.0178624829277396
21068,2818,0.0240325853228569
21068,4235,0.0240325853228569
20836,21069,0.0153047190979123
21069,840,0.0265903491526842
21069,8001,0.0265903491526842
20758,20837,0.00094694814955195
20837,7250,0.0598785827557246
20837,20851,0.0155628013114134
20851,8143,0.0443157814443111
20851,21054,0.00404732674360275
21054,5496,0.0402684547007084
21054,7617,0.0402684547007084
20050,20263,0.00720500004488032
20263,10062,0.0774740800261497
20263,20444,0.0149579532444477
20444,20795,0.0177183859050274
20795,2492,0.0447977408766747
20795,21050,0.0153759252279997
21050,1995,0.029421815648675
21050,4263,0.029421815648675
20444,20796,0.00269891880452633
20796,3505,0.0598172079771757
20796,20854,0.00995096005499363
20854,2986,0.0498662479221821
20854,10207,0.0498662479221821
18990,19119,0.00762740461217178
19119,4814,0.111145208988871
19119,19362,0.0228609139365809
19362,4131,0.08828429505229
19362,20149,0.00121746435761452
20149,9923,0.0870668306946754
20149,20182,0.00851164534687995
20182,5616,0.0785551853477955
20182,20416,0.009107138030231
20416,20660,0.0498659675940871
20660,2027,0.0195820797234774
20660,5168,0.0195820797234774
20416,20661,0.0225128652527928
20661,1939,0.0469351820647717
20661,4557,0.0469351820647717
10926,11092,0.0021559344774838
11092,11111,0.0527173188709936
11111,5926,0.335820883512497
11111,10101,0.335820883512497
11092,11112,0.00490529576664239
11112,11162,0.0254321181189233
11162,481,0.358200788497925
11162,5750,0.358200788497925
11112,11163,0.00355470510308431
11163,11205,0.0336423268132175
11205,11782,0.0349453389644623
11782,5752,0.311490535736084
11782,9932,0.311490535736084
11205,11783,0.00820256769657135
11783,1910,0.338233307003975
11783,11986,0.0360793024301529
11986,72,0.302154004573822
11986,3888,0.302154004573822
11163,11206,0.00207737149413034
11206,11234,0.0117027760738196
11234,6500,0.366298053945814
11234,11401,0.0152108513173603
11401,11687,0.0391406317551931
11687,9636,0.31194657087326
11687,12583,0.0235376358032227
12583,692,0.288408935070038
12583,4865,0.288408935070038
11401,11688,0.00934680302937824
11688,3173,0.341740399599075
11688,11892,0.0165529847145081
11892,7534,0.325187414884567
11892,12301,0.0493688583374023
12301,2776,0.275818556547165
12301,9109,0.275818556547165
11206,11235,0.00126377171297171
11235,6758,0.376737058306662
11235,11251,0.000963288186833056
11251,11271,0.0194139455815978
11271,568,0.356359824538231
11271,11586,0.0832604318857193
11586,8801,0.273099392652512
11586,8830,0.273099392652512
11251,11272,0.00151304471176311
11272,8357,0.374260725408066
11272,11299,0.000203602025325433
11299,11302,0.0312998387414743
11302,6270,0.342757284641266
11302,9711,0.342757284641266
11299,11303,0.00087351463199381
11303,2243,0.373183608750746
11303,11314,0.00402573869208622
11314,11365,0.0353864624544426
11365,650,0.333771407604218
11365,807,0.333771407604218
11314,11366,0.00160072151431478
11366,11383,0.0388892197691938
11383,1690,0.328667928775152
11383,12229,0.0160045077403386
12229,4682,0.312663421034813
12229,12563,0.0469713062047958
12563,2814,0.265692114830017
12563,6937,0.265692114830017
11366,11384,0.000828805792235265
11384,11397,0.0381745767399183
11397,880,0.328553766012192
11397,965,0.328553766012192
11384,11398,0.00221753391942875
11398,702,0.364510808832681
11398,11437,0.000669224738547858
11437,11449,0.0105176178294087
11449,11637,0.0558397769927979
11637,3094,0.297484189271927
11637,6173,0.297484189271927
11449,11638,0.0520211160182953
11638,2381,0.301302850246429
11638,7194,0.301302850246429
11437,11450,0.000936945877001771
11450,11455,0.0406532885295554
11455,2914,0.322251349687576
11455,12351,0.0947675555944443
12351,2425,0.227483794093132
12351,7590,0.227483794093132
11450,11456,0.00584888080474555
11456,11565,0.0115864018291952
11565,6443,0.345469355583191
11565,11804,0.0479119122028351
11804,5208,0.297557443380356
11804,8376,0.297557443380356
11456,11566,0.000340527980803862
11566,11577,0.0457811924614437
11577,3359,0.310934036970139
11577,9100,0.310934036970139
11566,11578,0.00385969956260701
11578,11652,0.0312224591616541
11652,530,0.321633070707321
11652,3479,0.321633070707321
11578,11653,0.0032829143114525
11653,11715,0.0072518783148241
11715,11881,0.0766728490591049
11881,4274,0.265647888183594
11881,5759,0.265647888183594
11715,11882,0.0298735693097115
11882,5056,0.312447167932987
11882,12572,0.01446882635355
12572,5034,0.297978341579437
12572,12928,0.0153494328260422
12928,249,0.282628908753395
12928,13271,0.0457107722759247
13271,375,0.23691813647747
13271,10175,0.23691813647747
11653,11716,0.00125594664455031
11716,11739,0.0170015609934208
11739,12159,0.0243906903046149
12159,8043,0.306924417614937
12159,12701,0.056051954627037
12701,6420,0.2508724629879
12701,9766,0.2508724629879
11739,12160,0.0113868409836734
12160,12395,0.0261802420847946
12395,13038,0.067182395607233
13038,9287,0.226565629243851
13038,9410,0.226565629243851
12395,13039,0.0227535503606002
13039,6098,0.270994474490484
13039,13589,0.0428173889716466
13589,5374,0.228177085518837
13589,14815,0.0150789022445679
14815,281,0.213098183274269
14815,1438,0.213098183274269
12160,12396,0.0237366341882282
12396,6105,0.29619163274765
12396,12980,0.0469138473272324
12980,5690,0.249277785420418
12980,9292,0.249277785420418
11716,11740,0.00108696110131873
11740,11764,0.0372939890368582
11764,6415,0.309935718774796
11764,10340,0.309935718774796
11740,11765,0.00657006380066871
11765,11917,0.0315852719578387
11917,92,0.309074372053146
11917,576,0.309074372053146
11765,11918,0.000579001268932511
11918,11933,0.0179673293239539
11933,12354,0.00196532376600295
12354,6734,0.320147989652096
12354,12393,0.00167724434514771
12393,12426,0.04325738452051
12426,6891,0.275213360786438
12426,8500,0.275213360786438
12393,12427,0.00870909218485488
12427,12634,0.0571734480825919
12634,1287,0.252588205039501
12634,14065,0.0372989997267723
14065,4000,0.215289205312729
14065,7268,0.215289205312729
12427,12635,0.00248060118349486
12635,10533,0.307281051938598
12635,12691,0.00431743044200106
12691,12795,0.0200222577447089
12795,13269,0.0514205768704414
13269,810,0.231520786881447
13269,2980,0.231520786881447
12795,13270,0.0215393826365471
13270,3597,0.261401981115341
13270,8790,0.261401981115341
12691,12796,0.00534291905720347
12796,12944,0.0210765170284228
12944,13429,0.00472153915070939
13429,2252,0.271822646260262
13429,13560,0.0207734483174789
13560,14115,0.0248147821306308
14115,1124,0.226234415812152
14115,14879,0.0102680535925614
14879,8079,0.21596636221959
14879,15222,0.00981263713194774
15222,15592,0.0553124889731407
15592,8753,0.150841236114502
15592,17800,0.0137520991265774
17800,18376,0.0984080620110035
18376,1797,0.0386810749769211
18376,5601,0.0386810749769211
17800,18377,0.00865991786122322
18377,1658,0.128429219126701
18377,3742,0.128429219126701
15222,15593,0.0118316201227052
15593,9485,0.194322104964937
15593,16051,0.010075405949638
16051,120,0.184246699015299
16051,16475,0.0197409848372141
16475,814,0.164505714178085
16475,17256,0.0298708468675613
17256,18482,0.0133192129433155
18482,4485,0.121315654367208
18482,19002,0.0811173282563686
19002,5324,0.0401983261108398
19002,10544,0.0401983261108398
17256,18483,0.00391152501106262
18483,6165,0.130723342299461
18483,6762,0.130723342299461
13560,14116,0.00253844766608086
14116,14210,0.0244502595492772
14210,3535,0.224060490727425
14210,14940,0.0147262612978617
14940,15483,0.0131645624836286
15483,1800,0.196169666945934
15483,15965,0.0613986030220985
15965,178,0.134771063923836
15965,4791,0.134771063923836
14940,15484,0.00109619398911795
15484,8784,0.208238035440445
15484,15519,0.062640979886055
15519,5754,0.14559705555439
15519,5907,0.14559705555439
14116,14211,0.00459450509931358
14211,14326,0.0427912045270205
14326,2120,0.201125040650368
14326,10348,0.201125040650368
14211,14327,0.0190396873901288
14327,9691,0.224876557787259
14327,14916,0.0349125837286313
14916,3395,0.189963974058628
14916,16238,0.0291243270039558
16238,158,0.160839647054672
16238,3595,0.160839647054672
12944,13430,0.00187891063193885
13430,13477,0.00660651392851425
13477,9283,0.268058760850518
13477,13652,0.000957076981706162
13652,3626,0.267101683868812
13652,13684,0.0106711396116477
13684,5449,0.256430544257164
13684,13955,0.013598245822248
13955,14368,0.0134024275910286
14368,4860,0.229429870843887
14368,14769,0.0149818867444992
14769,5059,0.214447984099388
14769,15298,0.00801847279071807
15298,3843,0.20642951130867
15298,15581,0.0537573943535487
15581,5096,0.152672116955121
15581,17734,0.0171782573064168
17734,4845,0.135493859648705
17734,18447,0.0234339460730553
18447,384,0.112059913575649
18447,1884,0.112059913575649
13955,14369,0.007106706411356
14369,14586,0.0139746769730534
14586,2785,0.221750915050507
14586,15021,0.0298609659075737
15021,1194,0.191889949142933
15021,16142,0.0359082445502281
16142,3284,0.155981704592705
16142,9922,0.155981704592705
14369,14587,0.0125951205922679
14587,396,0.223130471431292
14587,14966,0.00682618784216735
14966,15211,0.0256139648457368
15211,4288,0.190690318743388
15211,16202,0.00434407840172449
16202,157,0.186346240341663
16202,16377,0.0430736467242241
16377,6743,0.143272593617439
16377,10461,0.143272593617439
14966,15212,0.0117136745580605
15212,15645,0.0445621662906238
15645,2432,0.16002844274044
15645,10200,0.16002844274044
15212,15646,0.00658690344010079
15646,15903,0.101111136376858
15903,948,0.0968925692141056
15903,19881,0.0357483923435211
19881,1824,0.0611441768705845
19881,4313,0.0611441768705845
15646,15904,0.0233237159748872
15904,5793,0.174679989616076
15904,16838,0.019776093463103
16838,4192,0.154903896152973
16838,17657,0.099911630153656
17657,2142,0.0549922659993172
17657,10398,0.0549922659993172
13430,13478,0.00485634975303917
13478,13606,0.0237824090652995
13606,6417,0.246026515960693
13606,7599,0.246026515960693
13478,13607,0.0109928809109622
13607,13888,0.0159189124484896
13888,14363,0.0945042308419943
14363,1741,0.148392900824547
14363,8863,0.148392900824547
13888,14364,0.00282660512939878
14364,6831,0.240070526537142
14364,14442,0.0124659092440779
14442,14838,0.0159136582898279
14838,15388,0.0407138359215524
15388,5417,0.170977123081684
15388,16964,0.143877817317843
16964,2074,0.0270993057638407
16964,4390,0.0270993057638407
14838,15389,0.00814284798171785
15389,4465,0.203548111021519
15389,15689,0.0845740288496017
15689,8318,0.118974082171917
15689,10412,0.118974082171917
14442,14839,0.00645754323937958
14839,2342,0.221147074053685
14839,15042,0.0159310586750507
15042,15625,0.0203495050470034
15625,16450,0.0305449217557907
16450,1769,0.15432158857584
16450,17678,0.0126677080988884
17678,1708,0.141653880476952
17678,6424,0.141653880476952
15625,16451,0.0155105963349342
16451,17024,0.0356066301465034
17024,5624,0.133749283850193
17024,18519,0.0218967348337173
18519,3019,0.111852549016476
18519,3606,0.111852549016476
16451,17025,0.0189429149031639
17025,7624,0.150412999093533
17025,17819,0.0194733813405037
17819,6961,0.130939617753029
17819,8219,0.130939617753029
15042,15626,0.0105733449260394
15626,4017,0.194642670452595
15626,16032,0.0455418601632118
16032,1013,0.149100810289383
16032,4835,0.149100810289383
13607,13889,0.00945223293638978
13889,114,0.249363811178641
13889,14181,0.0072656601097025
14181,14388,0.0509841351916915
14388,1667,0.191114015877247
14388,16177,0.0250901952385902
16177,6223,0.166023820638657
16177,7882,0.166023820638657
14181,14389,0.00757952133067566
14389,14620,0.00581035908761918
14620,8229,0.228708270650644
14620,14791,0.0142393072064106
14791,15296,0.0242182227472464
15296,16229,0.0373535168667634
16229,3466,0.152897223830223
16229,17726,0.052897222340107
17726,902,0.100000001490116
17726,2950,0.100000001490116
15296,16230,0.016402584562699
16230,16863,0.0248225818077723
16863,3578,0.149025574326515
16863,17894,0.0380843281745911
17894,1459,0.110941246151924
17894,9568,0.110941246151924
16230,16864,0.00920147846142452
16864,1297,0.164646677672863
16864,17248,0.00703829775253931
17248,6247,0.157608379920324
17248,17540,0.0273287532230218
17540,5131,0.130279626697302
17540,18660,0.0362744815647602
18660,299,0.0940051451325417
18660,7678,0.0940051451325417
14791,15297,0.0142533406615257
15297,3997,0.200215622782707
15297,9262,0.200215622782707
14389,14621,0.00564807397978648
14621,8177,0.228870555758476
14621,14784,0.0278711654245853
14784,15803,0.0742919705808163
15803,47,0.126707419753075
15803,7226,0.126707419753075
14784,15804,0.0180791579186916
15804,9231,0.182920232415199
15804,10023,0.182920232415199
12796,12945,0.010268289500322
12945,9788,0.287352412939072
12945,13181,0.044920340180397
13181,5199,0.242432072758675
13181,7118,0.242432072758675
11933,12355,0.000276118179615037
12355,294,0.321837195238484
12355,12358,0.00129523516172314
12358,6185,0.32054196007676
12358,12387,0.00157972615561364
12387,12414,0.10105228688345
12414,987,0.217909947037697
12414,8919,0.217909947037697
12387,12415,0.00160535432303899
12415,12464,0.109933460837808
12464,3568,0.2074234187603
12464,7927,0.2074234187603
12415,12465,0.00527120753468285
12465,12577,0.0176871258445529
12577,4533,0.294398546218872
12577,13029,0.0489687621593475
13029,266,0.245429784059525
13029,10110,0.245429784059525
12465,12578,0.0117130810074952
12578,12860,0.0320681784922878
12860,13643,0.0342977245648702
13643,4191,0.234006687998772
13643,14638,0.0388620644807816
14638,6129,0.19514462351799
14638,8791,0.19514462351799
12860,13644,0.00735623141129815
13644,2512,0.260948181152344
13644,6043,0.260948181152344
12578,12861,0.0142480742450574
12861,13215,0.0247726516031531
13215,13823,0.011749216411262
13823,14174,0.0463737280982914
14174,7686,0.203228920698166
14174,9281,0.203228920698166
13823,14175,0.00489728516905424
14175,14304,0.0628871763906171
14304,3661,0.181818187236786
14304,4056,0.181818187236786
14175,14305,0.00548460385812224
14305,3175,0.239220759769281
14305,14465,0.00833561730881532
14465,14727,0.112427869811654
14727,3848,0.118457272648811
14727,7673,0.118457272648811
14465,14728,0.0128257703812172
14728,15135,0.0159398856728027
15135,15751,0.0211848945667346
15751,16589,0.0248724835614363
16589,8782,0.156062108278275
16589,17612,0.0102518034478029
17612,18026,0.0393636847535769
18026,5296,0.106446620076895
18026,19522,0.0316093377768993
19522,8867,0.0748372822999954
19522,9221,0.0748372822999954
17612,18027,0.021351000914971
18027,113,0.124459303915501
18027,3608,0.124459303915501
15751,16590,0.022493256876866
16590,2002,0.158441334962845
16590,8741,0.158441334962845
15135,15752,0.00288153732461588
15752,7405,0.19923794908183
15752,15860,0.0256713220760936
15860,101,0.173566627005736
15860,16873,0.00555950949589409
16873,4683,0.168007117509842
16873,17099,0.0189039193093777
17099,2614,0.149103198200464
17099,17891,0.0286212004721165
17891,1044,0.120481997728348
17891,19038,0.0192814655601978
19038,595,0.10120053216815
19038,19720,0.0537690259516239
19720,81,0.047431506216526
19720,1992,0.047431506216526
14728,15136,0.0136878411779462
15136,5061,0.204371530901302
15136,15659,0.00912745765438586
15659,16005,0.0518867516269287
16005,3317,0.143357321619987
16005,18123,0.0161099880933762
18123,4475,0.127247333526611
18123,9120,0.127247333526611
15659,16006,0.00915283115491983
16006,1258,0.186091242091996
16006,16387,0.0191040837338992
16387,17155,0.0643709897994995
17155,7054,0.102616168558598
17155,7303,0.102616168558598
16387,17156,0.0256467536091805
17156,2199,0.141340404748917
17156,18214,0.0223539099097252
18214,3436,0.118986494839191
18214,19103,0.00984540209174156
19103,1590,0.10914109274745
19103,19434,0.016807284206152
19434,3487,0.0923338085412979
19434,5851,0.0923338085412979
13215,13824,0.00274363821706181
13824,13895,0.0119544610539649
13895,14252,0.0200735931595166
14252,598,0.226580172777176
14252,8165,0.226580172777176
13895,14253,0.0142281812248808
14253,5013,0.232425584711812
14253,14685,0.0149084616787757
14685,15166,0.0131618444820596
15166,15660,0.0062655309943582
15660,15900,0.0331902046288763
15900,2031,0.164899542927742
15900,9976,0.164899542927742
15660,15901,0.0190722509509041
15901,16667,0.0598205303152402
16667,6962,0.119196966290474
16667,19089,0.0293406993150711
19089,2454,0.0898562669754028
19089,3971,0.0898562669754028
15901,16668,0.0266972407698631
16668,241,0.152320255835851
16668,17753,0.0175393496950468
17753,4789,0.134780906140804
17753,18476,0.0301768332719803
18476,3179,0.104604072868824
18476,7348,0.104604072868824
15166,15661,0.00141595111727116
15661,15708,0.0364920306950808
15708,4729,0.166447296738625
15708,9170,0.166447296738625
15661,15709,0.0180286265321468
15709,8892,0.184910700901559
15709,16447,0.0119368354653754
16447,10232,0.172973865436183
16447,16899,0.00792753000839108
16899,17228,0.0150003496992897
17228,17833,0.0480445794761181
17833,3925,0.102001406252384
17833,3931,0.102001406252384
17228,17834,0.0193091690540314
17834,8147,0.130736816674471
17834,18646,0.0223609519501527
18646,7031,0.108375864724318
18646,19468,0.0116060363749663
19468,3012,0.0967698283493519
19468,19888,0.0178842656314373
19888,136,0.0788855627179146
19888,5371,0.0788855627179146
16899,17229,0.0112938728618931
17229,2595,0.153752462565899
17229,17693,0.0201162673532963
17693,18523,0.0351811349391937
18523,19823,0.0464819297194481
19823,5483,0.0519731305539608
19823,7790,0.0519731305539608
18523,19824,0.0325461216270924
19824,2696,0.0659089386463165
19824,6988,0.0659089386463165
17693,18524,0.0299176266416907
18524,19623,0.0315472530201077
19623,5411,0.0721713155508041
19623,7794,0.0721713155508041
18524,19624,0.0099535829698046
19624,5350,0.0937649856011073
19624,19979,0.0314500449846188
19979,4331,0.0623149406164885
19979,20802,0.0101579036563635
20802,8632,0.052157036960125
20802,9725,0.052157036960125
14685,15167,0.00555010801497027
15167,479,0.211967015018066
15167,15381,0.00987905591274754
15381,330,0.202087959105318
15381,15755,0.00643650835210627
15755,2947,0.195651450753212
15755,15980,0.0229565077357822
15980,4453,0.17269494301743
15980,16908,0.0279592444292373
16908,6444,0.144735698588192
16908,18069,0.011147405890127
18069,18526,0.0238855733225743
18526,8639,0.109702719375491
18526,19413,0.0150012454638879
19413,9464,0.0947014739116033
19413,19952,0.0393934057404598
19952,4499,0.0553080681711435
19952,20915,0.02124890871346
20915,3307,0.0340591594576836
20915,6646,0.0340591594576836
18069,18527,0.020765313009421
18527,19,0.112822979688644
18527,19312,0.028264157474041
19312,432,0.0845588222146034
19312,6082,0.0845588222146034
13824,13896,0.00296765432757651
13896,8022,0.255640572663081
13896,13982,0.00620873877681724
13982,14177,0.0296450110903958
14177,6378,0.219786822795868
14177,8748,0.219786822795868
13982,14178,0.0015618199406312
14178,14221,0.022556395033404
14221,14900,0.00547250201618604
14900,1298,0.219841116896042
14900,15078,0.0113484913913103
15078,10073,0.208492625504732
15078,15513,0.00284698300740935
15513,5835,0.205645642497323
15513,15618,0.0130543210289695
15618,8096,0.192591321468353
15618,16121,0.0122347909957171
16121,16609,0.0225715121875207
16609,1859,0.157785018285116
16609,17528,0.0291679178675016
17528,2360,0.128617100417614
17528,18718,0.0692614205181599
18718,8337,0.0593556798994541
18718,8858,0.0593556798994541
16121,16610,0.00601371439794698
16610,16850,0.0941069399317106
16850,6514,0.0802358761429787
16850,20375,0.0182192176580429
20375,661,0.0620166584849358
20375,3205,0.0620166584849358
16610,16851,0.0634244879086812
16851,4731,0.110918328166008
16851,19367,0.0191719457507133
19367,45,0.0917463824152946
19367,4989,0.0917463824152946
14221,14901,0.0021175120687692
14901,9786,0.223196106843459
14901,14965,0.00601773486905915
14965,15172,0.0166410789712445
15172,8889,0.200537293003156
15172,15823,0.00400507087126759
15823,7247,0.196532222131888
15823,15952,0.028319895422707
15952,17093,0.0195801852581402
17093,17916,0.0255980665485064
17916,6817,0.123034074902534
17916,18948,0.0313285316030184
18948,20043,0.0281879579027494
20043,2043,0.0635175853967667
20043,9450,0.0635175853967667
18948,20044,0.0253816892703374
20044,7505,0.0663238540291786
20044,20713,0.0204444900155067
20713,3031,0.0458793640136719
20713,9204,0.0458793640136719
17093,17917,0.0222210610906283
17917,8542,0.126411080360413
17917,9751,0.126411080360413
15952,17094,0.0178461284376681
17094,17822,0.0635296292603016
17822,8056,0.0868365690112114
17822,9038,0.0868365690112114
17094,17823,0.05512810125947
17823,2235,0.095238097012043
17823,8718,0.095238097012043
14965,15173,0.0126813928570066
15173,15649,0.0112284533927838
15649,16089,0.0208004237463077
16089,7373,0.172468101978302
16089,16925,0.025075912848115
16925,7022,0.147392189130187
16925,17963,0.0110524669289589
17963,18417,0.0504928734153509
18417,9197,0.0858468487858772
18417,10367,0.0858468487858772
17963,18418,0.047935551032424
18418,117,0.0884041711688042
18418,9879,0.0884041711688042
15649,16090,0.00979910604655743
16090,8726,0.183469419678052
16090,16500,0.0562178691228231
16500,5147,0.127251550555229
16500,18759,0.026639960706234
18759,4040,0.100611589848995
18759,5490,0.100611589848995
15173,15650,0.0101158921633448
15650,3093,0.194381086954049
15650,16049,0.00518756727506589
16049,16270,0.0235318047079173
16270,8692,0.165661714971066
16270,17203,0.0254586264491081
17203,2318,0.140203088521957
17203,6095,0.140203088521957
16049,16271,0.0111916742165281
16271,16715,0.0534604510499371
16715,522,0.124541394412518
16715,4295,0.124541394412518
16271,16716,0.0164222961498631
16716,248,0.161579549312592
16716,17387,0.0249506985147794
17387,18402,0.0162181923786799
18402,7656,0.120410658419132
18402,19039,0.02858567237854
19039,10011,0.0918249860405922
19039,10156,0.0918249860405922
17387,18403,0.00767600238323213
18403,18706,0.0496708626548449
18706,2068,0.0792819857597351
18706,4340,0.0792819857597351
18403,18707,0.0238030689458052
18707,2515,0.105149779468775
18707,19577,0.0530174523591995
19577,2959,0.0521323271095753
19577,5402,0.0521323271095753
14178,14222,0.0175937347941928
14222,2301,0.23027627915144
14222,14746,0.0286720469594002
14746,6153,0.201604232192039
14746,7309,0.201604232192039
12861,13216,0.00843430807893675
13216,13397,0.0114810334432585
13397,13712,0.0320913991332054
13712,7450,0.234117776155472
13712,9329,0.234117776155472
13397,13713,0.00156794569322033
13713,8964,0.264641229595457
13713,13746,0.00222457911377627
13746,13797,0.0578469680027758
13797,2186,0.204569682478905
13797,2717,0.204569682478905
13746,13798,0.00185344730754561
13798,10122,0.260563203174135
13798,13840,0.0111989579821099
13840,14179,0.0254346984185914
14179,1488,0.223929546773434
14179,14942,0.0485907271504402
14942,5462,0.175338819622993
14942,8699,0.175338819622993
13840,14180,0.0052646285424201
14180,9095,0.244099616649605
14180,14318,0.0230350790651099
14318,15046,0.00520137431195528
15046,7958,0.21586316327254
15046,15225,0.0165935566253734
15225,15855,0.0501580712470142
15855,17889,0.0626551322638988
17889,307,0.0864564031362534
17889,1142,0.0864564031362534
15855,17890,0.0126627869904041
17890,18412,0.0520773716270924
18412,6826,0.0843713767826557
18412,20272,0.0389091037213802
20272,4262,0.0454622730612755
20272,9873,0.0454622730612755
17890,18413,0.00950536578893663
18413,4669,0.126943382620811
18413,18777,0.00636506751179694
18777,9837,0.120578315109015
18777,19034,0.0442295921966434
19034,20481,0.0420660013332963
20481,4478,0.0342827215790749
20481,9634,0.0342827215790749
19034,20482,0.0384576441720128
20482,854,0.0378910787403584
20482,7410,0.0378910787403584
15225,15856,0.0195663610868382
15856,573,0.179703245560328
15856,16638,0.00938824812571207
16638,5317,0.170314997434616
16638,16998,0.0182468295097351
16998,1477,0.152068167924881
16998,7243,0.152068167924881
14318,15047,0.00153629821510265
15047,7460,0.219528239369392
15047,15087,0.00518128890058267
15087,15302,0.0619958541963412
15302,3852,0.152351096272469
15302,5733,0.152351096272469
15087,15303,0.0157942269915256
15303,15878,0.0159740299341224
15878,3993,0.182578693543162
15878,16534,0.0145922533812977
16534,7174,0.167986440161864
16534,17101,0.0244357908765475
17101,18117,0.0947557874023914
18117,2070,0.048794861882925
18117,7372,0.048794861882925
17101,18118,0.0163082877794901
18118,8144,0.127242361505826
18118,18761,0.019543552150329
18761,1783,0.107698809355497
18761,19489,0.0502364784479141
19489,5112,0.0574623309075832
19489,8806,0.0574623309075832
15303,15879,0.00545539521809779
15879,16096,0.0347483457263672
16096,10345,0.158348982532819
16096,17500,0.0282375936706861
17500,10209,0.130111388862133
17500,18668,0.0258633568882942
18668,4611,0.104248031973839
18668,4924,0.104248031973839
15879,16097,0.00389744849367576
16097,9040,0.189199879765511
16097,16269,0.00989051721990108
16269,16653,0.0243082833476365
16653,17654,0.0168101739448806
17654,8838,0.138190905253092
17654,18325,0.00644068668286005
18325,8224,0.131750218570232
18325,18601,0.0387357920408249
18601,1811,0.0930144265294075
18601,7536,0.0930144265294075
16653,17655,0.0118502690456808
17655,18134,0.0590860135853291
18134,5982,0.0840647965669632
18134,7881,0.0840647965669632
17655,18135,0.012555155903101
18135,1288,0.130595654249191
18135,5448,0.130595654249191
16269,16654,0.0180190447717905
16654,7347,0.161290317773819
16654,9090,0.161290317773819
13216,13398,0.0059478483866871
13398,9917,0.271742360345249
13398,13564,0.0138968526766511
13564,3397,0.257845507668597
13564,13916,0.00275386422478335
13916,982,0.255091643443814
13916,13997,0.002297844790835
13997,4981,0.252793798652979
13997,14063,0.0394328522137724
14063,15330,0.0110880892102917
15330,15737,0.0172565872470538
15737,16440,0.0519225999712944
16440,2694,0.133093670010567
16440,3057,0.133093670010567
15737,16441,0.026021233946085
16441,4520,0.158995036035776
16441,17479,0.0273827699323495
17479,4109,0.131612266103427
17479,18609,0.0335494043926398
18609,9741,0.0980628617107868
18609,19844,0.0450323410332203
19844,6705,0.0530305206775665
19844,7637,0.0530305206775665
15330,15738,0.0151201436916987
15738,2251,0.187152713537216
15738,16353,0.0975125283002853
16353,3949,0.0896401852369308
16353,5312,0.0896401852369308
14063,15331,0.00678017425604843
15331,15574,0.0483982546612469
15574,17505,0.0386229091220432
17505,2543,0.119559608399868
17505,6001,0.119559608399868
15574,17506,0.0122449154862099
17506,1350,0.145937602035701
17506,18019,0.0121230970447262
18019,18515,0.0177331703404586
18515,19198,0.0550382528454065
19198,7591,0.06104308180511
19198,20829,0.0554173025302589
20829,7442,0.00562577927485108
20829,9201,0.00562577927485108
18515,19199,0.0115910582244396
19199,2856,0.104490276426077
19199,19598,0.0267784036695957
19598,6540,0.0777118727564812
19598,8063,0.0777118727564812
18019,18516,0.0174742254118125
18516,478,0.116340279579163
18516,1924,0.116340279579163
15331,15575,0.0185840866782448
15575,5093,0.187996685504913
15575,16315,0.0248045076926549
16315,4519,0.163192177812258
16315,17315,0.0116146008173625
17315,3440,0.151577576994896
17315,17782,0.0489513128995895
17782,1897,0.102626264095306
17782,8354,0.102626264095306
11918,11934,0.00442022983445212
11934,293,0.3356604129076
11934,12047,0.0362769588828087
12047,12884,0.0230724439024925
12884,3325,0.276311010122299
12884,4891,0.276311010122299
12047,12885,0.0227045938372612
12885,6199,0.276678860187531
12885,8451,0.276678860187531
10773,10809,0.00638571090734841
10809,3416,0.411591663956642
10809,10875,0.0380033999681473
10875,1269,0.373588263988495
10875,5943,0.373588263988495
10616,10645,0.0125045564225708
10645,6116,0.443282733836242
10645,10677,0.062396755391978
10677,7772,0.380885978444264
10677,11193,0.00161597713418316
11193,789,0.379270001310081
11193,11218,0.00160722601347196
11218,913,0.377662775296609
11218,11240,0.00170991174874924
11240,6007,0.37595286354786
11240,11267,0.000489318663711324
11267,235,0.375463544884149
11267,11278,0.00157029480618598
11278,11308,0.0123886357247829
11308,11486,0.022263765335083
11486,3328,0.339240849018097
11486,3824,0.339240849018097
11308,11487,0.00667786598205566
11487,2450,0.354826748371124
11487,4610,0.354826748371124
11278,11309,0.00239261481105968
11309,167,0.371500635266903
11309,11332,0.00742135628846857
11332,4663,0.364079278978435
11332,11440,0.00167864077277008
11440,11468,0.0256596377917698
11468,2662,0.336741000413895
11468,7835,0.336741000413895
11440,11469,0.00124042774294741
11469,8038,0.361160210462717
11469,11493,0.00228843225003633
11493,11527,0.11666817005743
11527,1717,0.242203608155251
11527,8399,0.242203608155251
11493,11528,0.0202886469213163
11528,11977,0.0236842678565729
11977,1027,0.314898863434792
11977,12513,0.037177786231041
12513,40,0.277721077203751
12513,6029,0.277721077203751
11528,11978,0.00168313604236203
11978,12017,0.126813098233431
12017,1264,0.210086897015572
12017,9564,0.210086897015572
11978,12018,0.00535412451778122
12018,8513,0.331545870731221
12018,12156,0.00436655591962865
12156,12260,0.0133051595286183
12260,8485,0.313874155282974
12260,12536,0.0691963881254196
12536,7541,0.244677767157555
12536,8199,0.244677767157555
12156,12261,0.00188346393273636
12261,7195,0.325295850878856
12261,12299,0.00142118572072064
12299,2423,0.323874665158136
12299,12319,0.0123072861619885
12319,12591,0.0395138988478317
12591,2220,0.272053480148315
12591,4640,0.272053480148315
12319,12592,0.00101819747953708
12592,6212,0.31054918151661
12592,12614,0.00115276881326026
12614,12648,0.014377546045139
12648,2887,0.295018866658211
12648,13012,0.0456582307815552
13012,2266,0.249360635876656
13012,9364,0.249360635876656
12614,12649,0.00338224810229626
12649,6522,0.306014164601054
12649,12720,0.00524196115630793
12720,12849,0.0083263351910377
12849,4445,0.292445868253708
12849,8413,0.292445868253708
12720,12850,0.00214169707808004
12850,12904,0.0551813250483825
12904,725,0.243449181318283
12904,8829,0.243449181318283
12850,12905,0.00429750978276361
12905,13032,0.0563682472476593
13032,5247,0.237964749336243
13032,6370,0.237964749336243
12905,13033,0.00104702848010052
13033,13062,0.0311241618780247
13062,5451,0.262161806225777
13062,13802,0.0400031059980392
13802,542,0.222158700227737
13802,6875,0.222158700227737
13033,13063,0.000500182959775775
13063,8719,0.292785785144026
13063,13073,0.00233579995461702
13073,2418,0.290449985189409
13073,13122,0.00159873449050374
13122,13150,0.0206102624443578
13150,4970,0.268240988254547
13150,8550,0.268240988254547
13122,13151,0.0025264431231341
13151,3124,0.286324807575771
13151,13207,0.00236054178593409
13207,4513,0.283964265789837
13207,13259,0.00515452609247258
13259,13373,0.0190311022583516
13373,10555,0.259778637439013
13373,13862,0.00451127563913661
13862,7459,0.255267361799876
13862,13992,0.0255939612785975
13992,8195,0.229673400521278
13992,14763,0.0168600231409073
14763,3897,0.212813377380371
14763,5556,0.212813377380371
13259,13374,0.00417437469891141
13374,13479,0.0228033169002064
13479,9888,0.251832048098246
13479,14085,0.0393573294083278
14085,7419,0.212474718689919
14085,15363,0.0153861194849014
15363,599,0.197088599205017
15363,4268,0.197088599205017
13374,13480,0.00295169223392283
13480,13567,0.00493883559965103
13567,13699,0.0459152907133102
13699,262,0.220829546451569
13699,15052,0.0815490782260895
15052,10097,0.139280468225479
15052,10481,0.139280468225479
13567,13700,0.0289447754621506
13700,3574,0.237800061702728
13700,10090,0.237800061702728
13480,13568,0.00276325743295242
13568,7239,0.268920415331577
13568,13629,0.00769910572372023
13629,13829,0.0305785960014996
13829,9387,0.230642713606358
13829,14732,0.0118868723511696
14732,4539,0.218755841255188
14732,8316,0.218755841255188
13629,13830,0.017469983080612
13830,14334,0.00401565102306148
14334,14450,0.0155135938174146
14450,14932,0.0443418537931783
14932,8659,0.179880227893591
14932,16629,0.0265419694284598
16629,2925,0.153338258465131
16629,17708,0.0178518717487653
17708,6820,0.135486386716366
17708,18448,0.040923036634922
18448,908,0.0945633500814438
18448,6761,0.0945633500814438
14450,14933,0.00863833199818054
14933,6924,0.215583749688589
14933,15238,0.01112218800333
15238,15653,0.0118916502053087
15653,4622,0.19256991147995
15653,7791,0.19256991147995
15238,15654,0.00401376987045463
15654,1735,0.200447791814804
15654,15826,0.0170740889178382
15826,456,0.183373702896966
15826,16504,0.0115369733363863
16504,16941,0.10070219210216
16941,59,0.0711345374584198
16941,3444,0.0711345374584198
16504,16942,0.0180887885036923
16942,4444,0.153747941056887
16942,17696,0.039246333638827
17696,7279,0.11450160741806
17696,19244,0.0531191355238358
19244,20821,0.0259214782466491
20821,552,0.0354609936475754
20821,7005,0.0354609936475754
19244,20822,0.00629534882803758
20822,3729,0.0550871230661869
20822,20917,0.0030122771859169
20917,1611,0.05207484588027
20917,6008,0.05207484588027
14334,14451,0.0107311339558968
14451,2446,0.229004541548287
14451,14782,0.00961101398319286
14782,15088,0.0353192151165926
15088,6301,0.184074312448502
15088,10377,0.184074312448502
14782,15089,0.00251953591882942
15089,9948,0.216873991646265
15089,15184,0.00461522642401169
15184,1630,0.212258765222253
15184,15368,0.00340487472377382
15368,7690,0.208853890498479
15368,15496,0.00180865895180476
15496,4761,0.207045231546674
15496,15560,0.00261276334273713
15560,1507,0.204432468203937
15560,15656,0.0181021821164691
15656,16380,0.0151694093365222
16380,2481,0.171160876750946
16380,8711,0.171160876750946
15656,16381,0.0102277204259149
16381,5845,0.176102565661553
16381,16782,0.00454789406109241
16782,16948,0.0221542436629534
16948,685,0.149400427937508
16948,17880,0.0379229560494423
17880,3749,0.111477471888065
17880,6057,0.111477471888065
16782,16949,0.00291896466579702
16949,1330,0.168635706934664
16949,17070,0.0161801181538822
17070,17745,0.0298300542734205
17745,18972,0.0157784662124786
18972,19505,0.0318267773836851
19505,360,0.0750202909111977
19505,10107,0.0750202909111977
18972,19506,0.0133646385123332
19506,7767,0.0934824297825495
19506,19987,0.0202477673689524
19987,9824,0.0732346624135971
19987,20571,0.0167648643255234
20571,3875,0.0564697980880737
20571,9080,0.0564697980880737
17745,18973,0.0145945705078317
18973,19476,0.033999629629155
19476,3847,0.0740313343703747
19476,20550,0.0249525234103203
20550,2134,0.0490788109600544
20550,6555,0.0490788109600544
18973,19477,0.0014867417824765
19477,19515,0.0182573505056401
19515,10297,0.0882868717114131
19515,20148,0.0195631558696429
20148,2275,0.0687237158417702
20148,20668,0.0310496166348457
20668,3461,0.0376740992069244
20668,10026,0.0376740992069244
19477,19516,0.0137485372833908
19516,9918,0.0927956849336624
19516,20008,0.028158076107502
20008,779,0.0646376088261604
20008,20750,0.033646035939455
20750,612,0.0309915728867054
20750,9409,0.0309915728867054
17070,17746,0.0123368557323428
17746,10267,0.140118733048439
17746,18266,0.0283192466530535
18266,19342,0.0303965624835756
19342,4836,0.0814029239118099
19342,20343,0.023102905601263
20343,4284,0.0583000183105469
20343,9420,0.0583000183105469
18266,19343,0.0214679036703374
19343,2389,0.0903315827250481
19343,20085,0.0159598164260387
20085,768,0.0743717662990093
20085,20541,0.0085583192606767
20541,6607,0.0658134470383326
20541,20730,0.0114502633611361
20730,7128,0.0543631836771965
20730,20930,0.0168084166944027
20930,771,0.0375547669827938
20930,5933,0.0375547669827938
13830,14335,0.0019412351285889
14335,6781,0.241810091398656
14335,14404,0.00158868026561462
14404,14439,0.0506037177088169
14439,7998,0.189617693424225
14439,8667,0.189617693424225
14404,14440,0.00347460065963681
14440,5169,0.236746810473405
14440,14535,0.00167503754039863
14535,14603,0.0191489106416702
14603,4892,0.215922862291336
14603,8486,0.215922862291336
14535,14604,0.00601080792175757
14604,4820,0.229060965011249
14604,14781,0.0108888885851085
14781,6071,0.21817207642614
14781,15131,0.0171901533940996
15131,15807,0.0306320921170945
15807,16995,0.0182253962053972
16995,5797,0.152124434709549
16995,17759,0.0155240098635356
17759,1974,0.136600424846013
17759,18404,0.020940807958444
18404,9815,0.115659616887569
18404,19209,0.0458607822656631
19209,6125,0.0697988346219063
19209,9611,0.0697988346219063
15807,16996,0.00598946266314565
16996,17260,0.0376447056730588
17260,9272,0.126715662578742
17260,18784,0.00876973519722619
18784,2744,0.117945927381516
18784,19140,0.0127138040959835
19140,9171,0.105232123285532
19140,19568,0.014685378720363
19568,10462,0.090546744565169
19568,20080,0.00742545599738757
20080,9728,0.0831212885677814
20080,20303,0.0120588652789593
20303,6599,0.0710624232888222
20303,6791,0.0710624232888222
16996,17261,0.0240897797979414
17261,18260,0.0353108993731439
18260,8670,0.104959689080715
18260,10081,0.104959689080715
17261,18261,0.00453125514710942
18261,18435,0.0563285717119773
18435,2064,0.0794107615947723
18435,3769,0.0794107615947723
18261,18436,0.00499956545730432
18436,8328,0.130739767849445
18436,18645,0.0181656841188669
18645,988,0.112574083730578
18645,19322,0.0269345721850793
19322,5673,0.0856395115454992
19322,20228,0.019352496912082
20228,3425,0.0662870146334171
20228,20715,0.0054275244474411
20715,3781,0.060859490185976
20715,5277,0.060859490185976
15131,15808,0.0160491606172155
15808,16445,0.0120816171473387
16445,2518,0.172851145267487
16445,4437,0.172851145267487
15808,16446,0.00722564520196994
16446,16727,0.013798337591731
16727,7261,0.163908779621124
16727,17284,0.0494986474514008
17284,4641,0.114410132169724
17284,9278,0.114410132169724
16446,16728,0.0123696449327977
16728,17219,0.0216067555747353
17219,1077,0.143730716705322
17219,18105,0.00231420800089835
18105,8882,0.141416508704424
18105,18207,0.0214153928277285
18207,5664,0.120001115876695
18207,19052,0.0184809069450639
19052,19709,0.0159180409378476
19709,9963,0.085602167993784
19709,20229,0.0152840986847878
20229,20638,0.0310529917478561
20638,3128,0.0392650775611401
20638,8875,0.0392650775611401
20229,20639,0.0102049969136715
20639,8090,0.0601130723953247
20639,8168,0.0601130723953247
19052,19710,0.00535751675933968
19710,19898,0.0208856034301208
19898,20519,0.0353321941303355
20519,5789,0.0399448946118355
20519,8534,0.0399448946118355
19898,20520,0.00593743029804457
20520,2894,0.0693396584441264
20520,20662,0.0059228138377269
20662,89,0.0634168446063995
20662,20781,0.006160824932158
20781,9710,0.0572560196742415
20781,20892,0.00505006841073433
20892,1758,0.0522059512635072
20892,20959,0.0106471621741851
20959,5362,0.0415587890893221
20959,21070,0.0104893278330564
21070,3214,0.0310694612562656
21070,4999,0.0310694612562656
19710,19899,0.00375387304818925
19899,7785,0.0924088191241026
19899,20027,0.0183200455669846
20027,1328,0.074088773557118
20027,20547,0.0142532501901899
20547,225,0.0598355233669281
20547,20853,0.0113653630018234
20853,2006,0.0484701603651047
20853,21004,0.00526857227087021
21004,6860,0.0432015880942345
21004,21060,0.00804660050198436
21060,21118,0.0194996991194785
21118,194,0.0156552884727716
21118,3801,0.0156552884727716
21060,21119,0.0088304509408772
21119,5431,0.0263245366513729
21119,9436,0.0263245366513729
16728,17220,0.00716968656023625
17220,8287,0.158167785719821
17220,17507,0.0214656526432898
17507,18398,0.0177888308784791
18398,8972,0.118913302198052
18398,19107,0.0252446873734395
19107,3829,0.0936686148246129
19107,19982,0.0191486490269502
19982,10284,0.0745199657976627
19982,20538,0.0163618661463261
20538,5646,0.0581580996513367
20538,7707,0.0581580996513367
17507,18399,0.0160633958284817
18399,19032,0.0154216790364848
19032,3638,0.105217058211565
19032,19569,0.0387814119458199
19569,20705,0.0510881701484323
20705,1637,0.0153474761173129
20705,9437,0.0153474761173129
19569,20706,0.011861402541399
20706,3011,0.0545742437243462
20706,4372,0.0545742437243462
18399,19033,0.0109711464287506
19033,6833,0.109667590819299
19033,19414,0.0181676005013287
19414,20051,0.0412349215087791
20051,9898,0.0502650688091914
20051,20983,0.0064588567862908
20983,2371,0.0438062120229006
20983,21057,0.0155748687684536
21057,4401,0.028231343254447
21057,4597,0.028231343254447
19414,20052,0.0403817902940015
20052,10115,0.051118200023969
20052,20972,0.0159315926333269
20972,2670,0.0351866073906422
20972,21117,0.00690151378512383
21117,6433,0.0282850936055183
21117,9830,0.0282850936055183
10612,10617,0.000886406527716987
10617,10618,0.00199232282353656
10618,6107,0.46076077566697
10618,10627,0.0040057837747095
10627,8652,0.456754991892261
10627,10639,0.0023634539439969
10639,1875,0.454391537948264
10639,10651,0.00236093899756301
10651,10656,0.050929069352465
10656,5328,0.401101529598236
10656,7643,0.401101529598236
10651,10657,0.00617690711369195
10657,10671,0.0188612555869583
10671,4582,0.426992436250051
10671,10754,0.00787637134393054
10754,1208,0.41911606490612
10754,10806,0.0150625258684158
10806,9258,0.404053539037704
10806,9270,0.404053539037704
10657,10672,0.00122366420287162
10672,10673,0.00541032187365853
10673,10693,0.0492744073271751
10693,2228,0.389945298433304
10693,4049,0.389945298433304
10673,10694,0.0444343015551567
10694,969,0.394785404205322
10694,2913,0.394785404205322
10672,10674,0.00112933589199354
10674,10675,0.00906152436181101
10675,2410,0.434439167380333
10675,10718,0.0306853204965591
10718,1893,0.403753846883774
10718,2698,0.403753846883774
10674,10676,0.00301277096458441
10676,10686,0.044287770526171
10686,6430,0.396200150251389
10686,9132,0.396200150251389
10676,10687,0.00111878130286774
10687,2449,0.439369139474692
10687,10690,0.00674003922439981
10690,10723,0.00671884839618214
10723,9027,0.42591025185411
10723,10765,0.00887971161394829
10765,8430,0.417030540240162
10765,10817,0.00175942802773321
10817,4738,0.415271112212428
10817,10832,0.00324372740461393
10832,3356,0.412027384807814
10832,10869,0.0141492510949598
10869,5625,0.397878133712855
10869,11019,0.00535278225076569
11019,11067,0.0530785981986154
11067,122,0.339446753263474
11067,11952,0.0219106450676918
11952,496,0.317536108195782
11952,12457,0.047816497584184
12457,5606,0.269719610611598
12457,13609,0.0700537438193957
13609,2937,0.199665866792202
13609,15842,0.0974617302417755
15842,5239,0.102204136550426
15842,9355,0.102204136550426
11019,11068,0.0126210186681172
11068,11210,0.0131643340219408
11210,11395,0.00716698803142185
11395,3865,0.359573010740609
11395,11515,0.00318017693722777
11515,3145,0.356392833803381
11515,11585,0.0109345724106465
11585,6675,0.345458261392735
11585,11805,0.0248944475779846
11805,8615,0.32056381381475
11805,12386,0.0336000396863564
12386,13190,0.0365858993069692
13190,14145,0.0374992849926154
14145,7596,0.212878589828809
14145,15345,0.0344025840361913
15345,3159,0.178476005792618
15345,16699,0.0556858032941818
16699,3161,0.122790202498436
16699,6470,0.122790202498436
13190,14146,0.0289485690494379
14146,7163,0.221429305771987
14146,15026,0.00114299046496549
15026,15068,0.0157677239427964
15068,7322,0.204518591364225
15068,15648,0.0388688792785009
15648,770,0.165649712085724
15648,17204,0.036105141043663
17204,2893,0.129544571042061
17204,6774,0.129544571042061
15026,15069,0.0123102720826864
15069,4566,0.207976043224335
15069,7851,0.207976043224335
12386,13191,0.00561672489751469
13191,13313,0.0606087659344529
13313,15057,0.0336660092075666
15057,4122,0.18707227408886
15057,16355,0.0143989816308022
16355,16911,0.0539234764873981
16911,6109,0.118749815970659
16911,19120,0.0413188822567463
19120,5527,0.077430933713913
19120,7087,0.077430933713913
16355,16912,0.048981636762619
16912,2044,0.123691655695438
16912,4681,0.123691655695438
13313,15058,0.0183704932530721
15058,8065,0.202367790043354
15058,15732,0.00163342307011285
15732,819,0.200734366973241
15732,15817,0.0453209479649862
15817,7141,0.155413419008255
15817,17641,0.0336721539497375
17641,3883,0.121741265058517
17641,4042,0.121741265058517
13191,13314,0.0400012562220747
13314,5148,0.241345793008804
13314,14419,0.0220597758889198
14419,5855,0.219286017119884
14419,15093,0.0533551201224327
15093,3017,0.165930896997452
15093,10266,0.165930896997452
11210,11396,0.00438407669715191
11396,4407,0.362355922074879
11396,11470,0.0202682351099191
11470,2233,0.34208768696496
11470,11885,0.0061764390856931
11885,2221,0.335911247879267
11885,12045,0.0239268866998534
12045,2185,0.311984361179413
12045,12582,0.00379104511712192
12582,2958,0.308193316062291
12582,12675,0.0247076131489086
12675,3688,0.283485702913383
12675,13263,0.00746329741671747
13263,4488,0.276022405496665
13263,13448,0.00555792391773258
13448,6383,0.270464481578933
13448,13595,0.00259853663862258
13595,4079,0.26786594494031
13595,13654,0.00745638235257218
13654,4870,0.260409562587738
13654,13844,0.0107666670531035
13844,8901,0.249642895534635
13844,14171,0.00367039369176264
14171,6133,0.245972501842872
14171,14278,0.00469494870175485
14278,2724,0.241277553141117
14278,14420,0.0297860446075599
14420,15397,0.0209268496268325
15397,5145,0.190564658906725
15397,16209,0.0108249058562612
16209,16634,0.0626434779592923
16634,2788,0.117096275091171
16634,4159,0.117096275091171
16209,16635,0.0170393234917096
16635,7297,0.162700429558754
16635,17336,0.0190448701381683
17336,2489,0.143655559420586
17336,18113,0.0348342008888722
18113,19450,0.0744671523571014
19450,228,0.034354206174612
19450,586,0.034354206174612
18113,19451,0.0147874467074871
19451,6800,0.0940339118242264
19451,19967,0.0370630137622356
19967,1836,0.0569708980619907
19967,2324,0.0569708980619907
14420,15398,0.0171820883272272
15398,7173,0.19430942020633
15398,16052,0.021041681685231
16052,9477,0.173267738521099
16052,16888,0.0228318515544137
16888,17817,0.0128978085393707
17817,1940,0.137538078427315
17817,18352,0.0388307390113671
18352,19807,0.0516128229598204
19807,1539,0.0470945164561272
19807,9115,0.0470945164561272
18352,19808,0.0424789736668269
19808,4554,0.0562283657491207
19808,20906,0.00827255845069885
20906,156,0.0479558072984219
20906,4468,0.0479558072984219
16888,17818,0.00421392638236281
17818,6380,0.146221960584323
17818,18009,0.0300541246930758
18009,9516,0.116167835891247
18009,19194,0.0447756126523018
19194,2474,0.071392223238945
19194,10184,0.071392223238945
11068,11211,0.011192019320747
11211,11371,0.127504400908947
11371,1097,0.241207912564278
11371,9897,0.241207912564278
11211,11372,0.00575803348730353
11372,11453,0.105927816238897
11453,7424,0.257026463747025
11453,8080,0.257026463747025
11372,11454,0.0093661576436071
11454,11630,0.081834006522383
11630,1156,0.271754115819931
11630,4463,0.271754115819931
11454,11631,0.00203870285254015
11631,2111,0.351549419489774
11631,11677,0.0116897736760703
11677,11939,0.00890625640749931
11939,9860,0.330953389406204
11939,12165,0.0201603770256042
12165,5412,0.3107930123806
12165,6578,0.3107930123806
11677,11940,0.00194942666327252
11940,6440,0.337910219150431
11940,11990,0.0196657660010635
11990,12435,0.0149997245543491
12435,12785,0.0290932543575764
12785,5562,0.274151474237442
12785,7157,0.274151474237442
12435,12786,0.00436517968773842
12786,7285,0.29887954890728
12786,12897,0.0076527763158083
12897,4665,0.291226772591472
12897,13111,0.0221711766595641
13111,13627,0.0193668022130927
13627,14169,0.026323039829731
14169,4200,0.223365753889084
14169,5588,0.223365753889084
13627,14170,0.0179588484622183
14170,14705,0.0521111222250121
14705,7914,0.179618823031584
14705,16646,0.0455633380139867
16646,18502,0.0906731421127915
18502,1458,0.0433823429048061
18502,7531,0.0433823429048061
16646,18503,0.0479267807677388
18503,7924,0.0861287042498589
18503,20211,0.0182766206562519
20211,2565,0.0678520835936069
20211,20687,0.0181435644626617
20687,5028,0.0497085191309452
20687,7604,0.0497085191309452
14170,14706,0.0471073892854509
14706,3651,0.184622555971146
14706,16458,0.00919191539287567
16458,2739,0.17543064057827
16458,8100,0.17543064057827
13111,13628,0.0158632280530803
13628,6090,0.253192367878827
13628,14054,0.0279615325006572
14054,8841,0.22523083537817
14054,14903,0.0252953111415818
14903,15838,0.0517229721659706
15838,9644,0.148212552070618
15838,17930,0.031094990670681
17930,6948,0.117117561399937
17930,8924,0.117117561399937
14903,15839,0.0205165357107208
15839,1714,0.179418988525867
15839,16651,0.00479848235845565
16651,7976,0.174620506167412
16651,16840,0.0136313073337078
16840,6704,0.160989198833704
16840,17413,0.0281727376083533
17413,8364,0.132816461225351
17413,18564,0.00509403397639593
18564,7579,0.127722427248955
18564,18743,0.0453606396913528
18743,2435,0.0823617875576019
18743,4934,0.0823617875576019
11990,12436,0.00444816794816477
12436,1106,0.313796285201203
12436,12538,0.00847902877893281
12538,3252,0.30531725642227
12538,12737,0.00317410734437762
12737,5927,0.302143149077892
12737,12811,0.0122829673346132
12811,13125,0.0109931791666895
13125,13369,0.0726701430976391
13369,1685,0.206196859478951
13369,4752,0.206196859478951
13125,13370,0.0586835108697414
13370,6698,0.220183491706848
13370,9853,0.220183491706848
12811,13126,0.00995376228185541
13126,13347,0.0185214167291468
13347,1079,0.261385002732277
13347,13822,0.0292407593379418
13822,14695,0.024783352886637
14695,2850,0.207360890507698
14695,15553,0.0218717239797115
15553,9955,0.185489166527987
15553,16414,0.0175861716270447
16414,17108,0.0885065905749798
17108,7738,0.0793964043259621
17108,9597,0.0793964043259621
16414,17109,0.0274370796978474
17109,9509,0.140465915203094
17109,9843,0.140465915203094
13822,14696,0.0101114927480618
14696,8734,0.222032750646273
14696,15002,0.0305430913964907
15002,4283,0.191489659249783
15002,16164,0.0361968949437141
16164,3833,0.155292764306068
16164,5257,0.155292764306068
13126,13348,0.0123950106853788
13348,8343,0.267511408776045
13348,13673,0.0597425177693367
13673,15542,0.0395403392612934
15542,2764,0.168228551745415
15542,3787,0.168228551745415
13673,15543,0.0233475007116795
15543,5570,0.184421390295029
15543,10511,0.184421390295029
10690,10724,0.000609151626472182
10724,10725,0.0153236683828072
10725,8445,0.416696280241013
10725,10818,0.0317198932170868
10818,7265,0.384976387023926
10818,10274,0.384976387023926
10724,10726,0.00385210560156557
10726,10744,0.0569131008767159
10744,385,0.371254742145538
10744,6876,0.371254742145538
10726,10745,0.00344235283103217
10745,10774,0.0222947621133336
10774,2978,0.402430728077888
10774,10963,0.0368339568376541
10963,5925,0.365596771240234
10963,6041,0.365596771240234
10745,10775,0.00177891588397083
10775,10788,0.0319535677798274
10788,11086,0.119318224489689
11086,510,0.271674782037735
11086,4810,0.271674782037735
10788,11087,0.0320650413632393
11087,2291,0.358927965164185
11087,3100,0.358927965164185
10775,10789,0.00227342358794747
10789,10171,0.420673150719304
10789,10801,0.00525856115607637
10801,10826,0.0300480007322795
10826,6560,0.385366588830948
10826,7375,0.385366588830948
10801,10827,0.000487062080641532
10827,10834,0.0149116368842888
10834,10991,0.0371523797512054
10991,1756,0.362863510847092
10991,6627,0.362863510847092
10834,10992,0.0300518274307251
10992,1655,0.369964063167572
10992,3985,0.369964063167572
10827,10835,0.00600980737567663
10835,10901,0.027875448254416
10901,1782,0.381042271852493
10901,8609,0.381042271852493
10835,10902,0.00126490464147722
10902,10915,0.041533043269616
10915,3546,0.366119772195816
10915,5457,0.366119772195816
10902,10916,0.00121453128853344
10916,10921,0.0169977476778752
10921,6880,0.389440536499023
10921,11101,0.0705558061599731
11101,834,0.31888473033905
11101,2631,0.31888473033905
10916,10922,0.00276266803593167
10922,10952,0.0152177565850867
10952,11113,0.0391257653633753
11113,7846,0.349332094192505
11113,11722,0.046436220407486
11722,4839,0.302895873785019
11722,10248,0.302895873785019
10952,11114,0.0128007779518763
11114,1908,0.375657081604004
11114,7045,0.375657081604004
10922,10953,0.000453032757645133
10953,864,0.403222583383322
10953,10960,0.00397739556239818
10960,11005,0.0150987656731728
11005,10564,0.384146422147751
11005,11155,0.0249778628349304
11155,1112,0.35916855931282
11155,8953,0.35916855931282
10960,11006,0.000213578711560913
11006,11008,0.0615765450510589
11008,973,0.337455064058304
11008,9882,0.337455064058304
11006,11009,0.00149312811303159
11009,11027,0.011903671263894
11027,2956,0.385634809732437
11027,11145,0.0229694694280624
11145,11462,0.0463586896657944
11462,7296,0.31630665063858
11462,7548,0.31630665063858
11145,11463,0.0400950163602829
11463,443,0.322570323944092
11463,2238,0.322570323944092
11009,11028,0.000459734095756503
11028,11035,0.0206581689583744
11035,11258,0.0106653585220677
11258,11412,0.0266014043592785
11412,11962,0.0354572422802448
11962,1822,0.303696572780609
11962,8751,0.303696572780609
11412,11963,0.0116688878171974
11963,2032,0.327484927243657
11963,12256,0.0137194174731898
12256,1444,0.313765509770467
12256,12539,0.00907564545289063
12539,12755,0.0369828740755717
12755,4409,0.267706990242004
12755,4759,0.267706990242004
12539,12756,0.0125249127546946
12756,13089,0.0138818919658661
13089,4293,0.278283059597015
13089,7828,0.278283059597015
12756,13090,0.00235697627067571
13090,13127,0.0702179074287415
13127,15084,0.0748699307441711
15084,630,0.144720137119293
15084,2091,0.144720137119293
13127,15085,0.00457581877708435
15085,7922,0.21501424908638
15085,9991,0.21501424908638
13090,13128,0.0144778940780663
13128,13459,0.0542960319714046
13459,15048,0.0197355926036835
15048,183,0.201298456639051
15048,15790,0.0299092593292395
15790,8792,0.171389197309812
15790,16953,0.0306405698259672
16953,917,0.140748627483845
16953,18238,0.0843192264437675
18238,3594,0.0564294010400772
18238,3642,0.0564294010400772
13459,15049,0.0185507329801718
15049,6357,0.202483316262563
15049,15727,0.0435374577840169
15727,3610,0.158945858478546
15727,17484,0.0289377868175507
17484,1120,0.130008071660995
17484,1975,0.130008071660995
13128,13460,0.0141666546509958
13460,5393,0.261163426563144
13460,13831,0.0356906484812498
13831,9835,0.225472778081894
13831,14895,0.0233249217271805
14895,15749,0.0327298045158386
15749,7088,0.169418051838875
15749,8544,0.169418051838875
14895,15750,0.00813072919845581
15750,8289,0.194017127156258
15750,16064,0.016625722249349
16064,10277,0.177391404906909
16064,16737,0.0229813704888026
16737,1479,0.154410034418106
16737,17677,0.0278290212154388
17677,3375,0.126581013202667
17677,8272,0.126581013202667
11258,11413,0.0111651276936715
11413,11612,0.00578867562053237
11612,11729,0.00712095137200447
11729,7645,0.341680464733924
11729,11895,0.00415840920191413
11895,12005,0.0214545648053007
12005,12480,0.0652816854417324
12480,14125,0.143429785966873
14125,1984,0.107356019318104
14125,6729,0.107356019318104
12480,14126,0.0601794496178627
14126,945,0.190606355667114
14126,6706,0.190606355667114
12005,12481,0.0203847624361515
12481,6634,0.295682728290558
12481,9462,0.295682728290558
11895,12006,0.00802143765372132
12006,12209,0.0153203271792836
12209,3889,0.314180290699005
12209,12530,0.0139129109680652
12530,12862,0.0831571184098721
12862,1700,0.217110261321068
12862,8492,0.217110261321068
12530,12863,0.0458308016615255
12863,1056,0.254436578069414
12863,14010,0.0265600464883305
14010,626,0.227876531581084
14010,14826,0.015276666978995
14826,1934,0.212599864602089
14826,15358,0.0516189098358154
15358,5809,0.160980954766273
15358,17414,0.0130177438259125
17414,17937,0.0492252260446548
17937,3991,0.0987379848957062
17937,9352,0.0987379848957062
17414,17938,0.0143579989671707
17938,7923,0.13360521197319
17938,9536,0.13360521197319
12006,12210,0.00717485326343004
12210,12349,0.0254246577804471
12349,9059,0.296901106834412
12349,12964,0.0252569342652956
12964,13571,0.0676269953449568
13571,7446,0.204017177224159
13571,15673,0.124857187271118
15673,2621,0.0791599899530411
15673,9227,0.0791599899530411
12964,13572,0.00946552471982109
13572,4838,0.262178647849295
13572,13801,0.0230641174647543
13801,1723,0.239114530384541
13801,14470,0.00528587294476374
14470,646,0.233828657439777
14470,14640,0.0227925738408452
14640,4825,0.211036083598932
14640,15412,0.011769059424599
15412,15857,0.0675639975816011
15857,4267,0.131703026592731
15857,18603,0.0268356427550316
18603,4940,0.1048673838377
18603,19583,0.0236972644925117
19583,4074,0.0811701193451881
19583,8965,0.0811701193451881
15412,15858,0.00631603039801121
15858,7860,0.192950993776321
15858,9522,0.192950993776321
12210,12350,0.00108050296060092
12350,6387,0.321245261654258
12350,12371,0.0211362232365424
12371,12866,0.0206209958761264
12866,13353,0.0126436097405808
13353,13694,0.0273339665974631
13694,7845,0.239510466203545
13694,14458,0.010743388791621
14458,14785,0.0314595975336574
14785,15923,0.0491571550567945
15923,8625,0.148150324821472
15923,10234,0.148150324821472
14785,15924,0.0301002313693365
15924,3722,0.16720724850893
15924,17139,0.0590399280190468
17139,2364,0.108167320489883
17139,5377,0.108167320489883
14458,14786,0.00589298236937749
14786,5937,0.222874095042547
14786,14972,0.00879185169171065
14972,6951,0.214082243350836
14972,15307,0.00751960268387428
15307,3915,0.206562640666962
15307,15576,0.0108150118589401
15576,499,0.195747628808022
15576,15976,0.00574402771298846
15976,16236,0.101839897414995
16236,6611,0.0881637036800385
16236,20150,0.0286608003079891
20150,6092,0.0595029033720493
20150,9507,0.0595029033720493
15976,16237,0.00369961672122518
16237,9297,0.186303984373808
16237,16382,0.00990327584900355
16382,3028,0.176400708524804
16382,16771,0.00757266857732108
16771,1776,0.168828039947483
16771,17061,0.0193683277401659
17061,5868,0.149459712207317
17061,17876,0.00103758182376623
17876,2039,0.148422130383551
17876,17923,0.036282652678589
17923,19332,0.0279701768110196
19332,3934,0.0841693008939425
19332,20278,0.0191281704852978
20278,7057,0.0650411304086447
20278,20744,0.0479471124708652
20744,3685,0.0170940179377794
20744,6438,0.0170940179377794
17923,19333,0.0235080576546135
19333,20135,0.0243547875079371
20135,20762,0.016759571308891
20762,2921,0.0475170612335205
20762,21021,0.0214748717844486
21021,5748,0.0260421894490719
21021,7711,0.0260421894490719
20135,20763,0.00533127101759116
20763,558,0.0589453615248203
20763,7766,0.0589453615248203
19333,20136,0.0118593355906861
20136,9782,0.0767720844596624
20136,20471,0.00458020083606243
20471,9273,0.0721918836236
20471,20594,0.0243725659946601
20594,21016,0.0148023267587026
21016,5352,0.0330169908702374
21016,9781,0.0330169908702374
20594,21017,0.00828200702865919
21017,7997,0.0395373106002808
21017,21085,0.0106025114655495
21085,6857,0.0289347991347313
21085,8935,0.0289347991347313
13353,13695,0.0240120155115922
13695,2279,0.242832417289416
13695,14367,0.024200956026713
14367,9136,0.218631461262703
14367,15119,0.0504017770290375
15119,4852,0.168229684233665
15119,9189,0.168229684233665
12866,13354,0.00179570354200903
13354,10358,0.27769233899958
13354,13396,0.0145735450777687
13396,13777,0.0289262124470302
13777,14633,0.0886577531695366
14633,4910,0.145534828305244
14633,5098,0.145534828305244
13777,14634,0.0432048603892326
14634,8102,0.190987721085548
14634,16181,0.0281251321236292
16181,112,0.162862588961919
16181,17331,0.0598482464750608
17331,8125,0.103014342486858
17331,19648,0.027684397995472
19648,3348,0.0753299444913864
19648,3710,0.0753299444913864
13396,13778,0.0235918931485642
13778,14454,0.0490984848390023
14454,7469,0.190428415934245
14454,16213,0.0636285605529944
16213,1948,0.12679985538125
16213,18783,0.0429735742509365
18783,1101,0.0838262811303139
18783,3643,0.0838262811303139
13778,14455,0.0176979155590137
14455,4987,0.221828985214233
14455,15015,0.0155375517904758
15015,3851,0.206291433423758
15015,15587,0.0462499720354875
15587,160,0.16004146138827
15587,17448,0.0541094417373339
17448,9686,0.105932019650936
17448,19533,0.0366633385419846
19533,7025,0.0692686811089516
19533,8564,0.0692686811089516
12371,12867,0.011081481640715
12867,1323,0.289027556777
12867,13145,0.00178862024437298
13145,6739,0.287238936532627
13145,13186,0.00873332667402371
13186,6970,0.278505609858604
13186,13382,0.00906559966859366
13382,2514,0.26944001019001
13382,13617,0.0174531682970978
13617,14081,0.0156162597593807
14081,14553,0.0794803835451603
14553,1060,0.156890198588371
14553,1422,0.156890198588371
14081,14554,0.0324848579863707
14554,9101,0.203885724147161
14554,15676,0.0215181236465772
15676,2042,0.182367600500584
15676,16544,0.0091775581240654
16544,80,0.173190042376518
16544,9716,0.173190042376518
13617,14082,0.00133079995534247
14082,14132,0.0490940321857731
14132,15781,0.0534528717398643
15781,9565,0.148109138011932
15781,17932,0.0224740765988827
17932,5456,0.12563506141305
17932,18839,0.0759629085659981
18839,1017,0.0496721528470516
18839,10354,0.0496721528470516
14132,15782,0.0199235901236534
15782,5240,0.181638419628143
15782,16564,0.0365297272801399
16564,3134,0.145108692348003
16564,18055,0.0908647365868092
18055,339,0.0542439557611942
18055,8030,0.0542439557611942
14082,14133,0.01591326041768
14133,5378,0.23474278151989
14133,14610,0.0290513694286346
14610,6455,0.205691412091255
14610,15614,0.0140228569507599
15614,1534,0.191668555140495
15614,16149,0.0408564284443855
16149,7631,0.15081212669611
16149,17802,0.052424281835556
17802,8581,0.0983878448605537
17802,9443,0.0983878448605537
11612,11730,0.00290509258399663
11730,11794,0.0172269095977148
11794,3806,0.328669413924217
11794,12228,0.0391957312822342
12228,180,0.289473682641983
12228,7201,0.289473682641983
11730,11795,0.00293209155400598
11795,6448,0.342964231967926
11795,8093,0.342964231967926
11413,11613,0.00266801839357395
11613,11673,0.0352546945562838
11673,5211,0.316667378776603
11673,12473,0.0189068141618585
12473,6566,0.297760564614745
12473,12934,0.0471610623393573
12934,14136,0.0233711524023896
14136,4997,0.227228349872998
14136,14847,0.0113927040781294
14847,8308,0.215835645794868
14847,15226,0.0535681284964085
15226,17350,0.0366107486188412
17350,7219,0.125656768679619
17350,8097,0.125656768679619
15226,17351,0.0172021649777889
17351,2775,0.145065352320671
17351,18057,0.042433999478817
18057,9306,0.102631352841854
18057,19668,0.0303988754749298
19668,25,0.0722324773669243
19668,1673,0.0722324773669243
12934,14137,0.00731416986811728
14137,14348,0.0396772615966343
14348,15685,0.043031079073747
15685,6905,0.160576991736889
15685,17431,0.0279935076832771
17431,1956,0.132583484053612
17431,2558,0.132583484053612
14348,15686,0.0182336916526159
15686,6978,0.18537437915802
15686,16416,0.049821712076664
16416,6329,0.135552667081356
16416,18443,0.066588394343853
18443,477,0.0689642727375031
18443,1390,0.0689642727375031
14137,14349,0.00459668466023039
14349,7010,0.23868864774704
14349,8724,0.23868864774704
11613,11674,0.0095973326749843
11674,1382,0.342324740657903
11674,11880,0.0045481913453696
11880,3579,0.337776549312533
11880,11997,0.0127681037379416
11997,12303,0.00448512394602102
12303,1953,0.320523321628571
12303,7627,0.320523321628571
11997,12304,0.00426538492361395
12304,12382,0.0384064083720775
12382,3559,0.2823366522789
12382,7342,0.2823366522789
12304,12383,0.00295459707918039
12383,12446,0.0511978981287583
12446,2620,0.266590565443039
12446,3041,0.266590565443039
12383,12447,0.00465362823676729
12447,12556,0.0221241575205463
12556,4172,0.291010677814484
12556,13118,0.0100962072610855
13118,3619,0.280914470553398
13118,13331,0.0321403369307518
13331,4387,0.248774133622646
13331,14194,0.0202768668532372
14194,3975,0.228497266769409
14194,7019,0.228497266769409
12447,12557,0.000662269412403715
12557,5245,0.312472565922626
12557,12571,0.00577902041283906
12571,6094,0.306693545509787
12571,12703,0.0254931125381689
12703,13316,0.0298928531498443
13316,14095,0.0368872073916149
14095,15300,0.0351759758429462
15300,4526,0.179244396587213
15300,16660,0.0300314829995235
16660,17885,0.0243867579847574
17885,2192,0.124826155602932
17885,7021,0.124826155602932
16660,17886,0.00960367918014526
17886,18280,0.0694068614393473
18280,556,0.0702023729681969
18280,7737,0.0702023729681969
17886,18281,0.01845489628613
18281,4851,0.121154338121414
18281,8071,0.121154338121414
14095,15301,0.0175119232969219
15301,4287,0.196908449133237
15301,15941,0.0378987153371175
15941,3523,0.15900973379612
15941,17478,0.0279875803738832
17478,8568,0.131022153422236
17478,18638,0.0307945391784112
18638,7284,0.100227614243825
18638,19757,0.0129530218740304
19757,5454,0.0872745923697948
19757,20177,0.00661443546414375
20177,4137,0.0806601569056511
20177,4410,0.0806601569056511
13316,14096,0.00339965658136332
14096,6299,0.247907923240411
14096,14220,0.00716715462897954
14220,3955,0.240740768611431
14220,14429,0.00442359859452529
14429,2847,0.236317170016906
14429,14555,0.00921327450915294
14555,5587,0.227103895507753
14555,14854,0.00517907794564962
14854,6692,0.221924817562103
14854,15013,0.0052903950214386
15013,8310,0.216634422540665
15013,15194,0.0137270993242661
15194,15710,0.0232007569047036
15710,16636,0.0119308608549613
16636,7929,0.167775705456734
16636,17116,0.0255593508481979
17116,3257,0.142216354608536
17116,6269,0.142216354608536
15710,16637,0.00459579778490243
16637,2771,0.175110768526793
16637,16821,0.0379292466677725
16821,18367,0.035698079969734
18367,6218,0.101483441889286
18367,19711,0.0303286630660295
19711,10423,0.0711547788232565
19711,20619,0.0236122477799654
20619,2100,0.0475425310432911
20619,5233,0.0475425310432911
16821,18368,0.00706718008344373
18368,8706,0.130114341775576
18368,18667,0.0381917568544547
18667,5203,0.0919225849211216
18667,20035,0.0119225867092609
20035,3711,0.0799999982118607
20035,7618,0.0799999982118607
15194,15711,0.019913195942839
15711,724,0.18299412727356
15711,9632,0.18299412727356
12703,13317,0.00670194913496741
13317,227,0.274498483836651
13317,13481,0.00395014626031021
13481,6426,0.270548337576341
13481,13592,0.00208501066852051
13592,13639,0.0136418799886562
13639,13999,0.073965055131635
13999,1100,0.180856391787529
13999,2665,0.180856391787529
13639,14000,0.0131968901613783
14000,14410,0.00533229598717133
14410,6546,0.236292260770614
14410,14556,0.00917805265703484
14556,14852,0.0487857436849957
14852,16704,0.0510145823160807
16704,6344,0.127313882112503
16704,10148,0.127313882112503
14852,16705,0.00742867837349573
16705,6061,0.170899786055088
16705,16971,0.0084935799241066
16971,66,0.162406206130981
16971,10448,0.162406206130981
14556,14853,0.0290215329045341
14853,620,0.198092675209045
14853,15897,0.0170507514163067
15897,2701,0.181041923792739
15897,16586,0.00699349340291053
16586,5551,0.174048430389828
16586,16859,0.0292192390188575
16859,18065,0.00823306099445834
18065,8780,0.136596130376512
18065,18405,0.00438634211366828
18405,8246,0.132209788262844
18405,18590,0.0137556142277188
18590,175,0.118454174035125
18590,19125,0.00897953688861833
19125,19421,0.0166846146540982
19421,3896,0.0927900224924088
19421,8989,0.0927900224924088
19125,19422,0.0116810513394219
19422,19859,0.0196110971271992
19859,2355,0.0781824886798859
19859,5858,0.0781824886798859
19422,19860,0.0167365793138742
19860,2471,0.0810570064932108
19860,20354,0.00476161080102126
20354,1701,0.0762953956921895
20354,20484,0.0143046223868926
20484,6750,0.0619907733052969
20484,20811,0.0160212274640799
20811,6353,0.045969545841217
20811,8292,0.045969545841217
16859,18066,0.00770267109490105
18066,5430,0.13712652027607
18066,18373,0.0344779392083486
18373,19664,0.0200224506358306
19664,2331,0.0826261304318905
19664,20318,0.0117373503744602
20318,2244,0.0708887800574303
20318,2873,0.0708887800574303
18373,19665,0.0151951337854067
19665,2700,0.0874534472823143
19665,5073,0.0874534472823143
14000,14411,0.00272703744747022
14411,6557,0.238897519310315
14411,14474,0.00432046488637014
14474,9809,0.234577054423945
14474,14617,0.00940714244331634
14617,10434,0.225169911980629
14617,14904,0.00825080772240958
14904,5724,0.216919104258219
14904,15182,0.00545714298884073
15182,6186,0.211461961269379
15182,15399,0.0361137181520462
15399,5913,0.175348243117332
15399,16809,0.0127671355381608
16809,17339,0.0245097642764449
17339,2622,0.138071343302727
17339,2636,0.138071343302727
16809,17340,0.00443592255136796
17340,6354,0.158145185027804
17340,17511,0.0143216532610712
17511,1205,0.143823531766733
17511,18103,0.0345467064115736
18103,19428,0.0173654274808036
19428,4618,0.0919113978743553
19428,20037,0.0207530334591866
20037,4758,0.0711583644151688
20037,7703,0.0711583644151688
18103,19429,0.00625149698721039
19429,9246,0.103025328367949
19429,19646,0.0232143215835094
19646,1409,0.0798110067844391
19646,10478,0.0798110067844391
13592,13640,0.00888351442085372
13640,7926,0.259579812486966
13640,13868,0.0417729218800862
13868,4158,0.21780689060688
13868,15152,0.0151245445013046
15152,7745,0.202682346105576
15152,10576,0.202682346105576
11035,11259,0.00107530333715666
11259,9082,0.375345274605044
11259,11281,0.00089036221961436
11281,11295,0.0470810650200499
11295,2274,0.327373847365379
11295,12257,0.0735899060964584
12257,2590,0.253783941268921
12257,9662,0.253783941268921
11281,11296,0.000692744091411457
11296,6628,0.373762168294018
11296,11310,0.00188655135115562
11310,10035,0.371875616942862
11310,11330,0.0047789824775924
11330,11389,0.00993579800706357
11389,3135,0.357160836458206
11389,4721,0.357160836458206
11330,11390,0.00532256401806463
11390,7892,0.361774070447205
11390,11481,0.0151062827032544
11481,11774,0.00659770524331338
11774,11936,0.0306214826852687
11936,6179,0.309448599815369
11936,6221,0.309448599815369
11774,11937,0.00191088775448406
11937,3809,0.338159194746153
11937,11987,0.000906727958790099
11987,12011,0.0226211089983235
12011,8374,0.31463135778904
12011,12515,0.0184127241373062
12515,3438,0.296218633651733
12515,6463,0.296218633651733
11987,12012,0.0139458936464107
12012,12327,0.0116809281201658
12327,12587,0.0724097047837413
12587,2643,0.239215940237045
12587,8103,0.239215940237045
12327,12588,0.00207671165136863
12588,9936,0.309548933369418
12588,12645,0.00490219977598449
12645,9726,0.304646733593433
12645,12759,0.0238578658969195
12759,13334,0.0795150270306967
13334,8888,0.201273840665817
13334,15792,0.021064921716849
15792,16613,0.0575881203015645
16613,1197,0.122620798647404
16613,7476,0.122620798647404
15792,16614,0.0243310158451398
16614,2845,0.155877903103828
16614,17618,0.013862669467926
17618,2860,0.142015233635902
17618,4530,0.142015233635902
12759,13335,0.0303275421504082
13335,14143,0.0481743854780992
14143,5509,0.202286940068007
14143,15736,0.0119930915534496
15736,412,0.190293848514557
15736,16226,0.0298269465565681
16226,6693,0.160466901957989
16226,17437,0.0477428287267685
17437,2495,0.11272407323122
17437,6695,0.11272407323122
13335,14144,0.0030039062979175
14144,14233,0.0127565347973038
14233,14611,0.0328808536424356
14611,5149,0.201820030808449
14611,10496,0.201820030808449
14233,14612,0.0178055062561351
14612,10374,0.216895378194749
14612,15183,0.0201609573637446
15183,15946,0.0116701083464755
15946,275,0.185064312484529
15946,16432,0.0229112754265467
16432,17355,0.0414830947087871
17355,6015,0.120669942349195
17355,19029,0.00503664836287498
19029,1158,0.11563329398632
19029,9834,0.11563329398632
16432,17356,0.0256153792142868
17356,18406,0.0548739226328002
18406,3765,0.0816637352108955
18406,20341,0.0262367017567158
20341,7340,0.0554270334541798
20341,10161,0.0554270334541798
17356,18407,0.0414470637010204
18407,5720,0.0950905941426754
18407,19933,0.0142758153378963
19933,2491,0.0808147788047791
19933,9768,0.0808147788047791
15183,15947,0.00696698191265266
15947,16248,0.0566120781004429
16248,537,0.133155360817909
16248,7933,0.133155360817909
15947,16249,0.0329540657500426
16249,4361,0.15681337316831
16249,17574,0.0137465645869573
17574,4223,0.143066808581352
17574,18139,0.0517169088125229
18139,787,0.0913498997688293
18139,8578,0.0913498997688293
14144,14234,0.0114602581445687
14234,14572,0.0503411686254872
14572,2667,0.185655992478132
14572,16404,0.00474788301757403
16404,671,0.180908109460558
16404,16593,0.0117628911776202
16593,17034,0.0272234447300434
17034,18190,0.0644465088844299
18190,1850,0.0774752646684647
18190,3197,0.0774752646684647
17034,18191,0.0232894644141197
18191,2997,0.118632309138775
18191,19123,0.011900782585144
19123,2639,0.106731526553631
19123,10214,0.106731526553631
16593,17035,0.0264112867414951
17035,5157,0.142733931541443
17035,9357,0.142733931541443
14234,14573,0.0116458518637551
14573,14928,0.125903844833374
14928,436,0.0984474644064903
14928,1968,0.0984474644064903
14573,14929,0.0146293744444847
14929,1441,0.20972193479538
14929,15471,0.0248214013874531
15471,3956,0.184900533407927
15471,16448,0.0215111834307512
16448,6772,0.163389349977175
16448,17297,0.0320582116643588
17297,4807,0.131331138312817
17297,18620,0.0702692158520222
18620,4351,0.0610619224607944
18620,4718,0.0610619224607944
12012,12328,0.00517481790314839
12328,6177,0.318131755237804
12328,12440,0.00425290910099052
12440,12534,0.0249410092513612
12534,1012,0.288937836885452
12534,13148,0.0329607725143433
13148,2699,0.255977064371109
13148,10217,0.255977064371109
12440,12535,0.00413700748590606
12535,2655,0.309741838650907
12535,12639,0.00140029161395899
12639,12673,0.0240718714244988
12673,4512,0.28426967561245
12673,13247,0.0494920760393143
13247,6647,0.234777599573135
13247,6759,0.234777599573135
12639,12674,0.00137704300079095
12674,12696,0.0137231670944384
12696,7918,0.293241336941719
12696,13065,0.0171156525611877
13065,13445,0.0598452985286713
13445,1148,0.21628038585186
13445,9172,0.21628038585186
13065,13446,0.0587648004293442
13446,772,0.217360883951187
13446,4750,0.217360883951187
12674,12697,0.00217476454457016
12697,12752,0.0178395684977824
12752,4552,0.286950170993805
12752,13192,0.0368666052818298
13192,1146,0.250083565711975
13192,7735,0.250083565711975
12697,12753,0.00366110137547976
12753,12840,0.0539075258648258
12840,1747,0.247221112251282
12840,1909,0.247221112251282
12753,12841,0.00609181716139945
12841,13009,0.04087796647015
13009,2363,0.254158854484558
13009,3333,0.254158854484558
12841,13010,0.00883397742361847
13010,13212,0.11306370352121
13212,1309,0.17313914000988
13212,10059,0.17313914000988
13010,13213,0.0112183097945323
13213,13467,0.0019979925925806
13467,8104,0.272986541143977
13467,13529,0.0279106090375623
13529,14300,0.0183527651798724
14300,14863,0.0102749956274972
14863,15200,0.0104049345963642
15200,2403,0.206043236702681
15200,15599,0.0350347104881491
15599,16962,0.0225071660464718
16962,3617,0.14850136016806
16962,17921,0.0373310887565216
17921,19360,0.0478149397919575
19360,7934,0.0633553316195806
19360,20783,0.0180607804407676
20783,3148,0.045294551178813
20783,21045,0.0130656938999891
21045,4586,0.0322288572788239
21045,5279,0.0322288572788239
17921,19361,0.0378843564540148
19361,8506,0.0732859149575233
19361,10408,0.0732859149575233
15599,16963,0.0143554939755371
16963,17580,0.0197124009685857
17580,474,0.136940631270409
17580,18387,0.0078084498643875
18387,9311,0.129132181406021
18387,18699,0.0109451487660408
18699,3036,0.11818703263998
18699,19131,0.0271184630692005
19131,1389,0.0910685695707798
19131,20064,0.0447010062634945
20064,6099,0.0463675633072853
20064,8831,0.0463675633072853
16963,17581,0.0122442759928249
17581,8993,0.144408756246169
17581,18082,0.0175337088604768
18082,4316,0.126875047385693
18082,18778,0.0148810621351004
18778,9625,0.111993985250592
18778,19336,0.0138613575448592
19336,10371,0.098132627705733
19336,19840,0.0117019439737002
19840,4796,0.0864306837320328
19840,20198,0.00353153795003891
20198,4977,0.0828991457819939
20198,10258,0.0828991457819939
14863,15201,0.00894648791486474
15201,4714,0.20750168338418
15201,15548,0.0105461058517297
15548,4701,0.19695557753245
15548,15940,0.028678728994869
15940,9093,0.168276848537581
15940,17092,0.00608165144592851
17092,5003,0.162195197091653
17092,17352,0.0122610406663556
17352,17843,0.0485998695716262
17843,4677,0.101334286853671
17843,19718,0.0170221670220296
19718,3269,0.0843121198316415
19718,20275,0.0221612726648649
20275,682,0.0621508471667767
20275,20807,0.0397193096578121
20807,6348,0.0224315375089645
20807,8757,0.0224315375089645
17352,17844,0.00731336514332462
17844,8851,0.142620791281973
17844,18156,0.00472162717155047
18156,1572,0.137899164110422
18156,18335,0.0233149258419871
18335,19240,0.0210612276569009
19240,503,0.0935230106115341
19240,8729,0.0935230106115341
18335,19241,0.00879709701985121
19241,19543,0.0584485288709402
19543,7843,0.0473386123776436
19543,9123,0.0473386123776436
19241,19544,0.0232149418443441
19544,1476,0.0825721994042397
19544,5042,0.0825721994042397
14300,14864,0.00804254859570569
14864,8484,0.218680618330836
14864,15118,0.00532345088819663
15118,5749,0.21335716744264
15118,15332,0.0160292779405912
15332,15921,0.0428694263100624
15921,364,0.154458463191986
15921,8653,0.154458463191986
15332,15922,0.0330780401825905
15922,17269,0.0312607010205587
17269,18558,0.0457776027421157
18558,6,0.0872115455567837
18558,20178,0.0266941487789154
20178,7327,0.0605173967778683
20178,9037,0.0605173967778683
17269,18559,0.00478660563627881
18559,239,0.128202542662621
18559,18728,0.0145856728777289
18728,19281,0.050960504449904
19281,2391,0.0626563653349876
19281,3376,0.0626563653349876
18728,19282,0.0201144041493535
19282,19985,0.0625718738883734
19985,4571,0.0309305917471647
19985,8602,0.0309305917471647
19282,19986,0.0342382155358791
19986,1066,0.059264250099659
19986,4637,0.059264250099659
15922,17270,0.0212995603680611
17270,1209,0.142950288951397
17270,18143,0.0771895572543144
18143,2915,0.0657607316970825
18143,3299,0.0657607316970825
13529,14301,0.00258801541051557
14301,14379,0.0213084686277569
14379,6513,0.221179448068142
14379,15041,0.0216142758727074
15041,2746,0.199565172195435
15041,7566,0.199565172195435
14301,14380,0.00561810766441231
14380,4250,0.236869809031487
14380,14530,0.0247466437247118
14530,15374,0.0189050124207282
15374,16091,0.0240764518093346
16091,17036,0.00710349001072264
17036,4692,0.162038211065989
17036,17363,0.0187202943250155
17363,7474,0.143317916740974
17363,18124,0.00938305721590013
18124,3882,0.133934859525074
18124,18510,0.00421335656534544
18510,99,0.129721502959728
18510,18681,0.00439631905820634
18681,9482,0.125325183901522
18681,18854,0.00546149029913875
18854,485,0.119863693602383
18854,19061,0.0136644905433059
19061,19524,0.0443653259426355
19524,289,0.0618338771164417
19524,5322,0.0618338771164417
19061,19525,0.0273142969235778
19525,20409,0.0168209066614509
20409,8021,0.0620639994740486
20409,10118,0.0620639994740486
19525,20410,0.00890260376036167
20410,20646,0.0140492515638471
20646,2573,0.0559330508112907
20646,6931,0.0559330508112907
20410,20647,0.00645989645272493
20647,3195,0.0635224059224129
20647,3371,0.0635224059224129
16091,17037,0.00671991081464857
17037,17345,0.0511649710436662
17345,2204,0.111256819218397
17345,19353,0.0263068862259388
19353,2537,0.0849499329924583
19353,6467,0.0849499329924583
17037,17346,0.0208775227268537
17346,279,0.14154426753521
17346,7421,0.14154426753521
15374,16092,0.0122962729785974
16092,9703,0.180921879907449
16092,16591,0.0125705902775129
16591,1133,0.168351289629936
16591,17084,0.00543635040521623
17084,1829,0.16291493922472
17084,17326,0.0133387471238772
17326,941,0.149576192100843
17326,17867,0.0170930859943231
17867,527,0.13248310610652
17867,18580,0.0302039571106434
18580,5004,0.102279148995876
18580,10096,0.102279148995876
14530,15375,0.0168058264030297
15375,16000,0.0171810479213794
16000,3943,0.178136290982366
16000,16710,0.00901043899357318
16710,17040,0.0619730025529862
17040,6733,0.107152849435806
17040,19498,0.0290228947997093
19498,8909,0.078129954636097
19498,8981,0.078129954636097
16710,17041,0.0167381150027116
17041,17748,0.0530867564181487
17748,3602,0.0993009805679321
17748,19792,0.0328617244958878
19792,9876,0.0664392560720444
19792,9901,0.0664392560720444
17041,17749,0.00707960004607838
17749,6418,0.145308136940002
17749,8474,0.145308136940002
15375,16001,0.00612822274367011
16001,1472,0.189189116160075
16001,16272,0.0106253733947163
16272,16697,0.0219185652122611
16697,17582,0.0688796720157067
17582,20163,0.0596689842641354
20163,664,0.0280965212732553
20163,7301,0.0280965212732553
17582,20164,0.0395425800234079
20164,3069,0.0482229255139828
20164,10343,0.0482229255139828
16697,17583,0.0226280900339285
17583,5663,0.134017087519169
17583,18504,0.0655020177364349
18504,310,0.0685150697827339
18504,10540,0.0685150697827339
16272,16698,0.0206229080046926
16698,1766,0.157940834760666
16698,5773,0.157940834760666
13213,13468,0.00148152799911855
13468,4941,0.273503005737439
13468,13512,0.0234347516945444
13512,14153,0.018389025775395
14153,14710,0.0370832158341294
14710,1237,0.19459601243337
14710,16041,0.0228094359238943
16041,4951,0.171786576509476
16041,16945,0.0891110301017761
16945,1499,0.0826755464076996
16945,4477,0.0826755464076996
14153,14711,0.016172952772606
14711,15245,0.0212098789034467
15245,4861,0.194296396591447
15245,16053,0.0161416896364906
16053,6360,0.178154706954956
16053,16708,0.0316852985156907
16708,3820,0.146469408439265
16708,18004,0.0137803459333049
18004,18571,0.0336816273629665
18571,2004,0.0990074351429939
18571,3587,0.0990074351429939
18004,18572,0.0147089709838231
18572,19137,0.0379968794683615
19137,3737,0.0799832120537758
19137,20380,0.00558110326528549
20380,3366,0.0744021087884903
20380,6804,0.0744021087884903
18572,19138,0.0281337363024553
19138,454,0.0898463552196821
19138,20106,0.0136687954266866
20106,9520,0.0761775597929955
20106,20489,0.0253959335386753
20489,8856,0.0507816262543201
20489,9301,0.0507816262543201
14711,15246,0.00543152851363021
15246,7947,0.210074746981263
15246,15445,0.00885987148753234
15445,8173,0.201214875493731
15445,15794,0.0349258350474494
15794,17178,0.0464521605521441
17178,1366,0.119836879894137
17178,19063,0.0450490694493055
19063,2340,0.0747878104448318
19063,20533,0.0262657441198826
20533,2767,0.0485220663249493
20533,21003,0.0113264098763466
21003,3009,0.0371956564486027
21003,9660,0.0371956564486027
15794,17179,0.0437584608793259
17179,497,0.122530579566956
17179,6997,0.122530579566956
13512,14154,0.00439555830143426
14154,14287,0.0343953598592733
14287,3531,0.211277335882187
14287,5742,0.211277335882187
14154,14288,0.00199469053619974
14288,2457,0.24367800520526
14288,14337,0.00246470225235773
14337,509,0.241213302952903
14337,14423,0.0325577177974597
14423,15508,0.0219223899283895
15508,16364,0.023204144605934
16364,8655,0.163529050621119
16364,17290,0.0246917205778035
17290,5935,0.138837330043316
17290,18301,0.0104018453331221
18301,18719,0.0223147604791891
18719,1564,0.106120724231005
18719,19530,0.026082668453455
19530,4078,0.0800380557775497
19530,5314,0.0800380557775497
18301,18720,0.00999034682200067
18720,19126,0.0352656612172723
19126,2740,0.0831794766709208
19126,20302,0.0172204092765848
20302,7466,0.0659590673943361
20302,20726,0.0168560420473417
20726,7336,0.0491030253469944
20726,20994,0.0183691754937172
20994,3853,0.0307338498532772
20994,5581,0.0307338498532772
18720,19127,0.0335894100368023
19127,288,0.0848557278513908
19127,7876,0.0848557278513908
15508,16365,0.0219657554146316
16365,17241,0.033305629491806
17241,8853,0.131461810320616
17241,18612,0.0173289937277635
18612,7480,0.114132816592852
18612,19259,0.0235678503910701
19259,5193,0.0905649662017822
19259,20076,0.0190206989645958
20076,2484,0.0715442672371864
20076,7768,0.0715442672371864
16365,17242,0.0254442391958501
17242,74,0.139323200616572
17242,18293,0.00877194437715742
18293,4629,0.130551256239414
18293,18651,0.00953563941376549
18651,7671,0.121015616825649
18651,19016,0.0105994962865398
19016,4998,0.110416120539109
19016,19385,0.0192450570563475
19385,9804,0.0911710634827614
19385,20062,0.0198916333417098
20062,20617,0.0302691434820493
20617,7334,0.0410102866590023
20617,21075,0.00903701782226562
21075,7214,0.0319732688367367
21075,7508,0.0319732688367367
20062,20618,0.0245801967879136
20618,8086,0.046699233353138
20618,9173,0.046699233353138
14423,15509,0.0146474272564606
15509,16065,0.033682764818271
16065,431,0.160325393080711
16065,1007,0.160325393080711
15509,16066,0.0245348097135623
16066,17020,0.076954897493124
17020,20025,0.0452677812427282
20025,3323,0.0472506694495678
20025,3777,0.0472506694495678
17020,20026,0.00757772661745548
20026,4280,0.0849407240748405
20026,4990,0.0849407240748405
16066,17021,0.025348199531436
17021,1831,0.144125148653984
17021,6464,0.144125148653984
11481,11775,0.00564101565912989
11775,6598,0.341026772084821
11775,11912,0.00078284996262401
11912,11931,0.0305753513652846
11931,4138,0.309668570756912
11931,6214,0.309668570756912
11912,11932,0.00381621488261724
11932,12025,0.0641727633919233
12025,43,0.272254943847656
12025,1277,0.272254943847656
11932,12026,0.00116676076975331
12026,12059,0.0207940080933995
12059,4176,0.314466938376427
12059,12524,0.0486829429864883
12524,4639,0.265783995389938
12524,5992,0.265783995389938
12026,12060,0.000347961848913947
12060,1434,0.334912984620912
12060,12066,0.00587472610809742
12066,12217,0.00357453929564083
12217,8596,0.325463719217174
12217,12296,0.00215040186540977
12296,7708,0.323313317351764
12296,12326,0.00149209674049328
12326,4685,0.321821220611271
12326,12359,0.000256743537367987
12359,12365,0.0639822894213151
12365,4102,0.257582187652588
12365,9042,0.257582187652588
12359,12366,0.00324303090333056
12366,681,0.318321446170572
12366,12432,0.00493240929915167
12432,12546,0.0498321839346761
12546,5303,0.263556852936745
12546,13764,0.039032518863678
13764,2217,0.224524334073067
13764,9652,0.224524334073067
12432,12547,0.00192543554298824
12547,4728,0.311463601328433
12547,12593,0.00361678380393937
12593,12679,0.0392567248654966
12679,1461,0.268590092658997
12679,4010,0.268590092658997
12593,12680,0.00485423901617671
12680,12793,0.0516764446217408
12793,14093,0.129082780331373
14093,5125,0.122233353555202
14093,9883,0.122233353555202
12793,14094,0.045064453035593
14094,5081,0.206251680850983
14094,8088,0.206251680850983
12680,12794,0.000795600072820479
12794,7112,0.302196978435496
12794,12808,0.00272392006738448
12808,1455,0.299473058368111
12808,12880,0.00498973617143089
12880,13025,0.0273568513924661
13025,1676,0.267126470804214
13025,2848,0.267126470804214
12880,13026,0.00528214828158802
13026,1280,0.289201173915093
13026,13140,0.0252965406963275
13140,13758,0.00300406139564507
13758,13833,0.0343666224479674
13833,5895,0.226533949375153
13833,10287,0.226533949375153
13758,13834,0.00425170943698255
13834,13946,0.0246461719516816
13946,1640,0.232002690434456
13946,2494,0.232002690434456
13834,13947,0.00181098983404748
13947,3719,0.25483787255209
13947,13998,0.00103261745035799
13998,6245,0.253805255101732
13998,14028,0.0176549398981454
14028,14563,0.0292924998187217
14563,1081,0.206857815384865
14563,8381,0.206857815384865
14028,14564,0.00441977766676982
14564,14703,0.0139674414426852
14703,519,0.217763096094131
14703,5813,0.217763096094131
14564,14704,0.00233468721011282
14704,14771,0.0137228209039439
14771,231,0.21567302942276
14771,4713,0.21567302942276
14704,14772,0.00340992788451028
14772,153,0.225985922442194
14772,14885,0.0138431823708463
14885,7498,0.212142740071347
14885,15372,0.00782507569617105
15372,15663,0.0093480847977303
15663,2773,0.194969579577446
15663,8290,0.194969579577446
15372,15664,0.00847927476176463
15664,3995,0.195838389613412
15664,15970,0.000415296749436328
15970,6361,0.195423092863975
15970,15992,0.00206479226529216
15992,7667,0.193358300598683
15992,16085,0.000232595860101881
16085,6083,0.193125704738581
16085,16095,0.00205667349890076
16095,2748,0.191069031239681
16095,16178,0.00181124811625544
16178,4130,0.189257783123425
16178,16266,0.00237181957115185
16266,100,0.186885963552273
16266,16361,0.00106183710883107
16361,16397,0.0150169883580769
16397,588,0.170807138085365
16397,4542,0.170807138085365
16361,16398,0.00396690378951675
16398,16560,0.0134264770522714
16560,3910,0.168430745601654
16560,4607,0.168430745601654
16398,16561,0.00526549413160543
16561,79,0.17659172852232
16561,16766,0.0169901670992309
16766,17460,0.00762782836551071
17460,10151,0.151973733057578
17460,17764,0.0208835627181806
17764,205,0.131090170339398
17764,18632,0.00395293031697688
18632,5734,0.127137240022421
18632,18769,0.00309752868044944
18769,4189,0.124039711341971
18769,18902,0.00679738996993928
18902,4703,0.117242321372032
18902,19157,0.0112806399249368
19157,19531,0.040387914619512
19531,1318,0.0655737668275833
19531,9524,0.0655737668275833
19157,19532,0.0026337656761623
19532,19633,0.0063925392460078
19633,200,0.0969353765249252
19633,6397,0.0969353765249252
19532,19634,0.00608964731606344
19634,8789,0.0972382684548696
19634,19873,0.00467984811999859
19873,20023,0.0264700940595223
20023,4336,0.0660883262753487
20023,7415,0.0660883262753487
19873,20024,0.00282765838962334
20024,8644,0.0897307619452477
20024,20109,0.00699057430028915
20109,3708,0.0827401876449585
20109,20313,0.00548614859580994
20313,2603,0.0772540390491486
20313,20453,0.00315455002710223
20453,20545,0.0362339322455227
20545,7326,0.0378655567765236
20545,7945,0.0378655567765236
20453,20546,0.00178099044465593
20546,1925,0.0723184985773904
20546,20592,0.00693719763131369
20592,5124,0.0653813009460767
20592,20739,0.0125553392184277
20739,20951,0.03030343959108
20951,2962,0.022522522136569
20951,8174,0.022522522136569
20739,20952,0.0092180649129053
20952,9546,0.0436078968147437
20952,21058,0.00685772548119227
21058,8288,0.0367501713335514
21058,21107,0.00337275862693787
21107,1604,0.0333774127066135
21107,6342,0.0333774127066135
16766,17461,0.00545379513743005
17461,17683,0.00729831283640975
17683,6976,0.146849453449249
17683,17989,0.0121432095766068
17989,2547,0.134706243872643
17989,6010,0.134706243872643
17461,17684,0.00272931879115218
17684,17786,0.0173945724964142
17786,9336,0.134023874998093
17786,10132,0.134023874998093
17684,17787,0.00771279883251261
17787,18108,0.0285911013497346
18108,6613,0.11511454731226
18108,6790,0.11511454731226
17787,18109,0.00232125195994312
18109,3615,0.141384396702051
18109,18211,0.00455615128157652
18211,18394,0.0403163226437755
18394,329,0.0965119227766991
18394,2855,0.0965119227766991
18211,18395,0.00224600463554947
18395,2546,0.134582240784925
18395,18487,0.000405661679364205
18487,18499,0.00447586593022775
18499,18682,0.00329337095104765
18682,2409,0.126407342224286
18682,18797,0.00687333589764616
18797,19074,0.00890521641497184
19074,9733,0.110628789911668
19074,19379,0.0121027621130149
19379,2689,0.0985260277986526
19379,19822,0.0129676120976607
19822,20230,0.0122899500032266
20230,1661,0.0732684656977654
20230,6369,0.0732684656977654
19822,20231,0.0099102904399236
20231,10411,0.0756481252610683
20231,20508,0.0175450071692467
20508,2455,0.0581031180918217
20508,6638,0.0581031180918217
18797,19075,0.00397490432783336
19075,8787,0.115559101998806
19075,19212,0.0021187399844734
19212,7908,0.113440362014333
19212,19288,0.0101652904698739
19288,19636,0.00511755724384737
19636,480,0.0981575143006113
19636,19839,0.00313108226555026
19839,4652,0.095026432035061
19839,19938,0.00246487701765431
19938,20021,0.00957177292245127
20021,1363,0.0829897820949554
20021,7764,0.0829897820949554
19938,20022,0.00113499460512419
20022,3303,0.0914265604122825
20022,20054,0.00815087210814001
20054,4,0.0832756883041425
20054,20299,0.00704516987191801
20299,20487,0.0198528216275222
20487,8167,0.0563776968047023
20487,20905,0.00149226592232784
20905,757,0.0548854308823744
20905,20919,0.0137296045819918
20919,2531,0.0411558263003826
20919,21073,0.00270168110728264
21073,2817,0.0384541451931
21073,6488,0.0384541451931
20299,20488,0.00547127253923785
20488,6568,0.0707592458929867
20488,20628,0.00148805766366422
20628,8462,0.0692711882293224
20628,20663,0.00705326055841787
20663,10133,0.0622179276709046
20663,20804,0.00454529652017212
20804,20885,0.00500647468266614
20885,7037,0.0526661564680663
20885,20953,0.00129743340340528
20953,3658,0.051368723064661
20953,20968,0.00382453938946128
20968,21019,0.0239258711226285
21019,4084,0.0236183125525713
21019,4723,0.0236183125525713
20968,21020,0.00216096287061061
21020,9722,0.0453832208045891
21020,21044,0.00291864476388409
21044,1726,0.042464576040705
21044,21065,0.00792066579063733
21065,6076,0.0345439102500677
21065,21120,0.0015666076913476
21120,7020,0.0329773025587201
21120,21124,0.00266562247027953
21124,8723,0.0303116800884406
21124,21132,0.00640260676542918
21132,8496,0.0239090733230114
21132,21149,0.00949344597756863
21149,173,0.0144156273454428
21149,3430,0.0144156273454428
20804,20886,0.00113412753368418
20886,7669,0.0565385036170483
20886,9620,0.0565385036170483
19288,19637,0.00303213681553506
19637,19754,0.0199359800470503
19754,8384,0.0803069546818733
19754,10031,0.0803069546818733
19637,19755,0.00415404474264697
19755,4203,0.0960888899862766
19755,19903,0.00129503033616964
19903,7543,0.094793859650107
19903,19948,0.00702612847753813
19948,20161,0.00395157124207478
20161,20286,0.00994792621996667
20286,9295,0.0738682337105274
20286,20553,0.00430086627602577
20553,733,0.0695673674345016
20553,4254,0.0695673674345016
20161,20287,0.0051372129884031
20287,4743,0.078678946942091
20287,20414,0.00138991698622704
20414,7974,0.077289029955864
20414,8636,0.077289029955864
19948,20162,0.00379283405614621
20162,3415,0.0839748971164227
20162,20280,0.00643445476889611
20280,7266,0.0775404423475266
20280,20441,0.00961351580917835
20441,20683,0.0158265456557274
20683,3620,0.0521003808826208
20683,20961,0.0181494150310755
20961,2637,0.0339509658515453
20961,2800,0.0339509658515453
20441,20684,0.00539262033998966
20684,6429,0.0625343061983585
20684,20794,0.00964538566768169
20794,10295,0.0528889205306768
20794,20950,0.00628457280496756
20950,7310,0.0466043477257093
20950,21034,0.0157901610558232
21034,1720,0.0308141866698861
21034,21129,0.0016520032659173
21129,4451,0.0291621834039688
21129,7638,0.0291621834039688
18499,18683,0.00316948475221457
18683,5320,0.126531228423119
18683,8314,0.126531228423119
18487,18500,0.0036170899745871
18500,2171,0.130559489130974
18500,3029,0.130559489130974
13140,13759,0.00218957796905983
13759,8611,0.261715055249705
13759,13815,0.00313854097582328
13815,3349,0.258576514273882
13815,13897,0.00144595026217326
13897,9319,0.257130564011709
13897,13930,0.00688644786718778
13930,9981,0.250244116144521
13930,14149,0.00214836994441164
14149,7682,0.248095746200109
14149,14219,0.00149213993134573
14219,2961,0.246603606268764
14219,14257,0.00384791738333853
14257,14370,0.0249209927117571
14370,1532,0.217834696173668
14370,5891,0.217834696173668
14257,14371,0.00418458550357079
14371,6096,0.238571103381854
14371,14479,0.00569627025258973
14479,14666,0.020681463263847
14666,2520,0.212193369865417
14666,6633,0.212193369865417
14479,14667,0.0192122764744626
14667,15322,0.0494087257450729
15322,1794,0.164253830909729
15322,17268,0.0339219719171524
17268,2611,0.130331858992577
17268,6564,0.130331858992577
14667,15323,0.00336188541487689
15323,15431,0.0272263608179813
15431,962,0.183074310421944
15431,3353,0.183074310421944
15323,15432,0.0187713199426651
15432,16161,0.00888724709506472
16161,10347,0.182642104202195
16161,16529,0.000320719048953144
16529,269,0.182321385153242
16529,16545,0.0289855000015733
16545,17709,0.00831061408900122
17709,2999,0.145025271062668
17709,18060,0.003815928880985
18060,2759,0.141209342181683
18060,18217,0.0063255869845549
18217,7503,0.134883755197128
18217,18474,0.00904059372302415
18474,203,0.125843161474104
18474,18830,0.00577103677886748
18830,5226,0.120072124695236
18830,19048,0.0135955742814324
19048,19519,0.0130940301851793
19519,7883,0.0933825202286243
19519,19992,0.0069013737142086
19992,10162,0.0864811465144157
19992,20195,0.00558976316824555
20195,1188,0.0808913833461702
20195,20355,0.00403122211407338
20355,2334,0.0768601612320968
20355,20469,0.00576847454621679
20469,8785,0.07109168668588
20469,20620,0.00996046562989553
20620,2704,0.0611312210559845
20620,20827,0.0105786265805364
20827,1857,0.0505525944754481
20827,20982,0.0123267737217247
20982,21098,0.0116586093790829
21098,3215,0.0265672113746405
21098,10327,0.0265672113746405
20982,21099,0.0101801701821387
21099,1040,0.0280456505715847
21099,8668,0.0280456505715847
19048,19520,0.00574512542648749
19520,19737,0.00829818844795227
19737,406,0.0924332365393639
19737,2270,0.0924332365393639
19520,19738,0.00353196316531726
19738,19874,0.0385380493743079
19874,2615,0.058661412447691
19874,10021,0.058661412447691
19738,19875,0.00199981601465317
19875,997,0.0951996458073457
19875,19929,0.0101991531749566
19929,5253,0.0850004926323891
19929,20253,0.00373408384621143
20253,937,0.0812664087861776
20253,20347,0.0151377264410257
20347,20720,0.0173939913511276
20720,1825,0.0487346909940243
20720,3528,0.0487346909940243
20347,20721,0.00965725257992744
20721,1201,0.0564714297652245
20721,4544,0.0564714297652245
16545,17710,0.00684046690110804
17710,18000,0.0324190646409988
18000,3271,0.114076353609562
18000,19263,0.0179164161284765
19263,3614,0.0961599374810855
19263,19900,0.0187461587289969
19900,712,0.0774137787520885
19900,20447,0.0125422067940235
20447,1687,0.064871571958065
20447,6471,0.064871571958065
17710,18001,0.00710448771715164
18001,3601,0.139390930533409
18001,18292,0.0182560291141272
18292,19010,0.0670098122209311
19010,2137,0.0541250891983509
19010,4362,0.0541250891983509
18292,19011,0.0247101727873087
19011,2080,0.0964247286319733
19011,2996,0.0964247286319733
15432,16162,0.00799769076710818
16162,16493,0.00622732112127722
16493,7574,0.177304339408875
16493,16740,0.0205949010120498
16740,7324,0.156709438396825
16740,17575,0.00221265686882866
17575,17672,0.0601705461740494
17672,7414,0.0943262353539467
17672,9697,0.0943262353539467
17575,17673,0.00863583510120711
17673,4971,0.145860946426789
17673,18022,0.00597805256644884
18022,813,0.13988289386034
18022,18273,0.0219291239976883
18273,4149,0.117953769862652
18273,19139,0.0320532284677029
19139,20217,0.0482934862375259
20217,3083,0.037607055157423
20217,9252,0.037607055157423
19139,20218,0.0440732724964619
20218,3775,0.0418272688984871
20218,5621,0.0418272688984871
16162,16494,0.00346731995575097
16494,226,0.180064340574401
16494,16621,0.00686756719748571
16621,16889,0.0154703171519967
16889,17531,0.0293751515448094
17531,2881,0.128351304680109
17531,18725,0.0138550388316313
18725,10190,0.114496265848478
18725,19247,0.0170568240185579
19247,6398,0.0974394418299198
19247,19865,0.0312478505074978
19865,4584,0.066191591322422
19865,7560,0.066191591322422
16889,17532,0.00989595750967662
17532,17944,0.0205822159846624
17944,515,0.127248282730579
17944,18760,0.0189516549309095
18760,19469,0.0672538677851359
19469,2062,0.041042760014534
19469,5547,0.041042760014534
18760,19470,0.0168329055110614
19470,4680,0.0914637222886086
19470,20053,0.00816241651773453
20053,3825,0.083301305770874
20053,6213,0.083301305770874
17532,17945,0.0103397493561109
17945,1553,0.137490749359131
17945,3950,0.137490749359131
16621,16890,0.00216691544055547
16890,731,0.17102985793636
16890,16960,0.0300687071505495
16960,18228,0.00794149442897205
18228,8708,0.133019656356838
18228,18557,0.00313791980833011
18557,5882,0.129881736548508
18557,18675,0.000747714383418058
18675,4326,0.12913402216509
18675,18698,0.00945449915404122
18698,8775,0.119679523011049
18698,19068,0.0148730958004793
19068,19585,0.0171695633977651
19585,5080,0.0876368638128042
19585,20170,0.00468968165417512
20170,2197,0.0829471821586291
20170,20309,0.0205105456213156
20309,9679,0.0624366365373135
20309,20799,0.0278786011040211
20799,4212,0.0345580354332924
20799,9904,0.0345580354332924
19068,19586,0.00843186747696663
19586,222,0.0963745597336027
19586,19895,0.0124006669022261
19895,20281,0.0144086786146675
20281,1289,0.0695652142167091
20281,10187,0.0695652142167091
19895,20282,0.0045905724700008
20282,20399,0.0160761058330536
20399,20785,0.0123829897493124
20785,1670,0.0509242247790098
20785,20978,0.00488496385514736
20978,9512,0.0460392609238625
20978,10285,0.0460392609238625
20399,20786,0.00810500606894493
20786,6026,0.0552022084593773
20786,6858,0.0552022084593773
20282,20400,0.00976337417960167
20400,6346,0.0696199461817741
20400,9374,0.0696199461817741
16960,18229,0.00738328244341047
18229,3788,0.1335778683424
18229,5738,0.1335778683424
12066,12218,0.00139411898454034
12218,6477,0.327644139528275
12218,12253,0.0317257642745972
12253,4604,0.295918375253677
12253,5716,0.295918375253677
11028,11036,0.0126009676313562
11036,1785,0.384477779269218
11036,11154,0.10524620115757
11154,4650,0.279231578111649
11154,4793,0.279231578111649
10617,10619,0.000740356144195486
10619,10620,0.087196265047575
10620,920,0.374816477298737
10620,8709,0.374816477298737
10619,10621,0.000542329563109123
10621,10622,0.00116715019751706
10622,10628,0.0114189169946171
10628,10664,0.0243927165865898
10664,1951,0.424491629004478
10664,10776,0.0500817149877548
10776,3760,0.374409914016724
10776,9613,0.374409914016724
10628,10665,0.0104262009263039
10665,10697,0.02667436003685
10697,2052,0.411783784627914
10697,9268,0.411783784627914
10665,10698,0.0147074162960052
10698,1578,0.423750728368759
10698,7040,0.423750728368759
10622,10629,0.00483938824562802
10629,3856,0.455463874340057
10629,10646,0.00476908236742019
10646,1935,0.450694791972637
10646,10660,0.0159812793135643
10660,9678,0.434713512659073
10660,10717,0.00982993841171265
10717,3085,0.42488357424736
10717,10771,0.0339204370975494
10771,1087,0.390963137149811
10771,8033,0.390963137149811
10621,10623,0.000195515401268775
10623,10624,0.0020598747583947
10624,10634,0.0397013798356056
10634,2816,0.419513642787933
10634,9107,0.419513642787933
10624,10635,0.0211158767342567
10635,4844,0.438099145889282
10635,9180,0.438099145889282
10623,10625,0.00107885571339777
10625,10630,0.00496620794642133
10630,3003,0.455229833722115
10630,10647,0.0122837672630946
10647,4307,0.44294606645902
10647,10678,0.00709666808446247
10678,5623,0.435849398374557
10678,10705,0.0418491959571838
10705,1466,0.394000202417374
10705,4779,0.394000202417374
10625,10631,0.00045473796657014
10631,10632,0.00344054339306427
10632,10640,0.0357961306969325
10640,1281,0.420504629611969
10640,6118,0.420504629611969
10632,10641,0.0151195642020968
10641,10684,0.0302098525895012
10684,7356,0.410971343517303
10684,10882,0.0750088095664978
10882,6991,0.335962533950806
10882,9291,0.335962533950806
10641,10685,0.0204403979910744
10685,8480,0.42074079811573
10685,10798,0.0166042298078537
10798,4495,0.404136568307877
10798,8363,0.404136568307877
10631,10633,0.00192282181697223
10633,10636,0.00297337130963543
10636,1351,0.454845110575358
10636,10650,0.00171772638956708
10650,10654,0.0446655601263046
10654,10909,0.046741858124733
10909,3706,0.361719965934753
10909,6681,0.361719965934753
10654,10910,0.02391617000103
10910,3208,0.384545654058456
10910,3656,0.384545654058456
10650,10655,0.031675398349762
10655,1759,0.421451985836029
10655,6815,0.421451985836029
10633,10637,0.00171703861944578
10637,10642,0.014858572206685
10642,642,0.441242871058863
10642,10683,0.00201975180745406
10683,10691,0.0556217517778064
10691,6485,0.383601367473602
10691,11164,0.0143231153488159
11164,2750,0.369278252124786
11164,7753,0.369278252124786
10683,10692,0.0100137562166154
10692,1520,0.429209363034793
10692,10737,0.0119288257690321
10737,5471,0.417280537265761
10737,10813,0.000167171895794516
10813,4986,0.417113365369967
10813,10816,0.00257050537914943
10816,10838,0.0133404197289764
10838,925,0.401202440261841
10838,4024,0.401202440261841
10816,10839,0.0036606774516979
10839,10886,0.0353982424940805
10886,906,0.375483940045039
10886,11277,0.0272168318430583
11277,6413,0.348267108201981
11277,11742,0.0160792768001556
11742,2451,0.332187831401825
11742,8907,0.332187831401825
10839,10887,0.00699004095853767
10887,10947,0.0631064593791962
10947,2868,0.340785682201385
10947,6266,0.340785682201385
10887,10948,0.00823819515561419
10948,11047,0.0455761459722583
11047,11704,0.0727402791380882
11704,1268,0.277337521314621
11704,9592,0.277337521314621
11047,11705,0.0522642359137535
11705,2552,0.297813564538956
11705,5919,0.297813564538956
10948,11048,0.000768454371611049
11048,11054,0.0239321407941249
11054,4389,0.370953351259232
11054,11343,0.0725340247154236
11343,7547,0.298419326543808
11343,9684,0.298419326543808
11048,11055,0.00319282977837532
11055,2555,0.391692662274981
11055,11073,0.0161440155276586
11073,11275,0.00574585388029775
11275,4859,0.369802792867025
11275,11358,0.00944433730792227
11358,8245,0.360358455559103
11358,11498,0.00732471176036975
11498,5704,0.353033743798733
11498,11650,0.00591890762249631
11650,8926,0.347114836176236
11650,11768,0.00761625785053821
11768,8595,0.339498578325698
11768,11951,0.00609989145275197
11951,1605,0.333398686872946
11951,12098,0.00628096066616679
12098,12263,0.113611981272697
12263,3485,0.213505744934082
12263,4522,0.213505744934082
12098,12264,0.00384699816212936
12264,3447,0.32327072804465
12264,12329,0.00605791521635496
12329,9545,0.317212812828295
12329,12466,0.00294540332856053
12466,9750,0.314267409499735
12466,12525,0.003926252240255
12525,7388,0.31034115725948
12525,12616,0.0141601755021676
12616,12981,0.0414946857711365
12981,990,0.254686295986176
12981,8585,0.254686295986176
12616,12982,0.00281315577661462
12982,8068,0.293367825980697
12982,13060,0.0048085266044216
13060,5113,0.288559299376276
13060,13157,0.0221824198961258
13157,13708,0.0643573397337788
13708,7581,0.202019539746371
13708,15759,0.0130014472290293
15759,16274,0.0551958252631483
16274,6423,0.133822267254194
16274,18513,0.0604973224302133
18513,2791,0.0733249448239803
18513,20569,0.033084936439991
20569,1772,0.0402400083839893
20569,4788,0.0402400083839893
15759,16275,0.0162134686751025
16275,2680,0.172804623842239
16275,16906,0.0139359897002578
16906,17486,0.0402393424883485
17486,2659,0.118629291653633
17486,3512,0.118629291653633
16906,17487,0.020494463853538
17487,18315,0.0863045323640108
18315,2533,0.0520696379244328
18315,8351,0.0520696379244328
17487,18316,0.0292749684303999
18316,2871,0.109099201858044
18316,5251,0.109099201858044
13157,13709,0.0200333370575829
13709,5012,0.246343542422567
13709,14270,0.0192947564076404
14270,14857,0.025637883971743
14857,1997,0.201410902043184
14857,15788,0.0179368515809377
15788,1643,0.183474050462246
15788,16499,0.0225163973867893
16499,2939,0.160957653075457
16499,17415,0.0576392275591691
17415,4055,0.103318425516287
17415,19635,0.0136226440469424
19635,9487,0.0896957814693451
19635,20110,0.0587303098291159
20110,4494,0.0309654716402292
20110,6653,0.0309654716402292
14270,14858,0.00907618257464193
14858,15146,0.0658189922571182
15146,3294,0.152153611183167
15146,7208,0.152153611183167
14858,15147,0.0426282741129398
15147,7245,0.175344329327345
15147,16810,0.0416116776565711
16810,7314,0.133732651670774
16810,18520,0.0139132191737493
18520,2540,0.119819432497025
18520,19064,0.0239965096116066
19064,7169,0.0958229228854179
19064,9191,0.0958229228854179
11073,11276,0.004759742889346
11276,11344,0.00882390360771584
11344,11474,0.0274696793340848
11474,9621,0.334495320916176
11474,12074,0.158994048833847
12074,5874,0.175501272082329
12074,9325,0.175501272082329
11344,11475,0.00149855857643483
11475,11496,0.0437205942102181
11496,3288,0.316745847463608
11496,8140,0.316745847463608
11475,11497,0.00159154271261597
11497,11525,0.0210081754237648
11525,1933,0.337866723537445
11525,10180,0.337866723537445
11497,11526,0.00157437126452287
11526,11561,0.00171128007244348
11561,11600,0.0798560151260746
11600,2609,0.275733232498169
11600,5828,0.275733232498169
11561,11601,0.00203113568838958
11601,4608,0.353558111935854
11601,11632,0.00803340523172225
11632,11802,0.0204140029973904
11802,416,0.325110703706741
11802,5326,0.325110703706741
11632,11803,0.000451016687067318
11803,9832,0.345073690017064
11803,11818,0.0299791885240946
11818,12507,0.00589678039976976
12507,12652,0.0269072624140008
12652,3811,0.282290458679199
12652,4642,0.282290458679199
12507,12653,0.00320120162412046
12653,5787,0.30599651946908
12653,12722,0.00555188451979083
12722,9789,0.300444634949289
12722,12855,0.0193637515272205
12855,13320,0.0236220068227844
13320,13926,0.0104256282542266
13926,10131,0.247033248345057
13926,14239,0.0153895864884059
14239,9066,0.231643661856651
14239,14712,0.0197143703699112
14712,745,0.21192929148674
14712,4454,0.21192929148674
13320,13927,0.0077298354117476
13927,14166,0.0505771825001354
14166,2224,0.199151858687401
14166,15863,0.0289096236228943
15863,3887,0.170242235064507
15863,9605,0.170242235064507
13927,14167,0.0198208281681652
14167,172,0.229908213019371
14167,14759,0.00882179662585258
14759,9470,0.221086416393518
14759,15045,0.00593939660625023
15045,4431,0.215147019787268
15045,15257,0.0121568782763048
15257,7443,0.202990141510963
15257,15703,0.015492931753397
15703,16340,0.0282668136060238
16340,4129,0.159230396151543
16340,17471,0.056759987026453
17471,9188,0.10247040912509
17471,19673,0.00985327983895938
19673,7147,0.0926171292861303
19673,20018,0.0075822373231252
20018,6551,0.0850348919630051
20018,20250,0.0196746364235878
20250,1716,0.0653602555394173
20250,8554,0.0653602555394173
15703,16341,0.0212139748036861
16341,1129,0.16628323495388
16341,17181,0.0224108844995499
17181,4071,0.14387235045433
17181,18102,0.0773230269551277
18102,5194,0.0665493234992027
18102,9926,0.0665493234992027
12855,13321,0.0220284260596547
13321,13879,0.00927471669656893
13879,14163,0.0370096851672445
14163,4105,0.2127680554986
14163,15347,0.0109047070145607
15347,471,0.201863348484039
15347,9517,0.201863348484039
13879,14164,0.0173190101271584
14164,14683,0.0721665521462758
14683,9631,0.16029217839241
14683,17443,0.0344418436288834
17443,6770,0.125850334763527
17443,8417,0.125850334763527
14164,14684,0.0197752540310224
14684,15350,0.0277612581849098
15350,3318,0.184922218322754
15350,5538,0.184922218322754
14684,15351,0.0210631713271141
15351,2934,0.19162030518055
15351,3906,0.19162030518055
13321,13880,0.00574868448906479
13880,9737,0.253303772873349
13880,14051,0.0116929850644535
14051,14412,0.0410647963484128
14412,2278,0.200545991460482
14412,15822,0.00746203793419731
15822,16098,0.0669629838731554
16098,462,0.12612096965313
16098,18811,0.0295692458748817
18811,6137,0.0965517237782478
18811,6294,0.0965517237782478
15822,16099,0.0410724845197466
16099,5243,0.152011469006538
16099,17762,0.089421272277832
17762,4953,0.0625901967287064
17762,9628,0.0625901967287064
14051,14413,0.0215025320649147
14413,1024,0.22010825574398
14413,6979,0.22010825574398
11818,12508,0.00120953678174018
12508,9812,0.31388496471123
12508,12533,0.00428188753799663
12533,20,0.309603077173233
12533,12643,0.0040072816437568
12643,597,0.305595795529476
12643,12726,0.00400242172594473
12726,3048,0.301593373803531
12726,12830,0.00440394661725013
12830,12952,0.0105002351296254
12952,6145,0.286689192056656
12952,13199,0.0187683403491974
13199,2095,0.267920851707458
13199,7038,0.267920851707458
12830,12953,0.00548341400348223
12953,13096,0.0343308622638385
13096,1932,0.257375150918961
13096,3035,0.257375150918961
12953,13097,0.00540220228537841
13097,13208,0.108427547040533
13208,1966,0.177876263856888
13208,7362,0.177876263856888
13097,13209,0.0286233429245883
13209,13921,0.0236727363789439
13921,467,0.234007731593888
13921,14637,0.00095562209269684
14637,9094,0.233052109501192
14637,14660,0.00461891165407247
14660,3365,0.228433197847119
14660,14809,0.0170389429838569
14809,15405,0.0399354889988899
15405,4661,0.171458765864372
15405,6702,0.171458765864372
14809,15406,0.0104467979144482
15406,15810,0.0323995733190151
15810,9299,0.168547883629799
15810,17075,0.0219972878694534
17075,9921,0.146550595760345
17075,17999,0.0121151059865952
17999,1738,0.13443548977375
17999,3585,0.13443548977375
15406,15811,0.0238433386856343
15811,16752,0.0101409436344649
16752,17157,0.02873987176766
17157,4008,0.138223302861055
17157,18324,0.0325685416658719
18324,1996,0.105654761195183
18324,19548,0.00778073072433472
19548,84,0.0978740304708481
19548,10567,0.0978740304708481
16752,17158,0.0109584760541717
17158,4538,0.156004698574543
17158,17613,0.0163988132029772
17613,5783,0.139605885371566
17613,18282,0.041074159865578
18282,5235,0.0985317255059878
18282,19818,0.057802806297938
19818,5952,0.0407289192080498
19818,21078,0.0161962658166885
21078,4831,0.0245326533913612
21078,5702,0.0245326533913612
15811,16753,0.00794332131291881
16753,17032,0.0492998423675696
17032,1447,0.119860954582691
17032,19062,0.010449147472779
19062,10182,0.109411807109912
19062,19424,0.0062268025552233
19424,19639,0.0380494063720107
19639,3146,0.0651355981826782
19639,3818,0.0651355981826782
19424,19640,0.0153156261270245
19640,2257,0.0878693784276644
19640,20156,0.0452591317395369
20156,3866,0.0426102466881275
20156,21064,0.00717480108141899
21064,4711,0.0354354456067085
21064,5965,0.0354354456067085
16753,17033,0.0173303397993247
17033,7472,0.151830457150936
17033,17771,0.0283062532544136
17771,2066,0.123524203896523
17771,4666,0.123524203896523
13209,13922,0.0112147596219808
13922,14263,0.0110096887108826
14263,2732,0.235456019639969
14263,14596,0.00691866874694824
14596,3805,0.228537350893021
14596,5241,0.228537350893021
13922,14264,0.00440495266091256
14264,5359,0.242060755689939
14264,14392,0.00279643596746984
14392,3050,0.239264319722469
14392,14464,0.0128913362668111
14464,4108,0.226372983455658
14464,14873,0.00238746667901674
14873,2686,0.223985516776641
14873,14941,0.00909481256984282
14941,356,0.214890704206798
14941,15270,0.00324131342262149
15270,7570,0.211649390784177
15270,15390,0.00424422878465611
15390,10293,0.207405161999521
15390,15552,0.0021970295835109
15552,10125,0.20520813241601
15552,15627,0.0148704202638732
15627,16220,0.0625913387371434
16220,1485,0.127746373414993
16220,6149,0.127746373414993
15627,16221,0.0200610034351731
16221,16999,0.0277271250285852
16999,8205,0.142549583688378
16999,18165,0.0087724027356931
18165,5146,0.133777180952685
18165,18518,0.0109425779609453
18518,8569,0.12283460299174
18518,18964,0.0101551646987597
18964,6749,0.11267943829298
18964,19316,0.0241368837654591
19316,20138,0.0365292876958847
20138,2936,0.0520132668316364
20138,5222,0.0520132668316364
19316,20139,0.00844567641615868
20139,9496,0.0800968781113625
20139,20379,0.0342680774629116
20379,5290,0.0458288006484509
20379,7070,0.0458288006484509
16221,17000,0.00534114819249992
17000,17236,0.0355187793572743
17236,18691,0.102671875307957
18691,4816,0.0267449058592319
18691,9622,0.0267449058592319
17236,18692,0.00190504888693491
18692,2502,0.127511732280254
18692,18751,0.0875559002161026
18751,1610,0.0399558320641518
18751,3549,0.0399558320641518
17000,17237,0.00642800976832705
17237,675,0.158507550756137
17237,17496,0.032268992314736
17496,4253,0.126238558441401
17496,18805,0.0201744921505451
18805,2413,0.106064066290855
18805,8118,0.106064066290855
11526,11562,0.00147020102031831
11562,11595,0.0803157538175583
11595,1512,0.27551457285881
11595,6492,0.27551457285881
11562,11596,0.0235224813222885
11596,3502,0.33230784535408
11596,9226,0.33230784535408
11276,11345,0.00250760072794309
11345,11377,0.0243350414260654
11377,11846,0.0339058473706245
11846,1664,0.310040414333344
11846,12626,0.0490898042917252
12626,3857,0.260950610041618
12626,13832,0.0442863255739212
13832,2519,0.216664284467697
13832,5544,0.216664284467697
11377,11847,0.00603666346181519
11847,11991,0.0425640295852314
11991,9422,0.295345568656921
11991,13001,0.0048940983083513
13001,4636,0.29045147034857
13001,13121,0.00823741098718039
13121,13283,0.115387319454125
13283,3357,0.166826739907265
13283,5627,0.166826739907265
13121,13284,0.0155590811655635
13284,5007,0.266654978195826
13284,13701,0.0113932440678279
13701,3452,0.255261734127998
13701,13993,0.0488109067082405
13993,15578,0.0343680530786514
15578,6714,0.172082774341106
15578,16933,0.0506707280874252
16933,2904,0.121412046253681
16933,8449,0.121412046253681
13993,15579,0.0181350633502007
15579,2387,0.188315764069557
15579,7288,0.188315764069557
11847,11992,0.0234102242952818
11992,12522,0.153950835977282
12522,7380,0.160548537969589
12522,8959,0.160548537969589
11992,12523,0.0607943954212325
12523,14035,0.0887746945023536
14035,4224,0.164930284023285
14035,7966,0.164930284023285
12523,14036,0.00504095703363416
14036,804,0.248664021492004
14036,14200,0.0491537153720856
14200,15843,0.0599455833435059
15843,8597,0.139564722776413
15843,9148,0.139564722776413
14200,15844,0.0123971700668335
15844,2737,0.187113136053085
15844,7357,0.187113136053085
11345,11378,0.00105827829969579
11378,11387,0.0250934665055238
11387,6233,0.342129558324814
11387,10252,0.342129558324814
11378,11388,0.00214005802583322
11388,11421,0.014376647790273
11421,9285,0.350706319014231
11421,11693,0.0113270382086436
11693,9138,0.339379280805588
11693,11953,0.0599718987941742
11953,890,0.279407382011414
11953,959,0.279407382011414
11388,11422,0.00680972825511689
11422,11542,0.0428964799739481
11542,6160,0.315376758575439
11542,9097,0.315376758575439
11422,11543,0.0388894915335333
11543,12407,0.00602166726981346
12407,12550,0.0035864967967203
12550,9368,0.30977558294932
12550,12633,0.023886282933064
12633,13219,0.00716724475988972
13219,10325,0.278722055256367
13219,13375,0.0299104421778962
13375,14192,0.0268119693354324
14192,15007,0.0119911529123783
15007,891,0.21000849083066
15007,15451,0.00992924347519875
15451,3792,0.200079247355461
15451,15835,0.0660910978913307
15835,2480,0.13398814946413
15835,18509,0.0853550918400288
18509,5728,0.0486330576241016
18509,8262,0.0486330576241016
14192,15008,0.00676352630058924
15008,2901,0.215236117442449
15008,15253,0.0210762818654378
15253,5323,0.194159835577011
15253,16060,0.113987229764462
16060,7094,0.0801726058125496
16060,8051,0.0801726058125496
13375,14193,0.0121599242643074
14193,4335,0.236651688814163
14193,14541,0.0495052635669708
14541,2807,0.187146425247192
14541,3933,0.187146425247192
12633,13220,0.00638669958481419
13220,3628,0.279502600431442
13220,6290,0.279502600431442
12407,12551,0.00320749634023676
12551,7289,0.310154583405804
12551,12620,0.00504083527593285
12620,51,0.305113748129871
12620,12738,0.00662904806316844
12738,4334,0.298484700066703
12738,12912,0.00295425989046816
12912,7493,0.295530440176235
12912,12994,0.00843547459910898
12994,4583,0.287094965577126
12994,13188,0.00455337110906839
13188,4609,0.282541594468057
13188,13274,0.0153637882021646
13274,9049,0.267177806265893
13274,13683,0.00899831947459973
13683,1383,0.258179486791293
13683,13908,0.00388297298479645
13908,14013,0.0335206264363868
14013,7264,0.22077588737011
14013,9441,0.22077588737011
13908,14014,0.0330260119941973
14014,15032,0.0608957784374555
15032,9228,0.160374723374844
15032,17440,0.0157161876559258
17440,6807,0.144658535718918
17440,10247,0.144658535718918
14014,15033,0.00394043967127797
15033,4895,0.217330062141021
15033,15170,0.00748160610839482
15170,15462,0.0204080491737052
15462,8750,0.189440406858921
15462,16253,0.025954915676266
16253,17291,0.016135810009603
17291,9541,0.147349681173052
17291,17965,0.0465083206338542
17965,19731,0.0209945909678936
19731,7029,0.0798467695713043
19731,9015,0.0798467695713043
17965,19732,0.0102864991873503
19732,9433,0.0905548613518476
19732,20079,0.0135298389941454
20079,20461,0.0636329194530845
20461,1947,0.0133921029046178
20461,3470,0.0133921029046178
20079,20462,0.0213519148528576
20462,2382,0.0556731075048447
20462,9234,0.0556731075048447
16253,17292,0.0042901624304553
17292,9499,0.1591953287522
17292,17473,0.0471157344679038
17473,2218,0.112079594284296
17473,19335,0.0466226227581501
19335,4148,0.0654569715261459
19335,7877,0.0654569715261459
15170,15463,0.0190158821121379
15463,16192,0.0794653296470642
16192,5619,0.111367244273424
16192,19349,0.059720903635025
19349,428,0.0516463406383991
19349,7601,0.0516463406383991
15463,16193,0.0276011981070042
16193,17310,0.0856903858482838
17310,10029,0.0775409899652004
17310,20440,0.0430601723492146
20440,2130,0.0344808176159859
20440,7518,0.0344808176159859
16193,17311,0.0253348330656687
17311,18336,0.0280147840579351
18336,4424,0.10988175868988
18336,6664,0.10988175868988
17311,18337,0.0237143052121004
18337,9413,0.114182237535715
18337,19257,0.0494678281247616
19257,5045,0.0647144094109535
19257,9151,0.0647144094109535
11543,12408,0.00194572426799594
12408,12461,0.0571483835133154
12461,2395,0.260289639234543
12461,4206,0.260289639234543
12408,12462,0.00234411598222389
12462,9607,0.315093906765634
12462,12509,0.00542819382219051
12509,9076,0.309665712943444
12509,12642,0.00306693679028813
12642,12704,0.0131284129303721
12704,8414,0.293470363222784
12704,13057,0.0129916551431798
13057,5967,0.280478708079604
13057,13338,0.00213681373114144
13338,1132,0.278341894348462
13338,13385,0.00863522299747355
13385,13610,0.0543191034732194
13610,2285,0.215387567877769
13610,7539,0.215387567877769
13385,13611,0.00261814596161863
13611,2922,0.26708852538937
13611,13687,0.00469229462787629
13687,2226,0.262396230761494
13687,13799,0.00542311234370108
13799,13931,0.0481229283743435
13931,5571,0.208850190043449
13931,8557,0.208850190043449
13799,13932,0.013993965771513
13932,14357,0.0251966799336269
14357,15157,0.0387688106724194
15157,16671,0.0285284295678139
16671,2652,0.15048523247242
16671,4957,0.15048523247242
15157,16672,0.0232913345098495
16672,8213,0.155722327530384
16672,17624,0.041239969432354
17624,833,0.11448235809803
17624,1641,0.11448235809803
14357,15158,0.00532350798884584
15158,3932,0.212458964723807
15158,15364,0.0519048069468421
15364,17432,0.0295414414463772
17432,9146,0.131012716330588
17432,18639,0.00555670553197463
18639,18848,0.0272724273304145
18848,2844,0.0981835834681988
18848,19838,0.0211957780023416
19838,8169,0.0769878054658572
19838,20464,0.0296992833415667
20464,8358,0.0472885221242905
20464,21024,0.0258768759667873
21024,1229,0.0214116461575031
21024,10323,0.0214116461575031
18639,18849,0.0262213478485743
18849,1593,0.0992346629500389
18849,19793,0.0202894806861877
19793,9675,0.0789451822638512
19793,9912,0.0789451822638512
15364,17433,0.0229024584922526
17433,8828,0.137651699284712
17433,18345,0.0330509046713511
18345,8642,0.104600794613361
18345,19592,0.0241106823086739
19592,3362,0.0804901123046875
19592,4679,0.0804901123046875
13932,14358,0.00455293012556382
14358,6680,0.238426222520716
14358,14483,0.00290558918805894
14483,2307,0.235520633332657
14483,14595,0.00402327945851016
14595,4535,0.231497353874147
14595,14718,0.00306018492988042
14718,10373,0.228437168944267
14718,14808,0.0214645997170479
14808,2695,0.206972569227219
14808,15566,0.018164422776964
15566,16286,0.00955285995252547
16286,5984,0.179255286497729
16286,16659,0.0216585558706096
16659,17541,0.0222956602151195
17541,18456,0.0410949384172757
18456,6660,0.0942061319947243
18456,19961,0.0177670866250992
19961,1398,0.0764390453696251
19961,9689,0.0764390453696251
17541,18457,0.0132715945442518
18457,7398,0.122029475867748
18457,18986,0.0187648882468541
18986,459,0.103264587620894
18986,19638,0.0370710684607426
19638,7361,0.0661935191601515
19638,20716,0.0381478685885668
20716,3497,0.0280456505715847
20716,6958,0.0280456505715847
16659,17542,0.0122990887612104
17542,18046,0.0695599419996142
18046,2984,0.0757376998662949
18046,6716,0.0757376998662949
17542,18047,0.0456228395923972
18047,19778,0.030625831335783
19778,2021,0.0690489709377289
19778,2589,0.0690489709377289
18047,19779,0.0271358601748943
19779,1713,0.0725389420986176
19779,4923,0.0725389420986176
15566,16287,0.0046341973874304
16287,809,0.184173949062824
16287,16477,0.0172869366076258
16477,17159,0.0358322672131989
17159,18636,0.0267236119757096
18636,4440,0.10433113326629
18636,19599,0.0073242907722791
19599,245,0.0970068424940109
19599,19879,0.0266553163528442
19879,6018,0.0703515261411667
19879,6927,0.0703515261411667
17159,18637,0.00485579036176204
18637,2678,0.126198954880238
18637,18806,0.0404223948717117
18806,6063,0.0857765600085258
18806,20222,0.0211634822189808
20222,347,0.0646130777895451
20222,20752,0.0063026063144207
20752,4922,0.0583104714751244
20752,6699,0.0583104714751244
16477,17160,0.0351899115575685
17160,18604,0.0616223936279615
18604,5718,0.0700747072696686
18604,20645,0.00986063107848167
20645,1557,0.0602140761911869
20645,9019,0.0602140761911869
17160,18605,0.0138731052478154
18605,124,0.117823995649815
18605,4794,0.117823995649815
12642,12705,0.0120996768985476
12705,287,0.294499099254608
12705,5384,0.294499099254608
10637,10643,0.00101630150251331
10643,10648,0.026718962495469
10648,10740,0.0519790301720301
10740,931,0.376387149095535
10740,8587,0.376387149095535
10648,10741,0.0161309639612834
10741,5833,0.412235215306282
10741,10866,0.027849867939949
10866,6119,0.384385347366333
10866,6964,0.384385347366333
10643,10649,0.00416256162752804
10649,10658,0.0408692375547111
10658,7081,0.410053342580795
10658,9406,0.410053342580795
10649,10659,0.00203934737925526
10659,10666,0.0575142475801647
10666,1322,0.391368985176086
10666,7907,0.391368985176086
10659,10667,0.0062315138525138
10667,10679,0.102283423889833
10679,11925,0.0171881559491158
11925,3455,0.323180139064789
11925,9145,0.323180139064789
10679,11926,0.0128681730798313
11926,3152,0.327500121934073
11926,12255,0.00577791374867448
12255,12361,0.0546761440469863
12361,5975,0.267046064138412
12361,8700,0.267046064138412
12255,12362,0.0058145727284129
12362,12485,0.045488306052155
12485,2899,0.270419329404831
12485,8735,0.270419329404831
12362,12486,0.00332436099497962
12486,8606,0.312583274462006
12486,12567,0.00249034027645595
12567,12622,0.0624673001113392
12622,4421,0.247625634074211
12622,5135,0.247625634074211
12567,12623,0.0101995985872793
12623,2405,0.299893335598271
12623,12873,0.00538420972482451
12873,6929,0.294509125873447
12873,13024,0.00341745184209102
13024,767,0.291091674031355
13024,13114,0.00590286303346782
13114,8491,0.285188810997888
13114,13230,0.0207733362383218
13230,10311,0.264415474759566
13230,13752,0.0043931507670486
13752,514,0.260022323992517
13752,13854,0.00599455129769111
13854,14019,0.075575802475214
14019,1918,0.178451970219612
14019,5499,0.178451970219612
13854,14020,0.0290338862687349
14020,14910,0.0345893427729607
14910,16216,0.0559804234653711
16216,3207,0.134424120187759
16216,8231,0.134424120187759
14910,16217,0.00961277820169926
16217,1374,0.180791765451431
16217,16598,0.0190442495048046
16598,17375,0.033495918661356
17375,841,0.128251597285271
17375,5683,0.128251597285271
16598,17376,0.0240424046913783
17376,18342,0.0432205734153588
18342,5515,0.0944845378398895
18342,19956,0.0143927335739136
19956,2022,0.080091804265976
19956,6049,0.080091804265976
17376,18343,0.033871674289306
18343,3901,0.103833436965942
18343,4101,0.103833436965942
14020,14911,0.00991670066571756
14911,10510,0.215077185760374
14911,15263,0.0281036567943025
15263,16356,0.0113185016734023
16356,16802,0.0599760761484504
16802,9942,0.115678951144218
16802,19204,0.0030592605471611
19204,1848,0.112619690597057
19204,19319,0.0165292918682098
19319,1176,0.0960903987288475
19319,7697,0.0960903987288475
16356,16803,0.0204655629582703
16803,17648,0.0222869315184653
17648,3304,0.132902532815933
17648,4332,0.132902532815933
16803,17649,0.015536597996418
17649,8519,0.139652866337981
17649,18279,0.0205777162952083
18279,19093,0.0416398055851459
19093,3106,0.0774353444576263
19093,9489,0.0774353444576263
18279,19094,0.0319043815135956
19094,6167,0.0871707685291767
19094,20179,0.00369020675619443
20179,9256,0.0834805617729823
20179,20292,0.0201706408212582
20292,4529,0.0633099209517241
20292,20784,0.0137200709432364
20784,4823,0.0495898500084877
20784,5848,0.0495898500084877
15263,16357,0.00727101381099413
16357,16639,0.0342919774353504
16639,1752,0.145410537719727
16639,18041,0.0398532785475254
18041,5310,0.105557259172201
18041,19551,0.0156939961016178
19551,11,0.0898632630705833
19551,7101,0.0898632630705833
16357,16640,0.0289743341505528
16640,1675,0.150728181004524
16640,17805,0.00542177756627402
17805,2487,0.14530640343825
17805,18045,0.0132360557715098
18045,1575,0.13207034766674
18045,18593,0.0164678692817688
18593,769,0.115602478384972
18593,9899,0.115602478384972
10667,10680,0.000823480909483032
10680,10681,0.0325384289959231
10681,2369,0.409289808998331
10681,10894,0.0296337223992056
10894,3680,0.379656086599126
10894,11215,0.00699683506439847
11215,5807,0.372659251534727
11215,11320,0.000654844387160736
11320,818,0.372004407147566
11320,11329,0.000691477662907669
11329,2234,0.371312929484659
11329,11334,0.00122567437802573
11334,4060,0.370087255106633
11334,11353,0.00334386922399366
11353,11393,0.0253848732426399
11393,2112,0.341358512639999
11393,9303,0.341358512639999
11353,11394,0.00172939519170762
11394,11423,0.00825664787553254
11423,11574,0.0900906622409821
11574,5743,0.266666680574417
11574,8766,0.266666680574417
11423,11575,0.0603651404380798
11575,6573,0.296392202377319
11575,8516,0.296392202377319
11394,11424,0.00231551760778359
11424,10292,0.362698473083148
11424,11460,0.000532638847153988
11460,7816,0.362165834235994
11460,11471,0.00920027563572029
11471,164,0.352965558600274
11471,11651,0.00286396695360258
11651,11700,0.121323274075985
11700,2869,0.228778317570686
11700,7602,0.228778317570686
11651,11701,0.0064148519139785
11701,9349,0.343686739732693
11701,11849,0.000809139782793233
11849,11865,0.0518939826441439
11865,4913,0.290983617305756
11865,7844,0.290983617305756
11849,11866,0.000475860271264006
11866,7271,0.342401739678636
11866,11877,0.00281400572904467
11877,11945,0.0739151694430601
11945,540,0.265672564506531
11945,5524,0.265672564506531
11877,11946,0.00396036233956892
11946,12053,0.0574989860661987
12053,3289,0.278128385543823
12053,7832,0.278128385543823
11946,12054,0.0201998744834151
12054,12497,0.0206503643035263
12497,13016,0.00310308240526708
13016,10061,0.291674050417813
13016,13098,0.010753483137097
13098,13329,0.0660407564706273
13329,9825,0.214879810810089
13329,15272,0.0213404893875122
15272,1806,0.193539321422577
15272,7490,0.193539321422577
13098,13330,0.00852684480819677
13330,8618,0.27239372247252
13330,13550,0.0122312445321988
13550,13850,0.0937767304480076
13850,3023,0.166385747492313
13850,17177,0.0498212973276774
17177,953,0.116564450164636
17177,19175,0.0238960546751817
19175,7221,0.0926683954894543
19175,20016,0.0342438593506813
20016,7722,0.058424536138773
20016,9296,0.058424536138773
13550,13851,0.0093844240531325
13851,14127,0.0291649216786027
14127,15022,0.0741900287568569
15022,1196,0.147423103451729
15022,5620,0.147423103451729
14127,15023,0.0183662109076977
15023,5558,0.203246921300888
15023,15697,0.0349311977624893
15697,17085,0.0257318230966727
17085,18159,0.0288299781580766
18159,3515,0.113753922283649
18159,4220,0.113753922283649
17085,18160,0.0122888994713624
18160,5368,0.130295000970364
18160,18659,0.0391006544232368
18659,9483,0.0911943465471268
18659,9629,0.0911943465471268
15697,17086,0.0118729819854101
17086,3928,0.156442741552989
17086,17588,0.0194626624385516
17588,1949,0.136980079114437
17588,18385,0.0948889590799809
18385,2390,0.0420911200344563
18385,6987,0.0420911200344563
13851,14128,0.00857625984187638
14128,14384,0.0267648387522924
14384,7401,0.21543695529302
14384,15250,0.0208025959630807
15250,16034,0.0267174206674099
16034,17106,0.136709859594703
17106,707,0.0312070790678263
17106,9457,0.0312070790678263
16034,17107,0.00484642386436462
17107,8014,0.163070514798164
17107,8066,0.163070514798164
15250,16035,0.0106647871434689
16035,4580,0.18396957218647
16035,8767,0.18396957218647
14128,14385,0.0168399737349578
14385,5941,0.225361820310354
14385,14899,0.0153237941364447
14899,2096,0.21003802617391
14899,15450,0.0154314910372098
15450,7815,0.1946065351367
15450,16040,0.0668533518910408
16040,3025,0.127753183245659
16040,6159,0.127753183245659
12497,13017,0.0024926064265377
13017,4436,0.292284526396543
13017,13084,0.0154799628972767
13084,5338,0.276804563499266
13084,13421,0.00142283796943643
13421,1959,0.27538172552983
13421,13458,0.00811734807559811
13458,8072,0.267264377454232
13458,13680,0.00879670396302257
13680,13901,0.0321725971805744
13901,8400,0.226295076310635
13901,14875,0.0409940704703331
14875,2397,0.185301005840302
14875,8457,0.185301005840302
13680,13902,0.0124511687266521
13902,1796,0.246016504764557
13902,14277,0.0152073304775434
14277,14729,0.016236506211452
14729,15289,0.0209509027855737
15289,5347,0.193621765289988
15289,16078,0.0185750695211547
16078,16824,0.0458120688796043
16824,5493,0.129234626889229
16824,6225,0.129234626889229
16078,16825,0.0319800088802973
16825,18140,0.05709216867884
18140,663,0.0859745182096958
18140,20214,0.00715898349881172
20214,6120,0.0788155347108841
20214,7988,0.0788155347108841
16825,18141,0.0226743345459302
18141,1457,0.120392352342606
18141,3196,0.120392352342606
14729,15290,0.0122120641171932
15290,10045,0.202360603958368
15290,15733,0.0117341366906961
15733,625,0.190626467267672
15733,16204,0.0056531677643458
16204,4458,0.184973299503326
16204,16444,0.122560318559408
16444,1362,0.0624129809439182
16444,4764,0.0624129809439182
14277,14730,0.016135504786229
14730,8207,0.214673669500784
14730,15285,0.0241152613000436
15285,802,0.190558408200741
15285,16210,0.0187428675591946
16210,16943,0.0546171255409718
16943,4070,0.117198415100574
16943,8279,0.117198415100574
16210,16944,0.0207029479954924
16944,6391,0.151112592646054
16944,17796,0.00970426840441568
17796,18208,0.0542523637413979
18208,1377,0.0871559605002403
18208,10419,0.0871559605002403
17796,18209,0.0136956435938676
18209,18744,0.0308025317887465
18744,177,0.096910148859024
18744,1327,0.096910148859024
18209,18745,0.0293806443611781
18745,2302,0.0983320362865925
18745,19829,0.0644564665853977
19829,2326,0.0338755697011948
19829,9585,0.0338755697011948
12054,12498,0.016467719163325
12498,12893,0.00615264425460049
12893,2346,0.292807133708681
12893,13072,0.0151490711294859
13072,13399,0.01273883000211
13399,6643,0.264919232577085
13399,13741,0.0115773480724205
13741,14049,0.0204772289503704
14049,7880,0.232864655554295
14049,14668,0.0496450737118721
14668,8234,0.183219581842422
14668,16509,0.0245724469423294
16509,6516,0.158647134900093
16509,17494,0.00293375551700592
17494,9856,0.155713379383087
17494,10578,0.155713379383087
13741,14050,0.00848666537891732
14050,2262,0.244855219125748
14050,14303,0.030892641014523
14303,3321,0.213962578111225
14303,15313,0.0113515500274916
15313,15723,0.0208207507218633
15723,2173,0.18179027736187
15723,7698,0.18179027736187
15313,15724,0.0147967670645033
15724,16325,0.0373838499188423
16325,2321,0.150430411100388
16325,7276,0.150430411100388
15724,16326,0.0186494544148445
16326,7612,0.169164806604385
16326,17030,0.00974823534488678
17030,8074,0.159416571259499
17030,17464,0.0191116109490395
17464,1228,0.140304960310459
17464,18259,0.0548803061246872
18259,1671,0.0854246541857719
18259,1903,0.0854246541857719
13072,13400,0.00507597951522842
13400,10083,0.272582083063967
13400,13539,0.00515491707140908
13539,5248,0.267427165992558
13539,13675,0.0091007286682725
13675,13904,0.0200691483914852
13904,2840,0.2382572889328
13904,5811,0.2382572889328
13675,13905,0.00470994040369987
13905,7069,0.253616496920586
13905,14042,0.0234071090817451
14042,1877,0.23020938783884
14042,14749,0.00976240025325256
14749,9863,0.220446987585588
14749,15063,0.00556958145038647
15063,15273,0.0275152801935162
15273,5715,0.187362125941685
15273,16350,0.00562817496912821
16350,187,0.181733950972557
16350,16563,0.00855499207973481
16563,6932,0.173178958892822
16563,16892,0.0141839303076267
16892,9965,0.158995028585196
16892,17480,0.0219812157253424
17480,6297,0.137013812859853
17480,18383,0.0614848186572393
18383,1731,0.0755289942026138
18383,20510,0.00639917701482773
20510,9569,0.0691298171877861
20510,9850,0.0691298171877861
15063,15274,0.000646093860268593
15274,3499,0.214231312274933
15274,15306,0.0881299376487732
15306,1050,0.12610137462616
15306,2147,0.12610137462616
12498,12894,0.00518693550081201
12894,13034,0.0206751336411732
13034,6275,0.273097708821297
13034,13523,0.0277413874864578
13523,761,0.245356321334839
13523,2374,0.245356321334839
12894,13035,0.00473045903008157
13035,839,0.289042383432388
13035,13142,0.0222743722872856
13142,8186,0.266768011145103
13142,13698,0.00805206354531524
13698,4888,0.258715947599787
13698,13894,0.0134367212103906
13894,14296,0.00470936217593021
14296,2237,0.240569864213467
14296,14431,0.00823057562112806
14431,14690,0.0555182802677155
14690,4117,0.176821008324623
14690,16759,0.0233504585921764
16759,17704,0.0593912489712238
17704,2905,0.0940793007612228
17704,9574,0.0940793007612228
16759,17705,0.0503671579062939
17705,7641,0.103103391826153
17705,8349,0.103103391826153
14431,14691,0.00776712179183964
14691,577,0.224572166800499
14691,14924,0.0290264114737511
14924,15986,0.0529503151774406
15986,1712,0.142595440149307
15986,1930,0.142595440149307
14924,15987,0.0411565080285072
15987,8,0.154389247298241
15987,8332,0.154389247298241
13894,14297,0.00359081008719275
14297,14408,0.0228021583648829
14408,15109,0.0104865304624231
15109,15514,0.0232570713075499
15514,6910,0.185142656167348
15514,16429,0.012606126566728
16429,8631,0.17253652960062
16429,16921,0.0174873992800713
16921,3951,0.155049130320549
16921,10196,0.155049130320549
15109,15515,0.012978437077254
15515,15993,0.0744311518967152
15993,5768,0.120990138500929
15993,19018,0.0384841002523899
19018,3096,0.082506038248539
19018,3723,0.082506038248539
15515,15994,0.00902765318751336
15994,831,0.186393637210131
15994,16374,0.0284645296633244
16374,2163,0.157929107546806
16374,17519,0.0135589316487312
17519,9566,0.144370175898075
17519,18083,0.0153879597783089
18083,7872,0.128982216119766
18083,8970,0.128982216119766
14408,15110,0.00899575785375553
15110,15457,0.0209880996495485
15457,3869,0.188902400434017
15457,16283,0.0398585970203082
16283,7712,0.149043803413709
16283,17893,0.0833709140618642
17893,4403,0.0656728893518448
17893,20732,0.0368512086570263
20732,1942,0.0288216806948185
20732,3736,0.0288216806948185
15110,15458,0.00134109593927861
15458,15510,0.0547031290829182
15510,2832,0.153846275061369
15510,17689,0.012167900800705
17689,18200,0.0761921368539333
18200,960,0.0654862374067307
18200,7875,0.0654862374067307
17689,18201,0.0399834625422955
18201,5503,0.101694911718369
18201,6873,0.101694911718369
15458,15511,0.0400506347417831
15511,4616,0.168498769402504
15511,17080,0.0265856385231018
17080,1022,0.141913130879402
17080,3753,0.141913130879402
14297,14409,0.00987185627222059
14409,550,0.231816560029984
14409,4822,0.231816560029984
10680,10682,0.00136162626325992
10682,10688,0.00426339376587126
10688,10703,0.0118200284827036
10703,10777,0.0104481540152717
10777,10844,0.0602426528930664
10844,983,0.353692382574081
10844,7854,0.353692382574081
10777,10845,0.0162555873394012
10845,2003,0.397679448127747
10845,2343,0.397679448127747
10703,10778,0.00665194220359699
10778,1469,0.417731247278823
10778,10812,0.00387703482975277
10812,4377,0.41385421244907
10812,10846,0.000791377138701865
10846,10852,0.0210212117179912
10852,449,0.392041623592377
10852,10202,0.392041623592377
10846,10853,0.00463741758960584
10853,7212,0.408425417720762
10853,10911,0.00602987397049848
10911,1799,0.402395543750264
10911,10966,0.00420765303691456
10966,11012,0.0537975878168494
11012,2272,0.3443903028965
11012,4030,0.3443903028965
10966,11013,0.00132225193514979
11013,11037,0.0058452459186395
11037,11082,0.0294328088408525
11082,5439,0.361587584018707
11082,8556,0.361587584018707
11037,11083,0.00445146467268737
11083,4756,0.386568928186872
11083,11136,0.00457739454358913
11136,11176,0.0341287833514589
11176,4205,0.347862750291824
11176,11753,0.0466090142726898
11753,2843,0.301253736019135
11753,10316,0.301253736019135
11136,11177,0.000722839188309843
11177,11185,0.02185445969755
11185,7281,0.359414234757423
11185,11517,0.0221627503633499
11517,8275,0.337251484394073
11517,9006,0.337251484394073
11177,11186,0.000372770802740063
11186,11191,0.132726754822315
11191,1153,0.248169168829918
11191,5565,0.248169168829918
11186,11192,0.0025448985068704
11192,11229,0.0485044939926377
11229,2801,0.329846531152725
11229,4239,0.329846531152725
11192,11230,0.00248213912922696
11230,4015,0.375868886016136
11230,11269,0.000219822601045194
11269,11273,0.0226796255774901
11273,1613,0.352969437837601
11273,7663,0.352969437837601
11269,11274,0.000368344937823673
11274,5268,0.375280718477267
11274,11282,0.00327305223287383
11282,11327,0.0186705571554956
11327,2271,0.353337109088898
11327,9472,0.353337109088898
11282,11328,0.00292627614073832
11328,2208,0.369081390103655
11328,11367,0.0102948075528022
11367,11535,0.0554696019504957
11535,7379,0.303316980600357
11535,8576,0.303316980600357
11367,11536,0.00080357770654832
11536,9251,0.357983004844304
11536,11546,0.00212850380960522
11546,11593,0.0303872721452339
11593,4521,0.325467228889465
11593,10329,0.325467228889465
11546,11594,0.000733322389980751
11594,11609,0.0117852521119731
11609,3429,0.343335926532745
11609,9444,0.343335926532745
11594,11610,0.00242165988218956
11610,11657,0.0970931356772781
11657,6152,0.255606383085251
11657,7170,0.255606383085251
11610,11658,0.00177776361392307
11658,11691,0.0606285086409612
11691,4467,0.290293246507645
11691,9792,0.290293246507645
11658,11692,0.00302539737843294
11692,11751,0.0491627359344643
11751,4353,0.298733621835709
11751,6016,0.298733621835709
11692,11752,0.00202100280711576
11752,11796,0.0201246910865236
11796,5873,0.325750663876534
11796,12293,0.00400219857692719
12293,5765,0.321748465299606
12293,6472,0.321748465299606
11752,11797,0.00245001183948224
11797,6450,0.343425343123575
11797,11854,0.000860869541024378
11854,11872,0.00622675819520618
11872,3199,0.336337715387344
11872,12030,0.0303218215703964
12030,7899,0.306015893816948
12030,12719,0.0567122101783752
12719,6207,0.249303683638573
12719,10229,0.249303683638573
11854,11873,0.000987025273126441
11873,2351,0.341577448309424
11873,11900,0.00027453311004122
11900,11908,0.0814974146920281
11908,3167,0.259805500507355
11908,4578,0.259805500507355
11900,11909,0.00915303835795245
11909,12141,0.0399281518544004
12141,670,0.29222172498703
12141,5036,0.29222172498703
11909,12142,0.00327042145600254
12142,12221,0.0375930837371163
12221,13105,0.0567155405879021
13105,2836,0.23457083106041
13105,3380,0.23457083106041
12221,13106,0.0241557881236076
13106,315,0.267130583524704
13106,5401,0.267130583524704
12142,12222,0.0109803256827888
12222,12442,0.00437972444147627
12442,12543,0.0331244785939494
12543,4778,0.280394926667213
12543,13343,0.0472348928451538
13343,2640,0.23316003382206
13343,5284,0.23316003382206
12442,12544,0.00490900504563868
12544,12662,0.0405052807487425
12662,2668,0.268105119466782
12662,7985,0.268105119466782
12544,12663,0.00323279950095984
12663,12734,0.0726650338619947
12734,4984,0.23271256685257
12734,10332,0.23271256685257
12663,12735,0.00168516357445109
12735,12772,0.0315263340154947
12772,1768,0.272166103124619
12772,2874,0.272166103124619
12735,12773,0.00369129168523802
12773,12871,0.0329162985609289
12871,3015,0.267084846893946
12871,13688,0.0420848826567332
13688,10455,0.224999964237213
13688,14909,0.0671884566545486
14909,746,0.157811507582664
14909,9999,0.157811507582664
12773,12872,0.0022736633417122
12872,7224,0.297727482113163
12872,12935,0.0234891501076653
12935,13490,0.0177801281235188
13490,13952,0.022969967823911
13952,14646,0.0187166345003364
14646,2089,0.214771601557732
14646,15278,0.0197756199166179
15278,16016,0.0414464445784688
16016,718,0.153549537062645
16016,9821,0.153549537062645
15278,16017,0.00753221257279318
16017,16348,0.0417394724984964
16348,6453,0.145724296569824
16348,18035,0.0226958505809307
18035,10441,0.123028445988894
18035,18949,0.00658327154815197
18949,19178,0.0160153117030859
19178,4339,0.100429862737656
19178,9240,0.100429862737656
18949,19179,0.00193369202315807
19179,6697,0.114511482417583
19179,9612,0.114511482417583
16017,16349,0.0177206334968408
16349,2645,0.16974313557148
16349,8616,0.16974313557148
13952,14647,0.0079823688188673
14647,14893,0.0224438395464059
14893,6389,0.203062027692795
14893,15701,0.0119608640670776
15701,6101,0.191101163625717
15701,9877,0.191101163625717
14647,14894,0.0104217010766569
14894,15259,0.0683744856052929
15259,3498,0.146709680557251
15259,7523,0.146709680557251
14894,15260,0.0183191251837545
15260,4602,0.196765040978789
15260,15944,0.0180721785873175
15944,4154,0.178692862391472
15944,16691,0.00969133774439493
16691,521,0.169001524647077
16691,17048,0.0414660594736536
17048,18749,0.0704552968963981
18749,5285,0.0570801682770252
18749,10169,0.0570801682770252
17048,18750,0.0110467253252864
18750,3996,0.116488739848137
18750,19176,0.0181835182011127
19176,5886,0.0983052216470242
19176,19831,0.0408428907394409
19831,5816,0.0574623309075832
19831,6190,0.0574623309075832
13490,13953,0.00575840809941297
13953,14129,0.0260431489348411
14129,14921,0.00969209313392638
14921,8504,0.214964553713799
14921,15265,0.00505988299846649
15265,350,0.209904670715332
15265,15456,0.0542994663119316
15456,6060,0.1556052044034
15456,17630,0.0344086214900017
17630,2903,0.121196582913399
17630,7827,0.121196582913399
14129,14922,0.00682458817958831
14922,8282,0.217832058668137
14922,15151,0.0307552764813105
15151,4960,0.187076782186826
15151,16354,0.0293844987948736
16354,6605,0.157692283391953
16354,17536,0.122907001525164
17536,7050,0.0347852818667889
17536,9961,0.0347852818667889
13953,14130,0.0160374964276949
14130,5560,0.234662299354871
14130,14614,0.00313938160737356
14614,14716,0.10439183190465
14716,7048,0.127131085842848
14716,18770,0.065987840294838
18770,7720,0.0611432455480099
18770,7822,0.0611432455480099
14614,14717,0.0302524745464325
14717,6194,0.201270443201065
14717,15793,0.0193329845865567
15793,16556,0.0950685540835063
16556,2379,0.086868904531002
16556,20188,0.0367574281990528
20188,3390,0.0501114763319492
20188,10442,0.0501114763319492
15793,16557,0.0220656419793765
16557,6314,0.159871816635132
16557,6497,0.159871816635132
12935,13491,0.00504629892505715
13491,13624,0.0173038473409234
13624,992,0.251888185739517
13624,5660,0.251888185739517
13491,13625,0.00959636797403401
13625,6289,0.259595665106407
13625,13864,0.0028632624766568
13864,13943,0.00978279698600054
13943,8406,0.246949605643749
13943,14245,0.0120133832097054
14245,1583,0.234936222434044
14245,2352,0.234936222434044
13864,13944,0.0085510678709515
13944,14215,0.0373750692854325
14215,4072,0.210806265473366
14215,6520,0.210806265473366
13944,14216,0.0169188142149595
14216,14721,0.018760364957826
14721,15360,0.0133340929501823
15360,2412,0.19916806263583
15360,15862,0.000812335738113956
15862,9248,0.198355726897717
15862,15886,0.0040019854903221
15886,8453,0.194353741407394
15886,16050,0.011930276453495
16050,3768,0.182423464953899
16050,16541,0.0144343351324399
16541,5181,0.167989129821459
16541,17100,0.00813044855991998
17100,2714,0.159858681261539
17100,17452,0.0457674115896225
17452,1096,0.114091269671917
17452,5390,0.114091269671917
14721,15361,0.00618452907304515
15361,6915,0.206317626512968
15361,15586,0.00511665202868289
15586,3322,0.201200974484285
15586,15795,0.0031224274725625
15795,6879,0.198078547011722
15795,15902,0.0132986397454233
15902,16452,0.0572735617558161
16452,1803,0.127506345510483
16452,5955,0.127506345510483
15902,16453,0.0161782815342858
16453,17072,0.0387013639722552
17072,405,0.129900261759758
17072,1267,0.129900261759758
16453,17073,0.0137754267170316
17073,2356,0.154826199014982
17073,17660,0.0289478798707326
17660,1531,0.125878319144249
17660,18827,0.0239876974374056
18827,3532,0.101890621706843
18827,19696,0.017112610861659
19696,8325,0.0847780108451843
19696,20258,0.0286776702851057
20258,2182,0.0561003405600786
20258,20908,0.00798938609659672
20908,1408,0.0481109544634819
20908,10010,0.0481109544634819
14216,14722,0.00881541248040585
14722,14983,0.0703120488259527
14983,8110,0.15213505923748
14983,9527,0.15213505923748
14722,14984,0.00444405068174686
14984,15142,0.0474443663569058
15142,593,0.17055869102478
15142,4725,0.17055869102478
14984,15143,0.0136219286012306
15143,15657,0.00809987945597476
15657,15961,0.072419802347819
15961,4694,0.123861446976662
15961,8771,0.123861446976662
15657,15962,0.00654318538450058
15962,16250,0.0653580640043531
16250,3903,0.124379999935627
16250,8949,0.124379999935627
15962,16251,0.0088215484505608
16251,9931,0.180916515489419
16251,16592,0.0184712757666906
16592,17342,0.0178205445408821
17342,1554,0.144624695181847
17342,7715,0.144624695181847
16592,17343,0.0110211670398712
17343,17784,0.0251518711447716
17784,230,0.126272201538086
17784,3874,0.126272201538086
17343,17785,0.0212132260203362
17785,2322,0.130210846662521
17785,10438,0.130210846662521
15143,15658,0.00588249264018231
15658,15883,0.0326602008480292
15883,17191,0.056164875626564
17191,1742,0.10967355966568
17191,6547,0.10967355966568
15883,17192,0.00409922103087107
17192,17377,0.038730460156997
17377,18951,0.0329016633331776
18951,1165,0.0901070907711983
18951,20094,0.0142697840929031
20094,2730,0.0758373066782951
20094,20502,0.0336178429424763
20502,3234,0.0422194637358189
20502,7269,0.0422194637358189
17377,18952,0.0197263844311237
18952,2498,0.103282369673252
18952,6347,0.103282369673252
17192,17378,0.0291233220448097
17378,10437,0.132615892216563
17378,18576,0.0245955319454273
18576,4655,0.108020360271136
18576,19478,0.00392150382200877
19478,9589,0.104098856449127
19478,19614,0.0274747684597969
19614,6241,0.0766240879893303
19614,7298,0.0766240879893303
15658,15884,0.0140592141984364
15884,16466,0.0212322684625785
16466,4598,0.163207153479258
16466,17313,0.0399304727713267
17313,8707,0.123276680707932
17313,18944,0.0478798523545265
18944,2417,0.075396828353405
18944,4947,0.075396828353405
15884,16467,0.0119231892128785
16467,4511,0.172516232728958
16467,16924,0.0163314327597618
16924,8686,0.156184799969196
16924,17602,0.0285325199365616
17602,7358,0.127652280032635
17602,18748,0.0270910114049911
18748,7863,0.100561268627644
18748,19740,0.0304726362228394
19740,9340,0.0700886324048042
19740,9872,0.0700886324048042
12222,12443,0.0033833067258115
12443,12520,0.0223015485703945
12520,1509,0.292214274406433
12520,3627,0.292214274406433
12443,12521,0.00459076978418294
12521,7321,0.309925053192645
12521,12628,0.0164357384013153
12628,13055,0.0175300879297333
13055,13449,0.111183050647378
13449,946,0.164776176214218
13449,6274,0.164776176214218
13055,13450,0.00668771698450049
13450,13619,0.0319180468125551
13619,10024,0.237353463064541
13619,14516,0.0168411165669367
14516,15061,0.0522175739918436
15061,17090,0.0968575775623322
17090,1199,0.071437194943428
17090,7799,0.071437194943428
15061,17091,0.0564409494400024
17091,2219,0.111853823065758
17091,10112,0.111853823065758
14516,15062,0.0141076858554567
15062,15584,0.0129791989922524
15584,2303,0.193425461649895
15584,16084,0.00583618506789207
16084,16336,0.0691520012915134
16336,1698,0.118437275290489
16336,7437,0.118437275290489
16084,16337,0.0429604388773441
16337,9308,0.144628837704659
16337,9694,0.144628837704659
15062,15585,0.0122975900769234
15585,643,0.194107070565224
15585,3913,0.194107070565224
13450,13620,0.012438384971271
13620,13937,0.0194358316560586
13937,395,0.237397293249766
13937,14513,0.0340594674150149
14513,7267,0.203337825834751
14513,15692,0.0541610345244408
15692,6445,0.14917679131031
15692,7658,0.14917679131031
13620,13938,0.0122963078320026
13938,8108,0.244536817073822
13938,14308,0.0275807976722717
14308,9957,0.21695601940155
14308,15178,0.00850862264633179
15178,531,0.208447396755219
15178,7061,0.208447396755219
12628,13056,0.00426561173704804
13056,10109,0.289223703054281
13056,13139,0.0101740263975583
13139,3392,0.279049676656723
13139,13362,0.0114843287545702
13362,13669,0.01693412922408
13669,14134,0.0143988290667961
14134,14560,0.0261807145945954
14560,15446,0.0273394181082646
15446,9663,0.182712256908417
15446,16521,0.0417163670063019
16521,2571,0.140995889902115
16521,8514,0.140995889902115
14560,15447,0.00786347749332589
15447,15746,0.0297510363161564
15746,217,0.172437161207199
15746,7427,0.172437161207199
15447,15747,0.0143819995224476
15747,560,0.187806198000908
15747,16327,0.0192956678569317
16327,1122,0.168510530143976
16327,17079,0.0255715828388929
17079,18144,0.0295051094144583
18144,541,0.113433837890625
18144,7981,0.113433837890625
17079,18145,0.0214211698621511
18145,2524,0.121517777442932
18145,5500,0.121517777442932
14134,14561,0.018240745892966
14561,1376,0.217991643718311
14561,15145,0.0115808817957129
15145,15582,0.0288710109889507
15582,8397,0.177539750933647
15582,16735,0.0107047334313393
16735,6635,0.166835017502308
16735,17161,0.0510385036468506
17161,5802,0.115796513855457
17161,7621,0.115796513855457
15145,15583,0.0129354707896709
15583,8807,0.193475291132927
15583,16083,0.0428557991981506
16083,5438,0.150619491934776
16083,10142,0.150619491934776
13669,14135,0.00760491741330999
14135,7500,0.243026301264763
14135,14356,0.0302779227495193
14356,4531,0.212748378515244
14356,15348,0.0639545917510986
15348,5507,0.148793786764145
15348,5546,0.148793786764145
13362,13670,0.00753424381432327
13670,4230,0.26003110408783
13670,5307,0.26003110408783
11013,11038,0.00580323009251504
11038,6728,0.391062408685684
11038,7528,0.391062408685684
10688,10704,0.00875111529440409
10704,10750,0.00992499328618229
10750,765,0.417527109384537
10750,9467,0.417527109384537
10704,10751,0.00206174507930013
10751,10767,0.0511386343019292
10767,5566,0.37425172328949
10767,11300,0.0433958768844604
11300,2452,0.330855846405029
11300,5772,0.330855846405029
10751,10768,0.00337323143305079
10768,10795,0.0166403491054888
10795,10927,0.141396835446358
10927,4466,0.263979941606522
10927,6870,0.263979941606522
10795,10928,0.110690429806709
10928,5973,0.29468634724617
10928,13018,0.0544458627700806
13018,3014,0.240240484476089
13018,4506,0.240240484476089
10768,10796,0.0093198319150346
10796,10860,0.0233452408394791
10860,10359,0.389352053403854
10860,11102,0.0153772532939911
11102,2169,0.373974800109863
11102,5117,0.373974800109863
10796,10861,0.000704248701881793
10861,957,0.411993045541452
10861,10870,0.000747314617434158
10870,10878,0.0289008144611193
10878,5484,0.382344916462898
10878,11172,0.0854699164628983
11172,4774,0.296875
11172,7423,0.296875
10870,10879,0.000791099267516859
10879,10890,0.022788167804572
10890,9874,0.387666463851929
10890,11123,0.0732038915157318
11123,8843,0.314462572336197
11123,10301,0.314462572336197
10879,10891,0.00639036204194682
10891,10942,0.0535873390757406
10942,1252,0.350476930538813
10942,11696,0.0334748576084773
11696,6525,0.317002072930336
11696,12469,0.0210093706846237
12469,1417,0.295992702245712
12469,10022,0.295992702245712
10891,10943,0.00435621647248174
10943,10995,0.0309882518353476
10995,4036,0.368719801306725
10995,11370,0.043347641825676
11370,6941,0.325372159481049
11370,8629,0.325372159481049
10943,10996,0.000246063620840509
10996,10999,0.0753544915907049
10999,10505,0.324107497930527
10999,12310,0.0132983922958374
12310,8003,0.310809105634689
12310,8184,0.310809105634689
10996,11000,0.00127520867328695
11000,11014,0.0447456765550751
11014,5622,0.35344110429287
11014,11636,0.0237991362810135
11636,9653,0.329641968011856
11636,9780,0.329641968011856
11000,11015,0.001090873398707
11015,11033,0.0443268604273718
11033,5954,0.352769047021866
11033,6538,0.352769047021866
11015,11034,0.00978170050615795
11034,11132,0.0813060335833148
11132,1478,0.306008173359765
11132,12721,0.00375352315013372
12721,12806,0.0378689797861235
12806,2286,0.264385670423508
12806,10476,0.264385670423508
12721,12807,0.0166091454170999
12807,1788,0.285645504792531
12807,13221,0.0370899190505345
13221,331,0.248555585741997
13221,14208,0.0616797916591167
14208,6900,0.18687579408288
14208,16362,0.0311205374697844
16362,2259,0.155755256613096
16362,17623,0.0280094010134538
17623,3664,0.127745855599642
17623,18742,0.0271833278238773
18742,3942,0.100562527775764
18742,8301,0.100562527775764
11034,11133,0.0150615525646383
11133,11323,0.00181765888352081
11323,7526,0.370434995494921
11323,11350,0.00336949772179568
11350,11391,0.0351036126784823
11391,5971,0.331961885094643
11391,12149,0.0382022708654404
12149,3039,0.293759614229202
12149,4140,0.293759614229202
11350,11392,0.00192403589586304
11392,11419,0.0465982661527746
11419,4261,0.318543195724487
11419,4500,0.318543195724487
11392,11420,0.00271683490060759
11420,11466,0.0425841858291679
11466,4510,0.319840441147486
11466,12397,0.147913369039694
12397,108,0.171927072107792
12397,16935,0.0436617359519005
16935,1388,0.128265336155891
16935,5821,0.128265336155891
11420,11467,0.000454079713913091
11467,11472,0.025224510256363
11472,5173,0.336746037006378
11472,9017,0.336746037006378
11467,11473,0.000128785407987386
11473,717,0.361841761854754
11473,11478,0.00308001792557588
11478,11537,0.00992233875015419
11537,11727,0.0604243904352188
11727,2541,0.288415014743805
11727,10467,0.288415014743805
11537,11728,0.0285904437303543
11728,12390,0.0723231434822083
12390,575,0.247925817966461
12390,8327,0.247925817966461
11728,12391,0.034052848815918
12391,3939,0.286196112632751
12391,13214,0.0547573417425156
13214,3720,0.231438770890236
13214,6691,0.231438770890236
11478,11538,0.00221848965451227
11538,11581,0.0196557456439131
11581,6097,0.336887508630753
11581,12019,0.0100469887256622
12019,5179,0.32684051990509
12019,12268,0.052911788225174
12268,622,0.273928731679916
12268,1190,0.273928731679916
11538,11582,0.00402517130472257
11582,11660,0.0558390034373198
11660,6515,0.296679079532623
11660,7278,0.296679079532623
11582,11661,0.00439061573146582
11661,11745,0.00559048881488183
11745,11874,0.066040925681591
11874,265,0.276496052742004
11874,6196,0.276496052742004
11745,11875,0.0541537031531334
11875,8254,0.288383275270462
11875,9052,0.288383275270462
11661,11746,0.00124357375174033
11746,11772,0.012630440768479
11772,12079,0.084274984896183
12079,6288,0.249978467822075
12079,7463,0.249978467822075
11772,12080,0.0287835821509361
12080,3501,0.305469870567322
12080,8045,0.305469870567322
11746,11773,0.00202136660852914
11773,11822,0.0217353018368183
11822,3068,0.323127225041389
11822,12335,0.0897791981697083
12335,150,0.233348026871681
12335,250,0.233348026871681
11773,11823,0.00114101898767649
11823,1307,0.343721507890531
11823,11848,0.00391851413953964
11848,1014,0.339802993750992
11848,11943,0.000862530653054361
11943,11964,0.0229367729346428
11964,5932,0.316003690163294
11964,12484,0.00849303106466931
12484,2108,0.307510659098625
12484,12687,0.0667111575603485
12687,716,0.240799501538277
12687,5206,0.240799501538277
11943,11965,0.00201411387883571
11965,12015,0.06715668064
12015,1111,0.269769668579102
12015,5057,0.269769668579102
11965,12016,0.00179992534283041
12016,12064,0.0489038840341424
12064,13210,0.122121818363667
13210,218,0.164100721478462
13210,7620,0.164100721478462
12064,13211,0.101560078561306
13211,940,0.184662461280823
13211,1842,0.184662461280823
12016,12065,0.00434301584362645
12065,12170,0.0232690484789898
12170,8961,0.307514359553655
12170,12686,0.0257552315791448
12686,6215,0.28175912797451
12686,13299,0.0917833149433136
13299,324,0.189975813031197
13299,3530,0.189975813031197
12065,12171,0.0196507571031357
12171,12601,0.00899582827108236
12601,4048,0.302136822658427
12601,12812,0.0109010794901652
12812,13109,0.00924477090239884
13109,5948,0.281990972265863
13109,13291,0.00804047291645571
13291,2025,0.273950499349407
13291,13498,0.00199794828794991
13498,4321,0.271952551061457
13498,13559,0.0139559198961114
13559,2448,0.257996631165346
13559,13914,0.0068056545908155
13914,14104,0.0195957732940811
14104,4615,0.231595203280449
14104,14713,0.015062540769577
14713,5017,0.216532662510872
14713,7370,0.216532662510872
13914,14105,0.00934295900117341
14105,3032,0.241848017573357
14105,14402,0.0022350000118723
14402,10199,0.239613017561484
14402,14453,0.0165587963718
14453,14968,0.0471333572434054
14968,4481,0.175920863946279
14968,16795,0.0413216178615888
16795,10302,0.13459924608469
16795,18486,0.00732652097940445
18486,3112,0.127272725105286
18486,3534,0.127272725105286
14453,14969,0.00640801607561359
14969,15192,0.0105328219401282
15192,1261,0.206113383173943
15192,2803,0.206113383173943
14969,15193,0.00636276505333891
15193,15434,0.0723604825211734
15434,2314,0.137922957539558
15434,8181,0.137922957539558
15193,15435,0.020124613347799
15435,16231,0.00713727385219598
16231,16516,0.0739846080541611
16516,328,0.109036944806576
16516,6503,0.109036944806576
16231,16517,0.0223744387427966
16517,17428,0.0372425553699335
17428,2445,0.123404558748007
17428,18938,0.0967474728822708
18938,7661,0.026657085865736
18938,10379,0.026657085865736
16517,17429,0.0133048569162687
17429,17966,0.0883239135146141
17966,1501,0.0590183436870575
17966,2277,0.0590183436870575
17429,17967,0.0121659263968468
17967,6825,0.135176330804825
17967,7911,0.135176330804825
15435,16232,0.00173446645753247
16232,16299,0.0497452879945437
16299,2076,0.138679072260857
16299,4837,0.138679072260857
16232,16300,0.0212193551990721
16300,17140,0.0309977869558299
17140,18421,0.0257116358775597
18421,10111,0.110495582222939
18421,19384,0.0116859704256058
19384,4302,0.0988096117973328
19384,19801,0.0179757669568062
19801,20356,0.0348815433681011
20356,7418,0.0459523014724255
20356,7788,0.0459523014724255
19801,20357,0.014827411621809
20357,2963,0.0660064332187176
20357,20725,0.0169065818190575
20725,18,0.0490998513996601
20725,5078,0.0490998513996601
17140,18422,0.00487532727904136
18422,2927,0.131331890821457
18422,18619,0.0182491359966142
18619,19296,0.0228700483483927
19296,1993,0.09021270647645
19296,20089,0.00816870108246803
20089,7572,0.0820440053939819
20089,9157,0.0820440053939819
18619,19297,0.018193336044039
19297,19943,0.0597724370658398
19943,8008,0.0351169817149639
19943,8266,0.0351169817149639
19297,19944,0.00939195193350315
19944,4917,0.0854974668473005
19944,20234,0.0113560787091653
20234,7901,0.0741413881381353
20234,20544,0.0254339644064506
20544,7183,0.0487074237316847
20544,21001,0.0050217229872942
21001,6143,0.0436857007443905
21001,10186,0.0436857007443905
16300,17141,0.0249126186274519
17141,3891,0.142292386428876
17141,18178,0.00722696347670121
18178,224,0.135065422952175
18178,18469,0.0202890919521451
18469,19233,0.0757011948153377
19233,5779,0.0390751361846924
19233,7887,0.0390751361846924
18469,19234,0.00424517970532179
19234,19382,0.0212049546341101
19382,1624,0.0893261966605981
19382,20120,0.0139291615535816
20120,5893,0.0753970351070166
20120,20515,0.0248281862586737
20515,1733,0.0505688488483429
20515,9840,0.0505688488483429
19234,19383,0.0124096175034841
19383,8877,0.0981215337912242
19383,19842,0.0114829378823439
19842,7514,0.0866385959088802
19842,20192,0.0365168303251266
20192,4217,0.0501217655837536
20192,5711,0.0501217655837536
12812,13110,0.00807420141243725
13110,13266,0.0107203150266973
13266,1650,0.272441226729127
13266,13546,0.00450408308542977
13546,7957,0.267937143643697
13546,13653,0.00421094809605821
13653,2358,0.263726195547639
13653,13763,0.00608580395942787
13763,3153,0.257640391588211
13763,13923,0.00652197003364557
13923,14108,0.0785717368125916
14108,776,0.172546684741974
14108,3237,0.172546684741974
13923,14109,0.00236847835618095
14109,672,0.248749943198384
14109,14195,0.0253523119046964
14195,14960,0.0324225978294329
14960,16182,0.0123546279690884
16182,417,0.178620405495167
16182,16693,0.00259565774883544
16693,784,0.176024747746331
16693,16788,0.0432988644710609
16788,18567,0.0157956071197987
18567,2784,0.116930276155472
18567,19161,0.080336470156908
19161,3612,0.0365938059985638
19161,8551,0.0365938059985638
16788,18568,0.00546348839998245
18568,18757,0.0357851721346378
18757,782,0.0914772227406502
18757,7098,0.0914772227406502
18568,18758,0.0267262272536755
18758,7318,0.100536167621613
18758,8410,0.100536167621613
14960,16183,0.0112983328147382
16183,16642,0.0133919159748725
16642,10543,0.166284784674644
16642,17180,0.0305734798312187
17180,1038,0.135711304843426
17180,18437,0.0248557267089685
18437,19369,0.0611992987493674
19369,2669,0.0496562793850899
19369,10321,0.0496562793850899
18437,19370,0.0344371149937312
19370,10219,0.0764184631407261
19370,20479,0.0444951169192791
20479,1324,0.031923346221447
20479,8281,0.031923346221447
16183,16643,0.0118399185261556
16643,3316,0.167836782123361
16643,17111,0.0283995685832841
17111,5049,0.139437213540077
17111,18287,0.0112668037414551
18287,4753,0.128170409798622
18287,18730,0.0202852893620729
18730,6960,0.107885120436549
18730,19481,0.0319358482956886
19481,20499,0.0547628309577703
20499,3180,0.0211864411830902
20499,9222,0.0211864411830902
19481,20500,0.0255132298916578
20500,3977,0.0504360422492027
20500,5962,0.0504360422492027
14195,14961,0.0125036985637286
14961,4001,0.210893932729959
14961,15418,0.0171330095165305
15418,16069,0.0183853026893404
16069,16807,0.0571440036098162
16807,7763,0.118231616914272
16807,19130,0.0501924380660057
19130,5357,0.0680391788482666
19130,9465,0.0680391788482666
16069,16808,0.0081018383304278
16808,5060,0.167273782193661
16808,17135,0.0467659831047058
17135,4226,0.120507799088955
17135,7535,0.120507799088955
15418,16070,0.0140809870428509
16070,2462,0.179679936170578
16070,16641,0.0452132768929005
16641,18493,0.0505264960229397
18493,3102,0.0839401632547379
18493,20284,0.0170155018568039
20284,1198,0.066924661397934
20284,6760,0.066924661397934
16641,18494,0.0344995819032192
18494,4012,0.0999670773744583
18494,6655,0.0999670773744583
13110,13267,0.00247888558688647
13267,3150,0.280682656168938
13267,13336,0.00870740833331124
13336,6273,0.271975247835626
13336,13558,0.00882618038655342
13558,4581,0.263149067449073
13558,13776,0.00916486456425802
13776,14022,0.0321013380519369
14022,4115,0.221882864832878
14022,15014,0.046773836016655
15014,689,0.175109028816223
15014,16822,0.0353011786937714
16822,816,0.139807850122452
16822,7344,0.139807850122452
13776,14023,0.0161669675938108
14023,14497,0.0235302373766899
14497,4003,0.214286997914314
14497,15304,0.00247216473023096
15304,2378,0.211814833184083
15304,15384,0.0180954163273176
15384,7597,0.193719416856766
15384,16071,0.0336886048316956
16071,3840,0.16003081202507
16071,17449,0.0337278991937637
17449,8662,0.126302912831306
17449,18800,0.025320690125227
18800,6000,0.100982222706079
18800,19725,0.0317871607840061
19725,3909,0.0691950619220734
19725,9463,0.0691950619220734
14023,14498,0.0205831031714167
14498,3662,0.217234132119588
14498,15171,0.00182059987153843
15171,15251,0.0411916440635016
15251,1533,0.174221888184547
15251,3004,0.174221888184547
15171,15252,0.00384300568469692
15252,15395,0.0572509421936927
15395,2101,0.154319584369659
15395,6409,0.154319584369659
15252,15396,0.003600103063609
15396,7576,0.207970423499743
15396,15532,0.00466282621197317
15532,7496,0.20330759728777
15532,15693,0.0253767654570175
15693,16719,0.00972980584143196
16719,1552,0.168201025989321
16719,17095,0.0471563902166155
17095,7425,0.121044635772705
17095,19015,0.0261479676701128
19015,19941,0.0220593973062932
19941,3795,0.072837270796299
19941,20583,0.0124065820127726
20583,6919,0.0604306887835264
20583,20843,0.0126076694577932
20843,3075,0.0478230193257332
20843,8304,0.0478230193257332
19015,19942,0.0214942279271781
19942,20564,0.0245651248842478
20564,37,0.0488373152911663
20564,7400,0.0488373152911663
19942,20565,0.0187648665159941
20565,1688,0.05463757365942
20565,4357,0.05463757365942
15693,16720,0.00852022808894776
16720,17022,0.019064096113046
17022,5614,0.150346507628759
17022,17824,0.0125737433632215
17824,7395,0.137772764265537
17824,18340,0.0118218926091989
18340,18823,0.017103678236405
18823,2813,0.108847193419933
18823,9649,0.108847193419933
18340,18824,0.0133509474496047
18824,1272,0.112599924206734
18824,19320,0.0727458260953426
19320,6521,0.0398540981113911
19320,7102,0.0398540981113911
16720,17023,0.00795755106391327
17023,1648,0.161453052677891
17023,17390,0.0153539039871909
17390,5198,0.146099148690701
17390,18014,0.0195883511565626
18014,18791,0.0620628730393946
18791,1537,0.0644479244947433
18791,2201,0.0644479244947433
18014,18792,0.000573691818863159
18792,18825,0.0687119472771883
18825,9878,0.0572251584380865
18825,20893,0.0457605430856347
20893,6482,0.0114646153524518
20893,9746,0.0114646153524518
18792,18826,0.00881479332844415
18826,19158,0.0294055541356405
19158,4577,0.0877167582511902
19158,20166,0.0651261769235134
20166,8099,0.0225905813276768
20166,9238,0.0225905813276768
18826,19159,0.0293007468183835
19159,2493,0.0878215655684471
19159,8190,0.0878215655684471
12171,12602,0.000269029916399932
12602,1969,0.310863621013109
12602,12607,0.00449379507844649
12607,12710,0.0254093256943366
12710,3396,0.280960500240326
12710,4897,0.280960500240326
12607,12711,0.000191401515980405
12711,12715,0.017249051392788
12715,2038,0.288929373025894
12715,5501,0.288929373025894
12711,12716,0.00392309208671565
12716,12804,0.030179634552311
12804,7422,0.272075697779655
12804,13555,0.0210101492702961
13555,5019,0.251065548509359
13555,14114,0.0185935261348883
14114,4127,0.232472022374471
14114,14682,0.0180367504556974
14682,4563,0.214435271918774
14682,15299,0.0756706520915031
15299,2475,0.138764619827271
15299,5820,0.138764619827271
12716,12805,0.0253800365402483
12805,13419,0.00686570568584016
13419,13604,0.0417822131680118
13604,2362,0.228227376937866
13604,5110,0.228227376937866
13419,13605,0.0229905984509461
13605,14240,0.0286603843130861
14240,7747,0.218358607341846
14240,15127,0.00796842834714689
15127,386,0.210390178994699
15127,15428,0.0141815511001782
15428,15963,0.014321839969073
15963,9515,0.181886787925448
15963,16559,0.0157998323085762
16559,17186,0.03229125837485
17186,5008,0.133795697242022
17186,18517,0.0280066765844822
18517,926,0.105789020657539
18517,1403,0.105789020657539
16559,17187,0.0105370320379734
17187,2536,0.155549923578898
17187,17631,0.0302428702513377
17631,7052,0.12530705332756
17631,18857,0.0444914028048515
18857,1413,0.0808156505227089
18857,3629,0.0808156505227089
15428,15964,0.00396941043436527
15964,1078,0.192239217460155
15964,16127,0.0534413531422615
16127,1691,0.138797864317894
16127,5174,0.138797864317894
13605,14241,0.00306538232384429
14241,6881,0.243953609331088
14241,14325,0.00604819287082334
14325,6835,0.237905416460264
14325,14495,0.00171794501088915
14495,4560,0.236187471449375
14495,14562,0.00564158765806091
14562,14737,0.0377929860519038
14737,4781,0.19275289773941
14737,4849,0.19275289773941
14562,14738,0.00815758471882422
14738,8101,0.22238829907249
14738,14985,0.0137168116562081
14985,15504,0.0472914951994564
15504,3381,0.161379992216825
15504,17394,0.00571760460734366
17394,6487,0.155662387609482
17394,17627,0.0146003759333066
17627,18225,0.0511522718838283
18225,2161,0.089909739792347
18225,3277,0.089909739792347
17627,18226,0.0221790811490445
18226,6175,0.118882930527131
18226,19108,0.00603400791684787
19108,544,0.112848922610283
19108,19308,0.0124658892552058
19308,19748,0.0141132076581319
19748,3486,0.0862698256969452
19748,20207,0.0176030993461609
20207,647,0.0686667263507843
20207,8353,0.0686667263507843
19308,19749,0.00321306039889654
19749,7360,0.0971699729561806
19749,9744,0.0971699729561806
14985,15505,0.0440761516943123
15505,3522,0.16459533572197
15505,17249,0.0087328664958477
17249,5488,0.155862469226122
17249,17622,0.00825501854221025
17622,4785,0.147607450683912
17622,17952,0.0424422187109788
17952,5344,0.105165231972933
17952,19573,0.0256722755730152
19573,3583,0.0794929563999176
19573,9317,0.0794929563999176
12805,13420,0.00211548431378566
13420,5182,0.274759811477932
13420,13473,0.0133366685146073
13473,13820,0.00824372656421474
13820,8172,0.25317941639911
13820,14055,0.0029656658260187
14055,4121,0.250213750573092
14055,14152,0.0134372874308362
14152,14533,0.0212708333643472
14533,1504,0.215505629777908
14533,8408,0.215505629777908
14152,14534,0.00914621308701327
14534,14835,0.0326317063457257
14835,16014,0.0826348252594471
16014,1300,0.112363718450069
16014,9054,0.112363718450069
14835,16015,0.03262784704566
16015,3130,0.162370696663857
16015,7064,0.162370696663857
14534,14836,0.00605238301752209
14836,9031,0.22157786703772
14836,15025,0.0109242703469973
15025,7130,0.210653596690723
15025,15422,0.0124499047966324
15422,15892,0.0150351482818347
15892,16511,0.0543617439620635
16511,3921,0.128806799650192
16511,9542,0.128806799650192
15892,16512,0.0105815173823293
16512,16918,0.0151652162983304
16918,7956,0.157421809931596
16918,17545,0.0095448469122251
17545,2688,0.147876963019371
17545,17943,0.0187581498175859
17943,7814,0.129118813201785
17943,18700,0.0310937346269687
18700,1844,0.0980250785748164
18700,19845,0.0346262945483128
19845,3170,0.0633987840265036
19845,20782,0.0336412489414215
20782,7319,0.0297575350850821
20782,8955,0.0297575350850821
16512,16919,0.00931324894939148
16919,17306,0.0233063680075464
17306,9838,0.139967409272989
17306,18270,0.0169890065987905
18270,261,0.122978402674198
18270,18954,0.0270373483498891
18954,19910,0.020977812508742
19910,401,0.074963241815567
19910,2535,0.074963241815567
18954,19911,0.0155678863326709
19911,8923,0.0803731679916382
19911,20373,0.0356317162513733
20373,8049,0.0447414517402649
20373,9425,0.0447414517402649
16919,17307,0.0170546653015273
17307,2703,0.146219111979008
17307,18010,0.0221643596887589
18010,2521,0.124054752290249
18010,9681,0.124054752290249
15422,15893,0.00321541135934622
15893,273,0.194988280534744
15893,16018,0.0186015886387655
16018,16772,0.0170158033392259
16772,5806,0.159370888556753
16772,17467,0.0171918228623413
17467,1838,0.142179065694412
17467,18183,0.0134821576376756
18183,10276,0.128696908056736
18183,18715,0.0157927381495635
18715,19306,0.0331444640954336
19306,5853,0.079759705811739
19306,20386,0.0227219723165035
20386,7849,0.0570377334952354
20386,10235,0.0570377334952354
18715,19307,0.0184647974868616
19307,3193,0.094439372420311
19307,6569,0.094439372420311
16018,16773,0.00898692261959827
16773,17132,0.02785061635077
17132,1697,0.139549152925611
17132,18283,0.0104423010100921
18283,4841,0.129106851915518
18283,18701,0.0395336399475733
18701,8055,0.0895732119679451
18701,20113,0.00410264730453491
20113,213,0.0854705646634102
20113,8799,0.0854705646634102
16773,17133,0.0110821478068829
17133,2151,0.156317621469498
17133,6509,0.156317621469498
13473,13821,0.00509455427445787
13821,13961,0.0176302825058471
13961,1046,0.23869830618302
13961,14476,0.028957584816398
14476,5090,0.209740721366622
14476,15470,0.00557022311470726
15470,6946,0.204170498251915
15470,15671,0.0132366051276525
15671,7097,0.190933893124262
15671,16184,0.00423939960698286
16184,8109,0.18669449351728
16184,16366,0.0179167339312179
16366,207,0.168777759586062
16366,17064,0.0303199770195144
17064,9851,0.138457782566547
17064,18310,0.007156141102314
18310,18621,0.0540616661310196
18621,3259,0.0772399753332138
18621,7131,0.0772399753332138
18310,18622,0.00839096556107204
18622,3572,0.122910675903161
18622,18963,0.0230901030202707
18963,4664,0.0998205728828907
18963,19774,0.0211391635239124
19774,4742,0.0786814093589783
19774,8802,0.0786814093589783
13821,13962,0.00184130740801669
13962,14008,0.0971635334075444
14008,752,0.157323747873306
14008,1561,0.157323747873306
13962,14009,0.00230943475298195
14009,9435,0.252177846527869
14009,14074,0.00879501739328717
14074,2284,0.243382829134582
14074,14342,0.000816413467047639
14342,7979,0.242566415667534
14342,14376,0.0140762418338231
14376,14804,0.0104822783590782
14804,4327,0.218007895474633
14804,15141,0.00962825948237511
15141,4264,0.208379635992257
15141,15517,0.00509304567153407
15517,15695,0.0197860410131475
15695,16497,0.043525567761174
16497,9769,0.139974981546402
16497,18269,0.0808825194835663
18269,2580,0.0590924620628357
18269,7964,0.0590924620628357
15695,16498,0.0190310658496103
16498,17257,0.015474377349479
17257,10427,0.148995106108487
17257,17896,0.0111357403386916
17896,8336,0.137859365769795
17896,18338,0.0126171026911054
18338,18861,0.0342354625463486
18861,3527,0.091006800532341
18861,10350,0.091006800532341
18338,18862,0.0251585189253092
18862,452,0.10008374415338
18862,19763,0.0137507524341345
19763,20203,0.0420494787395
20203,5396,0.0442835129797459
20203,8526,0.0442835129797459
19763,20204,0.0228409543633461
20204,5726,0.0634920373558998
20204,9099,0.0634920373558998
16498,17258,0.0049174327035377
17258,6408,0.159552050754428
17258,17462,0.026981154988919
17462,1594,0.132570895765509
17462,18579,0.0132860617978232
18579,19081,0.037428218126297
19081,7886,0.0818566158413887
19081,9667,0.0818566158413887
18579,19082,0.0197278439998627
19082,19782,0.0442409813404083
19782,7507,0.0553160086274147
19782,20914,0.0102390609681606
20914,6042,0.0450769476592541
20914,6122,0.0450769476592541
19082,19783,0.0347421765327454
19783,403,0.0648148134350777
19783,3238,0.0648148134350777
15517,15696,0.0102455488273076
15696,5655,0.193041041493416
15696,7521,0.193041041493416
14376,14805,0.0037987445030539
14805,14919,0.0420201431649427
14919,1510,0.182671286165714
14919,16526,0.0473687574267387
16526,9953,0.135302528738976
16526,10038,0.135302528738976
14805,14920,0.0128583131668468
14920,15382,0.080766644825538
15382,3405,0.131066471338272
15382,9074,0.131066471338272
14920,15383,0.011544541406563
15383,7204,0.200288574757247
15383,15832,0.0103856451680948
15832,16243,0.0284631780038277
16243,17391,0.0582387199004491
17391,10342,0.103201031684875
17391,10513,0.103201031684875
16243,17392,0.00775952388842902
17392,3548,0.153680227696896
17392,17698,0.05744519084692
17698,4139,0.0962350368499756
17698,9018,0.0962350368499756
15832,16244,0.00883820169716032
16244,16582,0.0216942923660184
16582,17468,0.030542561908563
17468,8603,0.128827873617411
17468,18713,0.0499757491052151
18713,2967,0.0788521245121956
18713,3762,0.0788521245121956
16582,17469,0.0203540236822196
17469,18298,0.0263066437272798
18298,857,0.112709768116474
18298,19314,0.0553471259772778
19314,2797,0.0573626421391964
19314,6917,0.0573626421391964
17469,18299,0.0199691388933431
18299,19098,0.0293036811053753
19098,683,0.0897435918450356
19098,6577,0.0897435918450356
18299,19099,0.0133876111358404
19099,457,0.10565966181457
19099,19547,0.0397145617753267
19547,20727,0.0363780073821545
20727,6576,0.0295670926570892
20727,9937,0.0295670926570892
19547,20728,0.0169983319938183
20728,460,0.0489467680454254
20728,2858,0.0489467680454254
16244,16583,0.00665339031766901
16583,16848,0.0614340163146456
16848,19300,0.0297396732494235
19300,6786,0.0832376480102539
19300,10188,0.0832376480102539
16848,19301,0.0203063571825624
19301,20014,0.0729731284081936
20014,1550,0.0196978356689215
20014,10095,0.0196978356689215
19301,20015,0.0211167577654123
20015,3424,0.0715542063117027
20015,3591,0.0715542063117027
16583,16849,0.0133939271171888
16849,2282,0.161017410457134
16849,17408,0.0159735009074211
17408,18058,0.0660447925329208
18058,6456,0.0789991170167923
18058,6892,0.0789991170167923
17408,18059,0.020670473575592
18059,3814,0.124373435974121
18059,6502,0.124373435974121
11133,11324,0.000669907529161462
11324,10526,0.37158274684928
11324,11331,0.00105754533901231
11331,11348,0.0204780899990372
11348,11708,0.0413633286952972
11708,4461,0.308683782815933
11708,8938,0.308683782815933
11348,11709,0.00362652540206909
11709,4484,0.346420586109161
11709,11784,0.0665333271026611
11784,1580,0.2798872590065
11784,3654,0.2798872590065
11331,11349,0.00571545502530951
11349,11430,0.039633105139934
11430,1361,0.325176641345024
11430,12302,0.0185762196779251
12302,7485,0.306600421667099
12302,10485,0.306600421667099
11349,11431,0.00557245428762909
11431,8431,0.359237292197329
11431,11519,0.00185575124999748
11519,11556,0.0439845109116768
11556,6552,0.313397030035655
11556,12545,0.0596736843387286
12545,3493,0.253723345696926
12545,14034,0.0143488720059395
14034,4395,0.239374473690987
14034,9539,0.239374473690987
11519,11557,0.000264714485232298
11557,11563,0.0404470047229025
11563,6261,0.316669821739197
11563,6388,0.316669821739197
11557,11564,0.00358495535946285
11564,11633,0.00808301951724821
11633,4704,0.345448851585388
11633,11806,0.0279791355133057
11806,3870,0.317469716072083
11806,12460,0.0805203020572662
12460,8852,0.236949414014816
12460,14527,0.0624747574329376
14527,4720,0.174474656581879
14527,4748,0.174474656581879
11564,11634,0.000339235332929677
11634,11643,0.0206672930668411
11643,6866,0.332525342702866
11643,12124,0.0751219689846039
12124,6644,0.257403373718262
12124,9196,0.257403373718262
11634,11644,0.000494329496326162
11644,5011,0.352698306273381
11644,11659,0.000307932280016465
11659,10134,0.352390373993364
11659,11664,0.000418173900867125
11664,9680,0.351972200092497
11664,11669,0.00210018862304756
11669,11713,0.0369451528058904
11713,7603,0.312926858663559
11713,8819,0.312926858663559
11669,11714,0.000300012049289367
11714,9214,0.34957199942016
11714,11717,0.00217599034386889
11717,11759,0.0129380677229701
11759,12075,0.038139171898365
12075,12976,0.0392760038375854
12976,7740,0.257042765617371
12976,9994,0.257042765617371
12075,12977,0.017517477273941
12977,1914,0.278801292181015
12977,7838,0.278801292181015
11759,12076,0.0186890438199043
12076,3663,0.315768897533417
12076,7192,0.315768897533417
11717,11760,0.00256434789873516
11760,11824,0.0277274109849138
11824,5736,0.317104250192642
11824,12467,0.0634810626506805
12467,3263,0.253623187541962
12467,10239,0.253623187541962
11760,11825,0.00184842558458992
11825,10212,0.342983235592966
11825,11864,0.00126200729675219
11864,11893,0.0217564766949947
11893,3989,0.319964751601219
11893,12394,0.0127339214086533
12394,5141,0.307230830192566
12394,12692,0.0385885089635849
12692,6507,0.268642321228981
12692,13636,0.0352090299129486
13636,1057,0.233433291316032
13636,6710,0.233433291316032
11864,11894,0.00776443781266328
11894,8779,0.333956790483551
11894,12087,0.00357429986011759
12087,6296,0.330382490623433
12087,12185,0.000453746635157515
12185,7015,0.329928743988275
12185,12194,0.00294671650600908
12194,12266,0.0143427612297487
12266,3024,0.312639266252518
12266,6236,0.312639266252518
12194,12267,0.00047659154953672
12267,12280,0.0684273078332882
12280,4802,0.258078128099442
12280,5613,0.258078128099442
12267,12281,0.0177962169549987
12281,12658,0.00803476927831193
12658,12852,0.0248295180969411
12852,4068,0.275844931602478
12852,13453,0.0540624111890793
13453,1427,0.221782520413399
13453,7532,0.221782520413399
12658,12853,0.00735572373900895
12853,3639,0.29331872596041
12853,13061,0.00100680592310126
13061,13082,0.0415620340013897
13082,868,0.250749886035919
13082,7824,0.250749886035919
13061,13083,0.00296184153950652
13083,9944,0.289350078497802
13083,13132,0.00479849344605388
13132,1419,0.284551585051748
13132,13243,0.0140733113192739
13243,13593,0.010482647812027
13593,13855,0.0355205848886102
13855,5016,0.224475041031837
13855,9432,0.224475041031837
13593,13856,0.00920500819024794
13856,14123,0.0272036734878812
14123,14952,0.042405774195989
14952,4896,0.181181170046329
14952,16575,0.0274817273020744
16575,6765,0.153699442744255
16575,10319,0.153699442744255
14123,14953,0.024943304558595
14953,1341,0.198643639683723
14953,8235,0.198643639683723
13856,14124,0.0155235852411712
14124,14600,0.0113546757762428
14600,14944,0.0201995811545524
14944,9709,0.203712775558233
14944,15682,0.00507363994654855
15682,687,0.198639135611685
15682,15877,0.000981954454678552
15877,4328,0.197657181157006
15877,15912,0.00941257188522737
15912,3037,0.188244609271779
15912,16302,0.0082248124458334
16302,8580,0.180019796825945
16302,16625,0.00817789329836766
16625,3369,0.171841903527578
16625,16940,0.00896056145429611
16940,17329,0.0626113613446554
17329,3976,0.100269980728626
17329,19752,0.0380103960633278
19752,192,0.0622595846652985
19752,8527,0.0622595846652985
16940,17330,0.00784323793469055
17330,5520,0.155038104138591
17330,17651,0.0101893215694211
17651,6662,0.14484878256917
17651,18062,0.0218934444710612
18062,18957,0.0953182531520724
18957,5315,0.0276370849460363
18957,7786,0.0276370849460363
18062,18958,0.0106085271441511
18958,6045,0.112346810953958
18958,19327,0.0113391117325851
19327,19723,0.0609110288321972
19723,7582,0.0400966703891754
19723,10136,0.0400966703891754
19327,19724,0.0144677247852087
19724,3403,0.0865399744361639
19724,20194,0.0204473547637463
20194,20722,0.0182665344327688
20722,256,0.0478260852396488
20722,5260,0.0478260852396488
20194,20723,0.00628538616001606
20723,4790,0.0598072335124016
20723,6184,0.0598072335124016
14600,14945,0.00795257041383821
14945,15223,0.0454099811075173
15223,16987,0.0842922058972445
16987,8393,0.0862575992941856
16987,10091,0.0862575992941856
15223,16988,0.0151243162426082
16988,17639,0.0209264705578486
17639,18489,0.055395004649957
18489,2879,0.0791040137410164
18489,3241,0.0791040137410164
17639,18490,0.028022160132726
18490,7709,0.106476858258247
18490,19518,0.0936040468513966
19518,7630,0.0128728114068508
19518,10236,0.0128728114068508
16988,17640,0.0192807480692863
17640,4536,0.136144740879536
17640,18425,0.0254045796891054
18425,19374,0.0571630696455638
19374,5649,0.0535770915448666
19374,9212,0.0535770915448666
18425,19375,0.00359691555301349
19375,7482,0.107143245637417
19375,19499,0.0290182456374168
19499,1489,0.078125
19499,2708,0.078125
14945,15224,0.019182530891546
15224,6498,0.196777255407401
15224,15943,0.00306669213287122
15943,6990,0.19371056327453
15943,16072,0.00823413848112792
16072,5292,0.185476424793402
16072,16415,0.0115936762004188
16415,9160,0.173882748592984
16415,16862,0.0327719516976915
16862,18223,0.0375468623307016
18223,3837,0.10356393456459
18223,6885,0.10356393456459
16862,18224,0.00694623444643286
18224,2919,0.134164562448859
18224,18501,0.00809733809104987
18501,6276,0.126067224357809
18501,18817,0.0129427320900418
18817,3761,0.113124492267768
18817,19295,0.023758968959252
19295,20118,0.0489167012274265
20118,1004,0.040448822081089
20118,9421,0.040448822081089
19295,20119,0.0167367104440928
20119,20586,0.0323888044804335
20586,398,0.0402400083839893
20586,694,0.0402400083839893
20119,20587,0.0180500727146864
20587,6794,0.0545787401497364
20587,9504,0.0545787401497364
14124,14601,0.000996149121611806
14601,9451,0.234270883367417
14601,14629,0.0214802334972491
14629,9089,0.212790649870168
14629,15346,0.00106897030187689
15346,3746,0.211721679568291
15346,15386,0.00180205689235169
15386,1337,0.209919622675939
15386,15455,0.00228723765490674
15455,4009,0.207632385021032
15455,15544,0.0147930750433024
15544,16112,0.0237075889634037
16112,17038,0.0180960721106498
17038,10063,0.151035648903676
17038,17799,0.00260793953970237
17799,602,0.148427709363974
17799,17922,0.0148033096622198
17922,3667,0.133624399701754
17922,18525,0.00874102296251238
18525,2650,0.124883376739242
18525,18878,0.00931888811967591
18878,6377,0.115564488619566
18878,19211,0.00627957276172107
19211,4201,0.109284915857845
19211,19427,0.0165120837175184
19427,4132,0.0927728321403265
19427,20009,0.0123310336577041
20009,5137,0.0804417984826224
20009,20372,0.0244798890891529
20372,8128,0.0559619093934695
20372,20909,0.0080619769791762
20909,3984,0.0478999324142933
20909,21014,0.00550191737711429
21014,2974,0.042398015037179
21014,21066,0.00574823406835397
21066,2486,0.036649780968825
21066,21108,0.0110005267585317
21108,9849,0.0256492542102933
21108,21147,0.0159995863214135
21147,2616,0.00964966788887978
21147,8441,0.00964966788887978
16112,17039,0.0081412980502302
17039,4553,0.160990422964096
17039,17412,0.00512781010733712
17412,1542,0.155862612856759
17412,17621,0.0113538747860326
17621,10048,0.144508738070726
17621,18075,0.0143030099570751
18075,387,0.130205728113651
18075,18664,0.0305123801032702
18664,9141,0.0996933480103811
18664,19777,0.0262539912429121
19777,20561,0.0125015870564514
20561,5947,0.0609377697110176
20561,20833,0.0270223319530487
20833,6310,0.0339154377579689
20833,7145,0.0339154377579689
19777,20562,0.00885508664780192
20562,1750,0.0645842701196671
20562,20754,0.0183119811117649
20754,2883,0.0462722890079021
20754,4080,0.0462722890079021
15544,16113,0.00814460491239014
16113,6753,0.18469470506534
16113,16456,0.0147715614798168
16456,2930,0.169923143585523
16456,17005,0.0129402054917244
17005,3302,0.156982938093799
17005,17563,0.00336720790004447
17563,17699,0.0334949366127451
17699,2634,0.120120793581009
17699,10454,0.120120793581009
17563,17700,0.0124191910338899
17700,18218,0.0478764227591455
18218,19995,0.0191013664007187
19995,325,0.07421875
19995,1073,0.07421875
18218,19996,0.00610475987195969
19996,2721,0.087215356528759
19996,4240,0.087215356528759
17700,18219,0.0209382227621973
18219,5595,0.120258316397667
18219,19045,0.00729575629035632
19045,3911,0.112962560107311
19045,19304,0.0118655068178972
19304,2261,0.101097053289413
19304,19722,0.00711437538266183
19722,1358,0.0939826779067516
19722,19972,0.020592184116443
19972,1121,0.0733904937903086
19972,20566,0.0194872158269088
20566,2833,0.0539032779633999
20566,20940,0.0464405915699899
20940,6537,0.00746268639340997
20940,8436,0.00746268639340997
13243,13594,0.00852974508277776
13594,13808,0.0345337742972975
13808,9587,0.227414754352399
13808,14842,0.00761595709377494
14842,7456,0.219798797258624
14842,15079,0.0161483868729315
15079,15683,0.0424213901941294
15683,2319,0.161229020191563
15683,17402,0.0148399586064948
17402,8803,0.146389061585069
17402,18006,0.00814567586140974
18006,5054,0.138243385723659
18006,18323,0.0206190201853003
18323,19149,0.0283060342073441
19149,4260,0.0893183313310146
19149,20121,0.0189491746326288
20121,3815,0.0703691566983859
20121,20637,0.0166350125024716
20637,1114,0.0537341441959143
20637,20943,0.0100484434515238
20943,7497,0.0436857007443905
20943,10416,0.0436857007443905
18323,19150,0.0275076635181904
19150,67,0.0901167020201683
19150,6677,0.0901167020201683
15079,15684,0.00555872163351848
15684,15898,0.0156782075762749
15898,16542,0.051581480850776
16542,5810,0.130832000325123
16542,18643,0.0220794143776099
18643,10194,0.108752585947514
18643,19452,0.0109743308275938
19452,1003,0.0977782551199198
19452,19861,0.00362294601897399
19861,9034,0.0941553091009458
19861,19962,0.0164348979791005
19962,5880,0.0777204111218452
19962,20438,0.0343049690127373
20438,601,0.043415442109108
20438,9525,0.043415442109108
15898,16543,0.029196207012449
16543,1058,0.153217274163451
16543,17716,0.0160633425804831
17716,18371,0.0528447485218446
18371,8966,0.0843091830611229
18371,20276,0.0305694416165352
20276,6436,0.0537397414445877
20276,10281,0.0537397414445877
17716,18372,0.0138262181232373
18372,18939,0.0505081377923489
18939,7126,0.0728195756673813
18939,8600,0.0728195756673813
18372,18940,0.0285703577101231
18940,2954,0.0947573557496071
18940,5908,0.0947573557496071
15684,15899,0.0147913426160812
15899,196,0.183300346136093
15899,8675,0.183300346136093
13594,13809,0.00553252302580176
13809,13958,0.0144042262053394
13958,14398,0.0259518204837717
14398,15216,0.0352838868896166
15216,16599,0.0815406267841657
16599,9630,0.0992354452610016
16599,9778,0.0992354452610016
15216,16600,0.0159137820204099
16600,10477,0.164862290024757
16600,17239,0.0328423827886581
17239,295,0.132019907236099
17239,3733,0.132019907236099
14398,15217,0.0118392864863077
15217,555,0.204220672448476
15217,15669,0.0176793475945791
15669,3156,0.186541324853897
15669,16373,0.0203476496040821
16373,5269,0.166193675249815
16373,17183,0.0166417025029659
17183,17869,0.0557000488042831
17869,1972,0.0938519239425659
17869,1990,0.0938519239425659
17183,17870,0.0309934988617897
17870,2758,0.118558473885059
17870,8680,0.118558473885059
13958,14399,0.00601989158161681
14399,14576,0.0199972143662827
14576,7430,0.215994673470656
14576,15219,0.0239044095079104
15219,1813,0.192090263962746
15219,16137,0.02308692385753
16137,17046,0.131736258665721
17046,7841,0.0372670814394951
17046,8917,0.0372670814394951
16137,17047,0.043689156572024
17047,7666,0.125314183533192
17047,18856,0.0195124000310898
18856,2549,0.105801783502102
18856,4819,0.105801783502102
14399,14577,0.0192211905682814
14577,15186,0.0363860613433644
15186,16606,0.0409529755512873
16606,1392,0.139431660374006
16606,18288,0.0342684139808019
18288,2030,0.105163246393204
18288,19574,0.0348825007677078
19574,6830,0.0702807456254959
19574,10490,0.0702807456254959
15186,16607,0.00607063418084924
16607,5504,0.174314001744444
16607,16854,0.0216129171093563
16854,17731,0.0357751397504693
17731,2167,0.116925944884618
17731,19162,0.0301921380062898
19162,3114,0.0867338068783283
19162,20191,0.0431520529091358
20191,838,0.0435817539691925
20191,7353,0.0435817539691925
16854,17732,0.0112308361345814
17732,8883,0.141470248500506
17732,18206,0.0317624727884928
18206,7775,0.109707775712013
18206,19410,0.00896183575193088
19410,19735,0.0437426020701726
19735,9861,0.0570033378899097
19735,9986,0.0570033378899097
19410,19736,0.0268279251952966
19736,2654,0.0739180147647858
19736,20552,0.0396075770258904
20552,5850,0.0343104377388954
20552,10523,0.0343104377388954
14577,15187,0.0249710035277531
15187,16144,0.0241581235701839
16144,2796,0.16764157017072
16144,17124,0.015672301252683
17124,2852,0.151969268918037
17124,17765,0.0623140931129456
17765,82,0.0896551758050919
17765,3063,0.0896551758050919
15187,16145,0.0122858108952641
16145,16649,0.0960829891264439
16649,8786,0.0834308937191963
16649,9195,0.0834308937191963
16145,16650,0.0896079204976559
16650,1978,0.0899059623479843
16650,5388,0.0899059623479843
13809,13959,0.00892894241467926
13959,5473,0.247487063209216
13959,14230,0.0210688735047976
14230,2971,0.226418189704418
14230,14872,0.0299251452088356
14872,760,0.196493044495583
14872,6336,0.196493044495583
12281,12659,0.00278703466416191
12659,5262,0.305922184313569
12659,12723,0.00761184166962697
12723,12915,0.0412671299917357
12915,304,0.257043212652206
12915,2468,0.257043212652206
12723,12916,0.0142556623456375
12916,13255,0.0115468723721769
13255,5699,0.272507807926128
13255,13544,0.00420427142658775
13544,13645,0.0167810252557198
13645,6422,0.25152251124382
13645,9847,0.25152251124382
13544,13646,0.0118726134122837
13646,5758,0.256430923087256
13646,13954,0.0263193858118155
13954,14753,0.0118605915682785
14753,15129,0.0267177210499843
15129,16159,0.0492829103022814
16159,6821,0.142250314354897
16159,8503,0.142250314354897
15129,16160,0.0106280166655779
16160,2075,0.1809052079916
16160,16594,0.0242413207888603
16594,7692,0.15666388720274
16594,17579,0.0136546567082405
17579,4966,0.143009230494499
17579,7111,0.143009230494499
14753,15130,0.0236096461613973
15130,6505,0.194641299545765
15130,16033,0.0155185684561729
16033,4627,0.179122731089592
16033,16662,0.035680890083313
16662,696,0.143441841006279
16662,18121,0.0200593918561935
18121,2164,0.123382449150085
18121,7291,0.123382449150085
13954,14754,0.00450894869962151
14754,9077,0.225602588575819
14754,14888,0.00668070910005231
14888,7137,0.218921879475767
14888,15108,0.0211653240121804
15108,15907,0.0167679575937135
15907,16587,0.0239814102649689
16587,3982,0.157007187604904
16587,17561,0.0107800265153249
17561,10261,0.146227161089579
17561,18008,0.0145201298097769
18008,5015,0.131707031279802
18008,18602,0.0512409470975399
18602,165,0.0804660841822624
18602,1618,0.0804660841822624
15907,16588,0.008152012899518
16588,1839,0.172836584970355
16588,16905,0.0239406464887517
16905,8214,0.148895938481603
16905,17903,0.0114035015659673
17903,2508,0.137492436915636
17903,18357,0.015297032147646
18357,5274,0.12219540476799
18357,18983,0.0420406753818194
18983,20377,0.0106420901914438
20377,5069,0.0695126391947269
20377,20659,0.0416335184127092
20659,8647,0.0278791207820177
20659,9548,0.0278791207820177
18983,20378,0.00125407924254736
20378,5918,0.0789006501436234
20378,9139,0.0789006501436234
15108,15908,0.00348785200289317
15908,5041,0.194268703460693
15908,16054,0.00837622334559759
16054,8007,0.185892480115096
16054,16393,0.0316782916585604
16393,17679,0.0369205176830292
17679,4330,0.117293670773506
17679,10334,0.117293670773506
16393,17680,0.0100376568734646
17680,18091,0.0760520659387112
18091,2399,0.0681244656443596
18091,3099,0.0681244656443596
17680,18092,0.0279793478548527
18092,2461,0.116197183728218
18092,9035,0.116197183728218
12916,13256,0.00362635325139687
13256,6769,0.280428327046908
13256,13341,0.00866711361763556
13341,3465,0.271761213429272
13341,13563,0.0135765396817416
13563,13906,0.0207380657256753
13906,14511,0.0303038625667492
14511,1545,0.207142745455106
14511,15557,0.05665456255277
15557,8452,0.150488182902336
15557,17815,0.0311257317662239
17815,2685,0.119362451136112
17815,9302,0.119362451136112
13906,14512,0.00575108681288031
14512,14708,0.0324476021859381
14708,3178,0.199247919023037
14708,15859,0.0297782644629478
15859,5762,0.169469654560089
15859,8559,0.169469654560089
14512,14709,0.0139330807659361
14709,3219,0.217762440443039
14709,15160,0.0992764830589294
15160,859,0.118485957384109
15160,5382,0.118485957384109
13563,13907,0.00157810437713246
13907,13948,0.0125104094354006
13948,8472,0.244096159934998
13948,10296,0.244096159934998
13907,13949,0.00141939007318936
13949,13994,0.0228266374766827
13994,1303,0.232360541820526
13994,5740,0.232360541820526
13949,13995,0.0134026836312336
13995,14405,0.0246242514736984
14405,15174,0.0348972286091193
15174,16546,0.0268813509494066
16546,17642,0.0868380516767502
17642,1163,0.0685436129570007
17642,9959,0.0685436129570007
16546,17643,0.0250685513019562
17643,446,0.130313113331795
17643,18657,0.0146856177598238
18657,1628,0.115627495571971
18657,19210,0.0155950294186672
19210,7413,0.100032466153304
19210,19768,0.0284182305137316
19768,8991,0.0716142356395721
19768,20611,0.0316584035754204
20611,2051,0.0399558320641518
20611,5596,0.0399558320641518
15174,16547,0.0242499027401209
16547,10381,0.158013112843037
16547,17515,0.0159768586357435
17515,3655,0.142036254207293
17515,18188,0.0239083158473174
18188,6585,0.118127938359976
18188,19134,0.0297945253551006
19134,8467,0.0883334130048752
19134,10370,0.0883334130048752
14405,15175,0.0105489941824751
15175,15570,0.0214241814282206
15570,8267,0.185187068581581
15570,16425,0.0104077428579331
16425,9266,0.174779325723648
16425,16835,0.017612025141716
16835,2140,0.157167300581932
16835,17549,0.016039215028286
17549,7209,0.141128085553646
17549,18222,0.0176493898034096
18222,7488,0.123478695750237
18222,8872,0.123478695750237
15175,15571,0.0150438280072477
15571,16154,0.0229573707282543
16154,9854,0.1686100512743
16154,10349,0.1686100512743
15571,16155,0.0133318961163362
16155,7623,0.178235525886218
16155,16706,0.0111779823662743
16706,17151,0.0320924776532347
17151,774,0.134965065866709
17151,18471,0.0564859844744205
18471,2666,0.0784790813922882
18471,8847,0.0784790813922882
16706,17152,0.00253768255194975
17152,3347,0.164519860967994
17152,17254,0.0166238458356773
17254,17941,0.0105291530960286
17941,5295,0.137366862036288
17941,18362,0.00738157212202037
18362,6592,0.129985289914267
18362,18672,0.0210670676259768
18672,2122,0.108918222288291
18672,19444,0.0205716500679652
19444,4370,0.0883465722203255
19444,20146,0.00908969771116971
20146,5115,0.0792568745091558
20146,20404,0.0174542873476942
20404,5114,0.0618025871614615
20404,20814,0.00586638289193312
20814,8092,0.0559362042695284
20814,20910,0.0071838516741991
20910,365,0.0487523525953293
20910,5648,0.0487523525953293
17254,17942,0.00598112144554502
17942,5325,0.141914893686771
17942,18192,0.0390237838029862
18192,7251,0.102891109883785
18192,19656,0.00575894551972549
19656,19876,0.0307712027182182
19876,8264,0.0663609616458416
19876,20708,0.0259229466319084
20708,5506,0.0404380150139332
20708,6575,0.0404380150139332
19656,19877,0.0141424353544911
19877,20306,0.0159303909167647
20306,5230,0.067059338092804
20306,10003,0.067059338092804
19877,20307,0.00799559460331996
20307,9047,0.0749941344062487
20307,20528,0.0110480344543854
20528,9335,0.0639460999518633
20528,20774,0.0192578677088022
20774,1306,0.0446882322430611
20774,5370,0.0446882322430611
13995,14406,0.0192147518737592
14406,9274,0.222569743792216
14406,14980,0.0521341140071551
14980,2227,0.170435629785061
14980,16990,0.0473909229040146
16990,8164,0.123044706881046
16990,10453,0.123044706881046
10682,10689,0.00164256813093344
10689,10695,0.00209317730353908
10695,10701,0.00185128314906935
10701,10715,0.00310966491098491
10715,10729,0.0195818651053641
10729,5129,0.412188053131104
10729,7168,0.412188053131104
10715,10730,0.00194450617561237
10730,10733,0.00753045215863618
10733,4915,0.422294959902219
10733,10792,0.00261957809653407
10792,10804,0.0146265759687935
10804,10929,0.0278558317463153
10929,7222,0.377192974090576
10929,9503,0.377192974090576
10804,10930,0.00455294218833013
10930,10250,0.400495863648561
10930,10987,0.0101119159389171
10987,11093,0.0531991013084296
11093,922,0.337184846401215
11093,8359,0.337184846401215
10987,11094,0.000440353180159836
11094,11096,0.026487543974573
11096,5769,0.363456050554911
11096,11452,0.0164023737112681
11452,7728,0.347053676843643
11452,11769,0.0474280714988708
11769,2349,0.299625605344772
11769,3116,0.299625605344772
11094,11097,0.00115153395855955
11097,11109,0.0701081084778004
11109,657,0.318683952093124
11109,4828,0.318683952093124
11097,11110,0.00286916987393054
11110,6188,0.385922890696994
11110,11144,0.00607506973800009
11144,11213,0.0572007858370764
11213,4297,0.322647035121918
11213,6056,0.322647035121918
11144,11214,0.00186456121533657
11214,3607,0.377983259743658
11214,11236,0.00122241840469145
11236,11249,0.0514371553352811
11249,3418,0.325323686003685
11249,12298,0.0331814140081406
12298,1072,0.292142271995544
12298,6855,0.292142271995544
11236,11250,0.0149251936394298
11250,11479,0.00728534204325693
11479,11614,0.020752075961913
11614,8913,0.333798229694366
11614,12091,0.0376625061035156
12091,6944,0.296135723590851
12091,8366,0.296135723590851
11479,11615,0.00144507339062927
11615,11648,0.0273378045827736
11648,2115,0.325767427682877
11648,12292,0.0522631704807281
12292,1818,0.273504257202148
12292,7293,0.273504257202148
11615,11649,0.00195671010121623
11649,11682,0.00767487313947057
11682,11852,0.043706750869751
11852,2705,0.299766898155212
11852,8661,0.299766898155212
11682,11853,0.0111090476314227
11853,12133,0.0690806334217389
12133,229,0.263283967971802
12133,6894,0.263283967971802
11853,12134,0.0608696316679319
12134,4111,0.271494969725609
12134,13574,0.0525650680065155
13574,1635,0.218929901719093
13574,7668,0.218929901719093
11649,11683,0.000205335364427572
11683,11689,0.0212658136291537
11689,326,0.329677373170853
11689,5871,0.329677373170853
11683,11690,0.00251901095506152
11690,11736,0.0643180702789201
11736,3204,0.284106105566025
11736,4961,0.284106105566025
11690,11737,0.00227443513330122
11737,11791,0.0361671577848934
11791,1275,0.30998258292675
11791,12627,0.0179639011621475
12627,4180,0.292018681764603
12627,6667,0.292018681764603
11737,11792,0.00287480445552796
11792,11861,0.0238268575840245
11861,12402,0.0419121334950129
12402,4118,0.277535945177078
12402,13404,0.0149968266487122
13404,4388,0.262539118528366
13404,8402,0.262539118528366
11861,12403,0.0293191621700923
12403,3127,0.290128916501999
12403,10050,0.290128916501999
11792,11862,0.00275830692290124
11862,11922,0.0174409176060721
11922,9947,0.323075711727142
11922,12338,0.0353884696960449
12338,5599,0.287687242031097
12338,13174,0.0269960761070251
13174,498,0.260691165924072
13174,4834,0.260691165924072
11862,11923,0.00131660334915978
11923,11956,0.0128447325909196
11956,12284,0.049343541264534
12284,924,0.277011752128601
12284,6630,0.277011752128601
11956,12285,0.0151436328887939
12285,9404,0.311211660504341
12285,12596,0.0292089432477951
12596,1654,0.282002717256546
12596,2464,0.282002717256546
11923,11957,0.000280707480331654
11957,11967,0.0177143879598234
11967,9400,0.3212049305439
11967,12372,0.0453557372093201
12372,3459,0.275849193334579
12372,13452,0.0405550748109818
13452,645,0.235294118523598
13452,6134,0.235294118523598
11957,11968,0.00421675447100672
11968,12067,0.0292624659854598
12067,1950,0.305440098047256
12067,12732,0.0258184373378754
12732,1266,0.279621660709381
12732,2054,0.279621660709381
11968,12068,0.000688055518223596
12068,12085,0.0156928930569579
12085,3433,0.318321615457535
12085,6162,0.318321615457535
12068,12086,0.00215765528727863
12086,8135,0.331856853227214
12086,12152,0.00278945506800071
12152,12215,0.0254294668454338
12215,12776,0.00294540382760561
12776,2602,0.300692527486174
12776,12851,0.0128223286938331
12851,13165,0.0264467898072029
13165,4315,0.261423408985138
13165,6154,0.261423408985138
12851,13166,0.0103008525603838
13166,6640,0.277569346231957
13166,13401,0.00452271433496232
13401,13525,0.018894671198425
13525,14015,0.0174348322112568
14015,14538,0.0103773088105771
14538,596,0.226339819676736
14538,14874,0.00791711343781037
14874,3630,0.218422706238925
14874,15124,0.0160227654119715
15124,15730,0.0829408742869511
15730,3986,0.119459066540003
15730,19078,0.0486264489591122
19078,1906,0.0708326175808907
19078,7445,0.0708326175808907
15124,15731,0.0108357703074431
15731,16157,0.0543957258264224
16157,139,0.137168444693089
16157,18370,0.0100185051560402
18370,3750,0.127149939537048
18370,6589,0.127149939537048
15731,16158,0.0129933053538912
16158,16695,0.0240943790191696
16695,3478,0.15447648614645
16695,17674,0.0195814445614815
17674,5567,0.134895041584969
17674,10333,0.134895041584969
16158,16696,0.0115078598970459
16696,8041,0.167063005268574
16696,17150,0.0124012213200331
17150,17667,0.0438486058264971
17667,2604,0.110813178122044
17667,5389,0.110813178122044
17150,17668,0.00956301329036555
17668,861,0.145098770658175
17668,18056,0.0263189176718394
18056,8891,0.118779852986336
18056,19115,0.0871749557554722
19115,8120,0.0316048972308636
19115,9648,0.0316048972308636
14015,14539,0.00446120203355937
14539,14693,0.0481133815881453
14693,9389,0.184142544865608
14693,16478,0.00735688954591751
16478,492,0.176785655319691
16478,16760,0.0401001647114754
16760,1568,0.136685490608215
16760,7184,0.136685490608215
14539,14694,0.0101641957697115
14694,14999,0.0102974139153957
14999,4516,0.211794316768646
14999,15385,0.0450946092605591
15385,6883,0.166699707508087
15385,7679,0.166699707508087
14694,15000,0.00908704226215681
15000,2649,0.213004688421885
15000,15336,0.00970915527570815
15336,6517,0.203295533146177
15336,15694,0.00758244709244796
15694,15978,0.0210607629269361
15978,2830,0.174652323126793
15978,9734,0.174652323126793
15694,15979,0.0154175821014426
15979,7555,0.180295503952286
15979,16611,0.0193018702846585
16611,17410,0.0258719839155674
17410,18464,0.0391398730377356
18464,6350,0.095981776714325
18464,8572,0.095981776714325
17410,18465,0.036711952338616
18465,1674,0.0984096974134445
18465,19825,0.0250152051448822
19825,4392,0.0733944922685623
19825,4592,0.0733944922685623
16611,17411,0.0223818187291423
17411,18304,0.0120877278968692
18304,18787,0.0414543338119984
18787,4076,0.0850697532296181
18787,8871,0.0850697532296181
18304,18788,0.0214756987988949
18788,5252,0.105048388242722
18788,8427,0.105048388242722
17411,18305,0.00782801862806082
18305,2528,0.130783796310425
18305,8218,0.130783796310425
13525,14016,0.00287195219378156
14016,9275,0.251280008504788
14016,14097,0.0136071227413292
14097,14502,0.021902293471309
14502,3190,0.21577059229215
14502,15229,0.0272508536775907
15229,4813,0.188519738614559
15229,16297,0.0509518012404442
16297,4243,0.137567937374115
16297,5658,0.137567937374115
14097,14503,0.0140716224986439
14503,14950,0.0369773472348849
14950,5640,0.18662391602993
14950,6265,0.18662391602993
14503,14951,0.0209796778917123
14951,15721,0.0102080973426691
15721,8361,0.192413488030434
15721,16125,0.00845040778319039
16125,9914,0.183963080247243
16125,16484,0.0284803343315919
16484,17632,0.0160522527992725
17632,6366,0.139430493116379
17632,18289,0.0455579161643982
18289,4255,0.0938725769519806
18289,19976,0.00284985452890396
19976,83,0.0910227224230766
19976,511,0.0910227224230766
16484,17633,0.0150217797607183
17633,6115,0.140460966154933
17633,18252,0.0388254374265671
18252,19702,0.051682410761714
19702,349,0.0499531179666519
19702,10168,0.0499531179666519
18252,19703,0.0202628206461668
19703,5294,0.0813727080821991
19703,7009,0.0813727080821991
14951,15722,0.00765104249767376
15722,16021,0.0114494413580923
16021,16495,0.0405119157263211
16495,5217,0.143009185791016
16495,6483,0.143009185791016
16021,16496,0.00767983537126374
16496,2827,0.175841266146073
16496,16798,0.00695567824519594
16798,17057,0.0225271482020617
17057,4237,0.146358439698815
17057,18007,0.00443052686750889
18007,6087,0.141927912831306
18007,18189,0.0181211903691292
18189,9327,0.123806722462177
18189,18910,0.0286486893892288
18910,7385,0.0951580330729485
18910,9978,0.0951580330729485
16798,17058,0.0171150818467141
17058,17772,0.0392139591276646
17772,3088,0.112556546926498
17772,8017,0.112556546926498
17058,17773,0.018994740727875
17773,18565,0.0280163478520181
18565,5661,0.10475941747427
18565,19587,0.00566618144512177
19587,3776,0.0990932360291481
19587,8027,0.0990932360291481
17773,18566,0.0186906721856859
18566,8386,0.114085093140602
18566,19262,0.0552615635097027
19262,4058,0.0588235296308994
19262,8407,0.0588235296308994
15722,16022,0.00518527099241814
16022,2370,0.189785271883011
16022,16247,0.0466584861278534
16247,2749,0.143126785755157
16247,6868,0.143126785755157
13401,13526,0.000629564972387087
13526,5014,0.272417066924608
13526,13547,0.00208665139396941
13547,7082,0.270330415530638
13547,13596,0.00725823077796528
13596,13781,0.0137107676157776
13781,14182,0.0147457238955375
14182,14615,0.0938084222376347
14615,667,0.140807271003723
14615,7861,0.140807271003723
14182,14616,0.0165764631330967
14616,15139,0.0376247657835484
15139,8755,0.180414464324713
15139,16605,0.0447845607995987
16605,18441,0.101594690233469
18441,5256,0.0340352132916451
18441,10569,0.0340352132916451
16605,18442,0.00348861142992973
18442,4541,0.132141292095184
18442,6260,0.132141292095184
14616,15140,0.0151666806141535
15140,15712,0.0573131491740545
15712,3940,0.145559400320053
15712,10550,0.145559400320053
15140,15713,0.012154517074426
15713,9261,0.190718032419682
15713,16201,0.0534629300236702
16201,149,0.137255102396011
16201,8138,0.137255102396011
13781,14183,0.00273604958485332
14183,14255,0.0242499295786461
14255,14986,0.00457910235569467
14986,5849,0.217796335617701
14986,15154,0.00486149430595417
15154,15341,0.0193764315016808
15341,822,0.193558409810066
15341,844,0.193558409810066
15154,15342,0.00793527433435298
15342,15634,0.0294815310887222
15634,2702,0.175518035888672
15634,9535,0.175518035888672
15342,15635,0.00386947607514504
15635,15796,0.0854584487775961
15796,6967,0.115671642124653
15796,10173,0.115671642124653
15635,15797,0.0184630134205023
15797,16527,0.0306838908791542
16527,2821,0.151983186602592
16527,6959,0.151983186602592
15797,16528,0.0220111983288557
16528,17426,0.0355722608729306
17426,18870,0.0191669120556778
18870,6322,0.105916706224283
18870,19534,0.0739068196465572
19534,2949,0.0320098865777254
19534,21128,0.00813178904354572
21128,1491,0.0238780975341797
21128,6195,0.0238780975341797
17426,18871,0.0109401889559295
18871,7108,0.114143429324031
18871,19258,0.00842355218316827
19258,185,0.105719877140863
19258,19546,0.0179112428000995
19546,20159,0.0138794809579849
20159,110,0.0739291533827782
20159,8992,0.0739291533827782
19546,20160,0.0086847685277462
20160,2103,0.0791238658130169
20160,20406,0.0211506833632787
20406,4296,0.0579731824497382
20406,20879,0.011291683341066
20879,4944,0.0466814991086721
20879,21033,0.0276395715773106
21033,1157,0.0190419275313616
21033,4559,0.0190419275313616
16528,17427,0.0271087421788874
17427,18530,0.0184060180973676
18530,19226,0.0355724142864347
19226,20392,0.0310844089835882
20392,3582,0.0484842956066132
20392,4185,0.0484842956066132
19226,20393,0.0286924671381712
20393,2311,0.0508762374520302
20393,4755,0.0508762374520302
18530,19227,0.0173367587849498
19227,502,0.0978043600916862
19227,7384,0.0978043600916862
17427,18531,0.00882911611762312
18531,6674,0.12471802085638
18531,18880,0.0230636198073626
18880,5794,0.101654401049018
18880,19701,0.0430795444796483
19701,1099,0.0585748565693696
19701,20866,0.00881897037227949
20866,193,0.0497558861970901
20866,20986,0.00943330675363541
20986,1872,0.0403225794434547
20986,10120,0.0403225794434547
14255,14987,0.00330464974885772
14987,739,0.219070788224538
14987,15103,0.0429563019010755
15103,16780,0.0265866393844287
16780,17871,0.00898615337080425
17871,2644,0.14054169356823
17871,18248,0.0301341883838177
18248,19386,0.0489079654216766
19386,853,0.0614995397627354
19386,6923,0.0614995397627354
18248,19387,0.00818346440792084
19387,5237,0.102224040776491
19387,19683,0.017333161085844
19683,2828,0.0848908796906471
19683,3410,0.0848908796906471
16780,17872,0.00358814663357204
17872,1471,0.145939700305462
17872,18018,0.0173549130558968
18018,3948,0.128584787249565
18018,6916,0.128584787249565
15103,16781,0.0167124089267519
16781,17465,0.0306247075398763
17465,1134,0.128777369856834
17465,18714,0.0101958960294724
18714,5889,0.118581473827362
18714,9307,0.118581473827362
16781,17466,0.0141767536600431
17466,8994,0.145225323736668
17466,18053,0.0371692776679993
18053,6066,0.108056046068668
18053,7921,0.108056046068668
14183,14256,0.0221011824905872
14256,6208,0.224524185061455
14256,8424,0.224524185061455
13596,13782,0.00651695532724261
13782,6789,0.25655522942543
13782,8223,0.25655522942543
12215,12777,0.00147932880785723
12777,12809,0.0699913883507252
12809,3600,0.232167214155197
12809,4867,0.232167214155197
12777,12810,0.000818106300979227
12810,2935,0.301340496204943
12810,12835,0.00282168359739676
12835,12910,0.00299929673554467
12910,12995,0.0402265787124634
12995,517,0.255292937159538
12995,13991,0.0136957764625549
13991,1138,0.241597160696983
13991,4077,0.241597160696983
12910,12996,0.0332412570714951
12996,971,0.262278258800507
12996,5063,0.262278258800507
12835,12911,0.00145565625836813
12911,8874,0.297063156349178
12911,12957,0.0009062688607539
12957,1744,0.296156887488424
12957,12983,0.00125962673349478
12983,10322,0.29489726075493
12983,13015,0.00620801356231443
13015,13155,0.00661829006838183
13155,13287,0.0227988883852959
13287,7235,0.259272068738937
13287,13876,0.0553988069295883
13876,3055,0.203873261809349
13876,15677,0.0297723710536957
15677,363,0.174100890755653
15677,1753,0.174100890755653
13155,13288,0.0165881340702375
13288,309,0.265482823053996
13288,13730,0.0280911202232043
13730,7258,0.237391702830791
13730,14514,0.0367016419768333
14514,695,0.200690060853958
14514,8162,0.200690060853958
13015,13156,0.0018077470440474
13156,6146,0.286881500148568
13156,13193,0.00262174380692648
13193,10119,0.284259756341641
13193,13250,0.00228057883815913
13250,9623,0.281979177503482
13250,13292,0.00096212549378033
13292,13325,0.0144659150391817
13325,3059,0.26655113697052
13325,7059,0.26655113697052
13292,13326,0.00623272924758167
13326,13471,0.030599337005246
13471,1647,0.244184985756874
13471,8747,0.244184985756874
13326,13472,0.000476846538540465
13472,13487,0.0566705780635988
13487,52,0.217636898159981
13487,9531,0.217636898159981
13472,13488,0.00131400817471838
13488,6491,0.272993468048861
13488,13528,0.000712596180727665
13528,13552,0.077591136097908
13552,125,0.194689735770226
13552,4920,0.194689735770226
13528,13553,0.00311820466410029
13553,5747,0.269162667204033
13553,13626,0.00333512191173202
13626,7866,0.265827545292301
13626,13719,0.00771018221018621
13719,13909,0.0296023788320464
13909,7655,0.228514984250069
13909,14803,0.0173725634813309
14803,624,0.211142420768738
14803,15410,0.0484771281480789
15410,2841,0.162665292620659
15410,9247,0.162665292620659
13719,13910,0.0196625787789132
13910,14481,0.00245943663490647
14481,14574,0.0196714057222657
14574,1495,0.21632394194603
14574,6755,0.21632394194603
14481,14575,0.0036500876094552
14575,14688,0.0359710895766815
14688,5760,0.196374170482159
14688,15959,0.0625713542103767
15959,2572,0.133802816271782
15959,10466,0.133802816271782
14575,14689,0.000634251397337998
14689,9382,0.231711008661502
14689,14707,0.0217286685448267
14707,15453,0.0147090235892691
15453,16003,0.0264767951967697
16003,17062,0.0446758015997826
17062,9927,0.124120719730854
17062,18901,0.0271001383662224
18901,283,0.0970205813646317
18901,9884,0.0970205813646317
16003,17063,0.00487970952747091
17063,17282,0.0244384912368493
17282,18285,0.0233105823604597
18285,19195,0.0497418969041771
19195,5231,0.0664258413016796
19195,20707,0.0166633874177933
20707,1795,0.0497624538838863
20707,4228,0.0497624538838863
18285,19196,0.00660160939312643
19196,8249,0.10956612881273
19196,19419,0.0131954584004624
19419,9724,0.096370670412268
19419,19896,0.00559332541057042
19896,3770,0.0907773450016975
19896,20073,0.0159460455179214
20073,1833,0.0748312994837761
20073,20532,0.0178926133861144
20532,20897,0.00984690772990385
20897,6412,0.0470917783677578
20897,21029,0.0134829394519329
21029,5877,0.0336088389158249
21029,8435,0.0336088389158249
20532,20898,0.00909550550083319
20898,290,0.0478431805968285
20898,4735,0.0478431805968285
17282,18286,0.01344076761355
18286,3240,0.126037552952766
18286,4936,0.126037552952766
17063,17283,0.00988179242529838
17283,7107,0.154035019377867
17283,17685,0.0132800050907665
17685,18236,0.0295841188894378
18236,10147,0.111170895397663
18236,19359,0.0298634096980095
19359,4398,0.0813074856996536
19359,4591,0.0813074856996536
17685,18237,0.011836932765113
18237,9010,0.128918081521988
18237,18710,0.0657700076699257
18710,333,0.0631480738520622
18710,3755,0.0631480738520622
15453,16004,0.00942720111394138
16004,7178,0.185846115413465
16004,16396,0.0103531590069247
16396,319,0.17549295640654
16396,16804,0.0191013800357681
16804,1774,0.156391576370772
16804,17593,0.0179544842098228
17593,18313,0.036527324324617
18313,19694,0.0331795252859592
19694,2011,0.0687302425503731
19694,7636,0.0687302425503731
18313,19695,0.0304811932146549
19695,1345,0.0714285746216774
19695,6385,0.0714285746216774
17593,18314,0.00290059035596177
18314,8141,0.135536501804988
18314,18445,0.00816090610765274
18445,18753,0.018918209203652
18753,19464,0.0176880732178688
19464,132,0.0907693132758141
19464,3665,0.0907693132758141
18753,19465,0.0115910992026329
19465,5163,0.09686628729105
19465,19885,0.0266639143228531
19885,1236,0.0702023729681969
19885,7223,0.0702023729681969
18445,18754,0.00739219206429663
18754,354,0.119983403633038
18754,19056,0.020255325982968
19056,6257,0.0997280776500702
19056,19775,0.0143423564732075
19775,20238,0.0307878293097019
20238,411,0.0545978918671608
20238,3010,0.0545978918671608
19775,20239,0.0297862347215414
20239,4142,0.0555994864553213
20239,20913,0.0297385547310114
20913,2359,0.0258609317243099
20913,8232,0.0258609317243099
14707,15454,0.00191563971775349
15454,15525,0.0485209360718727
15525,3483,0.159545764327049
15525,6499,0.159545764327049
15454,15526,0.000946980225853628
15526,8365,0.207119720173068
15526,15558,0.0113920671994694
15558,8037,0.195727652973599
15558,15977,0.00779500166683683
15977,16316,0.0020078530565637
16316,7331,0.185924798250198
16316,8826,0.185924798250198
15977,16317,0.00188360878882185
16317,8428,0.18604904251794
16317,16390,0.00136797903158234
16390,5342,0.184681063486358
16390,16457,0.0157202803816717
16457,17052,0.018713239409259
17052,17827,0.0165346205411923
17827,8835,0.133712923154235
17827,18522,0.0129115745763887
18522,8127,0.120801348577846
18522,19021,0.000815508853305461
19021,5122,0.119985839724541
19021,19055,0.00593410448895561
19055,6283,0.114051735235585
19055,19264,0.0192242471708192
19264,7046,0.0948274880647659
19264,19947,0.0179106599340836
19947,20467,0.0105776010702054
20467,20710,0.0259725234160821
20710,7433,0.0403667036443949
20710,21079,0.00131884030997753
21079,2513,0.0390478633344173
21079,3182,0.0390478633344173
20467,20711,0.0152909855047862
20711,8161,0.0510482415556908
20711,20973,0.0226864460855722
20973,4364,0.0283617954701185
20973,6148,0.0283617954701185
19947,20468,0.00939972636600335
20468,2761,0.067517101764679
20468,5187,0.067517101764679
17052,17828,0.00328302198932287
17828,5892,0.146964521706104
17828,17980,0.00254427459504866
17980,18078,0.0172454187764772
18078,18767,0.017167803033122
18767,19397,0.0100070238113403
19397,654,0.100000001490116
19397,7884,0.100000001490116
18767,19398,0.0100070238113403
19398,8822,0.100000001490116
19398,10225,0.100000001490116
18078,18768,0.00646570710731403
18768,19024,0.0230611339211464
19024,4373,0.097647987306118
19024,4855,0.097647987306118
18768,19025,0.0118230613214629
19025,19446,0.0214901162045343
19446,608,0.0873959437012672
19446,20174,0.0233532364169757
20174,3696,0.0640427072842916
20174,20771,0.00554088813563187
20771,4492,0.0585018191486597
20771,20867,0.0102154593914747
20867,1778,0.048286359757185
20867,7801,0.048286359757185
19025,19447,0.00601773315242358
19447,19657,0.0397875316441059
19657,197,0.063080795109272
19657,2628,0.063080795109272
19447,19658,0.0201694885889689
19658,20314,0.0133097705741723
20314,2085,0.0693890675902367
20314,8887,0.0693890675902367
19658,20315,0.0019122598071893
20315,6193,0.0807865783572197
20315,20361,0.0123998820781708
20361,1160,0.0683866962790489
20361,5746,0.0683866962790489
17980,18079,0.0104546505543921
18079,7233,0.133965596556664
18079,8730,0.133965596556664
16457,17053,0.00705146246166236
17053,17370,0.0170791460924162
17370,18063,0.0185681238077033
18063,18802,0.0239259952058395
18802,19675,0.0118913975854715
19675,10013,0.0904446579515934
19675,20081,0.00885836407542229
20081,8341,0.0815862938761711
20081,9009,0.0815862938761711
18802,19676,0.00573976052304108
19676,3360,0.0965962950140238
19676,19891,0.00926682787636916
19891,3220,0.0873294671376546
19891,20175,0.00796883304913838
20175,9131,0.0793606340885162
20175,20401,0.0325963012874126
20401,5633,0.0467643328011036
20401,8309,0.0467643328011036
18063,18803,0.0172940498838822
18803,2970,0.108968000859022
18803,19442,0.0262864269316196
19442,5792,0.0826815739274025
19442,9237,0.0826815739274025
17370,18064,0.0139495840223579
18064,18640,0.0448564700782299
18640,4464,0.0860241204500198
18640,5691,0.0860241204500198
18064,18641,0.0222052410244942
18641,19456,0.0223860032856464
19456,2504,0.0862893462181091
19456,20206,0.0176247581839561
20206,2908,0.068664588034153
20206,8247,0.068664588034153
18641,19457,0.0213748253881931
19457,1220,0.0873005241155624
19457,9386,0.0873005241155624
17053,17371,0.0121082705164712
17371,17857,0.0288856074213982
17857,3507,0.120915442705154
17857,10570,0.120915442705154
17371,17858,0.0197546601295471
17858,18669,0.0247079506516457
18669,4938,0.10533843934536
18669,19564,0.0181826204061508
19564,5434,0.087155818939209
19564,8011,0.087155818939209
17858,18670,0.0172103196382523
18670,1145,0.112836070358753
18670,1244,0.112836070358753
13910,14482,0.00127818749206454
14482,3132,0.237176596811137
14482,14520,0.00126861470761067
14520,5346,0.235907982103527
14520,14581,0.00107274279978714
14581,8722,0.234835239303739
14581,14608,0.00158636732228273
14608,14654,0.0165695969455986
14654,729,0.216679275035858
14654,6935,0.216679275035858
14608,14655,0.0044907848658283
14655,14787,0.00538862283740729
14787,5744,0.223369464278221
14787,8788,0.223369464278221
14655,14788,0.00389974895583689
14788,14917,0.0450735931818405
14917,2069,0.179784744977951
14917,5727,0.179784744977951
14788,14918,0.00164502958431306
14918,3231,0.223213308575478
14918,14964,0.00403163259175565
14964,15100,0.0269097132218439
15100,4766,0.192271962761879
15100,6652,0.192271962761879
14964,15101,0.00622544789005536
15101,15337,0.00796416723366938
15337,15636,0.00977709454794726
15636,16009,0.0639410056173801
16009,18624,0.0613395106047392
18624,8330,0.0699344500899315
18624,9452,0.0699344500899315
16009,18625,0.0460383947938681
18625,5300,0.0852355659008026
18625,10226,0.0852355659008026
15636,16010,0.0254671219736338
16010,2929,0.169747844338417
16010,5639,0.169747844338417
15337,15637,0.00555753211180371
15637,15849,0.0341179470221201
15849,5529,0.165316581726074
15849,8137,0.165316581726074
15637,15850,0.0214678967992465
15850,109,0.177966631948948
15850,16718,0.0137420073151588
16718,4771,0.164224624633789
16718,9137,0.164224624633789
15101,15338,0.00377914523609729
15338,5133,0.20917708285757
15338,15489,0.00232479988601819
15489,7913,0.206852282971552
15489,15567,0.00250290629639655
15567,8271,0.204349376675155
15567,15662,0.00859023384066018
15662,15974,0.00991029580290193
15974,1786,0.185848847031593
15974,16394,0.0489420890808105
16394,570,0.136906757950783
16394,2335,0.136906757950783
15662,15975,0.00205796762864746
15975,3511,0.193701175205848
15975,16073,0.003633990241032
16073,16234,0.0310034583012263
16234,10324,0.159063726663589
16234,17477,0.028252586722374
17477,616,0.130811139941216
17477,4355,0.130811139941216
16073,16235,0.00331796646739047
16235,22,0.186749218497425
16235,16363,0.0108486906702009
16363,16796,0.0110266104263875
16796,2722,0.164873917400837
16796,17238,0.00343961467345558
17238,9460,0.161434302727381
17238,17393,0.00698234836260478
17393,17675,0.0245778143405914
17675,4763,0.129874140024185
17675,18676,0.00612865388393402
18676,6650,0.123745486140251
18676,18913,0.0206018649041653
18913,3613,0.103143621236086
18913,19642,0.0280433855950832
19642,1412,0.0751002356410027
19642,1524,0.0751002356410027
17393,17676,0.0099572718143463
17676,3109,0.14449468255043
17676,18077,0.0054585263133049
18077,382,0.139036156237125
18077,18297,0.0624981373548508
18297,700,0.0765380188822746
18297,6425,0.0765380188822746
16363,16797,0.00550112305158659
16797,1462,0.170399404775638
16797,16993,0.00457762722853081
16993,3538,0.165821777547107
16993,17194,0.0190104127201757
17194,17990,0.0165765243920643
17990,18662,0.00996360224691815
18662,4556,0.120271238187949
18662,19041,0.012616401227812
19041,19490,0.0290886731818318
19490,2037,0.0785661637783051
19490,2376,0.0785661637783051
19041,19491,0.0176757397130132
19491,20098,0.0121212974190712
20098,6110,0.0778577998280525
20098,6556,0.0778577998280525
19491,20099,0.00244058668613434
20099,4310,0.0875385105609894
20099,4502,0.0875385105609894
17990,18663,0.0041470899403869
18663,2623,0.12608775049448
18663,18815,0.00307909945646921
18815,1585,0.123008651038011
18815,18953,0.00908758391936619
18953,19270,0.043224457403024
19270,4419,0.0706966097156207
19270,20630,0.00965661990145843
20630,6622,0.0610399898141623
20630,20830,0.00787367485463619
20830,5950,0.0531663149595261
20830,7852,0.0531663149595261
18953,19271,0.00470379466811817
19271,19432,0.0333244142433008
19432,4344,0.0758928582072258
19432,6700,0.0758928582072258
19271,19433,0.0161879484852155
19433,10503,0.0930293239653111
19433,20002,0.0415501445531845
20002,5236,0.0514791794121265
20002,10562,0.0514791794121265
17194,17991,0.00106192999817306
17991,4170,0.145749434828758
17991,18030,0.0012412890791893
18030,7802,0.144508145749569
18030,18076,0.0155497886240482
18076,8756,0.128958357125521
18076,18705,0.00718219383267693
18705,18994,0.00559713215919204
18994,3077,0.116179031133652
18994,19189,0.0138263730539216
19189,5381,0.10235265807973
19189,19674,0.0115132925824987
19674,5817,0.0908393654972315
19674,20069,0.00750821057174887
20069,4937,0.0833311549254826
20069,20297,0.00927030508007322
20297,1049,0.0740608498454094
20297,20549,0.0202189506962895
20549,20941,0.0129328100010753
20941,6012,0.0409090891480446
20941,9908,0.0409090891480446
20549,20942,0.00746892672032118
20942,21037,0.0139273442327976
21037,458,0.0324456281960011
21037,10042,0.0324456281960011
20942,21038,0.00812374800443649
21038,4106,0.0382492244243622
21038,9178,0.0382492244243622
18705,18995,0.00178516627641387
18995,9085,0.11999099701643
18995,19054,0.00936131831258535
19054,19377,0.00685045216232538
19377,8582,0.103779226541519
19377,9316,0.103779226541519
19054,19378,0.00477214846760035
19378,3839,0.105857530236244
19378,19539,0.00581532280359949
19539,9885,0.100042207432645
19539,19766,0.00620891681903012
19766,871,0.0938332906136146
19766,19977,0.00611674222044455
19977,10080,0.08771654839317
19977,20167,0.0180529185260336
20167,20653,0.011187392907838
20653,20868,0.0153837290902933
20868,3653,0.0430925078690052
20868,5053,0.0430925078690052
20653,20869,0.00733249311645826
20869,1860,0.0511437438428402
20869,20970,0.00488534737378359
20970,7403,0.0462583964690566
20970,21039,0.00348071909199158
21039,6541,0.042777677377065
21039,21061,0.00647106425215801
21061,894,0.036306613124907
21061,21112,0.0149634731933475
21112,195,0.0213431399315596
21112,5589,0.0213431399315596
20167,20654,0.0074644610285759
20654,20805,0.0328886052593589
20805,2943,0.0293105635792017
20805,3345,0.0293105635792017
20654,20806,0.0163346501067281
20806,3625,0.0458645187318325
20806,4002,0.0458645187318325
12152,12216,0.00511296495646979
12216,2283,0.323954433202744
12216,9002,0.323954433202744
11250,11480,0.000982054664125376
11480,7654,0.360853593035411
11480,11495,0.0102143248433257
11495,5780,0.350639268192085
11495,11695,0.00905556904215526
11695,8233,0.34158369914993
11695,11899,0.00287859540730956
11899,5037,0.33870510374262
11899,11974,0.00170069681229423
11974,2059,0.337004406930326
11974,12014,0.00893058772639616
12014,1460,0.32807381920393
12014,12243,0.00981670772740273
12243,4864,0.318257111476527
12243,12433,0.00371896995233834
12433,12518,0.0520381534451179
12518,1699,0.262499988079071
12518,10074,0.262499988079071
12433,12519,0.00126065449674584
12519,2886,0.313277487027443
12519,12554,0.00378518210629292
12554,5305,0.30949230492115
12554,12646,0.000873816595680477
12646,12660,0.0475959503787687
12660,3890,0.261022537946701
12660,6549,0.261022537946701
12646,12661,0.00235333606678967
12661,5327,0.30626515225868
12661,12714,0.0081883079393254
12714,10556,0.298076844319355
12714,12923,0.00160882256820749
12923,3533,0.296468021751147
12923,12974,0.00078406104690476
12974,1041,0.295683960704242
12974,12990,0.00100015053506763
12990,1465,0.294683810169175
12990,13019,0.00244955073335651
13019,6913,0.292234259435818
13019,13085,0.000902327194618358
13085,13103,0.0178613094433929
13103,13514,0.0539584284027417
13514,6073,0.219512194395065
13514,7694,0.219512194395065
13103,13515,0.024222028752168
13515,4146,0.249248594045639
13515,14187,0.0362226217985153
14187,4430,0.213025972247124
14187,8657,0.213025972247124
13085,13104,0.00326753265746038
13104,13163,0.0215136500434105
13163,4426,0.266550749540329
13163,4497,0.266550749540329
13104,13164,0.00386045102523813
13164,13252,0.0610779692541877
13252,2421,0.223125979304314
13252,6504,0.223125979304314
13164,13253,0.00372813896144936
13253,13339,0.0269417160978684
13339,2373,0.253534093499184
13339,14045,0.030148908495903
14045,3373,0.223385185003281
14045,6908,0.223385185003281
13253,13340,0.00420758177290909
13340,13436,0.0287705798234258
13436,348,0.247497648000717
13436,4890,0.247497648000717
13340,13437,0.00700470296699951
13437,13621,0.00403255377906547
13621,13736,0.0410076851646106
13736,2674,0.224223285913467
13736,7079,0.224223285913467
13621,13737,0.0228817860285441
13737,892,0.242349185049534
13737,14383,0.0426294580101967
14383,8894,0.199719727039337
14383,9229,0.199719727039337
13437,13622,0.00244247686907567
13622,13696,0.0189537468816148
13696,4215,0.247867301106453
13696,9230,0.247867301106453
13622,13697,0.0104803740547773
13697,5364,0.25634067393329
13697,13960,0.00222077910381524
13960,14017,0.0238669136435621
14017,737,0.230252981185913
14017,4210,0.230252981185913
13960,14018,0.00277030203521017
14018,14091,0.0144768750561135
14091,14528,0.0426173508167267
14528,2566,0.194255366921425
14528,7177,0.194255366921425
14091,14529,0.0415028631687164
14529,3272,0.195369854569435
14529,7017,0.195369854569435
14018,14092,0.002896579411305
14092,14212,0.0615593565330989
14212,168,0.186893656849861
14212,1401,0.186893656849861
14092,14213,0.000804238458020495
14213,7586,0.24764877492494
14213,14226,0.00420794405182104
14226,14338,0.0164570601450073
14338,4878,0.226983770728111
14338,5126,0.226983770728111
14226,14339,0.00660194768598019
14339,14531,0.00698861084954272
14531,3880,0.229850272337596
14531,14761,0.0333740363518397
14761,4817,0.196476235985756
14761,15955,0.0545009225606918
15955,8198,0.141975313425064
15955,8204,0.141975313425064
14339,14532,0.00235002624452163
14532,14622,0.0185098470759022
14622,3905,0.215979009866714
14622,10094,0.215979009866714
14532,14623,0.00794414581481825
14623,14868,0.0203810216336655
14868,6553,0.206163689494133
14868,15591,0.0596967935562134
15591,453,0.14646689593792
15591,4673,0.14646689593792
14623,14869,0.00305552496008146
14869,9161,0.223489186167717
14869,14957,0.0208144247762559
14957,15717,0.0054777317195753
15717,15928,0.0142136312343857
15928,1821,0.1829833984375
15928,6264,0.1829833984375
15717,15929,0.0120059817492655
15929,16423,0.0212138272681326
16423,2656,0.163977220654488
16423,5101,0.163977220654488
15929,16424,0.00673114541371952
16424,3140,0.178459902508901
16424,16700,0.00634761305798412
16700,2911,0.172112289450917
16700,16932,0.0152027935414597
16932,17568,0.0188871944569564
17568,7407,0.1380223014525
17568,18332,0.0119074733702691
18332,4043,0.126114828082231
18332,18812,0.0129255492908832
18812,4647,0.113189278791348
18812,19291,0.0076628393597073
19291,19556,0.0372606851677928
19556,20673,0.025379806291312
20673,199,0.0428859479725361
20673,3929,0.0428859479725361
19556,20674,0.0105710527859628
20674,20883,0.0127530042082071
20883,2160,0.0449416972696781
20883,3862,0.0449416972696781
20674,20884,0.00480266101658344
20884,1429,0.0528920404613018
20884,3517,0.0528920404613018
19291,19557,0.0237057046550844
19557,20334,0.015453496016562
20334,986,0.0663672387599945
20334,8543,0.0663672387599945
19557,20335,0.00571625524510939
20335,5514,0.0761044795314471
20335,20492,0.010280883560578
20492,3439,0.0658235959708691
20492,20729,0.0149996057152748
20729,3374,0.0508239902555943
20729,6651,0.0508239902555943
16932,17569,0.00123256944987196
17569,8574,0.155676926459585
17569,17626,0.000707310269109335
17626,7925,0.154969616190476
17626,17656,0.0150156789788951
17656,18271,0.0187955240365009
18271,2028,0.12115841317508
18271,19007,0.0170696182693872
19007,19615,0.0181246971608036
19615,7544,0.0859640977448887
19615,20216,0.0120979884846343
20216,20554,0.0172705647432142
20554,8098,0.0565955445170403
20554,20903,0.00528436452150345
20903,6797,0.0513111799955368
20903,20969,0.00717086220781008
20969,8627,0.0441403177877267
20969,21055,0.0166147112225493
21055,8777,0.0275256065651774
21055,21142,0.0149537874385715
21142,4221,0.012571819126606
21142,6024,0.012571819126606
20216,20555,0.00767485880189471
20555,8355,0.0661912504583597
20555,20717,0.0249159354716539
20717,1757,0.0412753149867058
20717,2249,0.0412753149867058
19007,19616,0.00225611343713743
19616,5123,0.101832681468555
19616,19698,0.00902341660999118
19698,3247,0.0928092648585637
19698,20007,0.0177622234655751
20007,20524,0.0104155178285307
20524,825,0.0646315235644579
20524,20751,0.0154621843248606
20751,1119,0.0491693392395973
20751,9586,0.0491693392395973
20007,20525,0.00750977463192409
20525,6796,0.0675372667610645
20525,20690,0.012452520430088
20690,3188,0.0550847463309765
20690,9867,0.0550847463309765
17656,18272,0.00810986527412158
18272,8356,0.131844071937459
18272,18596,0.0102449874373483
18596,18998,0.0176521097921362
18998,19618,0.0179941637648477
19618,505,0.0859528109431267
19618,10494,0.0859528109431267
18998,19619,0.00541559600877384
19619,19819,0.0114929138549737
19819,4452,0.0870384648442268
19819,7287,0.0870384648442268
19619,19820,0.00870132534986451
19820,6011,0.089830053349336
19820,20107,0.0124727066916724
20107,20449,0.0121306949295104
20449,5223,0.0652266517281532
20449,6780,0.0652266517281532
20107,20450,0.0110206242340306
20450,2738,0.0663367224236329
20450,20712,0.00430450526376565
20712,7249,0.0620322171598673
20712,20810,0.0201880913227797
20810,2345,0.0418441258370876
20810,6871,0.0418441258370876
18596,18999,0.013342606637514
18999,421,0.108256477862597
18999,19473,0.0425171293318272
19473,4474,0.0657393485307693
19473,5184,0.0657393485307693
14957,15718,0.00158498738702334
15718,15798,0.0218330963768742
15798,5416,0.179256677627563
15798,9920,0.179256677627563
15718,15799,0.00556658877273947
15799,15988,0.0134281195187695
15988,10259,0.182095065712929
15988,16549,0.0436195731163025
16549,980,0.138475492596626
16549,6775,0.138475492596626
15799,15989,0.00335489285251123
15989,1599,0.192168292379187
15989,16131,0.00468813608455193
16131,8423,0.187480156294635
16131,16344,0.00375040153377368
16344,7780,0.183729754760861
16344,16487,0.0180420719639019
16487,17201,0.0184485534839458
17201,17973,0.0157885651209613
17973,18613,0.0466934298737007
18613,8754,0.0847571343183517
18613,20259,0.0229881294071674
20259,1761,0.0617690049111843
20259,7978,0.0617690049111843
17973,18614,0.00804031808473911
18614,18936,0.00863737310800287
18936,6721,0.11477287299931
18936,19235,0.00863557495176792
19235,3054,0.106137298047543
19235,19529,0.0199781761815151
19529,9356,0.0861591218660275
19529,20210,0.00874417560795944
20210,4234,0.0774149462580681
20210,20446,0.00849678050726652
20446,3160,0.0689181657508016
20446,20666,0.0328840157017112
20666,21113,0.016756372526288
21113,210,0.0192777775228024
21113,4046,0.0192777775228024
20666,21114,0.00319853238761425
21114,476,0.0328356176614761
21114,8039,0.0328356176614761
18614,18937,0.00363140106201172
18937,580,0.119778845045302
18937,19065,0.021454601134691
19065,815,0.0983242439106107
19065,19830,0.0213176872847336
19830,8954,0.0770065566258771
19830,20463,0.00978101067067612
20463,20697,0.0107095226024588
20697,9083,0.0565160233527422
20697,20904,0.0138303358107805
20904,3339,0.0426856875419617
20904,8439,0.0426856875419617
20463,20698,0.00963239651173353
20698,8450,0.0575931494434675
20698,20888,0.0143092771371206
20888,7743,0.0432838723063469
20888,21059,0.0174659043550491
21059,1240,0.0258179679512978
21059,6373,0.0258179679512978
17201,17974,0.0140964757468734
17974,9332,0.13314265356614
17974,18550,0.0128948635970935
18550,5884,0.120247789969047
18550,19046,0.0229857906344391
19046,19871,0.0195337657240175
19871,9669,0.0777282336105903
19871,20437,0.0242661645946403
20437,20945,0.00540932593867183
20945,5590,0.0480527430772781
20945,8986,0.0480527430772781
20437,20946,0.00474435510113835
20946,20999,0.0247229402884841
20999,9149,0.0239947736263275
20999,10099,0.0239947736263275
20946,21000,0.00928673055022955
21000,6306,0.0394309833645821
21000,9242,0.0394309833645821
19046,19872,0.0126071739054861
19872,20264,0.0239181394378344
20264,9024,0.0607366859912872
20264,9492,0.0607366859912872
19872,20265,0.00599655384818713
20265,7864,0.0786582715809345
20265,20415,0.0106192715466022
20415,9501,0.0680390000343323
20415,10291,0.0680390000343323
16487,17202,0.00372727656805957
17202,17367,0.0182822477072477
17367,5038,0.143678158521652
17367,7150,0.143678158521652
17202,17368,0.0134393218904734
17368,17918,0.0408162139356136
17918,57,0.107704870402813
17918,6216,0.107704870402813
17368,17919,0.0235386102864839
17919,18873,0.0274796598186397
18873,19863,0.0121184825897217
19863,5088,0.0853843316435814
19863,20240,0.0147255149980386
20240,10446,0.0706588166455428
20240,20631,0.0165893925974766
20631,1815,0.0540694240480661
20631,20935,0.0314235538244247
20935,5367,0.0226458702236414
20935,8390,0.0226458702236414
18873,19864,0.003472750633955
19864,19968,0.0478670448064804
19968,7320,0.0461630187928677
19968,10424,0.0461630187928677
19864,19969,0.0312472097575665
19969,673,0.0627828538417816
19969,1115,0.0627828538417816
17919,18874,0.00605924954318038
18874,19105,0.0199638766547044
19105,19795,0.0726063127319018
19795,2190,0.0263530351221561
19795,5867,0.0263530351221561
19105,19796,0.0266452978054682
19796,8209,0.0723140500485897
19796,20593,0.0108239091932774
20593,5577,0.0614901408553123
20593,6250,0.0614901408553123
18874,19106,0.0111457392573357
19106,4418,0.107777485251427
19106,19485,0.00994113981723785
19485,9005,0.0978363454341888
19485,19856,0.0322812410692374
19856,7755,0.0655551043649514
19856,20734,0.0114718445887168
20734,7053,0.0540832597762346
20734,20933,0.0173860136419535
20933,5209,0.0366972461342812
20933,10264,0.0366972461342812
10792,10805,0.00491064968326371
10805,10836,0.0460577607154846
10836,907,0.368706971406937
10836,10178,0.368706971406937
10805,10837,0.0271501541137695
10837,285,0.387614578008652
10837,429,0.387614578008652
10730,10734,0.00152318516446398
10734,7951,0.428302226896391
10734,10742,0.00273497513535503
10742,7149,0.425567251761036
10742,10766,0.00186574778922344
10766,10785,0.0316738576686359
10785,1602,0.392027646303177
10785,8690,0.392027646303177
10766,10786,0.00364605352227548
10786,5989,0.420055450449537
10786,10803,0.00289159237025255
10803,10814,0.0268170329564515
10814,2896,0.390346825122833
10814,10512,0.390346825122833
10803,10815,0.00549048929268575
10815,10873,0.0101563918340462
10873,10975,0.0354245682557424
10975,11404,0.0640270660320918
11404,4967,0.302065342664719
11404,10573,0.302065342664719
10975,11405,0.0217454085747401
11405,7731,0.34434700012207
11405,11842,0.0314337313175201
11842,7001,0.31291326880455
11842,10270,0.31291326880455
10873,10976,0.0334249466657639
10976,1378,0.368092030286789
10976,10189,0.368092030286789
10815,10874,0.000244221506562614
10874,10876,0.0308154030211558
10876,5988,0.380613744258881
10876,11196,0.034611850976944
11196,2485,0.346001893281937
11196,8969,0.346001893281937
10874,10877,0.00552360900780446
10877,10923,0.015135877799362
10923,10548,0.39076966047287
10923,11090,0.0878752768039703
11090,2344,0.3028943836689
11090,3260,0.3028943836689
10877,10924,0.00176357690433948
10924,10940,0.035317777427005
10940,2551,0.368824183940887
10940,6730,0.368824183940887
10924,10941,0.00173182713889897
10941,10964,0.0499402280180941
10964,8671,0.352469906210899
10964,11663,0.0172378867864609
11663,2966,0.335232019424438
11663,8941,0.335232019424438
10941,10965,0.000921609881347318
10965,10977,0.0176677074731421
10977,3006,0.383820816874504
10977,11161,0.0303875356912613
11161,1317,0.353433281183243
11161,9235,0.353433281183243
10965,10978,0.00371895191238081
10978,11020,0.0175966591620897
11020,11201,0.0817018498977026
11201,7687,0.298471063375473
11201,12913,0.0459729731082916
12913,71,0.252498090267181
12913,4620,0.252498090267181
11020,11202,0.0393963803847631
11202,244,0.340776532888412
11202,5027,0.340776532888412
10978,11021,0.000207643120980872
11021,11025,0.000696975865730476
11025,11039,0.0116214422486028
11039,4919,0.385243511199951
11039,11149,0.0202491194009781
11149,9313,0.364994391798973
11149,11425,0.0128669887781143
11425,933,0.352127403020859
11425,11667,0.00553861260414124
11667,6895,0.346588790416718
11667,11776,0.0349946022033691
11776,5025,0.311594188213348
11776,7162,0.311594188213348
11025,11040,0.00136677693788084
11040,3491,0.395498176510673
11040,11050,0.0017822202071186
11050,11060,0.0326360548467217
11060,4281,0.361079901456833
11060,11494,0.0486762821674347
11494,6229,0.312403619289398
11494,6404,0.312403619289398
11050,11061,0.00132230551862489
11061,8622,0.39239365078493
11061,11070,0.000924731781038191
11070,11076,0.0118352688202138
11076,11216,0.0748284012079239
11216,1227,0.304805248975754
11216,12751,0.0605503171682358
12751,270,0.244254931807518
12751,8698,0.244254931807518
11076,11217,0.024475023150444
11217,8345,0.355158627033234
11217,8620,0.355158627033234
11070,11077,0.000300379648714266
11077,11080,0.010642033944506
11080,11197,0.0793517455458641
11197,3168,0.301174759864807
11197,9584,0.301174759864807
11080,11198,0.0240524932742119
11198,562,0.356474012136459
11198,1334,0.356474012136459
11077,11081,0.000152872654430314
11081,11084,0.0930508553756736
11084,1789,0.297964811325073
11084,4985,0.297964811325073
11081,11085,0.00275033241307038
11085,11115,0.0128534065876338
11115,11279,0.0708684623241425
11279,4161,0.3045434653759
11279,5164,0.3045434653759
11115,11280,0.0544449985027313
11280,3987,0.320966929197311
11280,4709,0.320966929197311
11085,11116,0.00344747596188705
11116,11152,0.00584645299846936
11152,11221,0.0655883029103279
11221,2210,0.313383102416992
11221,2660,0.313383102416992
11152,11222,0.0388980979720752
11222,6135,0.340073307355245
11222,11935,0.0325023134549459
11935,1431,0.307570993900299
11935,12684,0.0706378221511841
12684,565,0.236933171749115
12684,5684,0.236933171749115
11116,11153,0.0038079533262389
11153,11187,0.116805641312417
11187,1896,0.264204263687134
11187,4125,0.264204263687134
11153,11188,0.00358432153396404
11188,11242,0.00230047553809143
11242,11286,0.0196297246272141
11286,11604,0.00142682863112714
11604,11621,0.00640259904616297
11621,2505,0.347665955622991
11621,11754,0.0104404737552007
11754,1222,0.33722548186779
11754,12013,0.0590297430753708
12013,6169,0.278195738792419
12013,7457,0.278195738792419
11604,11622,0.000538198299706916
11622,3819,0.353530356369447
11622,11635,0.00239888380815767
11635,11684,0.0462825631832375
11684,1356,0.304848909378052
11684,6536,0.304848909378052
11635,11685,0.00370000649952285
11685,11757,0.00975428529470712
11757,5788,0.337677180767059
11757,12003,0.0185799300670624
12003,1223,0.319097250699997
12003,6746,0.319097250699997
11685,11758,0.00107505194125995
11758,11785,0.0231847985199206
11785,10375,0.323171615600586
11785,12334,0.0311418473720551
12334,7109,0.292029768228531
12334,9502,0.292029768228531
11758,11786,0.00159753251273037
11786,6032,0.344758881607776
11786,11830,0.00235708838859733
11830,701,0.342401793219179
11830,11876,0.00181457350406039
11876,11919,0.0674452991485596
11919,635,0.273141920566559
11919,2458,0.273141920566559
11876,11920,0.0010593693149985
11920,11949,0.0110715946065484
11949,12236,0.0604129463434219
12236,2517,0.26804330945015
12236,7078,0.26804330945015
11949,12237,0.0323955123623212
12237,12984,0.0590861911575
12984,2155,0.23697455227375
12984,4959,0.23697455227375
12237,12985,0.0224298263589541
12985,6527,0.273630917072296
12985,13508,0.0323694050312042
13508,1168,0.241261512041092
13508,9415,0.241261512041092
11920,11950,0.000742905547439165
11950,11972,0.00999572559246498
11972,12225,0.0514388233423233
12225,709,0.277350395917892
12225,900,0.277350395917892
11972,12226,0.0510114282369614
12226,3923,0.277777791023254
12226,10390,0.277777791023254
11950,11973,0.00270126591476788
11973,12035,0.0559302851924905
12035,316,0.280153393745422
12035,10058,0.280153393745422
11973,12036,0.00421618685026376
12036,12150,0.0272812082250583
12150,7241,0.304586283862591
12150,12760,0.0193772241473198
12760,4383,0.285209059715271
12760,13229,0.0418590605258942
13229,2768,0.243349999189377
13229,14343,0.0170218199491501
14343,6626,0.226328179240227
14343,10208,0.226328179240227
12036,12151,0.00130234038683819
12151,12178,0.0172772230003638
12178,5458,0.313287928700447
12178,12553,0.0573420077562332
12553,2884,0.255945920944214
12553,9468,0.255945920944214
12151,12179,0.00174232256890788
12179,12223,0.0311641174600738
12223,7302,0.297658711671829
12223,12940,0.0416802167892456
12940,4199,0.255978494882584
12940,8800,0.255978494882584
12179,12224,0.0129694753557442
12224,12487,0.00375619443474784
12487,12575,0.00974622102125111
12575,6571,0.30235093832016
12575,12803,0.122505262494087
12803,2149,0.179845675826073
12803,7930,0.179845675826073
12487,12576,0.00203429194851745
12576,12624,0.00754184721886708
12624,1069,0.302521020174026
12624,7452,0.302521020174026
12576,12625,0.00098617249366767
12625,2933,0.309076694899226
12625,12654,0.0042139548799538
12654,7784,0.304862740019272
12654,12750,0.00153580122297864
12750,12783,0.0317903501274702
12783,312,0.271536588668823
12783,2792,0.271536588668823
12750,12784,0.00476856824014332
12784,12908,0.0243202013628823
12908,4133,0.274238169193268
12908,13492,0.063565120100975
13492,10018,0.210673049092293
13492,10019,0.210673049092293
12784,12909,0.00339251032506088
12909,13002,0.0160964545564537
13002,13360,0.070264172434508
13360,8437,0.208805233240128
13360,15498,0.0319602340459824
15498,7023,0.176844999194145
15498,7119,0.176844999194145
13002,13361,0.0134165763709906
13361,13726,0.00718858761353908
13726,6673,0.258464241690106
13726,13903,0.00753770442021012
13903,9855,0.250926537269896
13903,14117,0.00707355875086474
14117,14330,0.025900404847094
14330,3988,0.217952573671937
14330,15149,0.0408807668834925
15149,16754,0.00962872877717016
16754,4633,0.167443078011274
16754,17131,0.0134934149682522
17131,1274,0.153949663043022
17131,17688,0.0290257669985294
17688,2281,0.124923896044493
17688,18876,0.0574513785541058
18876,996,0.067472517490387
18876,5763,0.067472517490387
15149,16755,0.00952867120504378
16755,2093,0.167543135583401
16755,17128,0.0201072320342064
17128,970,0.147435903549194
17128,2288,0.147435903549194
14117,14331,0.0106980346288387
14331,14657,0.0519718212595621
14657,16573,0.0721732830362661
16573,3245,0.109009839594364
16573,19441,0.0214526280760765
19441,9326,0.0875572115182877
19441,20173,0.0161151438951492
20173,1052,0.0714420676231384
20173,9702,0.0714420676231384
14657,16574,0.00337455971609979
16574,5757,0.17780856291453
16574,16723,0.0245437527696291
16723,4273,0.153264810144901
16723,17713,0.0242101632058621
17713,2198,0.129054646939039
17713,18703,0.00648568694790204
18703,3225,0.122568959991137
18703,18974,0.0319471793870131
18974,6067,0.0906217806041241
18974,20075,0.0466714538633823
20075,5586,0.0439503267407417
20075,9259,0.0439503267407417
14331,14658,0.0143250276080587
14658,15111,0.0554291619495912
15111,1170,0.163400754332542
15111,8411,0.163400754332542
14658,15112,0.00206182453066414
15112,15188,0.0532857163084878
15188,1191,0.163482375442982
15188,17293,0.0176208429038525
17293,1653,0.145861532539129
17293,18021,0.0341191552579403
18021,5445,0.111742377281189
18021,6648,0.111742377281189
15112,15189,0.00787571941812829
15189,15494,0.0211252243154579
15494,8715,0.187767148017883
15494,16328,0.0187913651267688
16328,17050,0.0800486778219541
17050,9979,0.0889271050691605
17050,20128,0.00971279293298721
20128,7393,0.0792143121361732
20128,8004,0.0792143121361732
16328,17051,0.0212932055195172
17051,8976,0.147682577371597
17051,9445,0.147682577371597
15189,15495,0.0115586102836662
15495,15919,0.0487122029066086
15919,7980,0.148621559143066
15919,8897,0.148621559143066
15495,15920,0.0225505446394285
15920,16831,0.0220006530483564
16831,7787,0.15278256436189
16831,17727,0.0231818308432897
17727,3714,0.1296007335186
17727,18687,0.0350443199276924
18687,5400,0.0945564135909081
18687,5999,0.0945564135909081
15920,16832,0.0143398399154345
16832,1452,0.160443377494812
16832,17438,0.0350268825888634
17438,18851,0.0333523526787758
18851,615,0.0920641422271729
18851,3520,0.0920641422271729
17438,18852,0.0322372280061245
18852,9478,0.0931792668998241
18852,19999,0.0387276113033295
19999,3354,0.0544516555964947
19999,5550,0.0544516555964947
13361,13727,0.00581575862306333
13727,13860,0.0105157338091096
13860,14184,0.0216330750049025
14184,679,0.22768826186657
14184,14834,0.024154906719923
14834,340,0.203533355146646
14834,15690,0.0190291243294875
15690,1835,0.184504230817159
15690,16464,0.0251660471161207
16464,1487,0.159338183701038
16464,17470,0.0362975150346756
17470,691,0.123040668666363
17470,4095,0.123040668666363
13860,14185,0.00808988345274025
14185,14421,0.0141123453776042
14421,14850,0.021087904771169
14850,10399,0.206031203269958
14850,15601,0.0118778854608536
15601,8324,0.194153317809105
15601,16061,0.0251774616539478
16061,9304,0.168975856155157
16061,17049,0.0431599598377943
17049,18831,0.044410502538085
18831,7736,0.0814053937792778
18831,9907,0.0814053937792778
17049,18832,0.0255654659122229
18832,806,0.10025043040514
18832,9640,0.10025043040514
14421,14851,0.0168234979112943
14851,6123,0.210295610129833
14851,15433,0.0324872806668282
15433,4515,0.177808329463005
15433,7744,0.177808329463005
14185,14422,0.00670665905756113
14422,14618,0.0243070914601798
14618,15440,0.011648673331365
15440,1737,0.198569029569626
15440,5798,0.198569029569626
14618,15441,0.00339558973698126
15441,3456,0.20682211316401
15441,15568,0.00829227712526115
15568,5557,0.198529836038748
15568,15880,0.0307185237606367
15880,17113,0.0525018903737267
17113,19218,0.0182717446503895
19218,10067,0.0970376772539956
19218,19878,0.00945333779922553
19878,20171,0.0194145873188973
20171,3201,0.0681697521358728
20171,20677,0.00657118204981089
20677,20816,0.0179334031417966
20816,1558,0.0436651669442654
20816,8113,0.0436651669442654
20677,20817,0.0094650024548173
20817,533,0.0521335676312447
20817,4605,0.0521335676312447
19878,20172,0.0115415755659342
20172,6051,0.0760427638888359
20172,8132,0.0760427638888359
17113,19219,0.00644730621327956
19219,361,0.108862115691106
19219,19448,0.0166599112252394
19448,414,0.0922022044658661
19448,20031,0.00427918061614037
20031,1143,0.0879230238497257
20031,20154,0.0150779811665416
20154,20581,0.0188766652718186
20581,368,0.0539683774113655
20581,3451,0.0539683774113655
20154,20582,0.0166478389874101
20582,4083,0.0561972036957741
20582,4163,0.0561972036957741
15880,17114,0.00578024660547574
17114,17364,0.0194789303297346
17364,18163,0.014659281857688
18163,18737,0.0391813235150443
18737,219,0.0887115299701691
18737,5039,0.0887115299701691
18163,18738,0.0101414665372835
18738,7000,0.11775138694793
18738,19146,0.00586372440946954
19146,7371,0.11188766253846
19146,19338,0.0131706386095002
19338,9987,0.0987170239289602
19338,19806,0.00579677571853002
19806,3779,0.0929202482104301
19806,20005,0.0199286156644424
20005,20575,0.0226668311903874
20575,4775,0.0503248013556004
20575,7873,0.0503248013556004
20005,20576,0.0105673378954331
20576,8448,0.0624242946505547
20576,20800,0.00850209221243858
20800,5693,0.0539222024381161
20800,10575,0.0539222024381161
17364,18164,0.0132945010607893
18164,5598,0.129257634282112
18164,7836,0.129257634282112
17114,17365,0.0116966180503368
17365,936,0.150334447622299
17365,4801,0.150334447622299
14422,14619,0.0238028247566784
14619,6358,0.210721969604492
14619,8226,0.210721969604492
13727,13861,0.00318619245452578
13861,5672,0.256650878226056
13861,13945,0.00414415571619481
13945,14066,0.0335522736112277
14066,8244,0.218954448898633
14066,15107,0.0174526919921239
15107,3473,0.201501756906509
15107,15784,0.0491997599601746
15784,2812,0.152301996946335
15784,7571,0.152301996946335
13945,14067,0.0159286153635808
14067,14543,0.00862499050396895
14543,14822,0.0391693134858672
14822,5480,0.188783803156444
14822,16288,0.0117456625614847
16288,2385,0.177038140594959
16288,16756,0.0120961502194405
16756,3855,0.164941990375519
16756,17235,0.0193426586687565
17235,3391,0.145599331706762
17235,18037,0.0410192223886649
18037,9639,0.104580109318097
18037,19595,0.00721605246265729
19595,6983,0.0973640568554401
19595,19867,0.0287949480116367
19867,61,0.0685691088438034
19867,9594,0.0685691088438034
14543,14823,0.0149181228064533
14823,2472,0.213034993835858
14823,15335,0.0151366531139328
15335,352,0.197898340721925
15335,15905,0.00268917729457221
15905,7408,0.195209163427353
15905,16011,0.0217555977404117
16011,4550,0.173453565686941
16011,16875,0.0239392382403215
16875,2256,0.14951432744662
16875,17873,0.0493516425291697
17873,9179,0.10016268491745
17873,19759,0.00871371477842331
19759,7870,0.0914489701390266
19759,9430,0.0914489701390266
14067,14544,0.0036547152502906
14544,14661,0.0149764686911588
14661,9119,0.217946923204831
14661,15150,0.0081850304490044
15150,15468,0.0240692993005117
15468,6986,0.185692593455315
15468,16400,0.0179317146539688
16400,4007,0.167760878801346
16400,17117,0.00690093636512756
17117,897,0.160859942436218
17117,3471,0.160859942436218
15150,15469,0.0216608171661695
15469,879,0.188101075589657
15469,16308,0.0292683616280556
16308,1703,0.158832713961601
16308,2496,0.158832713961601
14544,14662,0.0141273204858104
14662,7721,0.218796071410179
14662,15114,0.071340811252594
15114,6406,0.147455260157585
15114,17958,0.0387205444276333
17958,19454,0.0354380197823048
19454,10216,0.0732966959476471
19454,10361,0.0732966959476471
17958,19455,0.0271217860281467
19455,1250,0.0816129297018051
19455,5220,0.0816129297018051
12909,13003,0.0160599212600466
13003,13358,0.0491573438048363
13358,2404,0.229948595166206
13358,8050,0.229948595166206
13003,13359,0.0292775854468346
13359,1607,0.249828353524208
13359,1739,0.249828353524208
12224,12488,0.00127464991121273
12488,12516,0.0413366474951646
12516,2888,0.273242056369781
12516,3367,0.273242056369781
12488,12517,0.00148022062046188
12517,12558,0.0195280839601215
12558,13052,0.0746971666812897
13052,4653,0.218873232603073
13052,4749,0.218873232603073
12558,13053,0.0527878254652023
13053,1372,0.24078257381916
13053,3463,0.24078257381916
12517,12559,0.000299994042023966
12559,1065,0.31279848920246
12559,12562,0.002880291175272
12562,4271,0.309918198027188
12562,12629,0.000227971066284693
12629,12640,0.0725087422616543
12640,748,0.237181484699249
12640,4698,0.237181484699249
12629,12641,0.0012988901927044
12641,5795,0.308391336768199
12641,12672,0.0028824423335892
12672,12730,0.0195359515260051
12730,13217,0.0622539867957433
13217,5100,0.223718956112862
13217,8649,0.223718956112862
12730,13218,0.0135243584712346
13218,1332,0.27244858443737
13218,13545,0.0345474481582642
13545,2658,0.237901136279106
13545,8307,0.237901136279106
12672,12731,0.000570967247434662
12731,12748,0.00686210717826163
12748,1386,0.298075820008914
12748,12924,0.0324608782927195
12924,6583,0.265614941716194
12924,13729,0.0189853310585022
13729,8963,0.246629610657692
13729,9060,0.246629610657692
12731,12749,0.00138004920942042
12749,12778,0.0583882234891914
12778,3467,0.245169654488564
12778,9559,0.245169654488564
12749,12779,0.00193060357378549
12779,12827,0.0420676132539908
12827,2029,0.259559661149979
12827,8085,0.259559661149979
12779,12828,0.000832525740067147
12828,12847,0.00795228600502013
12847,1331,0.292842462658882
12847,13071,0.0233833541472753
13071,2709,0.269459108511607
13071,13616,0.0265258500973384
13616,1639,0.242933258414268
13616,14362,0.0117038488388062
14362,1292,0.231229409575462
14362,3346,0.231229409575462
12828,12848,0.000417465697340413
12848,2394,0.300377282966562
12848,12859,0.00171462722211546
12859,12900,0.0219320587252508
12900,3554,0.276730597019196
12900,8243,0.276730597019196
12859,12901,0.00162996484473371
12901,12958,0.0154649435054688
12958,13304,0.0408272246519725
13304,4517,0.240740522742271
13304,9742,0.240740522742271
12958,13305,0.0216023946801822
13305,5894,0.259965352714062
13305,13857,0.0375792160630226
13857,1448,0.222386136651039
13857,10514,0.222386136651039
12901,12959,0.00481688928278012
12959,13086,0.0289963531895733
13086,13774,0.103678273657958
13774,447,0.159541174769402
13774,9762,0.159541174769402
13086,13775,0.0330974260965983
13775,1771,0.230122022330761
13775,14752,0.0479523912072182
14752,5183,0.182169631123543
14752,6641,0.182169631123543
12959,13087,0.00471083562475211
13087,13179,0.0201741257621924
13179,5336,0.267330840229988
13179,13678,0.014500230550766
13678,7993,0.252830609679222
13678,14062,0.0382107943296432
14062,1045,0.214619815349579
14062,15288,0.0345274209976196
15288,7349,0.180092394351959
15288,10230,0.180092394351959
13087,13180,0.00098682261821248
13180,13203,0.0125122981848734
13203,13494,0.0229351669549942
13494,4282,0.2510706782341
13494,4770,0.2510706782341
13203,13495,0.0130304843187332
13495,2867,0.260975360870361
13495,6890,0.260975360870361
13180,13204,0.00556538340710888
13204,13327,0.0655176871872036
13327,7374,0.215435072779655
13327,8798,0.215435072779655
13204,13328,0.00346696379522476
13328,13407,0.0343401813091923
13407,1528,0.243145614862442
13407,14353,0.0617527067661285
14353,1945,0.181392908096313
14353,2377,0.181392908096313
13328,13408,0.00280659885104578
13408,13475,0.0580432548614821
13475,1181,0.216635942459106
13475,7741,0.216635942459106
13408,13476,0.00114643300270834
13476,13510,0.00658956289518886
13510,10056,0.266943201422691
13510,13691,0.0148431956768036
13691,6300,0.252100005745888
13691,14075,0.0420857071876526
14075,36,0.210014298558235
14075,6181,0.210014298558235
13476,13511,0.000710888779017704
13511,2187,0.272821875538863
13511,13532,0.00519334663635962
13532,13665,0.0198421758707087
13665,7825,0.247786353031794
13665,14223,0.0247181082765261
14223,6268,0.223068244755268
14223,14967,0.0552844777703285
14967,3386,0.16778376698494
14967,8714,0.16778376698494
13532,13666,0.00778613531137939
13666,13858,0.0642324366113719
13858,678,0.195609956979752
13858,7409,0.195609956979752
13666,13859,0.000784604669213151
13859,13877,0.0312001842990695
13877,1010,0.227857604622841
13877,9202,0.227857604622841
13859,13878,0.000187799288350166
13878,13885,0.0217164967656135
13885,1321,0.237153492867947
13885,14522,0.0113394483923912
14522,3623,0.225814044475555
14522,10191,0.225814044475555
13878,13886,0.00107265588337058
13886,13917,0.0282750384539974
13917,10404,0.229522295296192
13917,14765,0.0330039784312248
14765,62,0.196518316864967
14765,15954,0.00880521535873413
15954,10089,0.187713101506233
15954,16331,0.0529501587152481
16331,4004,0.134762942790985
16331,6072,0.134762942790985
13886,13918,0.00203932804526386
13918,13977,0.0136836226840775
13977,14390,0.0120023491520458
14390,14756,0.0136524961587131
14756,15205,0.00353107114328821
15205,8669,0.212888466566801
15205,15344,0.0114144666022376
15344,9126,0.201473999964563
15344,15785,0.02275732485523
15785,16687,0.0154390755626891
16687,17303,0.0426387261185381
17303,6287,0.120638873428106
17303,19031,0.0110169388353825
19031,3927,0.109621934592724
19031,4806,0.109621934592724
16687,17304,0.0297894823882315
17304,10002,0.133488117158413
17304,18534,0.0173171830674013
18534,19192,0.0296283053855101
19192,3079,0.0865426287055016
19192,3826,0.0865426287055016
18534,19193,0.0278559910754363
19193,9029,0.0883149430155754
19193,20147,0.0374570041894913
20147,3117,0.0508579388260841
20147,9065,0.0508579388260841
15785,16688,0.00274790936253139
16688,16789,0.033500402700156
16789,3560,0.142468363046646
16789,4747,0.142468363046646
16688,16790,0.0155633640741663
16790,1907,0.160405401672636
16790,17439,0.0121880092081569
17439,17928,0.0400909719367822
17928,2769,0.108126420527697
17928,19475,0.0147217474877834
19475,4962,0.0934046730399132
19475,7953,0.0934046730399132
17439,17929,0.0124369064966838
17929,9298,0.135780485967795
17929,18434,0.0169386888543765
18434,9909,0.118841797113419
18434,19112,0.0293689891695976
19112,1117,0.089472807943821
19112,5656,0.089472807943821
14756,15206,0.00192161496286583
15206,4155,0.214497922747223
15206,15293,0.0233756556385263
15293,4005,0.191122267108697
15293,16176,0.0147857721246806
16176,16775,0.021738210609232
16775,17669,0.0189275330415478
17669,8339,0.135670751333237
17669,18438,0.0073377937078476
18438,7008,0.128332957625389
18438,10497,0.128332957625389
16775,17670,0.00642519151033072
17670,8915,0.148173092864454
17670,17931,0.0112382206799728
17931,10117,0.136934872184481
17931,18388,0.00404470857410205
18388,8948,0.132890163610379
18388,18561,0.00663071746627489
18561,10425,0.126259446144104
18561,18804,0.0242203269153833
18804,3358,0.102039119228721
18804,19690,0.00126052958269914
19690,10176,0.100778589646022
19690,19733,0.0148088025550048
19733,1103,0.0859697870910168
19733,20215,0.0330516956746578
20215,9864,0.0529180914163589
20215,10486,0.0529180914163589
16176,16776,0.0054420246316236
16776,5051,0.170894470352393
16776,16972,0.0212042943025247
16972,6130,0.149690176049868
16972,17864,0.00712433668474355
17864,18161,0.0206044021993876
18161,5167,0.121961437165737
18161,5934,0.121961437165737
17864,18162,0.00910216746851802
18162,18537,0.0338345603086054
18537,9342,0.0996291115880013
18537,10545,0.0996291115880013
18162,18538,0.0245550814350801
18538,4432,0.108908590461527
18538,19445,0.00355937757662364
19445,7710,0.105349212884903
19445,19563,0.0121983483433723
19563,4483,0.0931508645415306
19563,20001,0.00457551255822182
20001,6782,0.0885753519833088
20001,20137,0.0123262306054433
20137,3916,0.0762491213778655
20137,20485,0.0238153884808222
20485,5997,0.0524337328970432
20485,20956,0.0175349190831184
20956,3786,0.0348988138139248
20956,6843,0.0348988138139248
14390,14757,0.00380347495878391
14757,14876,0.0359383068586651
14876,16222,0.0839691534638405
16222,827,0.106361098587513
16222,10320,0.106361098587513
14876,16223,0.00790412724018097
16223,8012,0.182426124811172
16223,16540,0.0150302598873774
16540,1212,0.167395864923795
16540,17134,0.0371256952484449
17134,2619,0.13027016967535
17134,18661,0.0149243501325448
18661,19216,0.0575027062247197
19216,2969,0.0578431133180857
19216,20882,0.0264899376779795
20882,1902,0.0313531756401062
20882,9723,0.0313531756401062
18661,19217,0.0284342827896277
19217,2842,0.0869115367531776
19217,7234,0.0869115367531776
14757,14877,0.00701809596074254
14877,15096,0.0234135005510215
15096,15971,0.020459499593937
15971,8570,0.175377462804317
15971,16806,0.013362625737985
16806,9945,0.162014837066332
16806,17366,0.0285381740580002
17366,18535,0.0366043575108051
18535,1985,0.0968723054975271
18535,19884,0.00560274347662926
19884,20059,0.0227346736937761
20059,6928,0.0685348883271217
20059,8916,0.0685348883271217
19884,20060,0.00516843236982822
20060,572,0.0861011296510696
20060,8383,0.0861011296510696
17366,18536,0.0234652070949475
18536,870,0.110011455913385
18536,19396,0.0163546775778135
19396,4345,0.0936567783355713
19396,19983,0.0314899682998657
19983,8717,0.0621668100357056
19983,9905,0.0621668100357056
15096,15972,0.0122554677754942
15972,16491,0.0831561618381076
16491,796,0.100425332784653
16491,19747,0.0424543656408787
19747,6645,0.057970967143774
19747,8106,0.057970967143774
15972,16492,0.0524330892496639
16492,5966,0.131148405373096
16492,18631,0.0349823758006096
18631,6108,0.0961660295724869
18631,9720,0.0961660295724869
14877,15097,0.0228071287274361
15097,4800,0.19644333422184
15097,7973,0.19644333422184
13977,14391,0.0011617725654321
14391,14426,0.0262864546617493
14426,15286,0.0704996064305305
15286,1036,0.144126549363136
15286,5227,0.144126549363136
14426,15287,0.0561237260699272
15287,3172,0.15850242972374
15287,7739,0.15850242972374
14391,14427,0.00143988502479797
14427,14459,0.0384524399434432
14459,7333,0.201020285487175
14459,15802,0.0344386696815491
15802,2299,0.166581615805626
15802,5083,0.166581615805626
14427,14460,0.000435085133358132
14460,9469,0.23903764029726
14460,14471,0.00577070052055553
14471,14652,0.00493037209666353
14652,2829,0.228336567680041
14652,14811,0.00607712815205255
14811,2057,0.222259439527988
14811,14990,0.00906684249639511
14990,6995,0.213192597031593
14990,7106,0.213192597031593
14471,14653,0.00306637298121645
14653,9968,0.230200566795488
14653,14751,0.00671095995498958
14751,14955,0.00861156926859144
14955,3946,0.214878037571907
14955,7378,0.214878037571907
14751,14956,0.00786824294317776
14956,15236,0.0516069791949208
15236,17278,0.0343646167841538
17278,18684,0.0344116709062031
18684,5477,0.095238097012043
18684,8553,0.095238097012043
17278,18685,0.0218170852888198
18685,7447,0.107832682629426
18685,19484,0.0100234070171912
19484,19857,0.028056925162673
19857,8352,0.0697523504495621
19857,9964,0.0697523504495621
19484,19858,0.00764240386585395
19858,4469,0.0901668717463811
19858,20091,0.0191950549681981
20091,5632,0.070971816778183
20091,20621,0.022489458322525
20621,690,0.048482358455658
20621,4279,0.048482358455658
15236,17279,0.0260846545850789
17279,7758,0.137929730117321
17279,18334,0.0016753301024437
18334,4435,0.136254400014877
18334,8002,0.136254400014877
14956,15237,0.0135323600130633
15237,15753,0.00446599362513575
15753,9184,0.197623010259122
15753,15913,0.00264402343669817
15913,7454,0.194978986822423
15913,16020,0.0223659831380087
16020,16916,0.016274219712608
16916,3315,0.156338783971807
16916,17594,0.00155389817788246
17594,17661,0.0323810704052448
17661,2047,0.12240381538868
17661,9600,0.12240381538868
17594,17662,0.00200406052172186
17662,9176,0.152780825272202
17662,17728,0.00659276003581144
17728,9011,0.146188065236391
17728,18012,0.00611183952420521
18012,7960,0.140076225712186
18012,18267,0.000262267930859317
18267,10571,0.139813957781326
18267,18275,0.00580004551334354
18275,5875,0.134013912267983
18275,18505,0.00841171885840594
18505,18842,0.0213574074053516
18842,7483,0.104244786004225
18842,19606,0.004008865604798
19606,4306,0.100235920399427
19606,19756,0.00690299645066261
19756,2975,0.0933329239487648
19756,9284,0.0933329239487648
18505,18843,0.00874693002467129
18843,19167,0.00821469350181744
19167,5476,0.108640569883088
19167,19462,0.00820750255758564
19462,19743,0.0123775336580972
19743,1301,0.0880555336674054
19743,20151,0.0112672125299772
20151,3334,0.0767883211374283
20151,20470,0.0235968306660652
20470,5885,0.0531914904713631
20470,8446,0.0531914904713631
19462,19744,0.00785384135476004
19744,20019,0.0112859240478082
20019,7585,0.0812933019229344
20019,20346,0.00973106730019763
20346,20613,0.0145111739014586
20613,6679,0.0570510607212782
20613,20895,0.00291824154555798
20895,1686,0.0541328191757202
20895,5931,0.0541328191757202
20346,20614,0.0118823054557045
20614,7464,0.0596799291670322
20614,20856,0.0119655914604664
20856,1646,0.0477143377065659
20856,21018,0.00684334710240364
21018,3813,0.0408709906041622
21018,4319,0.0408709906041622
19744,20020,0.00610324237001778
20020,3547,0.0864759836007248
20020,20197,0.00930619124661793
20197,5485,0.0771697923541069
20197,20459,0.00950145415133899
20459,1113,0.0676683382027679
20459,20689,0.000865222317063152
20689,1710,0.0668031158857048
20689,20702,0.00583160675263831
20702,998,0.0609715091330664
20702,20832,0.00657020393936407
20832,2184,0.0544013051937024
20832,20926,0.00952130022148291
20926,1342,0.0448800049722195
20926,21048,0.00634155739098787
21048,6982,0.0385384475812316
21048,21094,0.00460399221628904
21094,21121,0.00743233039975166
21121,4693,0.0265021249651909
21121,9249,0.0265021249651909
21094,21122,0.00385876186192036
21122,4393,0.0300756935030222
21122,5583,0.0300756935030222
18843,19168,0.0071496217852676
19168,19411,0.0141940039715597
19411,10093,0.0955116376280785
19411,19922,0.0183046571910381
19922,486,0.0772069804370403
19922,20456,0.0131979770958424
20456,1919,0.064009003341198
20456,8617,0.064009003341198
19168,19412,0.00538952473018851
19412,19601,0.0134389862418175
19601,487,0.0908771306276321
19601,6671,0.0908771306276321
19412,19602,0.0125553585588932
19602,3677,0.0917607583105564
19602,20042,0.0110204803446929
20042,8067,0.0807402779658635
20042,20364,0.00570446749528249
20364,1177,0.0750358104705811
20364,20526,0.028447899967432
20526,566,0.046587910503149
20526,9915,0.046587910503149
16020,16917,0.00849802285905868
16917,10243,0.164114980825356
16917,17275,0.00691059813067155
17275,8136,0.157204382694685
17275,17548,0.00987054688426164
17548,17968,0.00896997526288032
17968,18317,0.0252714678645134
18317,2877,0.113092392683029
18317,9379,0.113092392683029
17968,18318,0.00997889361211232
18318,6085,0.12838496693543
18318,18724,0.00967936643532344
18724,3411,0.118705600500107
18724,19121,0.0270966039970517
19121,20046,0.0158704100176692
20046,3267,0.0757385864853859
20046,7795,0.0757385864853859
19121,20047,0.0132666463032365
20047,20423,0.0329971071332693
20423,7295,0.0453452430665493
20423,8089,0.0453452430665493
20047,20424,0.0118898320943117
20424,9125,0.0664525181055069
20424,10309,0.0664525181055069
17548,17969,0.00638924315571784
17969,7891,0.140944592654705
17969,18230,0.0179189741611481
18230,3236,0.123025618493557
18230,7115,0.123025618493557
15237,15754,0.00267495758664676
15754,10465,0.199414046297611
15754,15851,0.00772093378382643
15851,16147,0.0319271504991885
16147,17454,0.025494276235501
17454,6814,0.134271685779095
17454,18495,0.00979883857071401
18495,10554,0.124472847208381
18495,18888,0.0328793544322252
18888,20048,0.0390301458537579
20048,6783,0.0525633469223976
20048,6803,0.0525633469223976
18888,20049,0.00999255105853081
20049,1449,0.0816009417176247
20049,9974,0.0816009417176247
16147,17455,0.0123745831350486
17455,8131,0.147391378879547
17455,17964,0.0721081371108691
17964,3064,0.075283241768678
17964,20518,0.0102926095326741
20518,5321,0.0649906322360039
20518,20745,0.0231576189398766
20745,5283,0.0418330132961273
20745,6545,0.0418330132961273
15851,16148,0.00667107866964109
16148,16438,0.0187449840485657
16438,314,0.166277049795577
16438,17182,0.0122569714040311
17182,17686,0.0171667979488139
17686,18392,0.0300213871178804
18392,2734,0.106831893324852
18392,19507,0.0142633691430092
19507,5415,0.0925685241818428
19507,8868,0.0925685241818428
17686,18393,0.000167042706851583
18393,18400,0.0646668059958352
18400,6254,0.0720194317400455
18400,20599,0.0454707592725754
20599,9039,0.0265486724674702
20599,9418,0.0265486724674702
18393,18401,0.010353814644946
18401,4974,0.126332423090935
18401,18799,0.00338135634859403
18799,18959,0.0664293269316355
18959,1456,0.0565217398107052
18959,6163,0.0565217398107052
18799,18960,0.0467082286874453
18960,4691,0.0762428380548954
18960,20486,0.0167586505413055
20486,3388,0.0594841875135899
20486,7509,0.0594841875135899
17182,17687,0.0117470161723239
17687,6459,0.142273062219222
17687,18180,0.0128286746641
18180,10249,0.129444387555122
18180,18690,0.00906587466597558
18690,4141,0.120378512889147
18690,19040,0.0277499668300152
19040,430,0.0926285460591316
19040,20017,0.0313188582658768
20017,9706,0.0613096877932549
20017,20824,0.00701096653938293
20824,1764,0.0542987212538719
20824,5419,0.0542987212538719
16148,16439,0.00778159030880299
16439,4346,0.17724044353534
16439,16746,0.00278533093388594
16746,16846,0.0166385684263062
16846,3484,0.157816544175148
16846,8952,0.157816544175148
16746,16847,0.00233758523411398
16847,785,0.17211752736734
16847,16931,0.00334821588818043
16931,6091,0.16876931147916
16931,17065,0.0039600332118884
17065,4874,0.164809278267271
17065,17240,0.00949411909635478
17240,7723,0.155315159170917
17240,17646,0.00264180572985701
17646,7181,0.15267335344106
17646,17733,0.00578531703601282
17733,17986,0.00922492531438668
17986,4854,0.13766311109066
17986,5700,0.13766311109066
17733,17987,0.00521006221395165
17987,18202,0.00652573801202588
18202,529,0.135152236179069
18202,18461,0.00406503101327907
18461,18633,0.0133518147358788
18633,958,0.117735390429911
18633,19147,0.00779004001864803
19147,10528,0.109945350411263
19147,19403,0.0109993624830186
19403,19797,0.0169201520168119
19797,4976,0.0820258359114329
19797,20331,0.0288197031865517
20331,8338,0.0532061327248812
20331,20948,0.0144576672464609
20948,1880,0.0387484654784203
20948,9668,0.0387484654784203
19403,19798,0.00489215488131675
19798,19965,0.0360597989056259
19965,434,0.0579940341413021
19965,4939,0.0579940341413021
19798,19966,0.00325842535433669
19966,4135,0.0907954076925914
19966,20072,0.00541636020396696
20072,20244,0.00964499095624143
20244,1998,0.075734056532383
20244,20507,0.0103437658399343
20507,6742,0.0653902906924486
20507,20737,0.0225953552871943
20737,1023,0.0427949354052544
20737,1573,0.0427949354052544
20072,20245,0.00727457905357533
20245,9571,0.0781044684350491
20245,20427,0.00402502069870632
20427,5498,0.0740794477363427
20427,20548,0.00720885287349422
20548,6394,0.0668705948628485
20548,20701,0.00276607241747635
20701,9556,0.0641045224453722
20701,20766,0.00950439788755916
20766,20924,0.0102420908709367
20924,9255,0.0443580336868763
20924,21053,0.00898079574108124
21053,5513,0.0353772379457951
21053,8296,0.0353772379457951
20766,20925,0.00740008552869161
20925,2393,0.0472000390291214
20925,21027,0.0236438307911158
21027,10500,0.0235562082380056
21027,21150,0.0030140932649374
21150,632,0.0205421149730682
21150,6031,0.0205421149730682
18461,18634,0.0104131202937828
18634,9696,0.120674084872007
18634,19028,0.0268452353775501
19028,3469,0.0938288494944572
19028,8633,0.0938288494944572
17987,18203,0.000240026441003571
18203,3550,0.141437947750092
18203,4911,0.141437947750092
13918,13978,0.00468042823319265
13978,9475,0.251077577471733
13978,14111,0.0317711234092712
14111,836,0.219306454062462
14111,3253,0.219306454062462
11286,11605,0.00142024362667825
11605,11619,0.00713536233907164
11619,4643,0.346939777334531
11619,11771,0.0184757572909196
11771,12234,0.0359817929565907
12234,3727,0.292482227087021
12234,8044,0.292482227087021
11771,12235,0.0209596566855907
12235,12688,0.0687033161520958
12688,7110,0.238801047205925
12688,9573,0.238801047205925
12235,12689,0.00511018186807632
12689,571,0.302394181489944
12689,4209,0.302394181489944
11605,11620,0.00126758810006838
11620,11654,0.0556489824760155
11654,4968,0.297158569097519
11654,10000,0.297158569097519
11620,11655,0.0040335039105226
11655,11732,0.0191626866362479
11732,1161,0.329611361026764
11732,12201,0.0341846346855164
12201,2684,0.295426726341248
12201,9753,0.295426726341248
11655,11733,0.000824627647994569
11733,11749,0.0232593164841334
11749,5896,0.324690103530884
11749,6562,0.324690103530884
11733,11750,0.00637297971548328
11750,11901,0.0152726006160012
11901,4422,0.326303839683533
11901,12286,0.109190762042999
12286,5074,0.217113077640533
12286,9807,0.217113077640533
11750,11902,0.000549619685444702
11902,11910,0.0416428077957527
11910,10577,0.299384012818336
11910,12883,0.035421147942543
12883,1063,0.263962864875793
12883,8200,0.263962864875793
11902,11911,0.00068532472001448
11911,11927,0.0243055546509031
11927,797,0.316035941243172
11927,12482,0.135480388998985
12482,3081,0.180555552244186
12482,10273,0.180555552244186
11911,11928,0.000526167873949268
11928,11941,0.0374703799667655
11941,2804,0.30234494805336
11941,8175,0.30234494805336
11928,11942,0.00336867310890077
11942,12022,0.0280474544717716
12022,9657,0.308399200439453
12022,12671,0.0709812641143799
12671,4414,0.237417936325073
12671,7869,0.237417936325073
11942,12023,0.00128871868309699
12023,12062,0.0028506844369684
12062,12135,0.0526638055841128
12135,6508,0.279643446207047
12135,6736,0.279643446207047
12062,12136,0.00997424374024075
12136,820,0.322333008050919
12136,12348,0.0836161822080612
12348,2206,0.238716825842857
12348,5995,0.238716825842857
12023,12063,0.00223974473982769
12063,744,0.3329181914883
12063,12117,0.000415896398900828
12117,12125,0.0328089639670008
12125,9757,0.299693331122398
12125,12878,0.0433431416749954
12878,1211,0.256350189447403
12878,3785,0.256350189447403
12117,12126,0.00396892842245111
12126,12232,0.0553098771440141
12232,6829,0.273223489522934
12232,13520,0.0185307562351227
13520,144,0.254692733287811
13520,7762,0.254692733287811
12126,12233,0.026756351062776
12233,12824,0.0218428945853712
12824,13345,0.0169081534548993
13345,5254,0.263025967563902
13345,13783,0.00938138721369897
13783,3789,0.253644580350203
13783,14041,0.00672021239515944
14041,14247,0.0251103137043261
14247,4532,0.221814054250717
14247,15018,0.0268438152968883
15018,1592,0.194970238953829
15018,16023,0.0160060971975327
16023,16674,0.0326514132320881
16674,3632,0.146312728524208
16674,9910,0.146312728524208
16023,16675,0.0234579630196095
16675,1695,0.155506178736687
16675,9715,0.155506178736687
14041,14248,0.00691817889661611
14248,14443,0.0244569845598977
14443,15241,0.0479062435527643
15241,520,0.167642960945765
15241,17123,0.0308208602170149
17123,1988,0.13682210072875
17123,18396,0.0145618207752705
18396,1340,0.12226027995348
18396,5159,0.12226027995348
14443,15242,0.0249202661216259
15242,188,0.190628938376904
15242,16203,0.0598235800862312
16203,3129,0.130805358290672
16203,5234,0.130805358290672
14248,14444,0.0104446046155732
14444,6950,0.229561584442854
14444,14764,0.0172192892353786
14764,5569,0.212342295207475
14764,15367,0.00851328074060684
15367,280,0.203829014466869
15367,15681,0.0140334774368729
15681,9846,0.189795537029996
15681,16246,0.0266363474083882
16246,17317,0.021527839700381
17317,3859,0.141631349921227
17317,9615,0.141631349921227
16246,17318,0.00750555325122107
17318,2798,0.155653636370386
17318,17628,0.0175816374165671
17628,2779,0.138071998953819
17628,18330,0.00503362963596979
18330,6889,0.133038369317849
18330,18556,0.0199964651217063
18556,19298,0.0105939846485853
19298,2663,0.102447919547558
19298,4901,0.102447919547558
18556,19299,0.00552832993368309
19299,3774,0.10751357426246
19299,19494,0.0131163488452633
19494,8517,0.0943972254171968
19494,19958,0.0150567041710019
19958,20402,0.0159088882307212
20402,7537,0.0634316330154737
20402,20780,0.0150488571574291
20780,2918,0.0483827758580446
20780,21005,0.0257516298443079
21005,546,0.0226311460137367
21005,923,0.0226311460137367
19958,20403,0.0113435685634613
20403,4908,0.0679969526827335
20403,20680,0.0110546480864286
20680,9973,0.0569423045963049
20680,20896,0.0227372590452433
20896,2135,0.0342050455510616
20896,2942,0.0342050455510616
12824,13346,0.0046044315235354
13346,7237,0.275329689495265
13346,13461,0.0120832357462975
13461,13772,0.00561384056690006
13772,10459,0.257632613182068
13772,13924,0.0149133311850684
13924,14373,0.0445376627501987
14373,3500,0.198181619246801
14373,15895,0.0276492317517598
15895,8375,0.170532387495041
15895,16989,0.0201576303690672
16989,10504,0.150374757125974
16989,17821,0.0198516144106785
17821,1576,0.130523142715295
17821,18652,0.00941281889875731
18652,10380,0.121110323816538
18652,19012,0.0299842841923237
19012,3417,0.0911260396242142
19012,8765,0.0911260396242142
13924,14374,0.035510886992727
14374,4051,0.207208395004272
14374,15556,0.0405565649271011
15556,629,0.166651830077171
15556,9538,0.166651830077171
13461,13773,0.00381411337946291
13773,13872,0.104816148386282
13872,2067,0.154616191983223
13872,9362,0.154616191983223
13773,13873,0.0195720108657865
13873,14445,0.012824114304354
14445,14859,0.0132214234934913
14859,15316,0.0167109076347616
15316,15932,0.010267298668623
15932,4219,0.186836585402489
15932,4314,0.186836585402489
15316,15933,0.00528893495599428
15933,3782,0.191814949115117
15933,16143,0.0299013157685598
16143,4700,0.161913633346558
16143,17369,0.0204935967922211
17369,5178,0.141420036554337
17369,8416,0.141420036554337
14859,15317,0.0122940358188417
15317,2897,0.201520755887032
15317,15783,0.0412154197692871
15783,2964,0.160305336117744
15783,9375,0.160305336117744
14445,14860,0.0109988039566411
14860,4375,0.216037411242723
14860,15218,0.0257599875330925
15218,16227,0.0310349278151989
16227,944,0.159242495894432
16227,8728,0.159242495894432
15218,16228,0.00563309714198112
16228,507,0.18464432656765
16228,7674,0.18464432656765
13873,14446,0.0116756294915115
14446,147,0.228184700012207
14446,14814,0.0206587612628937
14814,1579,0.207525938749313
14814,15547,0.00183019820939412
15547,15612,0.00831586449158506
15612,15915,0.102629352481134
15915,1021,0.0947505235671997
15915,3340,0.0947505235671997
15612,15916,0.00948317286468323
15916,16320,0.0185591307424364
16320,17026,0.0236376020170393
17026,6631,0.145699970424175
17026,18036,0.0844457000494003
18036,2613,0.0612542703747749
18036,6309,0.0612542703747749
16320,17027,0.0121951344467345
17027,8905,0.15714243799448
17027,17550,0.0209979891777038
17550,2255,0.136144448816776
17550,18426,0.0201527427881956
18426,1866,0.115991706028581
18426,19200,0.00605533954997857
19200,9818,0.109936366478602
19200,19404,0.0229594695071379
19404,4404,0.0869768969714642
19404,20186,0.0143117122352123
20186,574,0.0726651847362518
20186,8612,0.0726651847362518
15916,16321,0.00122296735644339
16321,8260,0.186673735827208
16321,16367,0.00934089331163299
16367,16738,0.0322914065586196
16738,7120,0.145041435956955
16738,8821,0.145041435956955
16367,16739,0.0122257523563883
16739,17225,0.012815947562538
17225,7180,0.152291142596648
17225,17754,0.0054406137802662
17754,298,0.146850528816382
17754,17988,0.0196082610072512
17988,7613,0.127242267809131
17988,18762,0.0141108691015027
18762,991,0.113131398707628
18762,19294,0.0110924176250895
19294,19691,0.0250910282755892
19691,7306,0.0769479528069496
19691,20465,0.00342090850075086
20465,20559,0.0149373585979144
20559,342,0.0585896857082844
20559,1728,0.0585896857082844
20465,20560,0.00559328744808833
20560,10030,0.0679337568581104
20560,20682,0.00777094811201096
20682,3118,0.0601628087460995
20682,7752,0.0601628087460995
19294,19692,0.0241759956503908
19692,5852,0.077862985432148
19692,20431,0.0208037588745356
20431,6609,0.0570592265576124
20431,20894,0.0208895821124315
20894,1832,0.0361696444451809
20894,3495,0.0361696444451809
16739,17226,0.00332241146160023
17226,5369,0.161784678697586
17226,17374,0.0217869207262993
17374,7225,0.139997757971287
17374,18268,0.0124467387795448
18268,6468,0.127551019191742
18268,8442,0.127551019191742
15547,15613,0.00381513651121745
15613,4689,0.201880604028702
15613,6965,0.201880604028702
12233,12825,0.0164646350277934
12825,13226,0.0180505505541381
13226,13681,0.0314974660526589
13681,14584,0.0193462802124196
14584,7969,0.216418083757162
14584,15207,0.0106816510004657
15207,3724,0.205736432756696
15207,15611,0.024637609010651
15611,5668,0.181098823746045
15611,16580,0.0103915946351157
16580,16983,0.047895848337147
16983,8676,0.122811380773783
16983,18967,0.101265793666244
18967,4193,0.0215455871075392
18967,4824,0.0215455871075392
16580,16984,0.0356102320883009
16984,8300,0.135096997022629
16984,18466,0.0190713331103325
18466,7580,0.116025663912296
18466,8493,0.116025663912296
13681,14585,0.00293521626811963
14585,14669,0.0226204166632323
14669,278,0.21020873103823
14669,15442,0.0541012432603609
15442,6793,0.156107487777869
15442,17611,0.00613233397404353
17611,6044,0.149975153803825
17611,17841,0.0116994168609381
17841,41,0.138275736942887
17841,18322,0.0601119715720415
18322,3139,0.0781637653708458
18322,20425,0.0047244094312191
20425,7971,0.0734393559396267
20425,20563,0.0120047107338905
20563,5897,0.0614346452057362
20563,9523,0.0614346452057362
14585,14670,0.00236934478439035
14670,5082,0.230459802917072
14670,14739,0.0140321762079284
14739,15203,0.060715618232886
15203,276,0.155712008476257
15203,1033,0.155712008476257
14739,15204,0.00823985288540521
15204,15520,0.0379175394773483
15520,5686,0.17027023434639
15520,17001,0.0342677682638168
17001,6284,0.136002466082573
17001,9588,0.136002466082573
15204,15521,0.0133495293557644
15521,10447,0.194838244467974
15521,16028,0.0182042924066385
16028,16764,0.0243093575040499
16764,3261,0.152324594557285
16764,17752,0.0281138941645622
17752,591,0.124210700392723
17752,2396,0.124210700392723
16028,16765,0.00754114041725795
16765,6217,0.169092811644077
16765,17042,0.0272576250135899
17042,18196,0.0536138601601124
18196,2366,0.0882213264703751
18196,8398,0.0882213264703751
17042,18197,0.0483860112726688
18197,1562,0.0934491753578186
18197,5674,0.0934491753578186
13226,13682,0.0258671202265272
13682,1587,0.241394709795713
13682,14416,0.0146111933780568
14416,14861,0.012832899385738
14861,15314,0.0431960055397617
15314,8340,0.170754611492157
15314,16979,0.0282718390226364
16979,3420,0.142482772469521
16979,18169,0.0703626523415248
18169,9122,0.0721201201279958
18169,20597,0.0352204230924447
20597,7994,0.0368996970355511
20597,21106,0.0168561674654484
21106,766,0.0200435295701027
21106,8329,0.0200435295701027
14861,15315,0.011102501468526
15315,2596,0.202848115563393
15315,15714,0.0242349147796631
15714,131,0.17861320078373
15714,16694,0.0441168298323949
16694,7647,0.134496370951335
16694,18491,0.0522325883309046
18491,2106,0.08226378262043
18491,20325,0.0201399475336075
20325,3044,0.0621238350868225
20325,7610,0.0621238350868225
14416,14862,0.0061457977722307
14862,15059,0.0177274890817129
15059,3637,0.202910229563713
15059,5216,0.202910229563713
14862,15060,0.00267879327902426
15060,10211,0.217958925366402
15060,15148,0.00531618766162709
15148,15352,0.0533678019824235
15352,380,0.159274935722351
15352,8418,0.159274935722351
15148,15353,0.00682572372581647
15353,9050,0.205817013978958
15353,15609,0.00802926648230778
15609,10553,0.19778774749665
15609,15906,0.0087881356122948
15906,9666,0.188999611884356
15906,16276,0.0144438977539539
16276,16842,0.0182918048277497
16842,17596,0.0553583054699831
17596,19729,0.0368698640829987
19729,7888,0.06403573974967
19729,20772,0.0200320333242416
20772,6971,0.0440037064254284
20772,7065,0.0440037064254284
17596,19730,0.0268925755388207
19730,4292,0.074013028293848
19730,20551,0.00672547891736031
20551,5460,0.0672875493764877
20551,9745,0.0672875493764877
16842,17597,0.00418384528408447
17597,6683,0.152080064018567
17597,17760,0.0428432909150918
17760,9731,0.109236773103476
17760,19430,0.0255135782063007
19430,5865,0.0837231948971748
19430,6077,0.0837231948971748
16276,16843,0.0135550244318114
16843,9940,0.16100068969859
16843,17409,0.0151334583966268
17409,3841,0.145867231301963
17409,18020,0.0126558477059007
18020,18545,0.0382807422429323
18545,1375,0.0949306413531303
18545,6847,0.0949306413531303
18020,18546,0.0111969415098429
18546,9583,0.12201444208622
18546,18988,0.00958864353597164
18988,10192,0.112425798550248
18988,19326,0.0221217144280672
19326,20087,0.0261576101183891
20087,2539,0.0641464740037918
20087,5696,0.0641464740037918
19326,20088,0.0220066234469414
20088,1525,0.0682974606752396
20088,9677,0.0682974606752396
12825,13227,0.00324644225446707
13227,13289,0.0672799303215377
13289,3184,0.214786008000374
13289,8372,0.214786008000374
13227,13290,0.00315842436547786
13290,3111,0.278907513956434
13290,13366,0.00135772834833825
13366,13402,0.0221018865692104
13402,13987,0.0149798437962125
13987,14432,0.015484831055094
14432,14912,0.0138922596119699
14912,4638,0.211090964575609
14912,15411,0.0199525569876035
15411,2023,0.191138407588005
15411,16175,0.0184538871049881
16175,16909,0.0478212013840675
16909,5050,0.124863319098949
16909,6002,0.124863319098949
16175,16910,0.022931769490242
16910,2079,0.149752750992775
16910,17862,0.0752701908349991
17862,4621,0.0744825601577759
17862,9289,0.0744825601577759
14432,14913,0.00295146905765034
14913,15004,0.0520360001727291
15004,86,0.169995754957199
15004,3898,0.169995754957199
14913,15005,0.0121697677264673
15005,15459,0.0355094309364046
15459,2205,0.174352556467056
15459,2862,0.174352556467056
15005,15460,0.00887980889108841
15460,15805,0.0199309273857123
15805,16584,0.012754458685716
16584,8908,0.168296792440944
16584,17089,0.00919776705522388
17089,17474,0.0203313210180827
17474,1505,0.138767704367638
17474,1915,0.138767704367638
17089,17475,0.017271989690406
17475,1597,0.141827035695314
17475,18198,0.00957560315728187
18198,8885,0.132251432538033
18198,18589,0.0194281734526157
18589,19309,0.0428357906639576
19309,3588,0.0699874684214592
19309,7316,0.0699874684214592
18589,19310,0.0214415267109871
19310,8192,0.0913817323744297
19310,20056,0.00997279956936836
20056,2478,0.0814089328050613
20056,9599,0.0814089328050613
15805,16585,0.0112427404357327
16585,376,0.169808510690928
16585,17008,0.011722983526332
17008,3757,0.158085527164595
17008,17512,0.0302639803716115
17512,18739,0.03836480230093
18739,662,0.089456744492054
18739,1911,0.089456744492054
17512,18740,0.0120101150125265
18740,4881,0.115811431780457
18740,19203,0.00805977669854958
19203,9257,0.107751655081908
19203,19486,0.0158920014897982
19486,8927,0.0918596535921097
19486,20038,0.00830651819705963
20038,4188,0.08355313539505
20038,9096,0.08355313539505
15460,15806,0.00867448276595068
15806,1029,0.192307695746422
15806,7810,0.192307695746422
13987,14433,0.00441724085249007
14433,7242,0.236050814390182
14433,10231,0.236050814390182
13402,13988,0.00864132909816417
13988,14249,0.0257018356561837
14249,15043,0.0164985836971374
15043,8880,0.2046061505874
15043,15643,0.0378690765549739
15643,17164,0.107618359848857
17164,3589,0.059118714183569
17164,9471,0.059118714183569
15643,17165,0.0214459020644426
17165,18050,0.0381854400038719
18050,5188,0.107105731964111
18050,10487,0.107105731964111
17165,18051,0.032658077776432
18051,7049,0.112633094191551
18051,9887,0.112633094191551
14249,15044,0.00429250736321724
15044,4754,0.21681222692132
15044,15185,0.019146841019392
15185,15910,0.0346593335270882
15910,2677,0.16300605237484
15910,4242,0.16300605237484
15185,15911,0.0233381614089012
15911,5106,0.174327224493027
15911,7390,0.174327224493027
13988,14250,0.00861536802125834
14250,14490,0.0159660077434245
14490,6382,0.222225194176038
14490,14993,0.00710178812344869
14993,6974,0.215123406052589
14993,15258,0.0261608980596066
15258,539,0.188962507992983
15258,16277,0.0159889757633209
16277,16900,0.040440995246172
16900,3448,0.13253253698349
16900,3935,0.13253253698349
16277,16901,0.0287123955786228
16901,3441,0.144261136651039
16901,8861,0.144261136651039
14250,14491,0.00410638825013865
14491,2651,0.234084813669324
14491,14635,0.00468425226326175
14635,6884,0.229400561406062
14635,14770,0.00927699993436151
14770,15076,0.0274601501723131
15076,6210,0.192663411299388
15076,16119,0.0158213699857394
16119,2386,0.176842041313648
16119,16758,0.0187971815466881
16758,6888,0.15804485976696
16758,9314,0.15804485976696
14770,15077,0.00540535296003025
15077,15283,0.00826837818512971
15283,4062,0.206449830326541
15283,15580,0.0142897338812868
15580,16132,0.0123426082943167
16132,569,0.179817488150937
16132,16633,0.00162345932407693
16633,7848,0.17819402882686
16633,16707,0.0168682151324265
16707,17396,0.0584950386123224
17396,2525,0.102830775082111
17396,10344,0.102830775082111
16707,17397,0.00771268805513137
17397,17701,0.0582728016944159
17701,7961,0.0953403239448865
17701,19926,0.0181417254110177
19926,3832,0.0771985985338688
19926,20457,0.0200447551906109
20457,5963,0.0571538433432579
20457,9282,0.0571538433432579
17397,17702,0.0477442651809681
17702,19535,0.0208585703124603
19535,6232,0.085010290145874
19535,20251,0.0351531766355038
20251,4197,0.0498571135103703
20251,5046,0.0498571135103703
17702,19536,0.0110348332673311
19536,8695,0.0948340271910032
19536,19946,0.0375655361761649
19946,10150,0.0572684910148382
19946,20891,0.00763281248509884
20891,5010,0.0496356785297394
20891,9182,0.0496356785297394
15580,16133,0.00704399223674781
16133,1692,0.185116104208506
16133,16431,0.00504598709253165
16431,7524,0.180070117115974
16431,16620,0.0139298872514204
16620,10409,0.166140229864554
16620,17185,0.0235150435826544
17185,18154,0.0199013290749419
18154,10339,0.122723857206958
18154,18970,0.00150317986096654
18970,19005,0.0197554893791676
19005,952,0.101465187966824
19005,9736,0.101465187966824
18970,19006,0.0125604804605246
19006,268,0.108660196885467
19006,19458,0.0307364805291096
19458,6338,0.0779237163563569
19458,20429,0.0283591126402219
20429,747,0.049564603716135
20429,20987,0.0312159806489944
20987,2077,0.0183486230671406
20987,7558,0.0183486230671406
17185,18155,0.019048645781974
18155,6533,0.123576540499926
18155,18928,0.0227612592279911
18928,939,0.100815281271935
18928,3157,0.100815281271935
15077,15284,0.00596291278799374
15284,10522,0.208755295723677
15284,15501,0.0241638484100501
15501,2889,0.184591447313627
15501,16459,0.0188671176632245
16459,6237,0.165724329650402
16459,17199,0.0632519572973251
17199,5270,0.102472372353077
17199,7186,0.102472372353077
13366,13403,0.0100865038574164
13403,10253,0.267463281750679
13403,13674,0.0132328718900681
13674,742,0.254230409860611
13674,3022,0.254230409860611
11242,11287,0.0126036743455865
11287,11464,0.0353833970924219
11464,6349,0.327138036489487
11464,12262,0.0458313226699829
12262,1436,0.281306713819504
12262,9729,0.281306713819504
11287,11465,0.00578052887604352
11465,6292,0.356740904705865
11465,11576,0.0102726423314639
11576,11780,0.0615444257855416
11780,8677,0.28492383658886
11780,13237,0.0117905586957932
13237,6787,0.273133277893066
13237,8979,0.273133277893066
11576,11781,0.00893803685903555
11781,9624,0.337530225515366
11781,12004,0.0398867428302765
12004,6530,0.297643482685089
12004,12943,0.0203059613704681
12943,1193,0.277337521314621
12943,3104,0.277337521314621
11188,11243,0.00108397190473852
11243,5888,0.376341611560848
11243,11262,0.0064093206071984
11262,8344,0.36993229095365
11262,11356,0.00326143805409823
11356,3051,0.366670852899551
11356,11399,0.0166910181874814
11399,5006,0.34997983471207
11399,11710,0.0175855514471945
11710,10206,0.332394283264875
11710,12132,0.00278945161557909
12132,2607,0.329604831649296
12132,12202,0.00642462394885596
12202,609,0.32318020770044
12202,12333,0.00481074965778205
12333,2049,0.318369458042658
12333,12429,0.00310146197840411
12429,12500,0.0145536522780146
12500,1890,0.30071434378624
12500,2172,0.30071434378624
12429,12501,0.00495390944723773
12501,12617,0.00896841043331592
12617,1173,0.301345676183701
12617,1200,0.301345676183701
12501,12618,0.00574821138479681
12618,3052,0.30456587523222
12618,12761,0.00212221822717734
12761,12799,0.0185450870102768
12799,13260,0.0104536905051251
13260,13516,0.0289510416221761
13516,7260,0.244493837867464
13516,14311,0.00482354632445745
14311,738,0.239670291543007
14311,14452,0.0280338507145643
14452,15391,0.0223012734204531
15391,1760,0.18933516740799
15391,16262,0.0366741418838501
16262,6854,0.152661025524139
16262,17736,0.0726122930645943
17736,5634,0.0800487324595451
17736,8721,0.0800487324595451
14452,15392,0.0127326864749193
15392,6262,0.198903754353523
15392,8299,0.198903754353523
13260,13517,0.00114232555543092
13517,4964,0.272302553934209
13517,13551,0.00406356522923007
13551,2720,0.268238988704979
13551,13649,0.0127846623460451
13649,13985,0.0188262978794449
13985,1217,0.236628028479489
13985,14542,0.00584935369816694
14542,2756,0.230778674781322
14542,14731,0.0127799714605013
14731,359,0.217998703320821
14731,15144,0.0243873519202074
15144,16079,0.0550754271447658
16079,5071,0.138535924255848
16079,18308,0.0344494618475437
18308,4216,0.104086462408304
18308,19617,0.0614163540303707
19617,2245,0.0426701083779335
19617,6690,0.0426701083779335
15144,16080,0.013586879024903
16080,16623,0.0366187666853269
16623,603,0.143405705690384
16623,9383,0.143405705690384
16080,16624,0.0344860081871351
16624,4098,0.145538464188576
16624,18038,0.0155545771121979
18038,88,0.129983887076378
18038,2304,0.129983887076378
13649,13986,0.0161354638015231
13986,1751,0.239318862557411
13986,14462,0.0177143141627312
14462,4950,0.22160454839468
14462,15024,0.0425092503428459
15024,6103,0.179095298051834
15024,8455,0.179095298051834
12799,13261,0.00769470418850382
13261,5637,0.276203865806262
13261,13442,0.00200340374447833
13442,9747,0.274200462061783
13442,13493,0.00288036917083956
13493,1582,0.271320092890944
13493,13580,0.0292852006497838
13580,4349,0.24203489224116
13580,14397,0.00163916933039823
14397,14434,0.0149882417172194
14434,7905,0.225407481193542
14434,14897,0.139348268508911
14897,7300,0.0860592126846313
14897,9578,0.0860592126846313
14397,14435,0.0100900211837143
14435,14744,0.0355135885932084
14744,16029,0.0467817858680264
16029,3412,0.148010327265813
16029,17936,0.00520907600338646
17936,7577,0.142801251262426
17936,18146,0.00552355667406859
18146,7607,0.137277694588358
18146,18365,0.0235636536660907
18365,19274,0.0226275315951733
19274,2041,0.0910865093270938
19274,20063,0.0514518447841207
20063,9754,0.039634664542973
20063,21084,0.00965919438749552
21084,1634,0.0299754701554775
21084,2129,0.0299754701554775
18365,19275,0.013259798332694
19275,19741,0.0170364395404855
19741,7071,0.0834178030490875
19741,20293,0.0259048193693161
20293,323,0.0575129836797714
20293,2419,0.0575129836797714
19275,19742,0.0146130761131644
19742,6912,0.0858411664764086
19742,20220,0.0386048095921675
20220,10076,0.0472363568842411
20220,21026,0.0141621194779873
21026,5900,0.0330742374062538
21026,10436,0.0330742374062538
14744,16030,0.0380445484604154
16030,1736,0.156747564673424
16030,9376,0.156747564673424
14435,14745,0.0353215615863779
14745,658,0.19498414014067
14745,16019,0.00414725109225228
16019,16190,0.027807114024957
16190,4635,0.16302977502346
16190,17319,0.0154831483960152
17319,2350,0.147546626627445
17319,17953,0.0332380309700966
17953,1295,0.114308595657349
17953,1311,0.114308595657349
16019,16191,0.0177610193689664
16191,7516,0.173075869679451
16191,16896,0.10404497385025
16896,3621,0.0690308958292007
16896,9889,0.0690308958292007
12761,12800,0.0183702147843545
12800,7902,0.284073442220688
12800,13254,0.0818268656730652
13254,2434,0.202246576547623
13254,4589,0.202246576547623
11021,11026,0.000198734739372097
11026,11029,0.0454359737535318
11029,11671,0.0499963760375977
11671,123,0.301930844783783
11671,4660,0.301930844783783
11029,11672,0.0165989100933075
11672,1980,0.335328310728073
11672,5563,0.335328310728073
11026,11030,0.0334993026529749
11030,11447,0.0275616989160578
11447,12031,0.0225741138060888
12031,9479,0.313728079199791
12031,12540,0.0308484584093094
12540,2123,0.282879620790482
12540,9219,0.282879620790482
11447,12032,0.0134614651401838
12032,10464,0.322840727865696
12032,12341,0.00717177738746005
12341,10310,0.315668950478236
12341,12489,0.00398124257723492
12489,286,0.311687707901001
12489,12586,0.0238630473613739
12586,2380,0.287824660539627
12586,6813,0.287824660539627
11030,11448,0.0192917874082923
11448,11833,0.0847162380814552
11833,3155,0.25985586643219
11833,7789,0.25985586643219
11448,11834,0.0179669633507729
11834,317,0.326605141162872
11834,5846,0.326605141162872
10701,10716,0.00169308721181971
10716,10719,0.018960050102715
10719,10840,0.0126775988089879
10840,10973,0.065914357169753
10973,974,0.335634489854177
10973,12052,0.0382038613160451
12052,8995,0.297430628538132
12052,12951,0.0553806910912196
12951,14395,0.0405049820741018
14395,4568,0.20154495537281
14395,5102,0.20154495537281
12951,14396,0.0350189631183942
14396,237,0.207030974328518
14396,15561,0.0669254884123802
15561,5319,0.140105485916138
15561,10040,0.140105485916138
10840,10974,0.0631388526942048
10974,1195,0.338409994329725
10974,11985,0.0179939511276427
11985,6327,0.320416043202082
11985,12389,0.0213223139444987
12389,8458,0.299093729257584
12389,12890,0.0557488039135933
12890,14344,0.0816057547926903
14344,3413,0.1617391705513
14344,9013,0.1617391705513
12890,14345,0.0468204617500305
14345,1828,0.19652446359396
14345,15953,0.0399720445275307
15953,3270,0.156552419066429
15953,7290,0.156552419066429
10719,10841,0.0036226861946409
10841,10888,0.0167342702068957
10888,3893,0.393869489431381
10888,11059,0.0399833917617798
11059,2017,0.353886097669601
11059,6203,0.353886097669601
10841,10889,0.00691240240946278
10889,2726,0.403691357228814
10889,10951,0.00286076790200268
10951,6374,0.400830589326811
10951,10986,0.00149300618783854
10986,11003,0.0565306478286091
11003,887,0.342806935310364
11003,7527,0.342806935310364
10986,11004,0.0264716927147369
11004,11315,0.0227744010197961
11315,11702,0.0157880442216992
11702,12077,0.0209863052393
12077,2000,0.313317139943441
12077,12552,0.0101009358962377
12552,2928,0.303216204047203
12552,12789,0.0350716263055801
12789,5818,0.268144577741623
12789,6543,0.268144577741623
11702,12078,0.0148307646935185
12078,8781,0.319472680489222
12078,12401,0.00260150148755028
12401,56,0.316871179001672
12401,12471,0.00572476495098284
12471,9842,0.311146414050689
12471,12598,0.00937259522004003
12598,7778,0.301773818830649
12598,12826,0.0387713768415981
12826,13784,0.0359278412328826
13784,14855,0.0739706322550774
14855,4047,0.153103968501091
14855,17718,0.0418655869861444
17718,19354,0.0997279069075982
19354,1061,0.0115104746073484
19354,5170,0.0115104746073484
17718,19355,0.0110215830306212
19355,535,0.100216798484325
19355,19758,0.0295503437519073
19758,6227,0.0706664547324181
19758,8385,0.0706664547324181
13784,14856,0.0335801318287849
14856,4038,0.193494468927383
14856,16081,0.065482571721077
16081,233,0.128011897206306
16081,6639,0.128011897206306
12826,13785,0.0124415622817145
13785,8893,0.250560879707336
13785,14138,0.0779027044773102
14138,3577,0.172658175230026
14138,6840,0.172658175230026
11315,11703,0.00828495615949998
11703,4737,0.34180653324494
11703,11891,0.0202466339446031
11891,12367,0.0205759562551975
12367,13,0.300983943045139
12367,12844,0.0265226885676384
12844,13483,0.0485323816537857
13483,5662,0.225928872823715
13483,10221,0.225928872823715
12844,13484,0.0324161201715469
13484,3764,0.242045134305954
13484,5405,0.242045134305954
11891,12368,0.0181453480252198
12368,2625,0.303414551275117
12368,12782,0.0523395010403225
12782,14112,0.0239625036716461
14112,7018,0.227112546563148
14112,9041,0.227112546563148
12782,14113,0.00923928469419477
14113,7332,0.2418357655406
14113,14403,0.0241140698393186
14403,3526,0.217721695701281
14403,15163,0.00656947741905847
15163,6682,0.211152218282223
15163,15409,0.0251714661717415
15409,6689,0.185980752110481
15409,6975,0.185980752110481
11004,11316,0.00515103697493469
11316,10222,0.367714853449301
11316,11381,0.00883338961112323
11381,6903,0.358881463838178
11381,11524,0.0105898070374992
11524,3314,0.348291656800679
11524,11741,0.00936276904381944
11741,6054,0.338928887756859
11741,11966,0.018732600050365
11966,7771,0.320196287706494
11966,12392,0.0224694314847389
12392,12938,0.0306293532749018
12938,13685,0.0693890154361725
13685,1490,0.197708487510681
13685,5843,0.197708487510681
12938,13686,0.0227871698637803
13686,14315,0.0636330681542555
14315,1451,0.180677264928818
14315,6281,0.180677264928818
13686,14316,0.0273040911803643
14316,15176,0.147238796576858
15176,5263,0.0697674453258514
15176,5864,0.0697674453258514
14316,15177,0.0371724174668392
15177,1151,0.17983382443587
15177,16630,0.0169143701593081
16630,5564,0.162919454276562
16630,17325,0.0381438657641411
17325,7030,0.124775588512421
17325,8095,0.124775588512421
12392,12939,0.0100165397425493
12939,13170,0.0326447263360023
13170,3091,0.255065590143204
13170,8531,0.255065590143204
12939,13171,0.0111501052975654
13171,13425,0.0300800933557398
13425,1652,0.246480117825901
13425,14262,0.0183635976251859
14262,14818,0.0584112827524995
14818,878,0.169705237448215
14818,17011,0.0342768721282482
17011,18451,0.0384263657033443
18451,2941,0.0970019996166229
18451,9966,0.0970019996166229
17011,18452,0.0375496447086334
18452,640,0.0978787206113338
18452,19855,0.0357613414525986
19855,7879,0.0621173791587353
19855,8914,0.0621173791587353
14262,14819,0.0124200795636033
14819,3078,0.215696440637112
14819,15233,0.00703887956009971
15233,8809,0.208657561077012
15233,15507,0.00523413924707306
15507,8613,0.203423421829939
15507,15691,0.0152356252074242
15691,16303,0.0539046563208103
16303,1174,0.134283140301704
16303,8783,0.134283140301704
15691,16304,0.0165482111275196
16304,10422,0.171639585494995
16304,16947,0.0147299421330293
16947,17566,0.0862722160915534
17566,735,0.0706374272704124
17566,875,0.0706374272704124
16947,17567,0.0452334495882193
17567,753,0.111676193773746
17567,19346,0.0698731578886509
19346,5437,0.0418030358850956
19346,5474,0.0418030358850956
13171,13426,0.0249082618289524
13426,6663,0.251651949352688
13426,14086,0.0237619063920445
14086,14824,0.0346214880545934
14824,16087,0.0395003358523051
16087,8673,0.153768219053745
16087,17692,0.109919022768736
17692,713,0.0438491962850094
17692,8563,0.0438491962850094
14824,16088,0.00453341255585354
16088,2156,0.188735142350197
16088,9218,0.188735142350197
14086,14825,0.0344067697723707
14825,8477,0.193483273188273
14825,16082,0.0370863030354182
16082,366,0.156396970152855
16082,17590,0.0736949518322945
17590,2577,0.0827020183205605
17590,9254,0.0827020183205605
10716,10720,0.00562012119846023
10720,10748,0.00974375030298302
10748,10810,0.00500589303428817
10810,10858,0.0139428708998568
10858,11010,0.0114729710421657
11010,11128,0.00598395327084489
11128,1184,0.381416936187034
11128,11184,0.00560354204301677
11184,169,0.375813394144017
11184,11270,0.00177663778964332
11270,11304,0.0247871549902381
11304,4090,0.349249601364136
11304,6255,0.349249601364136
11270,11305,0.00118514186587815
11305,8469,0.372851614488496
11305,11317,0.00173251761330501
11317,11341,0.0567149072885513
11341,3745,0.314404189586639
11341,9641,0.314404189586639
11317,11342,0.00938380775095404
11342,8256,0.361735289124237
11342,11482,0.00492891693050745
11482,11570,0.0115560903371825
11570,11808,0.0106057109098533
11808,5730,0.334644570946693
11808,12071,0.0161956677834193
12071,4912,0.318448903163274
12071,12428,0.0447066350352197
12428,13502,0.00973589931215557
13502,258,0.264006368815899
13502,13757,0.00842395871877671
13757,592,0.255582410097122
13757,13983,0.0271055852373441
13983,14806,0.0567375893394152
14806,5491,0.171739235520363
14806,7187,0.171739235520363
13983,14807,0.0442144597570101
14807,3232,0.184262365102768
14807,16472,0.0317812263965607
16472,7248,0.152481138706207
16472,8321,0.152481138706207
12428,13503,0.00620500304337057
13503,13671,0.0362988005702694
13671,2195,0.231238464514414
13671,14723,0.0176201338569323
14723,9866,0.213618330657482
14723,15324,0.0272761508822441
15324,4670,0.186342179775238
15324,5579,0.186342179775238
13503,13672,0.0135512938722968
13672,5887,0.253985971212387
13672,14021,0.0327946990728378
14021,10515,0.221191272139549
14021,15040,0.0716963261365891
15040,3361,0.14949494600296
15040,6272,0.14949494600296
11570,11809,0.00206189994978118
11809,4265,0.343188381906766
11809,11863,0.00403399057215853
11863,11960,0.118287577078893
11960,7511,0.220866814255714
11960,8248,0.220866814255714
11863,11961,0.0052167417194981
11961,9772,0.333937649615109
11961,12088,0.0122999085527327
12088,12363,0.0256576765296807
12363,12986,0.017962381747358
12986,13391,0.0326578596776182
13391,4995,0.245359823107719
13391,7954,0.245359823107719
12986,13392,0.0192598282839312
13392,13890,0.0486398885647456
13890,9294,0.210117965936661
13890,15443,0.0460729598999023
15443,17276,0.0643966570496559
17276,1916,0.0996483489871025
17276,8083,0.0996483489871025
15443,17277,0.026796892285347
17277,2348,0.137248113751411
17277,4442,0.137248113751411
13392,13891,0.0294446895519893
13891,1032,0.229313164949417
13891,14773,0.0821744948625565
14773,3042,0.147138670086861
14773,17977,0.0184469632804394
17977,18716,0.0466404519975185
18716,719,0.0820512548089027
18716,8525,0.0820512548089027
17977,18717,0.0215537287294865
18717,1070,0.107137978076935
18717,4875,0.107137978076935
12363,12987,0.00680587734931548
12987,8166,0.28917418718338
12987,13141,0.0371249496936798
13141,5275,0.2520492374897
13141,14076,0.00347696244716644
14076,7533,0.248572275042534
14076,14207,0.0137808471918106
14207,10049,0.234791427850723
14207,14609,0.0737033635377884
14609,7068,0.161088064312935
14609,8377,0.161088064312935
12088,12364,0.0022146994159335
12364,12404,0.0510126420902828
12404,3053,0.26841039955616
12404,13641,0.0541577488183975
13641,1965,0.214252650737762
13641,9593,0.214252650737762
12364,12405,0.00116903493790216
12405,8537,0.318254006708541
12405,12434,0.0026870959434307
12434,12492,0.0379172697281226
12492,1152,0.277649641036987
12492,7855,0.277649641036987
12434,12493,0.00857114937060921
12493,12694,0.0139384388923645
12694,3378,0.293057322502136
12694,13070,0.0274341901143392
13070,1116,0.265623132387797
13070,13728,0.0123823011914889
13728,3944,0.253240831196308
13728,14052,0.0185667052865028
14052,138,0.234674125909805
14052,10407,0.234674125909805
12493,12695,0.00376264546066518
12695,12787,0.0906832059845328
12787,811,0.212549909949303
12787,5316,0.212549909949303
12695,12788,0.0217617342899007
12788,13307,0.012240920752578
13307,9269,0.269230460891357
13307,13623,0.00550126992947575
13623,13761,0.0239763767881827
13761,14447,0.0177203714847565
14447,3209,0.222032442688942
14447,15003,0.0722814500331879
15003,790,0.149750992655754
15003,1665,0.149750992655754
13761,14448,0.0110930340985457
14448,14794,0.0671655492236217
14794,17388,0.0730287339538336
17388,2276,0.0884654968976974
17388,3021,0.0884654968976974
14794,17389,0.0507243555039167
17389,3803,0.110769875347614
17389,19372,0.00404274463653564
19372,9787,0.106727130711079
19372,19512,0.0307570472359657
19512,2315,0.0759700834751129
19512,9799,0.0759700834751129
14448,14795,0.0527831179400285
14795,4202,0.175876662135124
14795,5610,0.175876662135124
13623,13762,0.0203663618727163
13762,1304,0.243362829089165
13762,8947,0.243362829089165
12788,13308,0.00790606649552517
13308,9810,0.27356531514841
13308,13509,0.00211866430061702
13509,781,0.271446650847793
13509,13575,0.0146239258881126
13575,13939,0.0764103579734053
13939,1282,0.180412366986275
13939,2213,0.180412366986275
13575,13940,0.0104173972670521
13940,14268,0.0613236520439386
14268,1638,0.185081675648689
14268,5901,0.185081675648689
13940,14269,0.0251969005912542
14269,15038,0.0289596853156885
15038,8555,0.192248741785685
15038,16126,0.0118779117862383
16126,3738,0.180370829999447
16126,16608,0.0247125402092934
16608,2289,0.155658289790154
16608,7662,0.155658289790154
14269,15039,0.0146035221715768
15039,15572,0.0353926117221514
15572,8541,0.171212293207645
15572,16956,0.00607376545667648
16956,3860,0.165138527750969
16956,8895,0.165138527750969
15039,15573,0.0134589592615763
15573,16093,0.134509462863207
16093,3631,0.0586364828050137
16093,10025,0.0586364828050137
15573,16094,0.0786102041602135
16094,8619,0.114535741508007
16094,19242,0.0246675834059715
19242,1887,0.0898681581020355
19242,9562,0.0898681581020355
11482,11571,0.0106904850286597
11571,2148,0.34611588716507
11571,3273,0.34611588716507
11010,11129,0.00191442898076516
11129,5391,0.385486460477114
11129,11146,0.0258278476564507
11146,11513,0.0741722126932521
11513,3823,0.285486400127411
11513,8702,0.285486400127411
11146,11514,0.00308494627127176
11514,11579,0.0232171966797776
11579,2960,0.333356469869614
11579,5442,0.333356469869614
11514,11580,0.0151664913735456
11580,11904,0.0148099703714252
11904,12276,0.0788478463888168
12276,4064,0.247749358415604
12276,14224,0.161039851605892
14224,9401,0.0867095068097115
14224,9977,0.0867095068097115
11904,12277,0.027414134144783
12277,5309,0.299183070659637
12277,12887,0.0347330868244171
12887,13750,0.0753029435873032
13750,2965,0.189147040247917
13750,3734,0.189147040247917
12887,13751,0.0309645533561707
13751,2657,0.23348543047905
13751,4061,0.23348543047905
11580,11905,0.00896595449497301
11905,12130,0.0172509849071503
12130,1381,0.315190235773722
12130,12503,0.0328993151585261
12503,5679,0.282290920615196
12503,13280,0.0206340998411179
13280,2755,0.261656820774078
13280,3176,0.261656820774078
11905,12131,0.00718951700390252
12131,2568,0.32525170367697
12131,12300,0.00844283649337152
12300,1089,0.316808867183599
12300,12472,0.00481955978003412
12472,1425,0.311989307403564
12472,12581,0.0184458464384079
12581,8546,0.293543460965157
12581,13054,0.00420688782867629
13054,4303,0.28933657313648
13054,13133,0.0275591564133651
13133,13813,0.0331617341509888
13813,8059,0.228615682572126
13813,14800,0.0434211504956087
14800,2265,0.185194532076518
14800,16421,0.0171628470222155
16421,1574,0.168031685054302
16421,17097,0.0203469470143318
17097,488,0.14768473803997
17097,4558,0.14768473803997
13133,13814,0.0178774920425245
13814,14328,0.034542012338837
14328,7484,0.209357912341754
14328,15478,0.0180916289488474
15478,9424,0.191266283392906
15478,16172,0.0461396127939224
16172,2753,0.145126670598984
16172,9486,0.145126670598984
13814,14329,0.00968962907791138
14329,14630,0.0773197691887617
14630,5335,0.156890526413918
14630,5970,0.156890526413918
14329,14631,0.022028942459396
14631,7391,0.212181353143283
14631,15370,0.02872165647291
15370,16501,0.0365269680817922
16501,10163,0.146932728588581
16501,17983,0.0469188392162323
17983,3697,0.100013889372349
17983,7551,0.100013889372349
15370,16502,0.0345314269264539
16502,17899,0.0630771815776825
17899,3979,0.0858510881662369
17899,10351,0.0858510881662369
16502,17900,0.0471357926726341
17900,5553,0.101792477071285
17900,8342,0.101792477071285
10858,11011,0.00264710644345623
11011,11042,0.0301505230537807
11042,2415,0.366076231002808
11042,10179,0.366076231002808
11011,11043,0.000886814141371484
11043,2736,0.395339939915217
11043,11051,0.012053654679091
11051,11168,0.00905584080482097
11168,10384,0.374230444431305
11168,11301,0.0434587597846985
11301,3510,0.330771684646606
11301,8823,0.330771684646606
11051,11169,0.00135920821331609
11169,2127,0.38192707702281
11169,11179,0.00347733390894317
11179,11225,0.0145651748994501
11225,5805,0.363884568214417
11225,11444,0.0413995683193207
11444,6484,0.322484999895096
11444,8278,0.322484999895096
11179,11226,0.00840868158997882
11226,11354,0.0130506645474169
11354,8350,0.356990396976471
11354,11567,0.00814920663833618
11567,551,0.348841190338135
11567,7681,0.348841190338135
11226,11355,0.0109671369814127
11355,2422,0.359073924542475
11355,11521,0.00111807063398528
11521,11547,0.0763824987105834
11547,4697,0.281573355197906
11547,9946,0.281573355197906
11521,11548,0.00116455442972879
11548,3264,0.356791299478761
11548,11572,0.00348133353629954
11572,11639,0.0380631305914713
11639,5052,0.31524683535099
11639,12502,0.0476444214582443
12502,5291,0.267602413892746
12502,5832,0.267602413892746
11572,11640,0.0031936189797116
11640,9609,0.35011634696275
11640,11699,0.019063475736266
11699,12163,0.024304743661696
12163,7830,0.306748127564788
12163,12702,0.0129963642189482
12702,13036,0.0322700525031621
13036,13818,0.0189502572729474
13818,3598,0.24253145356973
13818,14377,0.010044272740682
14377,14680,0.067349562048912
14680,3230,0.165137618780136
14680,10471,0.165137618780136
14377,14681,0.0382943909792673
14681,16057,0.0518696262013344
16057,7968,0.142323163648446
16057,18177,0.0168448617060979
18177,3297,0.125478301942348
18177,18847,0.0110083378851414
18847,10052,0.114469964057207
18847,19248,0.0087239903708299
19248,10055,0.105745973686377
19248,19545,0.0249418939153353
19545,4094,0.0808040797710419
19545,20360,0.0215871259570122
20360,1898,0.0592169538140297
20360,7619,0.0592169538140297
14681,16058,0.0328285176129568
16058,2890,0.161364272236824
16058,17395,0.0145102888345718
17395,3994,0.146853983402252
17395,8999,0.146853983402252
13036,13819,0.0158947138013421
13819,801,0.245586997041335
13819,14289,0.0374848105204411
14289,15523,0.0437013606230418
15523,8023,0.164400825897853
15523,17259,0.00852026852468649
17259,17616,0.0269820112735033
17616,2357,0.128898546099663
17616,8107,0.128898546099663
17259,17617,0.0235501794765393
17617,5719,0.132330377896627
17617,18585,0.0450100240608056
18585,1944,0.0873203538358212
18585,20176,0.0142390243709087
20176,98,0.0730813294649124
20176,1154,0.0730813294649124
14289,15524,0.0152496864398321
15524,7589,0.192852500081062
15524,16111,0.0209478318691254
16111,1569,0.171904668211937
16111,16936,0.0349592939019203
16936,3867,0.136945374310017
16936,18386,0.0162826403975487
18386,8404,0.120662733912468
18386,19030,0.0278699621558189
19030,2593,0.092792771756649
19030,4740,0.092792771756649
12702,13037,0.0113798218058633
13037,6230,0.282371941539976
13037,13277,0.00626264034755647
13277,674,0.27610930119242
13277,13447,0.0142758401909046
13447,13811,0.0237888877413102
13811,14492,0.0349814577826432
14492,15699,0.0308268070220947
15699,2973,0.172236308455467
15699,8379,0.172236308455467
14492,15700,0.0205950438976288
15700,4496,0.182468071579933
15700,10289,0.182468071579933
13811,14493,0.0214198066719941
14493,9224,0.216624766588211
14493,15195,0.0149299204349518
15195,15769,0.0493315458297729
15769,154,0.152363300323486
15769,10535,0.152363300323486
15195,15770,0.049285297592481
15770,2534,0.152409548560778
15770,17747,0.0816292899350325
17747,777,0.0707802586257458
17747,20626,0.0317125432193279
20626,858,0.0390677154064178
20626,9543,0.0390677154064178
13447,13812,0.0198365500925675
13812,6028,0.241996910908948
13812,14400,0.0222017466913963
14400,15080,0.0173926895927815
15080,3472,0.20240247462477
15080,15729,0.0115213912157786
15729,3229,0.190881083408991
15729,16185,0.0137149135271708
16185,7089,0.177166169881821
16185,16750,0.0307307004928589
16750,10020,0.146435469388962
16750,18005,0.0203986614942551
18005,8816,0.126036807894707
18005,18821,0.0332694984972477
18821,2544,0.092767309397459
18821,20010,0.0273420251905918
20010,2872,0.0654252842068672
20010,3854,0.0654252842068672
14400,15081,0.00424343412121136
15081,15239,0.0458123446504275
15239,17009,0.0842368950446447
17009,4921,0.085502490401268
17009,6819,0.085502490401268
15239,17010,0.0459692006309827
17010,9263,0.12377018481493
17010,18912,0.103614935651422
18912,5273,0.0201552491635084
18912,9075,0.0201552491635084
15081,15240,0.0234091051561492
15240,16134,0.00791024842432567
16134,1088,0.184232376515865
16134,16476,0.067409947514534
16476,1526,0.116822429001331
16476,7967,0.116822429001331
15240,16135,0.00708361023238727
16135,16433,0.0378310270607471
16433,4579,0.147227987647057
16433,17975,0.089249461889267
17975,9637,0.0579785257577896
17975,9656,0.0579785257577896
16135,16434,0.0155774094164371
16434,4460,0.169481605291367
16434,17019,0.0282374694943428
17019,5594,0.141244135797024
17019,18216,0.0847982950508595
18216,9646,0.0564458407461643
18216,9650,0.0564458407461643
11699,12164,0.00950649223560568
12164,10213,0.321546378990878
12164,12369,0.00189496006654655
12369,5800,0.319651418924332
12369,12398,0.022742226523627
12398,12962,0.0129377864773381
12962,13257,0.0202415356040002
13257,4338,0.263729870319366
13257,6798,0.263729870319366
12962,13258,0.00547448548177887
13258,5079,0.278496920441588
13258,13383,0.012703046877531
13383,10153,0.265793873564057
13383,13720,0.00886516838833901
13720,13933,0.0285798986752828
13933,8151,0.228348806500435
13933,14810,0.113907404243946
14810,1095,0.114441402256489
14810,9972,0.114441402256489
13720,13934,0.0126152699484545
13934,14313,0.00876752992032789
14313,1846,0.235545905306935
14313,14594,0.0098014115045468
14594,893,0.225744493802389
14594,14887,0.0102779220967066
14887,4449,0.215466571705682
14887,15247,0.0209546331520919
15247,4352,0.19451193855359
15247,16044,0.0097506073909206
16044,16454,0.0267532027580521
16454,9431,0.158008128404617
16454,10265,0.158008128404617
16044,16455,0.013230877053557
16455,16950,0.0169779943923155
16950,9833,0.154552459716797
16950,17671,0.0682015170653661
17671,3327,0.0863509426514308
17671,20202,0.0184873069326083
20202,2447,0.0678636357188225
20202,20686,0.0443242900073528
20686,243,0.0235393457114697
20686,786,0.0235393457114697
16455,16951,0.00717781028813785
16951,17262,0.0237006578180525
17262,5837,0.140651986002922
17262,18241,0.0556519851088524
18241,680,0.0850000008940697
18241,8053,0.0850000008940697
16951,17263,0.0204480919573042
17263,10068,0.14390455186367
17263,18098,0.0459141880273819
18098,2035,0.0979903638362885
18098,6936,0.0979903638362885
13934,14314,0.00656784471927904
14314,3165,0.237745590507984
14314,14500,0.0255839303135872
14500,3807,0.212161660194397
14500,9595,0.212161660194397
12398,12963,0.00554307765392553
12963,13101,0.0193515191785991
13101,13556,0.0469475314021111
13556,58,0.225067064166069
13556,5425,0.225067064166069
13101,13557,0.00857906903211886
13557,693,0.263435526536061
13557,13771,0.0331788728912394
13771,14747,0.0361992188475349
14747,372,0.194057434797287
14747,6658,0.194057434797287
13771,14748,0.0229059838435867
14748,15554,0.0441201984882355
15554,4514,0.163230471313
15554,17312,0.0453159188230832
17312,9714,0.117914552489916
17312,19143,0.0179815801481406
19143,5647,0.0999329723417759
19143,19771,0.01804543659091
19771,8857,0.0818875357508659
19771,9822,0.0818875357508659
14748,15555,0.0213552996516228
15555,16391,0.0258492529392242
16391,3123,0.160146117210388
16391,6381,0.160146117210388
15555,16392,0.00708488374948502
16392,16677,0.0483910366892815
16677,862,0.130519449710846
16677,7540,0.130519449710846
16392,16678,0.0304395481944084
16678,5836,0.148470938205719
16678,6619,0.148470938205719
12963,13102,0.0184629703871906
13102,8696,0.272903144359589
13102,9903,0.272903144359589
10810,10859,0.000891968392790932
10859,10871,0.023549033684677
10871,2497,0.388375729322433
10871,8508,0.388375729322433
10859,10872,0.00103528826879151
10872,10884,0.0794236045963359
10884,2174,0.331465870141983
10884,7164,0.331465870141983
10872,10885,0.014127713380932
10885,1938,0.396761761357387
10885,11041,0.022094783086434
11041,11293,0.0357734753202846
11293,3704,0.338893502950668
11293,9305,0.338893502950668
11041,11294,0.00103931380954708
11294,11311,0.00506481708553608
11311,7862,0.36856284737587
11311,11376,0.0416958034038544
11376,9996,0.326867043972015
11376,10262,0.326867043972015
11294,11312,0.00477413738763915
11312,11368,0.00870199031105229
11368,11504,0.0577682331204414
11504,6062,0.302383303642273
11504,9020,0.302383303642273
11368,11505,0.0300802662968636
11505,9875,0.330071270465851
11505,10127,0.330071270465851
11312,11369,0.00617580032581455
11369,3966,0.362677726747952
11369,11461,0.000980243249363744
11461,6788,0.361697483498588
11461,11483,0.000453256367380694
11483,11491,0.037211756547292
11491,5644,0.324032470583916
11491,12314,0.039306715130806
12314,2920,0.28472575545311
12314,8567,0.28472575545311
11483,11492,0.00151671120203944
11492,11511,0.0131472191743312
11511,634,0.346580296754837
11511,2979,0.346580296754837
11492,11512,0.00165283838138003
11512,11544,0.0263063138335701
11544,7644,0.331768363714218
11544,7806,0.331768363714218
11512,11545,0.000558639958501361
11545,11552,0.00433986824351063
11552,1891,0.353176169345776
11552,11645,0.00622072189194223
11645,311,0.346955447453834
11645,11770,0.00174926344764398
11770,11810,0.0348613687519786
11810,3616,0.310344815254211
11810,7750,0.310344815254211
11770,11811,0.0135504329132308
11811,7664,0.331655751092959
11811,12153,0.0131845886904671
12153,12424,0.00664404165720822
12424,12584,0.0527740990758961
12584,163,0.259053021669388
12584,3138,0.259053021669388
12424,12585,0.00207099204977951
12585,6586,0.309756128695504
12585,12638,0.00252580682689818
12638,6686,0.307230321868606
12638,12693,0.00734602230068943
12693,8283,0.299884299567917
12693,12874,0.0048208435341156
12874,13006,0.0105868926993362
13006,9560,0.284476563334465
13006,13244,0.0346894264221191
13244,170,0.249787136912346
13244,3341,0.249787136912346
12874,13007,0.00752319634741777
13007,10428,0.287540259686383
13007,13178,0.00246237434627017
13178,10444,0.285077885340113
13178,13233,0.00780569231769279
13233,13412,0.0675628765303398
13412,3536,0.209709316492081
13412,6904,0.209709316492081
13233,13413,0.000598362257946849
13413,10520,0.276673830764474
13413,13422,0.0139886983120538
13422,1598,0.26268513245242
13422,13791,0.00679100266400717
13791,13971,0.0163591258878847
13971,5355,0.239535003900528
13971,10028,0.239535003900528
13791,13972,0.00110467817643561
13972,3918,0.254789451611977
13972,14001,0.0214827940451595
14001,14650,0.00237708892764918
14650,77,0.230929568639168
14650,14726,0.00549314380265198
14726,9497,0.225436424836516
14726,14896,0.00900534614329301
14896,4411,0.216431078693223
14896,15202,0.00549680318032938
15202,15414,0.00649986577530701
15414,3324,0.204434409737587
15414,15655,0.0133056491613388
15655,1144,0.191128760576248
15655,3265,0.191128760576248
15202,15415,0.00312668355454129
15415,15540,0.0258661348655907
15540,3043,0.181941457092762
15540,16555,0.120303634554148
16555,4144,0.0616378225386143
16555,4251,0.0616378225386143
15415,15541,0.0186014858433208
15541,16267,0.0131700799822977
16267,3992,0.176036026132734
16267,16787,0.0152132430533219
16787,6104,0.160822783079412
16787,17417,0.00609752204683092
17417,1565,0.154725261032581
17417,17664,0.0119743985123932
17664,8241,0.142750862520188
17664,18148,0.0113815709303778
18148,18615,0.0270400830568411
18615,10346,0.104329208532969
18615,19600,0.00424525931929097
19600,5095,0.100083949213678
19600,19762,0.00825583467429335
19762,3885,0.0918281145393848
19762,20039,0.00684738250242339
20039,2347,0.0849807320369615
20039,20254,0.00420936590267552
20254,10159,0.0807713661342859
20254,20363,0.000949235100831308
20363,9707,0.0798221310334546
20363,20385,0.00408672594598361
20385,3414,0.075735405087471
20385,20506,0.00389047116041183
20506,5276,0.0718449339270592
20506,20606,0.00776332281529904
20606,20769,0.00947101227939129
20769,353,0.0546105988323689
20769,20923,0.0108997747302055
20923,7992,0.0437108241021633
20923,9442,0.0437108241021633
20606,20770,0.00685124285519123
20770,8013,0.0572303682565689
20770,8520,0.0572303682565689
18148,18616,0.00783656795437518
18616,1180,0.123532723635435
18616,18930,0.0627129748463631
18930,6688,0.060819748789072
18930,9693,0.060819748789072
15541,16268,0.00911282638574509
16268,16616,0.0558590131501357
16616,10257,0.124234266579151
16616,18897,0.00463214889168739
18897,5288,0.119602117687464
18897,19070,0.0156483687460423
19070,2333,0.103953748941422
19070,6102,0.103953748941422
16268,16617,0.00679362068573633
16617,16883,0.00507462397217751
16883,686,0.168225035071373
16883,1570,0.168225035071373
16617,16884,0.00307101209958394
16884,8818,0.170228646943967
16884,17002,0.00362711188265646
17002,6632,0.16660153506131
17002,17167,0.0147134951324146
17167,17766,0.00760516604699568
17766,18088,0.0354421103130216
18088,9770,0.108840763568878
18088,19449,0.0392953641712666
19449,4850,0.0695453993976116
19449,20658,0.000983033329248428
20658,465,0.0685623660683632
20658,8761,0.0685623660683632
17766,18089,0.00218695621539952
18089,3013,0.1420959176665
18089,18184,0.0117717597359445
18184,7383,0.130324157930556
18184,18654,0.00949546643311069
18654,7272,0.120828691497445
18654,19020,0.0248693035449832
19020,19908,0.00629268816879229
19908,20111,0.0131156572865115
20111,9985,0.0765510424971581
20111,20478,0.0231371037662029
20478,472,0.0534139387309551
20478,3278,0.0534139387309551
19908,20112,0.00596516372428998
20112,7684,0.0837015360593796
20112,20289,0.00303637183138303
20289,5138,0.0806651642279965
20289,20368,0.00624105449588526
20368,5541,0.0744241097321113
20368,20540,0.00729403508206208
20540,5974,0.0671300746500492
20540,20700,0.00253015458583832
20700,8704,0.0645999200642109
20700,20753,0.0106852042178313
20753,3185,0.0539147158463796
20753,20937,0.00782419679065546
20937,9103,0.0460905190557241
20937,21040,0.0183127410709858
21040,4179,0.0277777779847383
21040,9165,0.0277777779847383
19020,19909,0.00216388938549375
19909,5075,0.0937954985669681
19909,19978,0.00930023849720046
19978,20268,0.0257509152094523
20268,20863,0.0189033187925816
20863,1511,0.0398410260677338
20863,1868,0.0398410260677338
20268,20864,0.00243737548589706
20864,221,0.0563069693744183
20864,3251,0.0563069693744183
19978,20269,0.0207786733905474
20269,9339,0.0637165866792202
20269,20778,0.00969307497143745
20778,3571,0.0540235117077827
20778,8476,0.0540235117077827
17167,17767,0.00188864491603993
17767,10160,0.149999395012856
17767,10338,0.149999395012856
14001,14651,0.00175886765255012
14651,6711,0.231547789914267
14651,14715,0.00552929230347401
14715,9582,0.226018497610793
14715,14884,0.00478355874724143
14884,7329,0.221234938863552
14884,15036,0.00723828118247136
15036,15310,0.0516275107379883
15310,708,0.162369146943092
15310,1883,0.162369146943092
15036,15311,0.0152141694740583
15311,4275,0.198782488207022
15311,15875,0.00574132031065294
15875,369,0.193041167896369
15875,16101,0.0158709869658283
16101,16748,0.0260564171241753
16748,17794,0.0296946183911392
17794,4027,0.121419145415227
17794,19000,0.0101193862656752
19000,8920,0.111299759149551
19000,19350,0.012577698007226
19350,3218,0.0987220611423254
19350,19805,0.0094413614521424
19805,649,0.089280699690183
19805,20122,0.0212039810915788
20122,6291,0.0680767185986042
20122,20678,0.0550210839137435
20678,5692,0.0130556346848607
20678,9806,0.0130556346848607
16748,17795,0.00693274771883376
17795,1239,0.144181016087532
17795,18090,0.0319645608464877
18090,19330,0.0188085486491521
19330,8440,0.0934079065918922
19330,19989,0.0120125561952591
19989,2522,0.0813953503966331
19989,3292,0.0813953503966331
18090,19331,0.00914321591456731
19331,6542,0.103073239326477
19331,7368,0.103073239326477
16101,16749,0.0207772086646239
16749,17591,0.0302497004173578
17591,18809,0.05277685833474
18809,5249,0.0733664135138194
18809,20567,0.017535916219155
20567,4028,0.0558304972946644
20567,20911,0.0145933851599693
20911,1889,0.0412371121346951
20911,5423,0.0412371121346951
17591,18810,0.0152180220931769
18810,8295,0.110925249755383
18810,19365,0.0222324132919312
19365,3584,0.0886928364634514
19365,20134,0.0271043870598078
20134,1518,0.0615884494036436
20134,20818,0.0510621331632137
20818,9069,0.0105263162404299
20818,9763,0.0105263162404299
16749,17592,0.0253318951479972
17592,5703,0.13106107711792
17592,18635,0.0091143161058426
18635,371,0.121946761012077
18635,18992,0.0110803093761206
18992,129,0.110866451635957
18992,19368,0.009690601999561
19368,7895,0.101175849636396
19368,19721,0.0275188361605008
19721,9756,0.0736570134758949
19721,20558,0.0135899223387241
20558,2501,0.0600670911371708
20558,10328,0.0600670911371708
12153,12425,0.00367067245169556
12425,919,0.314800489950797
12425,12514,0.00317821201199525
12514,7487,0.311622277938801
12514,12589,0.0179715514030603
12589,13046,0.00696622382129436
13046,13200,0.145749826782516
13200,381,0.140934675931931
13200,6403,0.140934675931931
13046,13201,0.0331184663255477
13201,14043,0.0261875204187596
14043,14844,0.0492261087610608
14844,3804,0.178152407209078
14844,16709,0.0255789483586947
16709,2597,0.152573458850384
16709,17742,0.0187394004315138
17742,1075,0.13383405841887
17742,18512,0.0195215263714393
18512,860,0.114312532047431
18512,19253,0.0672134632865588
19253,8123,0.0470990687608719
19253,21028,0.00862335786223412
21028,3326,0.0384757108986378
21028,6846,0.0384757108986378
14043,14845,0.00863101563992957
14845,8346,0.21874750033021
14845,15115,0.0093160287610122
15115,3556,0.209431471569198
15115,15477,0.0188642016478947
15477,7812,0.190567269921303
15477,16208,0.0324104234576225
16208,1535,0.15815684646368
16208,17510,0.033062594756484
17510,4594,0.125094251707196
17510,18869,0.0173699179043372
18869,7515,0.107724333802859
18869,19487,0.00633907938996951
19487,1147,0.101385254412889
19487,19717,0.0225318409502506
19717,749,0.0788534134626389
19717,7538,0.0788534134626389
13201,14044,0.0186224809278631
14044,14605,0.0249539108739959
14605,4173,0.20998964458704
14605,15452,0.104951970279217
15452,1729,0.105037674307823
15452,6390,0.105037674307823
14044,14606,0.0104823377397325
14606,14925,0.0518418570359548
14925,3474,0.172619360685348
14925,16915,0.0135263532400131
16915,7634,0.159093007445335
16915,17476,0.0197761226445436
17476,18294,0.0371125545352697
18294,5543,0.102204330265522
18294,7376,0.102204330265522
17476,18295,0.0281830485910177
18295,9619,0.111133836209774
18295,9949,0.111133836209774
14606,14926,0.0345821579297384
14926,10193,0.189879059791565
14926,16245,0.0614118576049805
16245,4091,0.128467202186584
16245,7959,0.128467202186584
12589,13047,0.00122117666932897
13047,13080,0.00829137700149807
13080,4862,0.284138172864914
13080,7797,0.284138172864914
13047,13081,0.00181513772294895
13081,10474,0.290614412143463
13081,13120,0.0122002970177129
13120,1279,0.27841411512575
13120,13384,0.0096721109025823
13384,8684,0.268742004223168
13384,13631,0.000934723053032049
13631,13657,0.0360733629801334
13657,2176,0.231733918190002
13657,10530,0.231733918190002
13631,13658,0.00505596139789855
13658,2854,0.262751319772237
13658,13789,0.00341209561722539
13789,8242,0.259339224155012
13789,13874,0.0128925453675421
13874,14265,0.00866410852236263
14265,1108,0.237782570265107
14265,14499,0.0116263088045728
14499,1807,0.226156261460534
14499,14880,0.00592687574575257
14880,4590,0.220229385714782
14880,15071,0.00646222144650499
15071,15318,0.00782198132515771
15318,15604,0.0132377188441888
15604,614,0.19270746409893
15604,6359,0.19270746409893
15318,15605,0.00592725439438072
15605,15836,0.0257095391234608
15836,10079,0.174308389425278
15836,16855,0.0188505575060844
16855,17634,0.029039092361927
17634,3194,0.126418739557266
17634,8898,0.126418739557266
16855,17635,0.0135887339711189
17635,9717,0.141869097948074
17635,18195,0.0269994139671326
18195,373,0.114869683980942
18195,4869,0.114869683980942
15605,15837,0.00288743051782717
15837,6816,0.197130498030911
15837,15931,0.00450197697261681
15931,7820,0.192628521058295
15931,16120,0.00571064508021479
16120,775,0.18691787597808
16120,16360,0.00650026031767845
16360,6231,0.180417615660401
16360,16604,0.00788440238589325
16604,16922,0.0344759664702707
16922,7834,0.138057246804237
16922,10129,0.138057246804237
16604,16923,0.00291083317431737
16923,10146,0.169622380100191
16923,17015,0.0134650670421811
17015,1224,0.15615731305801
17015,17605,0.0158150371815036
17605,18256,0.00710028648067068
18256,9980,0.133241989395835
18256,18544,0.00954483144662596
18544,18920,0.069925282150507
18920,4343,0.0537718757987022
18920,6330,0.0537718757987022
18544,18921,0.0254307985305786
18921,19832,0.030879482626915
19832,1333,0.0673868767917156
19832,20693,0.0139226540923119
20693,2178,0.0534642226994038
20693,2297,0.0534642226994038
18921,19833,0.0211696490645408
19833,10418,0.0770967103540897
19833,20460,0.0148611705750227
20460,254,0.062235539779067
20460,20803,0.0164591042945782
20803,9683,0.0457764354844888
20803,21041,0.0071155841772755
21041,4585,0.0386608513072133
21041,21092,0.0107724824920297
21092,3084,0.0278883688151836
21092,9061,0.0278883688151836
17605,18257,0.00421317514113492
18257,6637,0.136129100735371
18257,18427,0.00301998984355192
18427,4423,0.133109110891819
18427,18552,0.0187329518174132
18552,5799,0.114376159074406
18552,19252,0.0052580145465439
19252,19435,0.0193192060448621
19435,3097,0.0897989384829998
19435,20108,0.0141751977304618
20108,3136,0.075623740752538
20108,20509,0.00248069440325101
20509,6837,0.073143046349287
20509,20574,0.0132090598344803
20574,4668,0.0599339865148067
20574,7729,0.0599339865148067
19252,19436,0.0140889956958984
19436,19936,0.00963826812803745
19936,3675,0.0853908807039261
19936,20237,0.00488134784003098
20237,44,0.0805095328638951
20237,20370,0.0119720878700415
20370,20671,0.0200028728693724
20671,5580,0.0485345721244812
20671,8163,0.0485345721244812
20370,20672,0.00749920213388072
20672,9682,0.0610382428599728
20672,20831,0.00289955849034919
20831,3087,0.0581386843696237
20831,20876,0.00323254069579499
20876,1136,0.0549061436738287
20876,20918,0.0122945578990593
20918,21062,0.00446529360488057
21062,3858,0.0381462921698888
21062,21100,0.00955771220227083
21100,1399,0.028588579967618
21100,21137,0.00654288940131664
21137,872,0.0220456905663013
21137,1214,0.0220456905663013
20918,21063,0.00268276392792662
21063,3830,0.0399288218468428
21063,21083,0.00579424016177654
21083,267,0.0341345816850662
21083,10085,0.0341345816850662
19436,19937,0.00730324499309062
19937,1530,0.0877259038388729
19937,20165,0.00929164017240207
20165,4603,0.0784342636664708
20165,20420,0.0302685940017303
20420,4034,0.0481656696647406
20420,21009,0.00770835019648075
21009,6319,0.0404573194682598
21009,8833,0.0404573194682598
15071,15319,0.00659442774274133
15319,4688,0.207172736525536
15319,5653,0.207172736525536
13874,14266,0.00811129286885262
14266,14486,0.0816751420497894
14486,2053,0.156660243868828
14486,7270,0.156660243868828
14266,14487,0.016403816640377
14487,15011,0.0375606700778008
15011,8975,0.184370899200439
15011,16470,0.0293614581227302
16470,17652,0.0871975272893906
17652,5180,0.0678119137883186
17652,8593,0.0678119137883186
16470,17653,0.044251125305891
17653,2787,0.110758315771818
17653,19373,0.0639570839703083
19373,2055,0.0468012318015099
19373,8239,0.0468012318015099
14487,15012,0.0326577881351113
15012,16264,0.0706222942098975
16264,6606,0.118651486933231
16264,19122,0.0231105759739876
19122,5348,0.0955409109592438
19122,19921,0.0674244910478592
19921,3330,0.0281164199113846
19921,5698,0.0281164199113846
15012,16265,0.0143230423952142
16265,9814,0.174950738747915
16265,16827,0.0141807695229848
16827,2065,0.16076996922493
16827,17418,0.0604233145713806
17418,6672,0.100346654653549
17418,10141,0.100346654653549
11545,11553,0.00425107992288976
11553,1961,0.353264957666397
11553,11642,0.0235731403032939
11642,8040,0.329691817363103
11642,12200,0.0580802311499913
12200,4744,0.271611586213112
12200,13573,0.0396101027727127
13573,4266,0.232001483440399
13573,5517,0.232001483440399
10748,10811,0.00164492287390144
10811,8149,0.416177701560288
10811,10821,0.000994651175349692
10821,6534,0.415183050384938
10821,10833,0.00106636869553678
10833,10842,0.0578910272065601
10842,4935,0.356225654482841
10842,11588,0.0432417541742325
11588,659,0.312983900308609
11588,7628,0.312983900308609
10833,10843,0.000462295228785659
10843,10848,0.0285741383431691
10848,1286,0.385080248117447
10848,2837,0.385080248117447
10843,10849,0.00372969593975297
10849,10892,0.00892004827270931
10892,8987,0.401004642248154
10892,10046,0.401004642248154
10849,10893,0.000777144295366961
10893,10898,0.0435310905513246
10898,6595,0.365616455674171
10898,11414,0.0676070004701614
11414,468,0.29800945520401
11414,4399,0.29800945520401
10893,10899,0.00048351740476571
10899,10907,0.0154283900830518
10907,1519,0.393235638737679
10907,11062,0.0572541207075119
11062,4684,0.335981518030167
11062,5654,0.335981518030167
10899,10908,0.000558683970499019
10908,3393,0.408105344850231
10908,10914,0.00335222020019571
10914,10932,0.0918036460237844
10932,1721,0.312949478626251
10932,3822,0.312949478626251
10914,10933,0.000302194808602163
10933,10934,0.0356217391103849
10934,1820,0.368829190731049
10934,6183,0.368829190731049
10933,10935,0.00139130807756299
10935,10961,0.00541119908088389
10961,11023,0.0381273217645346
11023,5219,0.359521100918452
11023,11516,0.0150214682022731
11516,9402,0.344499632716179
11516,11837,0.0306704193353653
11837,5214,0.313829213380814
11837,10435,0.313829213380814
10961,11024,0.00979286637163773
11024,11117,0.0176683043966858
11117,11351,0.00653113949843898
11351,553,0.363656112416224
11351,11451,0.00627014460243702
11451,11554,0.0766669557917686
11554,7563,0.280719012022018
11554,8678,0.280719012022018
11451,11555,0.0349414389137001
11555,12344,0.0355306571349502
12344,3274,0.286913871765137
12344,7530,0.286913871765137
11555,12345,0.00474624773726251
12345,6777,0.317698281162824
12345,12448,0.00256003684762679
12448,6724,0.315138244315198
12448,12504,0.0169746984798483
12504,12917,0.0280798501852486
12917,3669,0.270083695650101
12917,8025,0.270083695650101
12504,12918,0.0166092172915501
12918,3147,0.281554328543799
12918,13306,0.00419167203813037
13306,5840,0.277362656505669
13306,13409,0.0236155907678254
13409,14029,0.0130710877674191
14029,2916,0.240675977970424
14029,14430,0.0103329416168363
14430,14742,0.0176229571302732
14742,9510,0.212720079223315
14742,15349,0.00608906802676973
15349,4724,0.206631011196545
15349,15569,0.0120103016689226
15569,16038,0.0507976744662632
16038,10331,0.143823035061359
16038,18104,0.0507196038961411
18104,135,0.0931034311652184
18104,5697,0.0931034311652184
15569,16039,0.0106069926511158
16039,16482,0.0353080406785011
16482,17910,0.0207572678724925
17910,9026,0.127948408325513
17910,18736,0.039444783081611
18736,7549,0.0885036252439022
18736,20140,0.0298172570765018
20140,4325,0.0586863681674004
20140,10275,0.0586863681674004
16482,17911,0.0124769459168116
17911,9476,0.136228730281194
17911,18420,0.0129476947089036
18420,4400,0.12328103557229
18420,18943,0.0362136177718639
18943,4057,0.0870674178004265
18943,9749,0.0870674178004265
16039,16483,0.034715361893177
16483,5666,0.14929835498333
16483,17882,0.071688175201416
17882,94,0.0776101797819138
17882,5409,0.0776101797819138
14430,14743,0.0113021656870842
14743,5969,0.219040870666504
14743,15106,0.0843470692634583
15106,7448,0.134693801403046
15106,8950,0.134693801403046
13409,14030,0.00552090340508862
14030,6318,0.248226162332755
14030,14214,0.0196482244019325
14214,2158,0.228577937930822
14214,14801,0.0433969406618012
14801,16426,0.0102484160827266
16426,8360,0.174932581186295
16426,16828,0.0272889219224453
16828,10353,0.147643659263849
16828,17951,0.00663705294330916
17951,6088,0.14100660632054
17951,18227,0.0173661733667056
18227,5130,0.123640432953835
18227,18924,0.0254012644290924
18924,1777,0.0982391685247421
18924,7335,0.0982391685247421
14801,16427,0.00389526130424606
16427,538,0.181285735964775
16427,16572,0.0313251174986363
16572,4900,0.149960618466139
16572,17842,0.0100943011542161
17842,7004,0.139866317311923
17842,18274,0.0383931423226992
18274,7382,0.101473174989223
18274,19712,0.062713485211134
19712,843,0.0387596897780895
19712,3640,0.0387596897780895
11117,11352,0.00373677566560399
11352,9087,0.366450476249059
11352,11400,0.00654162241531919
11400,2606,0.35990885383374
11400,11509,0.00868904339035809
11509,792,0.351219810443382
11509,11680,0.00204414595060243
11680,9346,0.349175664492779
11680,11724,0.0145979994937541
11724,12072,0.0234535482067089
12072,12603,0.0161725277179166
12603,13013,0.030247299042013
13013,13744,0.0820053721467654
13744,16522,0.0177414988478025
16522,6902,0.164957419037819
16522,17233,0.0298222899436951
17233,1054,0.135135129094124
17233,4848,0.135135129094124
13744,16523,0.00633722295363745
16523,142,0.176361694931984
16523,1035,0.176361694931984
13013,13745,0.0118390612304211
13745,2876,0.252865228801966
13745,14061,0.0233629780511061
14061,10445,0.22950225075086
14061,14766,0.00453749795754751
14766,3692,0.224964752793312
14766,14915,0.117524296045303
14915,1879,0.107440456748009
14915,8178,0.107440456748009
12603,13014,0.022319917794731
13014,1548,0.272631671279669
13014,13535,0.0189069940575531
13535,8456,0.253724677222116
13535,14033,0.0113708847335407
14033,14381,0.0746106907725334
14381,2015,0.167743101716042
14381,4124,0.167743101716042
14033,14382,0.0134288512170315
14382,1556,0.228924941271544
14382,14783,0.0397766145567099
14783,7355,0.189148326714834
14783,16273,0.0120045592387517
16273,5709,0.177143767476082
16273,16751,0.133278701454401
16751,3649,0.0438650660216808
16751,7478,0.0438650660216808
12072,12604,0.0140276408334922
12604,5486,0.297096475958824
12604,12954,0.0363606065511704
12954,13837,0.0686395615339279
13837,3831,0.192096307873726
13837,16136,0.13028933480382
16136,3332,0.0618069730699062
16136,10288,0.0618069730699062
12954,13838,0.00295629724860186
13838,2745,0.257779572159052
13838,13919,0.0458012633025646
13919,15379,0.0485506281256676
15379,5753,0.16342768073082
15379,9129,0.16342768073082
13919,15380,0.0406295880675316
15380,7587,0.171348720788956
15380,10139,0.171348720788956
11724,12073,0.017084878675138
12073,12458,0.0199181829082163
12458,12948,0.0227151497925595
12948,5267,0.274859453623111
12948,13470,0.016753505055721
13470,1588,0.25810594856739
13470,13911,0.0522383521310985
13911,15606,0.0366485474764236
15606,7369,0.169219048959868
15606,17029,0.0329792061377139
17029,3311,0.136239842822154
17029,18419,0.0359503236909707
18419,4545,0.100289519131184
18419,19750,0.0156446278095245
19750,2242,0.0846448913216591
19750,20266,0.0233957627788186
20266,20825,0.0231186067685485
20825,8922,0.038130521774292
20825,9169,0.038130521774292
20266,20826,0.00377899315208197
20826,409,0.0574701353907585
20826,9685,0.0574701353907585
13911,15607,0.00502280192449689
15607,15813,0.0679112076759338
15813,1696,0.132933586835861
15813,8155,0.132933586835861
15607,15814,0.0345497727394104
15814,5195,0.166295021772385
15814,9664,0.166295021772385
12458,12949,0.00590088566144314
12949,3437,0.291673717754228
12949,13099,0.0309064981660673
13099,13835,0.0294088752319416
13835,14719,0.0524578938881556
14719,8560,0.178900450468063
14719,16679,0.0407588724046946
16679,18327,0.0560848172754049
18327,740,0.0820567607879639
18327,8533,0.0820567607879639
16679,18328,0.0410638730973005
18328,6355,0.0970777049660683
18328,7315,0.0970777049660683
13835,14720,0.0447874466578166
14720,788,0.186570897698402
14720,16372,0.0526216626167297
16372,618,0.133949235081673
16372,9361,0.133949235081673
13099,13836,0.0250943433493376
13836,14590,0.0611136257648468
14590,5162,0.174559250473976
14590,8687,0.174559250473976
13836,14591,0.0336056649684906
14591,15756,0.0899501964449883
15756,2765,0.112117014825344
15756,5923,0.112117014825344
14591,15757,0.0402421951293945
15757,3342,0.161825016140938
15757,4447,0.161825016140938
12073,12459,0.00494954954031462
12459,1110,0.312543236783573
12459,12570,0.0203463256686597
12570,1645,0.292196911114913
12570,13088,0.0079451181376593
13088,949,0.284251792977254
13088,13251,0.0166113093269594
13251,115,0.267640483650294
13251,13664,0.0376738252964887
13664,5940,0.229966658353806
13664,14758,0.00444427596198188
14758,8594,0.225522382391824
14758,14892,0.0672876036001576
14892,1765,0.158234778791666
14892,17503,0.0055676501776491
17503,9043,0.152667128614017
17503,17735,0.019599238854079
17735,9315,0.133067889759938
17735,18555,0.0142352652425567
18555,19113,0.036233337285618
19113,4298,0.0825992872317632
19113,20319,0.0143915166457494
20319,8333,0.0682077705860138
20319,20676,0.0230464786291122
20676,7092,0.0451612919569016
20676,9288,0.0451612919569016
18555,19114,0.00844158884137869
19114,5160,0.110391035676003
19114,8844,0.110391035676003
11024,11118,0.0017634597441949
11118,11141,0.0191614627838135
11141,7179,0.36693063378334
11141,8488,0.36693063378334
11118,11142,0.00122008885062019
11142,11150,0.070755976785061
11150,4832,0.314116030931473
11150,10557,0.314116030931473
11142,11151,0.0260347633514673
11151,11529,0.0139136037494015
11529,11819,0.0782569600412479
11819,5345,0.266666680574417
11819,8988,0.266666680574417
11529,11820,0.0119062032461023
11820,12107,0.128512962372042
12107,2092,0.20450447499752
12107,4982,0.20450447499752
11820,12108,0.00920269318967953
12108,12320,0.0301122353326304
12320,13044,0.00939985789640368
13044,10105,0.284302650950849
13044,13246,0.00327317483190981
13246,13323,0.0484250320919922
13323,4134,0.232604444026947
13323,5626,0.232604444026947
13246,13324,0.0124516837953866
13324,3990,0.268577792323553
13324,13637,0.00809554203406915
13637,13841,0.0431483523412184
13841,1745,0.217333897948265
13841,9344,0.217333897948265
13637,13842,0.0386673032936424
13842,15016,0.0361247228251563
15016,2009,0.185690224170685
15016,7468,0.185690224170685
13842,15017,0.0142340815019986
15017,15545,0.0723021041069712
15545,3895,0.135278761386871
15545,6172,0.135278761386871
15017,15546,0.00853789580010231
15546,15865,0.0701837440331777
15865,4448,0.128859225660563
15865,18712,0.0353014729917049
18712,1762,0.0935577526688576
18712,2553,0.0935577526688576
15546,15866,0.0106999563674132
15866,6399,0.188343013326327
15866,16301,0.0708138893047968
16301,4914,0.11752912402153
16301,19152,0.006821408867836
19152,5048,0.110707715153694
19152,10215,0.110707715153694
12320,13045,0.00735435072614377
13045,2994,0.286348158121109
13045,13206,0.0358291436182825
13206,8251,0.250519014502826
13206,14141,0.0189391180262928
14141,1977,0.231579896476534
14141,14714,0.0155923881648499
14714,15220,0.0223321314303228
15220,16074,0.0326316657165686
16074,9828,0.161023711164792
16074,17407,0.0118836139639219
17407,402,0.149140097200871
17407,17887,0.0648611634969711
17887,1270,0.0842789337038994
17887,8061,0.0842789337038994
15220,16075,0.025688586384058
16075,17102,0.0345504805445671
17102,5505,0.133416309952736
17102,5857,0.133416309952736
16075,17103,0.00974369794130325
17103,7650,0.158223092556
17103,17504,0.0644597858190536
17504,4887,0.0937633067369461
17504,6717,0.0937633067369461
14714,15221,0.00574745157342635
15221,6384,0.210240056738257
15221,15436,0.0354598605384429
15436,16833,0.0477184864381949
16833,3457,0.12706170976162
16833,9253,0.12706170976162
15436,16834,0.0109870674709479
16834,2328,0.163793128728867
16834,17286,0.0257805947214365
17286,3772,0.13801253400743
17286,18333,0.0332976430654526
18333,19588,0.0501402262598276
19588,3406,0.0545746646821499
19588,7420,0.0545746646821499
18333,19589,0.0157326366752386
19589,1496,0.0889822542667389
19589,10278,0.0889822542667389
12108,12321,0.00962984081152918
12321,12528,0.00483465912360326
12528,5808,0.309350244244751
12528,12651,0.000917087473786327
12651,5185,0.308433156770964
12651,12668,0.00642696588529612
12668,12817,0.0327335058347039
12817,6570,0.269272685050964
12817,10382,0.269272685050964
12668,12818,0.00637151751541293
12818,4022,0.295634673370255
12818,12991,0.00193055279803211
12991,13042,0.0194312018710514
13042,1656,0.274272918701172
13042,5109,0.274272918701172
12991,13043,0.00734509567287672
13043,6222,0.286359024899347
13043,13205,0.0101898279517217
13205,13443,0.0113146185690618
13443,13742,0.0109153471417873
13742,14025,0.0509175037344297
14025,10181,0.203021727502346
14025,15702,0.0817594677209854
15702,5144,0.121262259781361
15702,10041,0.121262259781361
13742,14026,0.0433046023050944
14026,1353,0.210634628931681
14026,15423,0.0316569084922473
15423,7693,0.178977720439434
15423,16673,0.0301695093512535
16673,3090,0.148808211088181
16673,7280,0.148808211088181
13443,13743,0.00634881327824288
13743,2820,0.25850576510032
13743,13898,0.00609004882014824
13898,14071,0.0159221412331277
14071,14545,0.0109685460434241
14545,9577,0.22552502900362
14545,14891,0.0154445057113965
14891,865,0.210080523292224
14891,15444,0.0302587607819023
15444,16631,0.0367438177945036
16631,7733,0.143077944715818
16631,18138,0.0195141819616159
18138,8683,0.123563762754202
18138,18929,0.0210406370460987
18929,4252,0.102523125708103
18929,6604,0.102523125708103
15444,16632,0.00655090666630051
16632,1967,0.173270855844021
16632,16887,0.00248486250638963
16887,5190,0.170785993337631
16887,16974,0.0123324404869761
16974,17497,0.0421596854215577
17497,7803,0.116293867429097
17497,19182,0.00707100381453832
19182,7649,0.109222863614559
19182,19431,0.0372447919100523
19431,2944,0.0719780717045069
19431,20600,0.00796750249962012
20600,2402,0.0640105692048867
20600,20773,0.0116875686993202
20773,9698,0.0523230005055666
20773,20958,0.0217886492609978
20958,6331,0.0305343512445688
20958,8793,0.0305343512445688
16974,17498,0.00637307656662806
17498,9758,0.152080476284027
17498,10012,0.152080476284027
14071,14546,0.00422374156175878
14546,7381,0.232269833485285
14546,14692,0.00928787576655546
14692,7072,0.22298195771873
14692,14970,0.0149640173961719
14970,15527,0.0588531444470088
15527,2648,0.149164795875549
15527,4214,0.149164795875549
14970,15528,0.0255917112032572
15528,16538,0.0569261871278286
16538,2770,0.125500041991472
16538,18846,0.0103022940456867
18846,2179,0.115197747945786
18846,6164,0.115197747945786
15528,16539,0.0316301584243774
16539,8426,0.150796070694923
16539,17803,0.0325962230563164
17803,2612,0.118199847638607
17803,3902,0.118199847638607
13898,14072,0.0121473517314887
14072,6139,0.240268364548683
14072,14436,0.0565233826637268
14436,5803,0.183744981884956
14436,8478,0.183744981884956
13205,13444,0.00951985139072986
13444,8401,0.266649345556895
13444,13702,0.064435529212157
13702,3844,0.202213816344738
13702,15743,0.0420446619391441
15743,1175,0.160169154405594
15743,9130,0.160169154405594
12321,12529,0.00463462567061962
12529,1206,0.309550277697734
12529,12644,0.00202516996265262
12644,7757,0.307525107735082
12644,12685,0.00706189080203751
12685,1521,0.300463216933044
12685,12854,0.0093730993725516
12854,9890,0.291090117560493
12854,13115,0.00327720977957285
13115,2815,0.28781290778092
13115,13167,0.00909783247680895
13167,13376,0.0520636973281701
13376,3047,0.226651377975941
13376,14867,0.0203425213694572
14867,1734,0.206308856606483
14867,9388,0.206308856606483
13167,13377,0.013343518068969
13377,13732,0.0156162702001968
13732,5777,0.249755287034945
13732,14165,0.0148928317350227
14165,7027,0.234862455299922
14165,14607,0.00390919553382055
14607,4722,0.230953259766102
14607,14725,0.0074595997992315
14725,2215,0.22349365996687
14725,14954,0.00309866780077503
14954,3482,0.220394992166095
14954,15065,0.0293963581323623
15065,16179,0.057285060816341
16179,928,0.133713573217392
16179,18521,0.0747835151851177
18521,648,0.0589300580322742
18521,9805,0.0589300580322742
15065,16180,0.0185819093551901
16180,16926,0.0190386254754331
16926,5413,0.15337809920311
16926,17707,0.0174557715654373
17707,1391,0.135922327637672
17707,10518,0.135922327637672
16180,16927,0.0119139150612884
16927,17435,0.0359522360894415
17435,9347,0.124550573527813
17435,18884,0.0370365306735039
18884,1432,0.0875140428543091
18884,3045,0.0875140428543091
16927,17436,0.0273709348920319
17436,4480,0.133131874725223
17436,18551,0.0079564650853475
18551,18863,0.0663254751513402
18863,9206,0.0588499344885349
18863,10036,0.0588499344885349
18551,18864,0.0244244089970986
18864,3419,0.100751000642776
18864,19734,0.0252244623377919
19734,830,0.0755265383049846
19734,20511,0.0179948406293988
20511,20889,0.0168321561068296
20889,116,0.0406995415687561
20889,2132,0.0406995415687561
20511,20890,0.00686016120016575
20890,2895,0.05067153647542
20890,3504,0.05067153647542
13377,13733,0.00578943072201832
13733,4245,0.259582126513124
13733,13867,0.0137905882050594
13867,14284,0.0865125643710295
14284,238,0.159278973937035
14284,3446,0.159278973937035
13867,14285,0.0183970587948958
14285,9143,0.227394479513168
14285,14843,0.0430127287904422
14843,16468,0.0505223174889882
16468,4114,0.133859433233738
16468,18511,0.0285810902714729
18511,6823,0.105278342962265
18511,8073,0.105278342962265
14843,16469,0.0214999144275983
16469,30,0.162881836295128
16469,6434,0.162881836295128
11151,11530,0.00453633344007359
11530,7659,0.354300910924993
11530,11616,0.00813425885649716
11616,11789,0.0835229869931936
11789,3248,0.262643665075302
11789,10290,0.262643665075302
11616,11790,0.00343035033703604
11790,9827,0.34273630173146
11790,11869,0.00126441379755737
11869,10495,0.341471887933902
11869,11903,0.00533811245642846
11903,12033,0.0100642927718145
12033,12287,0.0626286949134535
12287,5432,0.263440787792206
12287,9167,0.263440787792206
12033,12288,0.00746517794874257
12288,4035,0.318604304756917
12288,12421,0.0121792955857487
12421,12708,0.0175976111775353
12708,9816,0.288827397993633
12708,13152,0.0527583865763305
13152,14568,0.0601266128095713
14568,8904,0.175942398607731
14568,16793,0.0521976128220558
16793,5030,0.123744785785675
16793,8202,0.123744785785675
13152,14569,0.0234675434502688
14569,15356,0.0887395218014717
15356,103,0.123861946165562
15356,3428,0.123861946165562
14569,15357,0.0142399333417416
15357,5993,0.198361534625292
15357,15885,0.00559768240366662
15885,10102,0.192763852221625
15885,16115,0.0127988255449704
16115,7148,0.179965026676655
16115,16626,0.0842267528176308
16626,5189,0.095738273859024
16626,19915,0.0185164295136929
19915,8362,0.0772218443453312
19915,20455,0.0185032747685909
20455,2107,0.0587185695767403
20455,20865,0.0279739229008555
20865,7103,0.0307446466758847
20865,21131,0.00494918134063482
21131,4013,0.0257954653352499
21131,7714,0.0257954653352499
12421,12709,0.00934386031602019
12709,12955,0.0230999361563538
12955,13496,0.017886857562638
13496,13965,0.0398939885199071
13965,9604,0.216200366616249
13965,15215,0.0143268890678883
15215,7307,0.201873477548361
15215,15761,0.0357087813317776
15761,379,0.166164696216583
15761,17184,0.0352876670658588
17184,1705,0.130877029150724
17184,18642,0.065181341022253
18642,7629,0.0656956881284714
18642,7839,0.0656956881284714
13496,13966,0.0143359468451568
13966,930,0.241758408290999
13966,14407,0.0363474857239496
14407,15621,0.03209354976813
15621,16881,0.0565857440233231
16881,1982,0.116731628775597
16881,7653,0.116731628775597
15621,16882,0.0122623294591904
16882,8156,0.161055043339729
16882,9481,0.161055043339729
14407,15622,0.0285136799017588
15622,10558,0.176897242665291
15622,16757,0.0556060299277306
16757,5996,0.12129121273756
16757,6176,0.12129121273756
12955,13497,0.0056269815796382
13497,1740,0.268354231119156
13497,13642,0.0187344249337912
13642,14172,0.0816881898790598
14172,2246,0.167931616306305
14172,8373,0.167931616306305
13642,14173,0.017011030887564
14173,14673,0.0241057152549426
14673,4277,0.208503060042858
14673,15512,0.00809150685866675
15512,8590,0.200411553184191
15512,15827,0.0680514747897784
15827,1423,0.132360078394413
15827,18584,0.0449368730187416
18584,3462,0.0874232053756714
18584,7943,0.0874232053756714
14173,14674,0.0173902908960978
14674,2579,0.215218484401703
14674,15254,0.0742172300815582
15254,2012,0.141001254320145
15254,5533,0.141001254320145
12709,12956,0.0081144882425318
12956,13146,0.0617618162570329
13146,2473,0.227204844355583
13146,7742,0.227204844355583
12956,13147,0.0321299127302738
13147,13935,0.00683302855250822
13935,1310,0.250003719329834
13935,14157,0.0393991786809195
14157,15424,0.102903134766079
15424,9983,0.107701405882835
15424,19488,0.0399089157581329
19488,3695,0.0677924901247025
19488,9891,0.0677924901247025
14157,15425,0.00630862975404378
15425,15665,0.0307602211833
15665,4318,0.173535689711571
15665,8967,0.173535689711571
15425,15666,0.01732304195563
15666,16358,0.0367520426710447
16358,9748,0.150220826268196
16358,17829,0.0249550938606262
17829,3794,0.12526573240757
17829,10051,0.12526573240757
15666,16359,0.00766309847434363
16359,6454,0.179309770464897
16359,9687,0.179309770464897
13147,13936,0.00499022140682853
13936,10241,0.251846526475514
13936,14084,0.00602072716927998
14084,14281,0.0274778214593728
14281,5671,0.218347977846861
14281,15128,0.0924932273725668
15128,424,0.125854750474294
15128,18829,0.0506464255352815
18829,3101,0.0752083249390125
18829,20521,0.00464689359068871
20521,1706,0.0705614313483238
20521,7611,0.0705614313483238
14084,14282,0.00503214579640013
14282,9135,0.240793653509834
14282,14428,0.0245458970617766
14428,15213,0.039315913286474
15213,2427,0.176931843161583
15213,6305,0.176931843161583
14428,15214,0.0194834139611986
15214,7185,0.196764342486858
15214,15945,0.0281113269073623
15945,7813,0.168653015579496
15945,17069,0.039586812789951
17069,4354,0.129066202789545
17069,18702,0.0406334452331066
18702,1091,0.0884327575564385
18702,20143,0.0111399659886956
20143,4708,0.0772927915677428
20143,20451,0.00666896905750036
20451,4965,0.0706238225102425
20451,20633,0.0116467047482729
20633,9820,0.0589771177619696
20633,20860,0.0206058863550425
20860,2267,0.0383712314069271
20860,4037,0.0383712314069271
11903,12034,0.009396759038036
12034,1659,0.326737016439438
12034,12272,0.064042404294014
12272,7451,0.262694612145424
12272,13790,0.0182452350854874
13790,345,0.244449377059937
13790,8255,0.244449377059937
10935,10962,0.00309671224419805
10962,10993,0.0560128465294838
10993,6308,0.343950062990189
10993,7749,0.343950062990189
10962,10994,0.0486743524670601
10994,3210,0.351288557052612
10994,7963,0.351288557052612
10720,10749,0.00118430144972531
10749,10759,0.0131099738776627
10759,10850,0.0514166730894613
10850,2987,0.361855426320323
10850,11476,0.0130690516230048
11476,3699,0.348786374697318
11476,11731,0.0569694743248133
11731,4238,0.291816900372505
11731,13095,0.00299461227396258
13095,13153,0.0431773312713789
13153,7402,0.245644956827164
13153,7441,0.245644956827164
13095,13154,0.00537131343905634
13154,1344,0.283450974659486
13154,13264,0.00914567360630286
13264,2993,0.274305301053183
13264,13489,0.0113827741571835
13489,5643,0.262922526896
13489,13786,0.0109520451802957
13786,7700,0.251970481715704
13786,14083,0.0312126552152355
14083,15055,0.0549348306738668
15055,2247,0.165822995826602
15055,17193,0.0135714560747147
17193,17756,0.0466989789985948
17756,19552,0.0473273686236805
19552,8054,0.058225192129612
19552,20874,0.0128601156175137
20874,5228,0.0453650765120983
20874,5521,0.0453650765120983
17756,19553,0.0243351525730557
19553,9056,0.0812174081802368
19553,20348,0.0215170234441757
20348,4278,0.0597003847360611
20348,8274,0.0597003847360611
17193,17757,0.0190077405422926
17757,8429,0.133243799209595
17757,9220,0.133243799209595
14083,15056,0.0169205443726645
15056,6452,0.203837282127804
15056,15680,0.015953440633085
15680,16322,0.0302457238237063
16322,7171,0.157638117671013
16322,17537,0.0393585488200188
17537,1109,0.118279568850994
17537,10308,0.118279568850994
15680,16323,0.010331683854262
16323,847,0.177552157640457
16323,16731,0.0336761973798275
16731,705,0.14387596026063
16731,18101,0.0536736386517684
18101,3618,0.0902023216088613
18101,20090,0.0213575189312299
20090,5714,0.0688448026776314
20090,20667,0.00607653707265854
20667,3763,0.0627682656049728
20667,10298,0.0627682656049728
10759,10851,0.0023676379421963
10851,3427,0.410904461467588
10851,10883,0.0293213166558535
10883,7829,0.381583144811735
10883,11180,0.00690278548129258
11180,4120,0.374680359330442
11180,11292,0.033022753521217
11292,956,0.341657605809225
11292,11896,0.011274350055397
11896,12183,0.0497487035134564
12183,4649,0.280634552240372
12183,9166,0.280634552240372
11896,12184,0.014941436262157
12184,12495,0.0242249692109094
12495,334,0.291216850280762
12495,455,0.291216850280762
12184,12496,0.00189354334722436
12496,1955,0.313548276144447
12496,12542,0.0144635975029263
12542,12891,0.113004938117228
12891,676,0.186079740524292
12891,4797,0.186079740524292
12542,12892,0.020127286499852
12892,13364,0.0269389128838464
13364,4546,0.252018479257822
13364,14080,0.0176233124353138
14080,14625,0.0589380394302162
14625,1483,0.175457127392292
14625,16805,0.0505236014723778
16805,470,0.124933525919914
16805,3647,0.124933525919914
14080,14626,0.0283515610677354
14626,15597,0.0543744459472321
15597,17777,0.0356774593668955
17777,6111,0.115991700440645
17777,19201,0.0608489736914635
19201,5259,0.0551427267491817
19201,9558,0.0551427267491817
15597,17778,0.0176750822889584
17778,18507,0.0381979040801525
18507,1484,0.0957961734384298
18507,19914,0.0135667330274979
19914,5689,0.0822294404109319
19914,20328,0.0194147781779369
20328,8016,0.062814662232995
20328,20791,0.0277250874787569
20791,9200,0.0350895747542381
20791,10313,0.0350895747542381
17778,18508,0.0236427931735913
18508,2728,0.110351284344991
18508,19390,0.0250133474667867
19390,1404,0.0853379368782043
19390,20248,0.012505941092968
20248,6224,0.0728319957852364
20248,9997,0.0728319957852364
14626,15598,0.0329389656583468
15598,1355,0.173104640096426
15598,16893,0.0479404938717683
16893,48,0.125164146224658
16893,18867,0.0306035752097766
18867,6696,0.0945605710148811
18867,19954,0.0357432067394257
19954,413,0.0588173642754555
19954,3344,0.0588173642754555
12892,13365,0.00203353851024185
13365,13417,0.0115685050443905
13417,4798,0.265355348587036
13417,10566,0.265355348587036
13365,13418,0.00126238326292216
13418,5023,0.275661470368504
13418,13455,0.0195142804203848
13455,13963,0.0332119902105708
13963,7492,0.222935199737549
13963,9225,0.222935199737549
13455,13964,0.00891067774588231
13964,14237,0.0167793526565508
14237,14740,0.0391120043065813
14740,3543,0.191345155239105
14740,16165,0.0278744598229726
16165,8599,0.163470695416133
16165,17294,0.0979697244862715
17294,904,0.0655009709298611
17294,20736,0.0104361362755299
20736,3698,0.0550648346543312
20736,7047,0.0550648346543312
14237,14741,0.0113899121681849
14741,15104,0.0365758405791389
15104,3368,0.182491406798363
15104,16537,0.0598908737301826
16537,3000,0.12260053306818
16537,6580,0.12260053306818
14741,15105,0.0160797701941596
15105,15704,0.0448678135871887
15704,5497,0.158119663596153
15704,7377,0.158119663596153
15105,15705,0.0129132121801376
15705,53,0.190074265003204
15705,16233,0.066455889493227
16233,5232,0.123618375509977
16233,18925,0.0412520430982113
18925,5313,0.0823663324117661
18925,8876,0.0823663324117661
13964,14238,0.00258384831828173
14238,2507,0.244652663883956
14238,14306,0.000666117600279098
14306,14321,0.0856821529922031
14321,1251,0.158304393291473
14321,3945,0.158304393291473
14306,14322,0.0288129452970766
14322,15255,0.036448796655214
15255,16684,0.0153789409096279
16684,3648,0.163345863421758
16684,17300,0.0365317000283135
17300,18781,0.0303955665893025
18781,3864,0.096418596804142
18781,19893,0.034051239490509
19893,3674,0.062367357313633
19893,10521,0.062367357313633
17300,18782,0.0288313991493649
18782,6034,0.0979827642440796
18782,19846,0.0420253947377205
19846,1817,0.0559573695063591
19846,5375,0.0559573695063591
15255,16685,0.0132679393485425
16685,3937,0.165456864982843
16685,17215,0.0418155503769716
17215,18922,0.042869755687813
18922,639,0.0807715589180589
18922,20362,0.00844655775775512
20362,5280,0.0723250011603038
20362,20591,0.00840836266676585
20591,6907,0.0639166384935379
20591,20775,0.0126280374825001
20775,55,0.0512886010110378
20775,2907,0.0512886010110378
17215,18923,0.0297278190652529
18923,5979,0.0939134955406189
18923,19975,0.0505335256457329
19975,3008,0.043379969894886
19975,7977,0.043379969894886
14322,15256,0.00915893428027631
15256,2258,0.206014666706324
15256,15602,0.057506882896026
15602,8487,0.148507783810298
15602,17920,0.0123940954605738
17920,5862,0.136113688349724
17920,18430,0.0878441222012043
18430,1370,0.0482695661485195
18430,5067,0.0482695661485195
10749,10760,0.00987690463350666
10760,10819,0.0126701402886162
10819,10949,0.014811005959143
10949,8473,0.389024022406181
10949,11108,0.00500977141030484
11108,11158,0.0656639955065272
11158,4954,0.318350255489349
11158,5591,0.318350255489349
11108,11159,0.0040749071814204
11159,11208,0.00608479607542722
11208,6906,0.373854547739029
11208,8146,0.373854547739029
11159,11209,0.00361064176422937
11209,10450,0.376328702050227
11209,11263,0.0117350176992984
11263,11433,0.0227509510273544
11433,11888,0.0515092834830284
11888,1540,0.290333449840546
11888,5191,0.290333449840546
11433,11889,0.0427916571497917
11889,5421,0.299051076173782
11889,10312,0.299051076173782
11263,11434,0.00300689308860563
11434,11484,0.0156610429140867
11484,5642,0.345925748348236
11484,10271,0.345925748348236
11434,11485,0.00784148404223206
11485,2305,0.353745307220091
11485,11624,0.000987788332570905
11624,9859,0.35275751888752
11624,11656,0.00465740883532834
11656,11747,0.0824003360253208
11747,2388,0.265699774026871
11747,7975,0.265699774026871
11656,11748,0.0107199080451436
11748,2354,0.337380202007048
11748,12007,0.0164068220957886
12007,12377,0.00957448631651753
12377,5568,0.311398893594742
12377,12594,0.00798289267265273
12594,12780,0.0113129487828068
12780,2330,0.292103052139282
12780,7144,0.292103052139282
12594,12781,0.00970141634632998
12781,6249,0.293714584575759
12781,13041,0.0311620724176674
13041,13792,0.0123258268464464
13792,14150,0.0664657144807279
14150,1802,0.183760970830917
14150,7675,0.183760970830917
13792,14151,0.00680833123624328
14151,14340,0.040269031122859
14340,5814,0.203149322952543
14340,15698,0.0110716266291482
15698,2585,0.192077696323395
15698,16138,0.0298971012234688
16138,17353,0.0311459824442863
17353,795,0.13103461265564
17353,10376,0.13103461265564
16138,17354,0.00508741289377213
17354,17553,0.050185427069664
17553,4624,0.10690775513649
17553,5435,0.10690775513649
17354,17554,0.0202510803937912
17554,1854,0.136842101812363
17554,9063,0.136842101812363
14151,14341,0.00898979078712206
14341,3728,0.23442856328828
14341,14624,0.00647485362631933
14624,3243,0.227953709661961
14624,14821,0.0507330819964409
14821,728,0.17722062766552
14821,16747,0.0166369564831257
16747,10480,0.160583671182394
16747,17430,0.0359633875389894
17430,3700,0.124620283643405
17430,18882,0.0579186218480269
18882,9823,0.0667016617953777
18882,20704,0.00964712724089622
20704,3721,0.0570545345544815
20704,8421,0.0570545345544815
13041,13793,0.00885343225711166
13793,14037,0.0440796621143818
14037,15474,0.0172386467456818
15474,8075,0.192380771040916
15474,8637,0.192380771040916
14037,15475,0.00381359282661886
15475,6239,0.205805824959979
15475,15610,0.0108855570502141
15610,3718,0.194920267909765
15610,16025,0.0196401114974703
16025,16814,0.0716235962297235
16814,42,0.103656560182571
16814,3605,0.103656560182571
16025,16815,0.0102445240449774
16815,6106,0.165035632367317
16815,17230,0.0323462734938177
17230,18569,0.0425739811940326
18569,20092,0.0384788755327463
20092,7122,0.0516365021467209
20092,8862,0.0516365021467209
18569,20093,0.0128531474620104
20093,357,0.0772622302174568
20093,418,0.0772622302174568
17230,18570,0.00920708405060899
18570,9521,0.123482274822891
18570,18931,0.012824909628502
18931,7837,0.110657365194389
18931,19376,0.0154701637192851
19376,19931,0.0367835530390342
19931,8009,0.0584036484360695
19931,20873,0.0134872943162918
20873,8716,0.0449163541197777
20873,9419,0.0449163541197777
19376,19932,0.0133759112407764
19932,20336,0.0312197953462601
20336,1299,0.0505914948880672
20336,2159,0.0505914948880672
19932,20337,0.0072011910378933
20337,6140,0.074610099196434
20337,6535,0.074610099196434
13793,14038,0.00315089151263243
14038,14139,0.0123151312271753
14139,14488,0.0546833847959836
14488,303,0.183549672365189
14488,8934,0.183549672365189
14139,14489,0.040084903438886
14489,96,0.198148153722286
14489,15896,0.0638888999819756
15896,5418,0.134259253740311
15896,7727,0.134259253740311
14038,14140,0.00972924083471294
14140,438,0.240818947553635
14140,1140,0.240818947553635
12007,12378,0.00220365419793522
12378,3670,0.318769725713324
12378,12419,0.0146742811334049
12419,12764,0.00839331584383357
12764,12988,0.0867469004073808
12988,1243,0.208955228328705
12988,4916,0.208955228328705
12764,12989,0.00128974501509732
12989,5574,0.294412383720988
12989,13028,0.0130224305249396
13028,13309,0.0768326833844185
13309,1150,0.20455726981163
13309,5494,0.20455726981163
13028,13310,0.00505791295033242
13310,3163,0.276332040245716
13310,13435,0.0109930672505605
13435,3576,0.265338972995156
13435,13734,0.0109798183100323
13734,8628,0.254359154685124
13734,14011,0.0130085247593957
14011,14417,0.0315180765730994
14417,15464,0.0692289886730058
15464,7903,0.140603564679623
15464,18245,0.0235844030976295
18245,4153,0.117019161581993
18245,6303,0.117019161581993
14417,15465,0.0362072791017237
15465,16866,0.0327029315133889
16866,8832,0.140922342737516
16866,18233,0.0370859516163667
18233,7244,0.103836391121149
18233,19621,0.0318226926028728
19621,1131,0.0720136985182762
19621,2104,0.0720136985182762
15465,16867,0.0229948821167151
16867,292,0.15063039213419
16867,17813,0.0266634523868561
17813,4574,0.123966939747334
17813,7024,0.123966939747334
14011,14418,0.0093258227293308
14418,1216,0.232024807196397
14418,14697,0.00333448408696896
14697,14792,0.0484297201924381
14792,8705,0.18026060291699
14792,16612,0.028936793318107
16612,17790,0.0374179364492496
17790,2414,0.113905873149633
17790,19272,0.059843335300684
19272,1715,0.0540625378489494
19272,9071,0.0540625378489494
16612,17791,0.0305251882721981
17791,19022,0.0505468659102917
19022,5559,0.0702517554163933
19022,8745,0.0702517554163933
17791,19023,0.0288862250745296
19023,1680,0.0919123962521553
19023,3144,0.0919123962521553
14697,14793,0.0270658074567715
14793,15775,0.0240820862352848
15775,242,0.177542429417372
15775,16734,0.0537131708115339
16734,18906,0.0816665682941675
18906,1365,0.0421626903116703
18906,10492,0.0421626903116703
16734,18907,0.0394388195127249
18907,1385,0.0843904390931129
18907,4829,0.0843904390931129
14793,15776,0.00798751463492711
15776,6206,0.193637001017729
15776,16077,0.0120341446405897
16077,16565,0.0412362077428649
16565,6776,0.140366648634275
16565,18255,0.043861781557401
18255,3122,0.0965048670768738
18255,19892,0.0321782603859901
19892,400,0.0643266066908836
19892,791,0.0643266066908836
16077,16566,0.0169381004026426
16566,2729,0.164664755974497
16566,17247,0.00756385869213513
17247,17551,0.0245856158435345
17551,1468,0.132515281438828
17551,3421,0.132515281438828
17247,17552,0.0219383500516415
17552,9341,0.135162547230721
17552,18460,0.0113676836093267
18460,6608,0.123794863621394
18460,18911,0.0509103542814652
18911,5834,0.0728845093399286
18911,20578,0.035204766318202
20578,1263,0.0376797430217266
20578,8087,0.0376797430217266
12419,12765,0.00560345997413003
12765,4150,0.298491984605789
12765,10388,0.298491984605789
10819,10950,0.0111674647674755
10950,9343,0.392667563597849
10950,11065,0.0183200826302202
11065,11297,0.00910106426084067
11297,1098,0.365246416706788
11297,11418,0.00792234245777812
11418,4918,0.35732407424901
11418,11560,0.00502523461037924
11560,934,0.352298839638631
11560,11666,0.00392416463721368
11666,7220,0.348374675001417
11666,11738,0.00395964159593953
11738,11839,0.049631649797613
11839,3177,0.294783383607864
11839,7651,0.294783383607864
11738,11840,0.00671678519045765
11840,4842,0.33769824821502
11840,12000,0.00548373267895752
12000,3426,0.332214515536062
12000,12140,0.00232743683361236
12140,5827,0.32988707870245
12140,12195,0.0122829169034958
12195,12451,0.0275294855237007
12451,710,0.290074676275253
12451,5424,0.290074676275253
12195,12452,0.00984650822701277
12452,8058,0.307757653571941
12452,12681,0.00572402802882371
12681,5701,0.302033625543118
12681,12815,0.00665293851246435
12815,12999,0.0331197641115042
12999,5044,0.262260922919149
12999,13800,0.00584374565638862
13800,13956,0.0924633365301859
13956,4374,0.163953840732574
13956,8189,0.163953840732574
13800,13957,0.0154067877857458
13957,5394,0.241010389477015
13957,14425,0.0218132632474105
14425,15098,0.0694040675957998
15098,17859,0.0570508614182472
17859,2793,0.0927421972155571
17859,9181,0.0927421972155571
15098,17860,0.0497399680316448
17860,5429,0.10005309060216
17860,19765,0.0333956442773342
19765,337,0.0666574463248253
19765,927,0.0666574463248253
14425,15099,0.00522947297209783
15099,3868,0.213967653257506
15099,15312,0.00656052815670877
15312,15550,0.0274504132720888
15550,2036,0.179956711828709
15550,16627,0.0276189282536507
16627,1704,0.152337783575058
16627,17751,0.0191521982351939
17751,18548,0.0736782525976499
18548,6785,0.0595073327422142
18548,8812,0.0595073327422142
17751,18549,0.0379793358345827
18549,5207,0.0952062495052814
18549,19928,0.0197550989687443
19928,271,0.0754511505365372
19928,5426,0.0754511505365372
15312,15551,0.0189709174288373
15551,10364,0.18843620767196
15551,16298,0.0220209752519926
16298,7254,0.166415232419968
16298,17173,0.0191157788038254
17173,17970,0.0687708631157875
17970,2118,0.0785285905003548
17970,4290,0.0785285905003548
17173,17971,0.0343246646225452
17971,9500,0.112974788993597
17971,19302,0.0319006405770779
19302,2406,0.0810741484165192
19302,4792,0.0810741484165192
12815,13000,0.0239255481089155
13000,3126,0.271455138921738
13000,5628,0.271455138921738
11065,11298,0.00214128722151519
11298,11325,0.0601637488017317
11325,21,0.312042444944382
11325,6458,0.312042444944382
11298,11326,0.00358881085215373
11326,11373,0.100197521100442
11373,9079,0.268419861793518
11373,9598,0.268419861793518
11326,11374,0.0013303138399865
11374,11385,0.0154899055674925
11385,727,0.351797163486481
11385,7859,0.351797163486481
11374,11386,0.0136315893966288
11386,711,0.353655479657344
11386,11625,0.0272992314264528
11625,12282,0.00892251803734473
12282,7354,0.317433730193547
12282,12463,0.0148675288349451
12463,4596,0.302566201358602
12463,12797,0.000752034420044345
12797,3914,0.301814166938557
12797,12823,0.00396070341162924
12823,12931,0.226000176008904
12931,2574,0.0718532875180244
12931,6006,0.0718532875180244
12823,12932,0.0277667768958555
12932,13602,0.0161509782771557
13602,10114,0.253935708353917
13602,14027,0.0336993757748243
14027,140,0.220236332579093
14027,15070,0.0114118932323022
15070,1470,0.20882443934679
15070,15497,0.0247692968873751
15497,16480,0.0558743815691698
16480,7139,0.128180760890245
16480,18729,0.0844615697860718
18729,4958,0.0437191911041737
18729,10005,0.0437191911041737
15497,16481,0.0261964369387854
16481,17520,0.0686980154365301
17520,10116,0.0891606900840998
17520,20123,0.00452225096523762
20123,4323,0.0846384391188622
20123,20267,0.0125672221183777
20267,5618,0.0720712170004845
20267,20598,0.0302076600492001
20598,3115,0.0418635569512844
20598,3917,0.0418635569512844
16481,17521,0.0141570031642914
17521,2672,0.143701702356339
17521,8475,0.143701702356339
12932,13603,0.00757004392532024
13603,7426,0.262516642705752
13603,13794,0.0116389467806568
13794,2857,0.250877695925096
13794,14119,0.00634512982142518
14119,14309,0.0104707025925037
14309,1754,0.234061863511167
14309,14636,0.0147811277266749
14636,15094,0.0105492533581663
15094,2601,0.208731482426325
15094,15502,0.0205656836430232
15502,2503,0.188165798783302
15502,16306,0.0454103201627731
16306,5890,0.142755478620529
16306,8326,0.142755478620529
14636,15095,0.00438092888813088
15095,15266,0.0365512656365953
15266,3878,0.178348541259766
15266,9508,0.178348541259766
15095,15267,0.00783024973622182
15267,10536,0.207069557160139
15267,15559,0.00571679352567747
15559,6168,0.201352763634462
15559,15789,0.00960902272448366
15789,2061,0.191743740909978
15789,16146,0.00373883286153362
16146,16311,0.0143925778331265
16311,7823,0.173612330215318
16311,16870,0.00798070373912158
16870,17205,0.0143297927598905
17205,1028,0.151301833716306
17205,17792,0.0045989913019267
17792,3402,0.146702842414379
17792,17995,0.0186798910299937
17995,4384,0.128022951384385
17995,18733,0.016789231946071
18733,19356,0.0231907561421394
19356,1784,0.088042963296175
19356,20152,0.0130159668624401
20152,5879,0.0750269964337349
20152,20527,0.00542469136416912
20527,6473,0.0696023050695658
20527,20655,0.0188329610973597
20655,1905,0.0507693439722061
20655,9429,0.0507693439722061
18733,19357,0.0131427951157093
19357,2180,0.0980909243226051
19357,19843,0.0208124071359634
19843,6745,0.0772785171866417
19843,20452,0.0266870222985744
20452,6192,0.0505914948880672
20452,7129,0.0505914948880672
16870,17206,0.00456833977861559
17206,17404,0.0323384583351158
17404,6334,0.128724828362465
17404,9156,0.128724828362465
17206,17405,0.0108807448652528
17405,4182,0.150182541832328
17405,17832,0.0118351735588577
17832,18319,0.0158847004825633
18319,18980,0.0162292597371907
18980,6659,0.106233408053716
18980,19523,0.0204100621243318
19523,2145,0.0858233459293842
19523,20221,0.0464914701879025
20221,5031,0.0393318757414818
20221,9900,0.0393318757414818
18319,18981,0.00490613059983366
18981,7867,0.117556537191073
18981,19151,0.0132497514287631
19151,1864,0.10430678576231
19151,19603,0.0102834997077783
19603,19970,0.041241633395354
19970,8944,0.0527816526591778
19970,9025,0.0527816526591778
19603,19971,0.0158721978465716
19971,7123,0.0781510882079601
19971,20426,0.0240636467933655
20426,1009,0.0540874414145947
20426,8091,0.0540874414145947
17832,18320,0.0153816034869542
18320,18955,0.0415680302040917
18955,3319,0.0813977345824242
18955,7725,0.0813977345824242
18320,18956,0.00556546254527
18956,3716,0.117400302241246
18956,19153,0.0131352740029494
19153,5197,0.104265028238297
19153,19605,0.000598294287919993
19605,6132,0.103666733950377
19605,19625,0.0258609751860301
19625,4490,0.0778057587643464
19625,20432,0.0130215579022964
20432,9992,0.0647842008620501
20432,20747,0.0266983713954687
20747,8980,0.0380858294665813
20747,9241,0.0380858294665813
16146,16312,0.0101467938058906
16312,1566,0.177858114242554
16312,7389,0.177858114242554
14119,14310,0.00665527168247435
14310,726,0.237877294421196
14310,14496,0.0594346970319748
14496,28,0.178442597389221
14496,3453,0.178442597389221
11625,12283,0.00787275654869807
12283,12422,0.116714139722965
12422,3300,0.201769351959229
12422,6151,0.201769351959229
12283,12423,0.00590686300591853
12423,12568,0.0132455745848214
12568,6732,0.299331054091454
12568,12886,0.0396772474050522
12886,448,0.259653806686401
12886,2824,0.259653806686401
12423,12569,0.00759105218074674
12569,23,0.304985576495528
12569,12745,0.00608722291102531
12745,12895,0.103102847345566
12895,107,0.195795506238937
12895,863,0.195795506238937
12745,12896,0.0202398478956823
12896,13378,0.033174557589513
13378,14290,0.0177492325545559
14290,14830,0.0255757950778518
14830,9491,0.2021589204669
14830,15748,0.034654887393117
15748,17129,0.0799035485833883
17129,1987,0.0876004844903946
17129,7432,0.0876004844903946
15748,17130,0.0104786213487387
17130,4847,0.157025411725044
17130,17560,0.0230237543582916
17560,1094,0.134001657366753
17560,18506,0.0146296247839928
18506,1793,0.11937203258276
18506,7568,0.11937203258276
14290,14831,0.0174968958433185
14831,15437,0.0723482556641102
15437,2231,0.137889564037323
15437,2610,0.137889564037323
14831,15438,0.0160351749509573
15438,16055,0.0315526109188795
16055,415,0.162650033831596
16055,8463,0.162650033831596
15438,16056,0.0181602071970701
16056,274,0.176042437553406
16056,16786,0.0764229036867619
16786,9998,0.0996195338666439
16786,19781,0.0428542830049992
19781,7305,0.0567652508616447
19781,7458,0.0567652508616447
13378,14291,0.00832797791331247
14291,9610,0.237155970185995
14291,14521,0.0132437405938452
14521,1612,0.22391222959215
14521,14946,0.0561760196631605
14946,5422,0.167736209928989
14946,17118,0.0066348918610149
17118,4503,0.161101318067975
17118,17403,0.0120425569928355
17403,5680,0.149058761075139
17403,17892,0.0145510166351284
17892,8937,0.134507744440011
17892,18488,0.0218154789791221
18488,5597,0.112692265460889
18488,19315,0.0304617183903853
19315,2121,0.0822305470705032
19315,20327,0.0218347018584609
20327,4304,0.0603958452120423
20327,20844,0.0194709564869603
20844,6238,0.0409248887250821
20844,21077,0.0122053089241187
21077,6806,0.0287195798009634
21077,21136,0.00855829007923603
21136,2157,0.0201612897217274
21136,9133,0.0201612897217274
12896,13379,0.00809212665827502
13379,2013,0.270566379030546
13379,13591,0.0162577958156665
13591,512,0.254308583214879
13591,14012,0.0266132658968369
14012,14832,0.0802940589686235
14832,763,0.147401258349419
14832,4705,0.147401258349419
14012,14833,0.0220152479906877
14833,3076,0.205680069327354
14833,15615,0.0194183185696602
15615,4329,0.186261750757694
15615,16384,0.0177074149250984
16384,6938,0.168554335832596
16384,17074,0.00681523233652115
17074,6371,0.161739103496075
17074,17379,0.0579112991690636
17379,2223,0.103827804327011
17379,5094,0.103827804327011
10760,10820,0.00082876617657901
10820,10824,0.0206120485344905
10824,8630,0.395064353942871
10824,11052,0.0990879237651825
11052,17,0.295976430177689
11052,8250,0.295976430177689
10820,10825,0.000394177133445417
10825,10830,0.0252121743890975
10830,2165,0.390070050954819
10830,6035,0.390070050954819
10825,10831,0.0024274360155267
10831,5047,0.412854789328389
10831,10857,0.000797415427247705
10857,10867,0.0262331108052861
10867,6335,0.385824263095856
10867,10113,0.385824263095856
10857,10868,0.00381113579457892
10868,10912,0.00664960252649999
10912,2459,0.401596635580063
10912,10972,0.0196335986256599
10972,3726,0.381963036954403
10972,11178,0.0288245603442192
11178,10007,0.353138476610184
11178,11646,0.0430149585008621
11646,3488,0.310123518109322
11646,12621,0.0226011127233505
12621,1278,0.287522405385971
12621,4980,0.287522405385971
10868,10913,0.00432442295632335
10913,7292,0.40392181515024
10913,10946,0.00160029292241476
10946,7076,0.402321522227825
10946,10967,0.000404684926635202
10967,10970,0.014608023669655
10970,4575,0.387308813631535
10970,11134,0.0361872191230456
11134,2073,0.351121594508489
11134,11686,0.0304597069819768
11686,6158,0.320661887526512
11686,12385,0.0718705952167511
12385,3958,0.248791292309761
12385,7411,0.248791292309761
10967,10971,0.000943494054142902
10971,10982,0.00670365212887419
10982,11056,0.017057275979292
11056,11247,0.0492520878712336
11247,3489,0.327960327267647
11247,12247,0.0588576942682266
12247,3213,0.26910263299942
12247,6064,0.26910263299942
11056,11248,0.0124285767475764
11248,1162,0.364783838391304
11248,11432,0.0830100327730179
11432,3962,0.281773805618286
11432,6068,0.281773805618286
10982,11057,0.00137794499558885
11057,11063,0.0166159534046499
11063,7716,0.376275792717934
11063,11264,0.0260065048933029
11264,2632,0.350269287824631
11264,7412,0.350269287824631
11057,11064,0.000441893876626465
11064,2072,0.392449852245957
11064,11069,0.00102700538332118
11069,11078,0.012612843462787
11078,11223,0.0424228757619858
11223,2527,0.336387127637863
11223,5977,0.336387127637863
11078,11224,0.034673735499382
11224,1359,0.344136267900467
11224,10069,0.344136267900467
11069,11079,0.00172455140374311
11079,11098,0.0276749120799103
11098,947,0.362023383378983
11098,1414,0.362023383378983
11079,11099,0.000410141821073517
11099,11105,0.050857257236414
11105,11983,0.0860756486654282
11983,3206,0.252355247735977
11983,5866,0.252355247735977
11105,11984,0.0385142713785172
11984,2383,0.299916625022888
11984,8320,0.299916625022888
11099,11106,0.00166130362954869
11106,11124,0.033915155529282
11124,2882,0.353711694478989
11124,5976,0.353711694478989
11106,11125,0.00023235455207693
11125,11130,0.0290151314425218
11130,7717,0.358379364013672
11130,8420,0.358379364013672
11125,11131,0.0009536677978918
11131,11139,0.0365816495920482
11139,4948,0.349859178066254
11139,5687,0.349859178066254
11131,11140,0.00230045310227528
11140,11156,0.0604130648521997
11156,3142,0.323727309703827
11156,8884,0.323727309703827
11140,11157,0.000648849552947806
11157,11165,0.0236680596557888
11165,1834,0.35982346534729
11165,11510,0.0459868460893631
11510,2482,0.313836619257927
11510,12537,0.058771088719368
12537,7939,0.255065530538559
12537,8774,0.255065530538559
11157,11166,0.00116715251627686
11166,11173,0.00597766216251455
11173,11260,0.0533257206281026
11260,12339,0.061482513944308
12339,2754,0.261538475751877
12339,10326,0.261538475751877
11260,12340,0.0379408399264018
12340,3468,0.285080149769783
12340,13232,0.0512666404247284
13232,653,0.233813509345055
13232,6362,0.233813509345055
11173,11261,0.0104930430650711
11261,6055,0.365853667259216
11261,10294,0.365853667259216
11166,11174,0.00147065639789956
11174,11194,0.052981052352559
11194,4365,0.327872663736343
11194,10256,0.327872663736343
11174,11195,0.00255587523702988
11195,11232,0.0397539191428118
11232,2806,0.338543921709061
11232,5844,0.338543921709061
11195,11233,0.00103922238072796
11233,11245,0.0248906734557141
11245,186,0.35236794501543
11245,11665,0.019402340054512
11665,12111,0.0582473799586296
12111,87,0.274718225002289
12111,5681,0.274718225002289
11665,12112,0.0133274421095848
12112,1433,0.319638162851334
12112,10145,0.319638162851334
11233,11246,0.000531584666476681
11246,11252,0.0206828804322212
11252,11589,0.0319573531548182
11589,2063,0.324086800217628
11589,12313,0.0399878174066544
12313,1632,0.284098982810974
12313,3673,0.284098982810974
11252,11590,0.0123839279015859
11590,3400,0.343660225470861
11590,11850,0.00560936828454334
11850,3707,0.338050857186317
11850,11989,0.0690573304891586
11989,104,0.268993526697159
11989,1283,0.268993526697159
11246,11253,0.00190905109984618
11253,11290,0.0222090933634673
11290,4969,0.352608889341354
11290,9190,0.352608889341354
11253,11291,0.000826569486125084
11291,11306,0.0686612857410507
11306,1396,0.305330127477646
11306,5723,0.305330127477646
11291,11307,0.00156909013245016
11307,11321,0.00853458390472789
11321,11442,0.0401015549898148
11442,6086,0.323786184191704
11442,12322,0.00303490459918976
12322,3562,0.320751279592514
12322,5055,0.320751279592514
11321,11443,0.033290050427119
11443,12175,0.0362714727719625
12175,2312,0.294326215982437
12175,9617,0.294326215982437
11443,12176,0.022025798757871
12176,6170,0.308571889996529
12176,12664,0.0373301357030869
12664,1958,0.271241754293442
12664,5682,0.271241754293442
11307,11322,0.00119429292783269
11322,11337,0.0134737624062432
11337,11550,0.0877082720398903
11550,4479,0.27004599571228
11550,10456,0.27004599571228
11337,11551,0.0368114486336708
11551,6258,0.3209428191185
11551,6943,0.3209428191185
11322,11338,0.0049428609648926
11338,11402,0.00616053718692139
11402,11506,0.0407244556006931
11506,8906,0.319400176405907
11506,12406,0.0747193247079849
12406,5186,0.244680851697922
12406,6727,0.244680851697922
11402,11507,0.0100566886720203
11507,11706,0.0387197285890579
11706,6567,0.311348214745522
11706,12595,0.0719518959522247
12595,2139,0.239396318793297
12595,4992,0.239396318793297
11507,11707,0.00653120875358582
11707,321,0.343536734580994
11707,11851,0.0396556258201599
11851,3095,0.303881108760834
11851,12770,0.0167917013168335
12770,4573,0.287089407444
12770,4858,0.287089407444
11338,11403,0.000448314514874815
11403,11408,0.0328906733813441
11408,3034,0.332946181297302
11408,6321,0.332946181297302
11403,11409,0.00129949952749575
11409,11435,0.00570905640361108
11435,11533,0.0141502941648166
11533,11831,0.0372635175784429
11831,2431,0.30741448700428
11831,12690,0.036892905831337
12690,3005,0.270521581172943
12690,9862,0.270521581172943
11533,11832,0.0338846941788991
11832,3431,0.310793310403824
11832,12610,0.0303766131401062
12610,6614,0.280416697263718
12610,9330,0.280416697263718
11435,11534,0.0101755298674107
11534,11734,0.0216095335781574
11734,32,0.327043235301971
11734,2641,0.327043235301971
11534,11735,0.0165153729418914
11735,5258,0.332137395938237
11735,12143,0.0297730316718419
12143,8939,0.302364364266396
12143,12801,0.0179777592420578
12801,1325,0.284386605024338
12801,10106,0.284386605024338
11409,11436,0.000215526285786805
11436,11438,0.0247534076207425
11438,11947,0.0257201045751572
11947,1062,0.313848316669464
11947,6479,0.313848316669464
11438,11948,0.007120281457901
11948,8489,0.33244813978672
11948,12129,0.132474765181541
12129,5404,0.199973374605179
12129,6449,0.199973374605179
11436,11439,0.00285956635057716
11439,11488,0.0163175558865687
11488,11816,0.00646993724028283
11816,11975,0.00839454987277033
11975,12186,0.0381721456845602
12186,7564,0.292108073830605
12186,13091,0.0499762296676636
13091,1963,0.242131844162941
13091,6481,0.242131844162941
11975,12187,0.0366034259398779
12187,7477,0.293676793575287
12187,8674,0.293676793575287
11816,11976,0.000993344511520611
11976,12001,0.00963199363188216
12001,12244,0.0407466193040212
12244,13183,0.0379807104667028
13183,999,0.249322101473808
13183,7912,0.249322101473808
12244,13184,0.0327651922901471
13184,2353,0.254537619650364
13184,14005,0.0237719342112541
14005,698,0.23076568543911
14005,8422,0.23076568543911
12001,12245,0.0211067299048106
12245,4776,0.306942701339722
12245,12698,0.0383855104446411
12698,6853,0.268557190895081
12698,8412,0.268557190895081
11976,12002,0.00471963023627886
12002,12113,0.010892447735381
12113,12356,0.0319854021072388
12356,989,0.290083944797516
12356,5092,0.290083944797516
12113,12357,0.0239720940589905
12357,2411,0.298097252845764
12357,12921,0.0534280091524124
12921,851,0.244669243693352
12921,9461,0.244669243693352
12002,12114,0.00188263394872706
12114,12161,0.0636653656970543
12161,6579,0.267413794994354
12161,9511,0.267413794994354
12114,12162,0.00149846772059209
12162,12205,0.0198243463686431
12205,12636,0.00840863215065679
12636,12833,0.0159503934657225
12833,8837,0.285397320985794
12833,13225,0.0605828464031219
13225,7325,0.224814474582672
13225,9779,0.224814474582672
12636,12834,0.000508867028632898
12834,12845,0.0223074103040355
12845,437,0.278531437118848
12845,13381,0.0399663647015889
13381,5329,0.238565072417259
13381,14480,0.0265915542840958
14480,2239,0.211973518133163
14480,5573,0.211973518133163
12834,12846,0.00616284176381249
12846,13020,0.00400192520774162
13020,8535,0.29067408045133
13020,13119,0.0163244654734929
13119,9800,0.274349614977837
13119,13486,0.0352116674184799
13486,4175,0.239137947559357
13486,7449,0.239137947559357
12846,13021,0.0012203940907401
13021,13058,0.0510018129166358
13058,3827,0.242453798651695
13058,6539,0.242453798651695
13021,13059,0.00570502358958602
13059,13168,0.012037412443543
13168,2757,0.275713175535202
13168,10183,0.275713175535202
13059,13169,0.0053198907670719
13169,13275,0.0653254277796053
13275,284,0.217105269432068
13275,874,0.217105269432068
13169,13276,0.0164144338264913
13276,13714,0.00670169588095987
13714,9819,0.259314567504222
13714,13875,0.0229053296797496
13875,14549,0.00729983740953982
14549,14779,0.0440659387941249
14779,3001,0.185043461620808
14779,16437,0.0232445076107979
16437,3198,0.16179895401001
16437,5946,0.16179895401001
14549,14780,0.00132464490824674
14780,5944,0.227784755506686
14780,14829,0.0189947077227148
14829,15499,0.0172016149454516
15499,5018,0.191588432838519
15499,16153,0.0188840342064699
16153,6191,0.17270439863205
16153,16907,0.00902036428451539
16907,3181,0.163684034347534
16907,17287,0.0409695802463425
17287,10519,0.122714454101192
17287,18971,0.0185869687961207
18971,5523,0.104127485305071
18971,19612,0.0142469182610512
19612,20101,0.0496039539575577
20101,6461,0.040276613086462
20101,9205,0.040276613086462
19612,20102,0.0157015912234783
20102,2168,0.0741789758205414
20102,20543,0.026692596077919
20543,10242,0.0474863797426224
20543,21023,0.00716194696724415
21023,3524,0.0403244327753782
21023,21080,0.0123189240694046
21080,6934,0.0280055087059736
21080,21140,0.0140805747359991
21140,2955,0.0139249339699745
21140,9771,0.0139249339699745
14829,15500,0.00993555794891082
15500,15873,0.0135801705552987
15873,16419,0.0556945516949608
16419,2191,0.129579767584801
16419,5372,0.129579767584801
15873,16420,0.00239476777967954
16420,1082,0.182879551500082
16420,16519,0.0095517903799191
16519,16879,0.0404888488119468
16879,2998,0.132838912308216
16879,18563,0.049883708357811
18563,9373,0.0829552039504051
18563,20308,0.0262411050498486
20308,984,0.0567140989005566
20308,5939,0.0567140989005566
16519,16880,0.0062622003024444
16880,9245,0.167065560817719
16880,17149,0.0195795978818621
17149,7705,0.147485962935856
17149,17956,0.0141743905082041
17956,18541,0.0206519007733484
18541,3972,0.112659671654304
18541,19318,0.00473498211552699
19318,19479,0.0320339472964406
19479,308,0.0758907422423363
19479,4885,0.0758907422423363
19318,19480,0.0202221420283119
19480,1805,0.087702547510465
19480,20168,0.0214091533174117
20168,3899,0.0662933941930532
20168,20714,0.0506655015051365
20714,1265,0.0156278926879168
20714,9250,0.0156278926879168
17956,18542,0.00442517946670654
18542,4439,0.128886392960946
18542,18711,0.0149097297754553
18711,19268,0.0437731409652366
19268,3873,0.0702035222202539
19268,20643,0.0202035214751959
20643,2707,0.0500000007450581
20643,5468,0.0500000007450581
18711,19269,0.0284942558242215
19269,1319,0.085482407361269
19269,20235,0.0123539976775646
20235,1395,0.0731284096837044
20235,7406,0.0731284096837044
15500,15874,0.0126748778867414
15874,16385,0.0348061113230263
16385,8685,0.151373500625292
16385,17789,0.0396737965444724
17789,5403,0.11169970408082
17789,19345,0.021912869066
19345,128,0.0897868350148201
19345,2794,0.0897868350148201
15874,16386,0.00427274243750919
16386,2853,0.18190686951081
16386,16558,0.0197578714635128
16558,17357,0.024686769510691
17357,829,0.137462228536606
17357,2020,0.137462228536606
16558,17358,0.0096603280458695
17358,6252,0.152488670001427
17358,17743,0.0150356135552838
17743,18359,0.00672187365236737
18359,9046,0.130731182793776
18359,18647,0.011675980190436
18647,8470,0.11905520260334
18647,19095,0.0195977747440338
19095,2483,0.0994574278593063
19095,19784,0.0137396131952604
19784,793,0.085717814664046
19784,20225,0.0215029461930196
20225,7588,0.0642148684710264
20225,20765,0.0117653664201498
20765,5337,0.0524495020508766
20765,8739,0.0524495020508766
17743,18360,0.00670455353600638
18360,8369,0.130748502910137
18360,18644,0.0269883424043655
18644,10439,0.103760160505772
18644,19622,0.0150408409535885
19622,3622,0.0887193195521832
19622,20133,0.0100562386214733
20133,1837,0.0786630809307098
20133,10044,0.0786630809307098
13875,14550,0.0031751255505004
14550,4710,0.233234112273972
14550,14656,0.00122984632828066
14656,2938,0.232004265945691
14656,14698,0.00287599871770883
14698,14777,0.0567258853310098
14777,1627,0.172402381896973
14777,16928,0.0333409979939461
16928,7189,0.139061383903027
16928,18296,0.0329871028661728
18296,255,0.106074281036854
18296,8744,0.106074281036854
14698,14778,0.0143868448873976
14778,15281,0.020329704630544
15281,16047,0.0510114732952345
16047,8216,0.143400244414806
16047,18122,0.0220537781715393
18122,3516,0.121346466243267
18122,7494,0.121346466243267
15281,16048,0.0107223828430889
16048,16488,0.03106117981429
16488,17737,0.0648627519607544
17737,2808,0.0877654030919075
17737,8733,0.0877654030919075
16488,17738,0.0233624915281931
17738,18696,0.0408099641402563
18696,8237,0.0884556993842125
18696,8403,0.0884556993842125
17738,18697,0.0282921393712362
18697,6947,0.100973524153233
18697,19726,0.0578654780983925
19726,423,0.0431080460548401
19726,6475,0.0431080460548401
16048,16489,0.00868597515180811
16489,994,0.175003359715144
16489,16826,0.0475306908289591
16826,8116,0.127472668886185
16826,18752,0.0127809718251228
18752,7166,0.114691697061062
18752,19237,0.0391749826570352
19237,911,0.0755167144040267
19237,20512,0.0225456251452367
20512,6332,0.05297108925879
20512,20949,0.0472421026788652
20949,5407,0.00572898657992482
20949,10008,0.00572898657992482
14778,15282,0.0177498798000942
15282,15938,0.0210587517047922
15938,5530,0.175932790835698
15938,16794,0.0156538842198176
16794,17445,0.0449639759384669
17445,320,0.115314930677414
17445,9551,0.115314930677414
16794,17446,0.00959585576485364
17446,17811,0.0258076506356398
17811,5636,0.124875400215387
17811,18879,0.0557193942368031
18879,3767,0.0691560059785843
18879,8438,0.0691560059785843
17446,17812,0.009350623190403
17812,5343,0.141332427660624
17812,18215,0.0223515198255579
18215,6243,0.118980907835066
18215,19104,0.012086964584887
19104,19502,0.0463665198534727
19502,9412,0.0605274233967066
19502,20842,0.0164755191653967
20842,3082,0.0440519042313099
20842,10568,0.0440519042313099
19104,19503,0.0135060973465443
19503,19990,0.0292960368096828
19990,4565,0.0640918090939522
19990,9110,0.0640918090939522
19503,19991,0.0122092179954052
19991,4241,0.0811786279082298
19991,20350,0.0394923165440559
20350,6615,0.0416863113641739
20350,7932,0.0416863113641739
15282,15939,0.00965617056936027
15939,1644,0.18733537197113
15939,16351,0.0125231517820942
16351,16829,0.00906827812697614
16829,8129,0.16574394206206
16829,17198,0.0225243891278903
17198,18127,0.0462668985128403
18127,2912,0.0969526544213295
18127,8746,0.0969526544213295
17198,18128,0.0109514618913333
18128,5782,0.132268091042837
18128,18588,0.0535816227396329
18588,9140,0.0786864683032036
18588,20413,0.0298403464257717
20413,7657,0.0488461218774319
20413,10128,0.0488461218774319
16351,16830,0.0030746039281897
16830,9198,0.171737616260846
16830,16946,0.0245575149854024
16946,6286,0.147180101275444
16946,17976,0.0353091679513454
17976,10491,0.111870933324099
17976,19339,0.0152055807411671
19339,3351,0.0966653525829315
19339,19890,0.00598904117941856
19890,7125,0.090676311403513
19890,20074,0.0331476703286171
20074,1543,0.0575286410748959
20074,4898,0.0575286410748959
13276,13715,0.00255913469577917
13715,6980,0.263457128689403
13715,13769,0.00950829477583026
13769,9428,0.253948833913572
13769,14024,0.0288208446425376
14024,14905,0.00576691479525629
14905,15091,0.00815259948908506
15091,3305,0.211208474986693
15091,15407,0.00194973632985471
15407,15487,0.0235068385799726
15487,5732,0.185751900076866
15487,7990,0.185751900076866
15407,15488,0.0188966967076773
15488,16218,0.0344943312395896
16218,17619,0.045341394841671
17619,627,0.110526315867901
17619,6845,0.110526315867901
16218,17620,0.0105253747767872
17620,18043,0.0467274979584747
18043,668,0.0986148379743099
18043,19812,0.0148778073489666
19812,2741,0.0837370306253433
19812,7142,0.0837370306253433
17620,18044,0.0132510297828251
18044,5585,0.13209130614996
18044,18592,0.0215164944529533
18592,1527,0.110574811697006
18592,2308,0.110574811697006
15488,16219,0.00732914433770235
16219,828,0.183032897611459
16219,16515,0.0120147501428922
16515,4196,0.171018147468567
16515,16961,0.0363473385572433
16961,18480,0.0610019564628601
18480,6850,0.0736688524484634
18480,7689,0.0736688524484634
16961,18481,0.0225367806851864
18481,4376,0.112134028226137
18481,19334,0.038788054138422
19334,377,0.0733459740877151
19334,1305,0.0733459740877151
14905,15092,0.00714767744971648
15092,1544,0.212213397026062
15092,15369,0.011298094689846
15369,7337,0.200915302336216
15369,15812,0.0127875760197639
15812,5246,0.188127726316452
15812,16307,0.0120643358677626
16307,5392,0.176063390448689
16307,16783,0.029132700126086
16783,3684,0.146930690322604
16783,17984,0.0205025158467747
17984,7900,0.126428174475829
17984,18795,0.0121758247415225
18795,2633,0.114252349734306
18795,19256,0.0242360877494017
19256,20096,0.0488685381909211
20096,543,0.0411477237939835
20096,1814,0.0411477237939835
19256,20097,0.0148725559314092
20097,4456,0.0751437060534954
20097,20522,0.035145316272974
20522,7011,0.0399983897805214
20522,9000,0.0399983897805214
14024,14906,0.00227478822012259
14906,4493,0.222853201050912
14906,14973,0.0059210284743258
14973,7567,0.216932172576586
14973,15181,0.00141696135203043
15181,8688,0.215515211224556
15181,15243,0.0225629087250966
15243,16106,0.0360772312990018
16106,17570,0.0283339741555127
17570,2325,0.128541097044945
17570,2444,0.128541097044945
16106,17571,0.00791206312450496
17571,17897,0.0483510904014111
17897,119,0.100611917674541
17897,2952,0.100611917674541
17571,17898,0.00876760908535548
17898,18262,0.0134935373706477
18262,2931,0.126701861619949
18262,5717,0.126701861619949
17898,18263,0.00732326578526271
18263,3228,0.132872133205334
18263,18562,0.00858004863063494
18562,1869,0.124292084574699
18562,18896,0.0200112514197826
18896,1011,0.104280833154917
18896,19604,0.0141825663546721
19604,8896,0.0900982668002446
19604,20095,0.0153179106613
20095,4438,0.0747803561389446
20095,20534,0.0297353118658066
20534,1410,0.045045044273138
20534,10143,0.045045044273138
15243,16107,0.0071037753461263
16107,5002,0.185848527153333
16107,16395,0.0157526582124687
16395,6867,0.170095868940864
16395,17004,0.0130144586520536
17004,17555,0.028879314661026
17555,1291,0.128202095627785
17555,4160,0.128202095627785
17004,17556,0.00726296820423819
17556,5302,0.149818442084573
17556,17856,0.00757915980436585
17856,8228,0.142239282280207
17856,18182,0.00456624949971834
18182,4955,0.137673032780488
18182,18344,0.00835905534525713
18344,3080,0.129313977435231
18344,18694,0.0223945759768997
18694,5271,0.106919401458332
18694,19501,0.0244605410311903
19501,20322,0.0297232784330845
20322,4805,0.0527355819940567
20322,8640,0.0527355819940567
19501,20323,0.00577974244952202
20323,10054,0.0766791179776192
20323,20473,0.0113789898653825
20473,1960,0.0653001281122367
20473,20740,0.0164083285878102
20740,9743,0.0488917995244265
20740,20998,0.0152379516512156
20998,7232,0.0336538478732109
20998,10560,0.0336538478732109
12205,12637,0.00175313854414466
12637,4548,0.308003208058029
12637,12678,0.0148742821932112
12678,13068,0.00845973538334854
13068,13240,0.0121367274077385
13240,8495,0.27253246307373
13240,13543,0.022604838013649
13543,3590,0.249927625060081
13543,9177,0.249927625060081
13068,13241,0.00248789373553288
13241,4063,0.282181296745936
13241,13285,0.00578714271612241
13285,13432,0.0507015391168269
13432,669,0.225692614912987
13432,1273,0.225692614912987
13285,13433,0.0090536728053644
13433,13676,0.00993042720099996
13676,13928,0.0163670317484783
13928,1446,0.241043022274971
13928,14424,0.0330452010035515
14424,3912,0.20799782127142
14424,15529,0.0290441438555717
15529,2222,0.178953677415848
15529,16676,0.0337099209427834
16676,3541,0.145243756473064
16676,18052,0.0365084037184715
18052,4082,0.108735352754593
18052,6496,0.108735352754593
13676,13929,0.00439522128838765
13929,1467,0.253014832735062
13929,14060,0.0176367949355732
14060,8509,0.235378037799488
14060,14599,0.0275044065307487
14599,15535,0.0306056576470534
15535,10198,0.177267973621686
15535,16745,0.0342114542921384
16745,9417,0.143056519329548
16745,18142,0.0890330076217651
18142,3398,0.0540235117077827
18142,10014,0.0540235117077827
14599,15536,0.0074648790061474
15536,15828,0.0528359219431877
15828,2811,0.147572830319405
15828,8425,0.147572830319405
15536,15829,0.00759814605116843
15829,9153,0.192810606211424
15829,16114,0.0194601279993852
16114,8210,0.173350478212039
16114,16878,0.0925421292583148
16878,5161,0.0808083489537239
16878,20359,0.0466489419341087
20359,1895,0.0341594070196152
20359,6278,0.0341594070196152
13433,13677,0.00386390239989354
13677,13767,0.0283252134251951
13767,251,0.235151365399361
13767,7435,0.235151365399361
13677,13768,0.00337907573556795
13768,13852,0.0361500227680573
13852,4760,0.22394748032093
13852,9111,0.22394748032093
13768,13853,0.0168763737387821
13853,14351,0.0230862878857458
14351,15074,0.0271862141344519
15074,16108,0.0605872078310876
16108,7311,0.13236141949892
16108,18583,0.0684032812714577
18583,5218,0.0639581382274628
18583,8020,0.0639581382274628
15074,16109,0.00547823842082704
16109,16345,0.0513413914789756
16345,18428,0.0486421193927526
18428,2581,0.0874868780374527
18428,9338,0.0874868780374527
16345,18429,0.0446474757045507
18429,1248,0.0914815217256546
18429,8130,0.0914815217256546
16109,16346,0.0241951396067937
16346,8794,0.163275249302387
16346,17305,0.00788553804159164
17305,6593,0.155389711260796
17305,7578,0.155389711260796
14351,15075,0.00971585592875882
15075,15426,0.0493730348845323
15426,10103,0.161045950651169
15426,17406,0.0969446606934071
17406,20767,0.0161239709705114
20767,4527,0.0479773189872503
20767,21013,0.00879116170108318
21013,3816,0.0391861572861671
21013,6124,0.0391861572861671
17406,20768,0.0123517215251923
20768,1271,0.0517495684325695
20768,9232,0.0517495684325695
15075,15427,0.0423619908591111
15427,8762,0.16805699467659
15427,10204,0.16805699467659
13853,14352,0.0198209688822034
14352,14958,0.0143120730313035
14958,15492,0.0331367481322516
15492,16791,0.0681181475520134
16791,3863,0.107833191752434
16791,5215,0.107833191752434
15492,16792,0.0207178592681885
16792,4472,0.155233480036259
16792,17647,0.0446804575622082
17647,19380,0.103830046951771
19380,3476,0.00672297552227974
19380,9427,0.00672297552227974
17647,19381,0.0338222421705723
19381,5770,0.0767307803034782
19381,6625,0.0767307803034782
14958,15493,0.0118564758272398
15493,10087,0.197231611609459
15493,15927,0.0433992467820644
15927,17690,0.0384477488696575
17690,2863,0.115384615957737
17690,10315,0.115384615957737
15927,17691,0.0216924026608467
17691,8921,0.132139962166548
17691,18591,0.0211889855563641
18591,1005,0.110950976610184
18591,6402,0.110950976610184
14352,14959,0.00671386310982822
14959,15190,0.0156478521983811
15190,15800,0.0211043756455183
15800,4739,0.179934069514275
15800,16628,0.00871731340885162
16628,5427,0.171216756105423
16628,16955,0.0235372334718704
16955,6763,0.147679522633553
16955,17948,0.0356099605560303
17948,715,0.112069562077522
17948,6013,0.112069562077522
15190,15801,0.0184215812278646
15801,7091,0.182616863931928
15801,16530,0.0368177883681797
16530,18028,0.0358059549083312
18028,19399,0.0184452217072248
19399,7562,0.0915478989481926
19399,10537,0.0915478989481926
18028,19400,0.0175655093044043
19400,6280,0.0924276113510132
19400,7453,0.0924276113510132
16530,18029,0.0197478545208772
18029,7677,0.126051221042871
18029,18820,0.0434775911271572
18820,1651,0.0825736299157143
18820,3306,0.0825736299157143
14959,15191,0.00496568992843124
15191,7127,0.211720607429743
15191,15387,0.0134422297148328
15387,1048,0.19827837771491
15387,15887,0.00245467516762471
15887,8046,0.195823702547285
15887,15973,0.00455064276854195
15973,16170,0.0236576163106495
16170,5099,0.167615443468094
16170,17125,0.0228502005338669
17125,3671,0.144765242934227
17125,6311,0.144765242934227
15973,16171,0.00877507526395668
16171,16535,0.0589813131552476
16535,5353,0.123516671359539
16535,6112,0.123516671359539
16171,16536,0.0172810106355156
16536,17221,0.0201030540176564
17221,5278,0.145113919861615
17221,18054,0.0119267982829894
18054,2438,0.133187121578625
18054,18547,0.0213202606177046
18547,19340,0.0157234681149324
19340,19901,0.0349165964871645
19901,5176,0.0612267963588238
19901,6669,0.0612267963588238
19340,19902,0.0184003692120314
19902,8371,0.0777430236339569
19902,8641,0.0777430236339569
18547,19341,0.0104304061581691
19341,422,0.101436454802752
19341,19714,0.092361775226891
19714,1625,0.0090746795758605
19714,7085,0.0090746795758605
16536,17222,0.0165617629471752
17222,263,0.148655210932096
17222,17915,0.0346783225735029
17915,607,0.113976888358593
17915,19267,0.042302280664444
19267,4232,0.071674607694149
19267,9407,0.071674607694149
12678,13069,0.00635501507340869
13069,3963,0.286773910791409
13069,13197,0.00739016330940334
13197,4309,0.279383747482005
13197,13355,0.0018930767481915
13355,13405,0.0304019254974172
13405,6126,0.247088745236397
13405,6343,0.247088745236397
13355,13406,0.00102726681806631
13406,8663,0.276463403915748
13406,13431,0.0037022343366257
13431,8532,0.272761169579122
13431,13533,0.00253521085430536
13533,13598,0.0575061457355817
13598,2875,0.212719812989235
13598,8656,0.212719812989235
13533,13599,0.00167192828547841
13599,7938,0.268554030439338
13599,13638,0.0021841667071178
13638,5804,0.26636986373222
13638,13710,0.000536582130751639
13710,9408,0.265833281601469
13710,13718,0.0192047285064705
13718,4054,0.246628553094998
13718,14254,0.00379210449961886
14254,14365,0.014098481206483
14365,14789,0.00662030412371864
14789,14997,0.0180258410023243
14997,910,0.204091822262853
14997,15672,0.0119126150220194
15672,16129,0.00758958614729588
16129,16460,0.0314861449693877
16460,17719,0.0540866010955402
17719,1068,0.0990168750286102
17719,7473,0.0990168750286102
16460,17720,0.0111982205084392
17720,18193,0.0375611782073975
18193,2287,0.104344077408314
18193,9484,0.104344077408314
17720,18194,0.0139151606708765
18194,5408,0.127990094944835
18194,18735,0.0432623034964005
18735,1979,0.0847277914484342
18735,20261,0.0323177551229795
20261,3443,0.0524100363254547
20261,20957,0.0178778618574142
20957,1894,0.0345321744680405
20957,8409,0.0345321744680405
16129,16461,0.0186635073688295
16461,3191,0.165926113724709
16461,17188,0.00968772917985916
17188,73,0.156238384544849
17188,17600,0.024943619966507
17600,10170,0.131294764578342
17600,18623,0.0201106294989586
18623,6489,0.111184135079384
18623,19358,0.031352236866951
19358,2084,0.0798318982124329
19358,8638,0.0798318982124329
15672,16130,0.00649891515974613
16130,852,0.185680292081088
16130,16401,0.00839642761275172
16401,16741,0.0537596605718136
16741,4991,0.123524203896523
16741,6754,0.123524203896523
16401,16742,0.00399447605013847
16742,16885,0.0239806845784187
16885,2789,0.149308703839779
16885,17881,0.0317436009645462
17881,1954,0.117565102875233
17881,9264,0.117565102875233
16742,16886,0.0179638745529311
16886,17644,0.0288603696085158
17644,9868,0.126465144256751
17644,18794,0.0249264078835646
18794,8736,0.101538736373186
18794,19707,0.0162056423723698
19707,3070,0.0853330940008163
19707,3570,0.0853330940008163
16886,17645,0.0237656427281243
17645,9073,0.131559871137142
17645,18611,0.00630998694234422
18611,18859,0.0405025622910924
18859,451,0.0847473219037056
18859,20260,0.0101954787969589
20260,4029,0.0745518431067467
20260,4676,0.0745518431067467
18611,18860,0.0197607121533818
18860,895,0.105489172041416
18860,19561,0.0166242495179176
19561,3291,0.0888649225234985
19561,8773,0.0888649225234985
14789,14998,0.00432648906986299
14998,9761,0.217791174195315
14998,15156,0.0207305805637823
15156,15934,0.0177556809451845
15934,9459,0.179304912686348
15934,16655,0.0293723841508229
16655,17845,0.0209858591357867
17845,355,0.128946669399738
17845,18708,0.0251484140753746
18708,8974,0.103798255324364
18708,9223,0.103798255324364
16655,17846,0.0195698613921801
17846,5593,0.130362667143345
17846,18653,0.0108681470155716
18653,7146,0.119494520127773
18653,19077,0.0542962563534578
19077,4595,0.0651982637743155
19077,20741,0.00461958969632785
20741,7670,0.0605786740779877
20741,20841,0.00657892227172852
20841,8552,0.0539997518062592
20841,10432,0.0539997518062592
15156,15935,0.00675767329004076
15935,16224,0.041398898512125
16224,10430,0.148904021829367
16224,17902,0.0362306448320548
17902,1493,0.112673376997312
17902,19317,0.0162585241099199
19317,6156,0.096414852887392
19317,19894,0.0159859843552113
19894,5487,0.0804288685321808
19894,7160,0.0804288685321808
15935,16225,0.0395970563093821
16225,856,0.15070586403211
16225,17810,0.0203966883321603
17810,966,0.130309175699949
17810,18658,0.0229073576629162
18658,6005,0.107401818037033
18658,6596,0.107401818037033
14365,14790,0.00582699942297557
14790,189,0.222910967965921
14790,14971,0.0276730125149091
14971,16007,0.0105258136987686
16007,2990,0.184712141752243
16007,9735,0.184712141752243
14971,16008,0.00971269365400076
16008,16410,0.0844078818336129
16410,3092,0.101117379963398
16410,9209,0.101117379963398
16008,16411,0.00935818241643055
16411,6841,0.17616707938058
16411,16777,0.0175460239961034
16777,10337,0.158621055384477
16777,17495,0.016216749449571
17495,5510,0.142404305934906
17495,18173,0.005177154392004
18173,1118,0.137227151542902
18173,18366,0.0378490947186947
18366,7090,0.0993780568242073
18366,19788,0.00746242329478264
19788,2336,0.0919156335294247
19788,20036,0.0272335819900036
20036,1986,0.0646820515394211
20036,3450,0.0646820515394211
14254,14366,0.00850890506849145
14366,7058,0.234327543526888
14366,14628,0.010550661633412
14628,1888,0.223776881893476
14628,14947,0.0190684249003728
14947,2094,0.204708456993103
14947,15642,0.0185522139072418
15642,896,0.186156243085861
15642,4630,0.186156243085861
12162,12206,0.00386911484009439
12206,12294,0.0655463337898254
12294,6400,0.260165244340897
12294,8064,0.260165244340897
12206,12295,0.0466925203800201
12295,7124,0.279019057750702
12295,13363,0.0446116328239441
13363,489,0.234407424926758
13363,3970,0.234407424926758
11488,11817,0.000584680737549637
11817,11835,0.0329592811663946
11835,3256,0.311600744724274
11835,5824,0.311600744724274
11817,11836,0.00428605327998255
11836,11929,0.0265554748575424
11929,4702,0.313718497753143
11929,6744,0.313718497753143
11836,11930,0.00141394440132642
11930,11970,0.0197725526711055
11970,12409,0.0513858795166016
12409,800,0.267701596021652
12409,13662,0.022442489862442
13662,929,0.24525910615921
13662,5650,0.24525910615921
11970,12410,0.0369237214326859
12410,968,0.282163754105568
12410,13286,0.023878201842308
13286,1226,0.25828555226326
13286,7210,0.25828555226326
11930,11971,0.00292459189770927
11971,12041,0.0945937709244964
12041,1006,0.241341665387154
12041,6865,0.241341665387154
11971,12042,0.00243104326514781
12042,12096,0.0103797868841926
12096,12336,0.0475226826965809
12336,4732,0.275601923465729
12336,9670,0.275601923465729
12096,12337,0.0129231500128905
12337,4443,0.310201456149419
12337,12619,0.0165549566348394
12619,8497,0.29364649951458
12619,13048,0.0574221014976501
13048,3609,0.23622439801693
13048,5924,0.23622439801693
12042,12097,0.000930348811909343
12097,4126,0.332574044234593
12097,12122,0.00176446417901294
12122,12167,0.00846796906759878
12167,12346,0.0566462328036626
12346,8047,0.265695378184319
12346,13723,0.0266706794500351
13723,1677,0.239024698734283
13723,1763,0.239024698734283
12167,12347,0.029290904601415
12347,6395,0.293050706386566
12347,8121,0.293050706386566
12122,12168,0.00127758747008833
12168,12207,0.0119323160360569
12207,12453,0.0617926046252251
12453,3125,0.25580707192421
12453,7704,0.25580707192421
12207,12454,0.0369758531451225
12454,3,0.280623823404312
12454,6451,0.280623823404312
12168,12208,0.000284193181418813
12208,12211,0.056513991840291
12211,9064,0.272733807563782
12211,9785,0.272733807563782
12208,12212,0.00106603975155134
12212,12241,0.0165712099641822
12241,7804,0.311610549688339
12241,12590,0.0449889153242111
12590,4857,0.266621634364128
12590,13703,0.0309882909059525
13703,336,0.235633343458176
13703,4996,0.235633343458176
12212,12242,0.000336137471674713
12242,4019,0.327845622180847
12242,12248,0.00130246460227396
12248,12278,0.0115058176528068
12278,8265,0.315037339925766
12278,12512,0.0350712090730667
12512,9454,0.279966130852699
12512,13344,0.0426779985427856
13344,2782,0.237288132309914
13344,9776,0.237288132309914
12248,12279,0.00387972180531754
12279,4208,0.322663435773255
12279,12342,0.0114758262309166
12342,8626,0.311187609542339
12342,12597,0.0107769265201581
12597,12856,0.00268363854392822
12856,12936,0.0453396698387412
12936,404,0.252387374639511
12936,1718,0.252387374639511
12856,12937,0.00109874290717793
12937,12971,0.0652514748079213
12971,1357,0.231376826763153
12971,2509,0.231376826763153
12937,12972,0.00204476920789803
12972,13022,0.0405622752010822
13022,2375,0.254021257162094
13022,8743,0.254021257162094
12972,13023,0.00203254851818874
13023,4066,0.292550983844988
13023,13074,0.000588069929573998
13074,13092,0.0743809712379157
13092,2582,0.217581942677498
13092,10154,0.217581942677498
13074,13093,0.00190312206306342
13093,2338,0.29005979185235
13093,13123,0.00235217584642944
13123,13172,0.0217648636446231
13172,3049,0.265942752361298
13172,7987,0.265942752361298
13123,13173,0.00585410822144999
13173,13295,0.0426802295719234
13295,4413,0.239173278212547
13295,7646,0.239173278212547
13173,13296,0.00100719875152733
13296,13332,0.0253559910922314
13332,7056,0.255490317940712
13332,13984,0.0333485007286072
13984,2953,0.222141817212105
13984,9215,0.222141817212105
13296,13333,0.00355849589486462
13333,13410,0.0658453872910252
13410,631,0.211442425847054
13410,15404,0.0161390006542206
15404,5938,0.195303425192833
15404,16002,0.0160010606050491
16002,7159,0.179302364587784
16002,8840,0.179302364587784
13333,13411,0.00253970563625883
13411,2050,0.27474810750182
13411,13474,0.0223173377168732
13474,14069,0.026409620326703
14069,14882,0.0206656385371522
14882,3401,0.205355510921092
14882,15623,0.0148307606354132
15623,5086,0.190524750285678
15623,16211,0.0100983517037498
16211,16602,0.00468529656765951
16602,1976,0.175741102014269
16602,16801,0.0118004235920015
16801,611,0.163940678422268
16801,17281,0.0419575582043483
17281,1076,0.121983120217919
17281,18991,0.00724044696173885
18991,10205,0.11474267325618
18991,19236,0.0044681587002494
19236,10401,0.110274514555931
19236,19393,0.00818767415152656
19393,4455,0.102086840404405
19393,19685,0.00864297637922896
19685,2548,0.0934438640251756
19685,19988,0.00791877920606307
19988,2181,0.0855250848191125
19988,20233,0.00386879211735157
20233,4983,0.0816562927017609
20233,20342,0.00877403380970161
20342,9892,0.0728822588920593
20342,20579,0.0122203748673201
20579,10237,0.0606618840247393
20579,20840,0.00551327752570311
20840,6392,0.0551486064990362
20840,20916,0.0230125508581599
20916,6393,0.0321360556408763
20916,21127,0.022961744107306
21127,5631,0.00917431153357029
21127,10433,0.00917431153357029
16211,16603,0.00290246783859199
16603,9941,0.177523930743337
16603,16736,0.00786162769716037
16736,1172,0.169662303046176
16736,17014,0.00665274724277137
17014,9774,0.163009555803405
17014,17321,0.0146062495856503
17321,12,0.148403306217755
17321,17925,0.0109459238181658
17925,5066,0.137457382399589
17925,18358,0.0163131559966132
18358,19008,0.0333114455819928
19008,8694,0.0878327808209828
19008,20158,0.00986885740643456
20158,10166,0.0779639234145482
20158,20428,0.0147943524022897
20428,2617,0.0631695710122585
20428,20788,0.0137404672801495
20788,6620,0.0494291037321091
20788,20989,0.0206709212313096
20989,10149,0.0287581825007995
20989,21135,0.00795725112160047
21135,4291,0.020800931379199
21135,21153,0.00453750789165497
21153,95,0.0162634234875441
21153,6070,0.0162634234875441
18358,19009,0.0117799785841877
19009,19425,0.0213683684666952
19425,9880,0.0879958793520927
19425,20153,0.0389658696949482
20153,2511,0.0490300096571445
20153,9112,0.0490300096571445
19009,19426,0.0209192698200544
19426,9658,0.0884449779987335
19426,20141,0.0199022516608238
20141,6141,0.0685427263379097
20141,20670,0.0210539139807224
20670,8220,0.0474888123571873
20670,21022,0.0366892218589783
21022,2932,0.010799590498209
21022,8591,0.010799590498209
14069,14883,0.00739332396060896
14883,15120,0.016740642606266
15120,5020,0.201887182891369
15120,15760,0.0518162176012993
15760,3791,0.15007096529007
15760,7044,0.15007096529007
14883,15121,0.00361117259954422
15121,6624,0.215016652898091
15121,15264,0.00289128857960061
15264,2010,0.21212536431849
15264,15373,0.00702946331155926
15373,15632,0.0201079387609896
15632,2713,0.184987962245941
15632,10534,0.184987962245941
15373,15633,0.00878638283721839
15633,8577,0.196309518169712
15633,15960,0.00512267659242088
15960,6161,0.191186841577291
15960,16173,0.00541695665035929
16173,6720,0.185769884926932
16173,16399,0.00265514809293907
16399,9438,0.183114736833993
16399,16514,0.012187546612147
16514,16967,0.021398195065558
16967,426,0.149528995156288
16967,2554,0.149528995156288
16514,16968,0.0082208826356838
16968,5603,0.162706307586162
16968,17335,0.00506990714551872
17335,17538,0.0023847335371478
17538,4198,0.155251666903496
17538,5005,0.155251666903496
17335,17539,0.00149661075929411
17539,8188,0.156139789681349
17539,17608,0.00733392423653342
17608,17907,0.023508043088592
17907,70,0.125297822356224
17907,18858,0.00624739074769118
18858,19096,0.0107819333517303
19096,19471,0.0345430726185441
19471,20556,0.0176582233980298
20556,5956,0.0560672022402287
20556,6457,0.0560672022402287
19471,20557,0.0166629264131188
20557,5380,0.0570624992251396
20557,9635,0.0570624992251396
19096,19472,0.0115272363647819
19472,8464,0.0967412618920207
19472,19889,0.0150197970991333
19889,3246,0.0817214647928874
19889,20339,0.0110903593401114
20339,6921,0.070631105452776
20339,20632,0.0258896984159946
20632,2424,0.0447414070367813
20632,9393,0.0447414070367813
18858,19097,0.00994613206324479
19097,4396,0.109104299545288
19097,19437,0.00593610256910324
19437,1315,0.103168196976185
19437,19641,0.00435877190186428
19641,8912,0.0988094250743206
19641,19802,0.00993978571242246
19802,7695,0.0888696393618981
19802,20132,0.00546868275286574
20132,8973,0.0834009566090324
20132,20294,0.0115085078045876
20294,20603,0.00471872660434908
20603,10551,0.0671737222000957
20603,20699,0.00697612886627515
20699,20846,0.00609817064056794
20846,5535,0.0540994226932526
20846,20932,0.00474491976201534
20932,3107,0.0493545029312372
20932,20993,0.00496308195094267
20993,8928,0.0443914209802945
20993,21052,0.00510285546382269
21052,2588,0.0392885655164719
21052,21088,0.0194811001420021
21088,5420,0.0198074653744698
21088,6893,0.0198074653744698
20699,20847,0.00177491611490647
20847,1257,0.058422677218914
20847,10525,0.058422677218914
20294,20604,0.00200593575007385
20604,1494,0.0698865130543709
20604,7156,0.0698865130543709
17608,17908,0.00918490568605751
17908,291,0.139620959758759
17908,1164,0.139620959758759
13474,14070,0.0165276707812818
14070,14582,0.0140934612851892
14582,15019,0.0224239361728286
15019,15852,0.0423237832174414
15852,17557,0.0842070827881495
17557,5841,0.0728548355400562
17557,20580,0.0448548346757889
20580,2681,0.0280000008642673
20580,6080,0.0280000008642673
15852,17558,0.0110652806858222
17558,18015,0.0390893071889877
18015,5822,0.106907330453396
18015,6911,0.106907330453396
17558,18016,0.0256906300783157
18016,4707,0.120306007564068
18016,7066,0.120306007564068
15019,15853,0.0137850706066404
15853,16405,0.0392460748553276
16405,1371,0.146354556083679
16405,3694,0.146354556083679
15853,16406,0.0374953523278236
16406,8654,0.148105278611183
16406,17933,0.0200849659740925
17933,5358,0.128020312637091
17933,18734,0.0180292390286922
18734,6253,0.109991073608398
18734,9775,0.109991073608398
14582,15020,0.0212184954781523
15020,4301,0.200591142240324
15020,15820,0.00379912912497046
15820,3900,0.196792013115353
15820,15942,0.0122361089738589
15942,16462,0.0216301888937042
16462,6524,0.16292571524779
16462,17324,0.0280365819732348
17324,6446,0.134889133274555
17324,18473,0.0117845386266708
18473,6548,0.123104594647884
18473,8443,0.123104594647884
15942,16463,0.0190415754269212
16463,17209,0.0187860664093133
17209,7782,0.14672826230526
17209,17992,0.0391228497028351
17992,4227,0.107605412602425
17992,9676,0.107605412602425
16463,17210,0.00183893640191007
17210,17288,0.0652826188930443
17288,19826,0.0323704890906811
19826,3752,0.0660222843289375
19826,6725,0.0660222843289375
17288,19827,0.0120511315762997
19827,3751,0.0863416418433189
19827,4782,0.0863416418433189
17210,17289,0.020033346010106
17289,18114,0.0429847471415997
18114,5281,0.100657299160957
18114,8824,0.100657299160957
17289,18115,0.015948681284984
18115,18746,0.0481872732440631
18746,6302,0.07950609177351
18746,7238,0.07950609177351
18115,18747,0.0246764148275057
18747,5085,0.103016950190067
18747,19647,0.026728555560112
19647,943,0.0762883946299553
19647,5694,0.0762883946299553
14070,14583,0.00734276350777224
14583,985,0.228560335495893
14583,14802,0.0205710414139663
14802,10429,0.207989294081926
14802,15530,0.006286242355903
15530,9642,0.201703051726023
15530,15768,0.00608874573594048
15768,5264,0.195614305990083
15768,15982,0.00316991616081405
15982,8983,0.192444389829269
15982,16122,0.0215066716265984
16122,5953,0.17093771820267
16122,16966,0.0242316458551657
16966,17993,0.0254408608944643
17993,19003,0.0428579611082872
19003,8380,0.0784072503447533
19003,9954,0.0784072503447533
17993,19004,0.03768174101909
19004,8930,0.0835834704339504
19004,20291,0.0478691831231117
20291,2834,0.0357142873108387
20291,10472,0.0357142873108387
16966,17994,0.00809129238838241
17994,5212,0.138614779959122
17994,18303,0.014197537365059
18303,18891,0.0807664478197694
18891,5534,0.0436507947742939
18891,9712,0.0436507947742939
18303,18892,0.0217570286865036
18892,2420,0.10266021390756
18892,19663,0.0182580140729745
19663,7455,0.0844021998345852
19663,20271,0.0148352645337582
20271,734,0.069566935300827
20271,5942,0.069566935300827
12597,12857,0.00181249665524313
12857,12906,0.00418078992370657
12906,3394,0.294417396443231
12906,13027,0.0128248907287581
13027,13302,0.0351704868586625
13302,4470,0.24642201885581
13302,14267,0.0204907171428204
14267,253,0.22593130171299
14267,14886,0.0403919667005539
14886,1407,0.185539335012436
14886,16407,0.0424911379814148
16407,1719,0.143048197031021
16407,7962,0.143048197031021
13027,13303,0.0147159009325533
13303,13692,0.0193664150301353
13692,14228,0.00833923032548697
14228,14468,0.0270093364848031
14468,3565,0.212161622941494
14468,15371,0.0754244402050972
15371,1882,0.136737182736397
15371,9982,0.136737182736397
14228,14469,0.00659927492490922
14469,8142,0.232571684501388
14469,14675,0.0138600334675625
14675,15116,0.0551945335335202
15116,3071,0.163517117500305
15116,5282,0.163517117500305
14675,15117,0.0279860041207737
15117,3223,0.190725646913052
15117,16200,0.0236501321196556
16200,17147,0.0747533962130547
17147,2240,0.0923221185803413
17147,4367,0.0923221185803413
16200,17148,0.00740597248077393
17148,5721,0.159669542312622
17148,17458,0.0225476463635763
17458,18374,0.0558626006046931
18374,1808,0.0812592953443527
18374,2117,0.0812592953443527
17458,18375,0.0219434003035227
18375,8911,0.115178495645523
18375,19225,0.0722825191915035
19225,2865,0.0428959764540195
19225,6942,0.0428959764540195
13692,14229,0.00154861051520561
14229,14279,0.0417438249321694
14279,4656,0.204217754304409
14279,15670,0.0509460642933846
15670,1629,0.153271690011024
15670,5986,0.153271690011024
14229,14280,0.00927601781545362
14280,7853,0.236685561421125
14280,14540,0.00888964167902825
14540,14827,0.0338118582625281
14827,3553,0.193984061479568
14827,8042,0.193984061479568
14540,14828,0.00567659148664187
14828,14995,0.0338729886958996
14995,4259,0.188246339559555
14995,8145,0.188246339559555
14828,14996,0.00355487824152639
14996,5706,0.218564450013928
14996,15122,0.0042921289983319
15122,4524,0.214272321015596
15122,15305,0.00588629106298472
15305,9967,0.208386029952612
15305,15516,0.00296812240089642
15516,2562,0.205417907551715
15516,15620,0.00826935090686318
15620,741,0.197148556644852
15620,15930,0.00218584774447991
15930,8562,0.194962708900372
15930,16024,0.0135941398188923
16024,16570,0.103658018803055
16570,1707,0.0777105502784252
16570,20439,0.0361978299915791
20439,1666,0.0415127202868462
20439,3432,0.0415127202868462
16024,16571,0.0129050267522904
16571,17081,0.0106220972493179
17081,17524,0.0379404187912033
17524,155,0.119901026288668
17524,19058,0.0380680317680041
19058,6529,0.0818329945206642
19058,20333,0.00436070077121258
20333,780,0.0774722937494516
20333,20445,0.0137060352911552
20445,202,0.0637662584582965
20445,20777,0.02522796827058
20777,8196,0.0385382901877165
20777,21095,0.0123972576111555
21095,4039,0.026141032576561
21095,8294,0.026141032576561
17081,17525,0.00521467235826309
17525,7840,0.152626772721608
17525,17739,0.0268751646702488
17739,18833,0.0305086905136704
18833,1845,0.0952429175376892
18833,5670,0.0952429175376892
17739,18834,0.00961597605297963
18834,3703,0.11613563199838
18834,19197,0.0243568507333597
19197,9870,0.0917787812650204
19197,20041,0.0169188193976879
20041,964,0.0748599618673325
20041,4507,0.0748599618673325
16571,17082,0.00418948474882444
17082,3999,0.164274057580365
17082,17266,0.0105268360158197
17266,9440,0.153747221564545
17266,17697,0.0172198033435088
17697,18408,0.0307238093266884
18408,19541,0.0325675159692764
19541,346,0.0732360929250717
19541,20570,0.0121758952736855
20570,5638,0.0610601976513863
20570,6920,0.0610601976513863
18408,19542,0.023102194070816
19542,3020,0.0827014148235321
19542,6836,0.0827014148235321
17697,18409,0.00634897302974155
18409,18665,0.02332654333225
18665,1246,0.106851901859045
18665,19504,0.0257347412407398
19504,3174,0.0811171606183052
19504,3686,0.0811171606183052
18409,18666,0.00686570314109008
18666,18941,0.0110402976827962
18941,19328,0.0183205038309097
19328,4787,0.093951940536499
19328,5383,0.093951940536499
18941,19329,0.0106454018503428
19329,1591,0.101627042517066
19329,19704,0.0202474854886532
19704,20344,0.0467387642711401
20344,2723,0.0346407927572727
20344,6954,0.0346407927572727
19704,20345,0.0164591018110514
20345,1663,0.0649204552173615
20345,4128,0.0649204552173615
18666,18942,0.00697662734559604
18942,2033,0.116336114704609
18942,2490,0.116336114704609
13303,13693,0.00471669485804782
13693,13803,0.0285981038190701
13803,14644,0.0137888836088005
14644,15082,0.0256541574994723
15082,6401,0.194118764996529
15082,16062,0.0308257460594177
16062,17301,0.0961691737174988
17301,2781,0.0671238452196121
17301,6079,0.0671238452196121
16062,17302,0.0142725706100464
17302,1577,0.149020448327065
17302,17895,0.0302837118506432
17895,2170,0.118736736476421
17895,9845,0.118736736476421
14644,15083,0.017740453282992
15083,3575,0.202032469213009
15083,15758,0.0452324822545052
15758,6089,0.156799986958504
15758,6654,0.156799986958504
13803,14645,0.00346284704627822
14645,2777,0.230098959058523
14645,14755,0.0155969634652138
14755,15291,0.0162381213158369
15291,15888,0.0154681708663702
15888,6367,0.182795703411102
15888,9718,0.182795703411102
15291,15889,0.00882867482249383
15889,16254,0.0563343470847165
16254,4501,0.133100852370262
16254,18553,0.0393887460231781
18553,561,0.093712106347084
18553,10426,0.093712106347084
15889,16255,0.00665017458851691
16255,7622,0.182785024866462
16255,16520,0.0329131279140711
16520,17849,0.0440184660255909
17849,9208,0.1058534309268
17849,19540,0.0235562436282635
19540,190,0.0822971872985363
19540,20324,0.0136835910379887
20324,1016,0.0686135962605476
20324,7062,0.0686135962605476
16520,17850,0.0365960747003555
17850,19289,0.070082038640976
19289,1541,0.0431937836110592
19289,1917,0.0431937836110592
17850,19290,0.0597854852676392
19290,3920,0.053490336984396
19290,6019,0.053490336984396
14755,15292,0.0129202604293823
15292,15779,0.0687529183924198
15779,582,0.132828816771507
15779,4183,0.132828816771507
15292,15780,0.0140919474263986
15780,2045,0.187489787737528
15780,16343,0.0460123593608538
16343,1074,0.141477428376675
16343,18205,0.00452258437871933
18205,3799,0.136954843997955
18205,9869,0.136954843997955
13693,13804,0.0025414284537506
13804,8302,0.259618481470121
13804,13863,0.01092692615056
13863,14196,0.0493529105765952
14196,1870,0.199338644742966
14196,9893,0.199338644742966
13863,14197,0.0114032823930557
14197,9591,0.237288272926505
14197,14519,0.00190078761412624
14519,14597,0.0317979416121607
14597,1749,0.203589543700218
14597,9764,0.203589543700218
14519,14598,0.0029946607835305
14598,5330,0.232392824528848
14598,14686,0.00139804085335574
14686,1791,0.230994783675493
14686,14724,0.00376539439812121
14724,7055,0.227229389277371
14724,14846,0.00401466459416869
14846,14962,0.0256622970337048
14962,7172,0.197552427649498
14962,9318,0.197552427649498
14846,14963,0.00121500352508433
14963,9529,0.221999721158118
14963,15006,0.00505561364711402
15006,15179,0.0109712571882811
15179,5774,0.205972850322723
15179,6812,0.205972850322723
15006,15180,0.00355490182673995
15180,10283,0.213389205684265
15180,15329,0.00194231024653899
15329,5575,0.211446895437726
15329,15403,0.00159079968180315
15403,6887,0.209856095755922
15403,15461,0.0011921327130692
15461,9217,0.208663963042853
15461,15506,0.0146463402899398
15506,4434,0.194017622752913
15506,16063,0.00408968326333584
16063,16241,0.0153702387363656
16241,8111,0.174557700753212
16241,16841,0.0192259401082993
16841,882,0.155331760644913
16841,2453,0.155331760644913
16063,16242,0.00118238962787062
16242,16289,0.0435886746089832
16289,6490,0.145156875252724
16289,10394,0.145156875252724
16242,16290,0.0145331432860271
16290,16856,0.0255385927855969
16856,17913,0.0233203160266081
17913,850,0.125353497763475
17913,18853,0.0230546792348226
18853,4269,0.102298818528652
18853,19679,0.0164738446474075
19679,5641,0.0858249738812447
19679,6053,0.0858249738812447
16856,17914,0.0221897922456264
17914,6925,0.126484021544456
17914,9192,0.126484021544456
16290,16857,0.0046675167249558
16857,17017,0.013085868779131
17017,1711,0.156459021071593
17017,17587,0.0199366504947344
17587,2972,0.136522370576859
17587,18410,0.00755736716091632
18410,4177,0.128965003415942
18410,18704,0.0427217017859221
18704,4736,0.0862433016300201
18704,20209,0.0145412944257259
20209,855,0.0717020072042942
20209,20607,0.0257497057318687
20607,7909,0.0459523014724255
20607,8201,0.0459523014724255
16857,17018,0.00376509373218642
17018,17196,0.0314761667201916
17196,979,0.134303629398346
17196,9871,0.134303629398346
17018,17197,0.000710596658644203
17197,5033,0.165069199459893
17197,17227,0.00302262540374484
17227,8712,0.162046574056149
17227,17362,0.002509398216551
17362,4168,0.159537175839598
17362,17463,0.0125475257731877
17463,17978,0.0279772849487407
17978,1080,0.119012365117669
17978,19101,0.0210498385131359
19101,19849,0.0536790136247873
19849,2368,0.0442835129797459
19849,3293,0.0442835129797459
19101,19850,0.009879095479846
19850,5552,0.0880834311246872
19850,8977,0.0880834311246872
17463,17979,0.0056451383918997
17979,5032,0.14134451167451
17979,18213,0.0142408802750565
18213,18773,0.0175325514896521
18773,3119,0.109571079909801
18773,19418,0.0116580046713352
19418,3959,0.0979130752384663
19418,19852,0.0257252690692743
19852,6004,0.072187806169192
19852,20595,0.0243303167323271
20595,6838,0.0478574894368649
20595,21015,0.0174212902784348
21015,2298,0.0304361991584301
21015,6519,0.0304361991584301
18213,18774,0.010450044710659
18774,19172,0.00915981358603428
19172,4021,0.10749377310276
19172,8160,0.10749377310276
18774,19173,0.00704184117895819
19173,8815,0.109611745509836
19173,19417,0.00904529303117516
19417,7366,0.100566452478661
19417,19739,0.0100090684843998
19739,20077,0.00930200020472209
20077,536,0.0812553837895393
20077,3389,0.0812553837895393
19739,20078,0.00732035810748737
20078,20300,0.00664153559641405
20300,20475,0.0149379460649057
20475,4587,0.0616575442254543
20475,8479,0.0616575442254543
20300,20476,0.00363951907916503
20476,10009,0.072955971211195
20476,20577,0.00840701063474018
20577,20755,0.0109195659557978
20755,1179,0.053629394620657
20755,20944,0.0040426179766655
20944,4233,0.0495867766439915
20944,4360,0.0495867766439915
20577,20756,0.00572336713473003
20756,2751,0.0588255934417248
20756,20862,0.0080668680369854
20862,7592,0.0507587254047394
20862,20980,0.00389277506619692
20980,2693,0.0468659503385425
20980,21032,0.00915516447275877
21032,21102,0.0294295307248831
21102,4751,0.00828125514090061
21102,9286,0.00828125514090061
21032,21103,0.0166619550436735
21103,1415,0.0210488308221102
21103,6973,0.0210488308221102
20078,20301,0.00333714112639427
20301,3509,0.0798998847603798
20301,8240,0.0798998847603798
12857,12907,0.00190590440549632
12907,12966,0.052445575594902
12966,137,0.244246706366539
12966,2605,0.244246706366539
12907,12967,0.0271616876125336
12967,4317,0.269530594348907
12967,6839,0.269530594348907
11439,11489,0.00459252024050227
11489,11568,0.0362737625837326
11568,3370,0.320595979690552
11568,8183,0.320595979690552
11489,11569,0.0168557167053223
11569,464,0.340014025568962
11569,11938,0.0750245302915573
11938,6277,0.264989495277405
11938,6741,0.264989495277405
10971,10983,0.00544753014432448
10983,8713,0.395525813102722
10983,11049,0.0729940235614777
11049,2951,0.322531789541245
11049,7367,0.322531789541245
10695,10702,0.000909513523449756
10702,10706,0.0432723148397225
10706,5790,0.39254903793335
10706,7513,0.39254903793335
10702,10707,0.00741961549505404
10707,10738,0.0274363148861266
10738,1192,0.400965422391891
10738,6201,0.400965422391891
10707,10739,0.000496386271695626
10739,10746,0.0242699087493949
10746,513,0.403635442256927
10746,4549,0.403635442256927
10739,10747,0.000966278413654043
10747,10755,0.0220424854592608
10755,3836,0.404896587133408
10755,10931,0.0298734903335571
10931,2119,0.37502309679985
10931,6526,0.37502309679985
10747,10756,0.000782882123346818
10756,10761,0.0173310462976068
10761,7769,0.408825144171715
10761,10903,0.0535306185483932
10903,652,0.355294525623322
10903,759,0.355294525623322
10756,10762,0.00187896687620109
10762,10781,0.00310521567476263
10781,9194,0.421172007918358
10781,10797,0.0122219870487849
10797,8481,0.408950020869573
10797,10900,0.0450600584348043
10900,4222,0.363889962434769
10900,11441,0.0425468683242798
11441,143,0.321343094110489
11441,4902,0.321343094110489
10762,10782,0.00209166260020505
10782,10793,0.0607394187962602
10793,6610,0.361446142196655
10793,11490,0.125034660100937
11490,4505,0.236411482095718
11490,9790,0.236411482095718
10782,10794,0.00689147194950357
10794,10828,0.0118268191807203
10828,10956,0.00388106272566591
10956,10997,0.0221117501114977
10997,823,0.377474457025528
10997,5651,0.377474457025528
10956,10998,0.00155530231275203
10998,7915,0.398030904824274
10998,11018,0.0229405580195867
11018,8180,0.375090346804687
11018,11288,0.0199402325265475
11288,11607,0.0170678677957672
11607,6182,0.338082246482372
11607,11988,0.048803157111009
11988,13136,0.133139952768882
13136,17609,0.0399426793058713
17609,8725,0.11619645729661
17609,19188,0.0536846332252026
19188,758,0.0625118240714073
19188,4347,0.0625118240714073
13136,17610,0.0331296188135942
17610,3641,0.123009517788887
17610,8610,0.123009517788887
11988,13137,0.0416453490654627
13137,7506,0.247633740305901
13137,14227,0.0386466830968857
14227,393,0.208987057209015
14227,1015,0.208987057209015
11288,11608,0.00398914550280483
11608,978,0.351160968775335
11608,11681,0.0158029696359727
11681,7800,0.335357999139362
11681,12058,0.00241847796803601
12058,12115,0.0212522603051608
12115,4145,0.311687260866165
12115,9773,0.311687260866165
12058,12116,0.00225864916808849
12116,6419,0.330680872003237
12116,12172,0.00195245166135027
12172,5872,0.328728420341887
12172,12227,0.0343310063274342
12227,13030,0.0287192219865614
13030,13724,0.0218311751618831
13724,14332,0.0330914302418629
14332,842,0.210755586624146
14332,15421,0.0458402335643768
15421,1536,0.164915353059769
15421,1973,0.164915353059769
13724,14333,0.0257981475442648
14333,15137,0.0310557174185912
15137,1312,0.186993151903152
15137,7928,0.186993151903152
14333,15138,0.0264584469298522
15138,1812,0.191590422391891
15138,16152,0.0233907453715801
16152,9164,0.168199677020311
16152,17096,0.0245954630275567
17096,10177,0.143604213992755
17096,18116,0.0143060150245825
18116,8029,0.129298198968172
18116,18695,0.0153269954025745
18695,1841,0.113971203565598
18695,3731,0.113971203565598
13030,13725,0.0144369559306087
13725,14100,0.0386988363332219
14100,1335,0.212542399764061
14100,15359,0.0687133967876434
15359,1139,0.143829002976418
15359,6877,0.143829002976418
13725,14101,0.0183434239692158
14101,8182,0.232897812128067
14101,14663,0.0549069583415985
14663,2193,0.177990853786469
14663,16717,0.0134808346629143
16717,9058,0.164510019123554
16717,17255,0.0415800362825394
17255,5105,0.122929982841015
17255,18962,0.0263438001275063
18962,5600,0.0965861827135086
18962,9990,0.0965861827135086
12227,13031,0.0193400915971387
13031,13465,0.0106056622014596
13465,4678,0.264451660215855
13465,13749,0.00868610888719556
13749,13975,0.0485673785209656
13975,5151,0.207198172807693
13975,6081,0.207198172807693
13749,13976,0.0335450990332498
13976,9808,0.222220452295409
13976,14994,0.0292251509806467
14994,16104,0.0980396558131491
16104,3058,0.0949556455016136
16104,5922,0.0949556455016136
14994,16105,0.0271215490287258
16105,17189,0.04585701910158
17189,19050,0.0429581571370363
19050,1053,0.0770585760474205
19050,9526,0.0770585760474205
17189,19051,0.032016197219491
19051,2839,0.0880005359649658
19051,10210,0.0880005359649658
16105,17190,0.0231414375205835
17190,4311,0.142732314765453
17190,18149,0.0102418884634972
18149,2207,0.132490426301956
18149,3113,0.132490426301956
13031,13466,0.00675865375460721
13466,13647,0.0103346313039462
13647,3203,0.257964037358761
13647,13915,0.0223010182380676
13915,14592,0.0381404533982277
14592,3983,0.197522565722466
14592,7034,0.197522565722466
13915,14593,0.0233616754412651
14593,3715,0.212301343679428
14593,9841,0.212301343679428
13466,13648,0.00947817961374919
13648,1941,0.258820489048958
13648,13887,0.0241695791482925
13887,8461,0.234650909900665
13887,8817,0.234650909900665
10828,10957,0.00326771521497338
10957,2542,0.400199554647718
10957,10990,0.0353536646603506
10990,11428,0.00893439668597595
11428,1662,0.355911493301392
11428,7259,0.355911493301392
10990,11429,0.00582956526344697
11429,11522,0.0184394971978281
11522,8211,0.340576827526093
11522,9540,0.340576827526093
11429,11523,0.00109896823283173
11523,8933,0.357917356491089
11523,11549,0.0279310134384366
11549,12192,0.0133338370358843
12192,12474,0.0300690786769757
12474,3759,0.286583427339792
12474,13202,0.0164409797224734
13202,13600,0.0339045603242185
13600,14558,0.0656733401119709
14558,16985,0.110530994832516
16985,1393,0.0600335523486137
16985,9150,0.0600335523486137
14558,16986,0.0185006037354469
16986,6985,0.152063943445683
16986,17761,0.0774538442492485
17761,1856,0.074610099196434
17761,1900,0.074610099196434
13600,14559,0.0317060140271981
14559,8918,0.204531873265902
14559,15647,0.100964243213336
15647,4244,0.103567630052567
15647,19632,0.0581130832433701
19632,7429,0.0454545468091965
19632,7702,0.0454545468091965
13202,13601,0.0083037432697084
13601,3592,0.26183870434761
13601,13810,0.0467532426118851
13810,7546,0.215085461735725
13810,8869,0.215085461735725
12192,12475,0.028445422076262
12475,2056,0.288207083940506
12475,5213,0.288207083940506
11549,12193,0.0109988159887375
12193,1920,0.318987527063915
12193,12412,0.0192832299286411
12412,12876,0.081549762437741
12876,3964,0.218154534697533
12876,4450,0.218154534697533
12412,12877,0.0185947141831829
12877,13318,0.0223686859721229
13318,13892,0.0374575058619182
13892,2690,0.22128339111805
13892,4695,0.22128339111805
13318,13893,0.012422392765681
13893,4156,0.246318504214287
13893,14274,0.065427303314209
14274,3458,0.180891200900078
14274,10403,0.180891200900078
12877,13319,0.00973646449191234
13319,13578,0.109035457670689
13578,252,0.16233766078949
13578,2408,0.16233766078949
13319,13579,0.0501547522842884
13579,201,0.22121836617589
13579,15037,0.0400972900291284
15037,3645,0.181121076146762
15037,16578,0.0843004348377387
16578,7365,0.0968206413090229
16578,19887,0.0217415504157543
19887,4518,0.0750790908932686
19887,6795,0.0750790908932686
10794,10829,0.00236126786820651
10829,10854,0.0487042447534677
10854,3713,0.364228576421738
10854,5629,0.364228576421738
10829,10855,0.00375474160363048
10855,10896,0.0077572578253845
10896,883,0.40142082174619
10896,10981,0.0299747337897618
10981,6128,0.371446087956429
10981,11333,0.104432120919228
11333,6138,0.267013967037201
11333,6386,0.267013967037201
10855,10897,0.00500835776255659
10897,10938,0.0122671558529026
10938,11071,0.0487653017044067
11071,5192,0.343137264251709
11071,6363,0.343137264251709
10938,11072,0.0191152840852737
11072,11318,0.0595666319131851
11318,3143,0.313220649957657
11318,9014,0.313220649957657
11072,11319,0.0520944148302078
11319,3659,0.320692867040634
11319,12384,0.0358500182628632
12384,526,0.284842848777771
12384,2624,0.284842848777771
10897,10939,0.00369974144706831
10939,10988,0.122295490625393
10988,3941,0.278174489736557
10988,9036,0.278174489736557
10939,10989,0.00102294069022074
10989,11001,0.0299503663261634
11001,6602,0.369496673345566
11001,6757,0.369496673345566
10989,11002,0.000326391813660454
11002,9233,0.399120647858069
11002,11007,0.0114158005742484
11007,11121,0.00758668629207998
11121,11203,0.00240902557857053
11203,6228,0.37770913541317
11203,11239,0.0742191225290298
11239,4100,0.30349001288414
11239,4428,0.30349001288414
11121,11204,0.00181468275527208
11204,2864,0.378303478236468
11204,11231,0.0032981540064187
11231,1616,0.37500532423005
11231,11289,0.00639540901524999
11289,191,0.3686099152148
11289,11375,0.0130243694467715
11375,11602,0.00821661765958448
11602,11761,0.047675194654693
11761,2819,0.299693733453751
11761,6862,0.299693733453751
11602,11762,0.0148726019063904
11762,12127,0.0399993311877503
12127,2214,0.292496995014303
12127,13078,0.00754552235936418
13078,13234,0.0207766834646463
13234,3158,0.264174789190292
13234,6351,0.264174789190292
13078,13235,0.00666123864551388
13235,13386,0.0139801124731699
13386,4757,0.264310121536255
13386,8545,0.264310121536255
13235,13387,0.00574027697245277
13387,442,0.272549957036972
13387,13540,0.00482799471528444
13540,13660,0.0630622023233661
13660,2428,0.204659759998322
13660,5242,0.204659759998322
13540,13661,0.0196003230378838
13661,7606,0.248121639283804
13661,14217,0.0214154339044085
14217,14865,0.0897151366585777
14865,6851,0.136991068720818
14865,18384,0.0134088819225629
18384,5677,0.123582186798255
18384,18926,0.0280917833248774
18926,9183,0.0954904034733772
18926,19923,0.0370272472500801
19923,7748,0.0584631562232971
19923,9405,0.0584631562232971
14217,14866,0.0101345210408507
14866,15196,0.0625909672755944
15196,121,0.15398071706295
15196,3226,0.15398071706295
14866,15197,0.0171211527366387
15197,15847,0.023022815419568
15847,1159,0.176427716182338
15847,16770,0.0264205330775844
16770,17836,0.0278580198685328
17836,18984,0.0410656196375688
18984,7397,0.0810835435986519
18984,8259,0.0810835435986519
17836,18985,0.012200949092706
18985,351,0.109948214143515
18985,19402,0.0310737602412701
19402,3679,0.0788744539022446
19402,9783,0.0788744539022446
16770,17837,0.019372882694006
17837,8048,0.130634300410748
17837,18648,0.0239445082843304
18648,1443,0.106689792126417
18648,19513,0.0499756932258606
19513,7642,0.0567140989005566
19513,8571,0.0567140989005566
15197,15848,0.0144068665802479
15848,16435,0.0344963791469733
16435,5906,0.150547285874685
16435,17814,0.0396956702073415
17814,4799,0.110851615667343
17814,19371,0.0389104709029198
19371,3268,0.0719411447644234
19371,5812,0.0719411447644234
15848,16436,0.0286291189491749
16436,8114,0.156414546072483
16436,17589,0.0169958099722862
17589,1166,0.139418736100197
17589,18291,0.0495044849812984
18291,9616,0.0899142511188984
18291,20100,0.0177887417376041
20100,3409,0.0721255093812943
20100,6523,0.0721255093812943
11762,12128,0.0218016292512235
12128,12612,0.0318722238824828
12612,13371,0.00772091581781309
13371,9552,0.271101557250534
13371,13584,0.0174393447838268
13584,14039,0.0396481591219804
14039,15308,0.0254157384236654
15308,6030,0.188598314921061
15308,16295,0.00987422714630762
16295,378,0.178724087774754
16295,16686,0.0587992444634438
16686,3108,0.11992484331131
16686,7273,0.11992484331131
14039,15309,0.00530240684747696
15309,9802,0.20871164649725
15309,15503,0.0112262591719627
15503,1067,0.197485387325287
15503,5332,0.197485387325287
13584,14040,0.0097061111948657
14040,14323,0.0284458461734984
14323,3758,0.215510255098343
14323,15244,0.01879869500796
15244,15948,0.0409953941901525
15948,8378,0.15571616590023
15948,17625,0.0390444323420525
17625,2113,0.116671733558178
17625,10493,0.116671733558178
15244,15949,0.0173180749018987
15949,16,0.179393485188484
15949,8221,0.179393485188484
14040,14324,0.0110775274369452
14324,14664,0.028918676674366
14664,15674,0.0288442354649305
15674,16819,0.0722848866134882
16819,2467,0.102830775082111
16819,7080,0.102830775082111
15674,16820,0.0249077249318361
16820,17830,0.0337277501821518
17830,7765,0.116480186581612
17830,10565,0.116480186581612
16820,17831,0.012276902794838
17831,3033,0.137931033968925
17831,8270,0.137931033968925
14664,15675,0.0124324758847555
15675,7719,0.191527421275775
15675,16163,0.0257348070542018
16163,6234,0.165792614221573
16163,17195,0.0516747683286667
17195,4394,0.114117845892906
17195,9614,0.114117845892906
14324,14665,0.0286227296789487
14665,15667,0.0627457747856776
15667,9350,0.14151006937027
15667,10357,0.14151006937027
14665,15668,0.0519782106081645
15668,8459,0.152277633547783
15668,17755,0.0381402894854546
17755,3740,0.114137344062328
17755,8171,0.114137344062328
12612,13372,0.000957689066042822
13372,64,0.277864784002304
13372,13395,0.0401146709918976
13395,5902,0.237750113010406
13395,8215,0.237750113010406
12128,12613,0.0170784679989721
12613,1285,0.293616228951858
12613,13050,0.0100430747408133
13050,4871,0.283573154211044
13050,13262,0.0118919691443443
13262,13569,0.0295352332293987
13569,450,0.242145951837301
13569,14387,0.0566083379089832
14387,16408,0.0856022164225578
16408,4341,0.0999353975057602
16408,8529,0.0999353975057602
14387,16409,0.0586145296692848
16409,2327,0.126923084259033
16409,6246,0.126923084259033
13262,13570,0.0185859440101517
13570,14058,0.0149484591351615
14058,146,0.238146781921387
14058,5796,0.238146781921387
13570,14059,0.00692956745624546
14059,14275,0.0241667361723052
14275,7175,0.221998937427998
14275,15009,0.0483080372214317
15009,4632,0.173690900206566
15009,5266,0.173690900206566
14059,14276,0.0234264831410514
14276,14978,0.0235289192199707
14978,8943,0.199210271239281
14978,15861,0.031189168492953
15861,7086,0.168021102746328
15861,17098,0.0150373627742132
17098,2086,0.152983739972115
17098,17724,0.0657704472541809
17724,2985,0.0872132927179337
17724,6849,0.0872132927179337
14276,14979,0.022097058362431
14979,4889,0.20064213209682
14979,15819,0.011714856657717
15819,16281,0.0199177240331968
16281,106,0.169009551405907
16281,17045,0.0925782471895218
17045,4993,0.0764313042163849
17045,9643,0.0764313042163849
15819,16282,0.00688256671031318
16282,5366,0.18204470872879
16282,16550,0.0156525053083897
16550,8825,0.166392203420401
16550,17176,0.0678134877234697
17176,19816,0.0371507573872805
19816,6572,0.0614279583096504
19816,9495,0.0614279583096504
17176,19817,0.0269575286656618
19817,1130,0.0716211870312691
19817,4249,0.0716211870312691
11375,11603,0.00310261540364914
11603,33,0.352482930364379
11603,11662,0.00601196563680056
11662,11778,0.0108288951494076
11778,12050,0.0472994744777679
12050,4096,0.288342595100403
12050,6926,0.288342595100403
11778,12051,0.0452529788017273
12051,3961,0.290389090776443
12051,6326,0.290389090776443
11662,11779,0.00409603631407712
11779,11878,0.0153492168770938
11878,5860,0.327025711536407
11878,12265,0.0176384598016739
12265,8902,0.309387251734734
12265,12650,0.0346565693616867
12650,1767,0.274730682373047
12650,6764,0.274730682373047
11779,11879,0.00300913206031089
11879,11954,0.0213749270695142
11954,963,0.317990869283676
11954,3566,0.317990869283676
11879,11955,0.000823766539706505
11955,11979,0.0623205458676373
11979,9553,0.276221483945847
11979,13438,0.0414350926876068
13438,504,0.23478639125824
13438,1102,0.23478639125824
11955,11980,0.000699491644928052
11980,5068,0.337842538168556
11980,11993,0.00219027132841576
11993,12048,0.012115274767081
12048,5475,0.323536992073059
12048,9494,0.323536992073059
11993,12049,0.00605501847157075
12049,12203,0.0376594203046045
12203,7155,0.291937828063965
12203,10245,0.291937828063965
12049,12204,0.000574712952207956
12204,12219,0.0439319995372262
12219,1428,0.285090535879135
12219,9672,0.285090535879135
12204,12220,0.00369548154471327
12220,2196,0.325327053871648
12220,12297,0.0168998647577178
12297,12669,0.00288794030863321
12669,5341,0.305539248805297
12669,12729,0.00398953767367322
12729,867,0.301549711131624
12729,12831,0.00495358338313445
12831,4356,0.296596127748489
12831,12973,0.0251904873699738
12973,13576,0.0227414893111964
13576,14198,0.046125660771909
14198,7343,0.20253849029541
14198,15726,0.0196029394865036
15726,9186,0.182935550808907
15726,16518,0.0248890891671181
16518,9001,0.158046461641788
16518,17514,0.0357427299022675
17514,5065,0.122303731739521
17514,6037,0.122303731739521
13576,14199,0.0159751864566658
14199,14671,0.0170505333916991
14671,15234,0.0398873858726941
15234,6235,0.17575104534626
15234,16800,0.06307003647089
16800,159,0.11268100887537
16800,8028,0.11268100887537
14671,15235,0.00417894478409717
15235,921,0.211459486434857
15235,15402,0.00549645868666243
15402,888,0.205963027748195
15402,15603,0.0360711744487888
15603,17006,0.0690518659022119
17006,3743,0.100839987397194
17006,7807,0.100839987397194
15603,17007,0.0428862033027505
17007,18775,0.0208147971757821
18775,4086,0.106190852820873
18775,19526,0.0197639673948288
19526,10489,0.0864268854260445
19526,20199,0.0115781897678971
20199,8060,0.0748486956581473
20199,20530,0.00934180524200201
20530,7896,0.0655068904161453
20530,20735,0.0078771598637104
20735,220,0.0576297305524349
20735,20887,0.0363282989710569
20887,824,0.021301431581378
20887,4945,0.021301431581378
17007,18776,0.0152632727154663
18776,1840,0.111742377281189
18776,10246,0.111742377281189
14199,14672,0.0064530409429045
14672,9902,0.226235923667749
14672,14878,0.0114480232199033
14878,866,0.214787900447845
14878,15275,0.0359027832746506
15275,7308,0.178885117173195
15275,16680,0.0256183197100957
16680,8536,0.153266797463099
16680,17712,0.0167747909824053
17712,2048,0.136492006480694
17712,18411,0.0296561419963837
18411,1515,0.10683586448431
18411,9934,0.10683586448431
12973,13577,0.00251658171063573
13577,49,0.26888905866788
13577,13630,0.0175126041357333
13630,14088,0.0230604827404023
14088,14812,0.0606653317809105
14812,17121,0.0717610046267509
17121,1071,0.0958896353840828
17121,5518,0.0958896353840828
14812,17122,0.0274991244077682
17122,444,0.140151515603065
17122,6684,0.140151515603065
14088,14813,0.0443974360823631
14813,2870,0.183918535709381
14813,5026,0.183918535709381
13630,14089,0.00326467242680104
14089,8433,0.248111782105345
14089,14218,0.00618677268251341
14218,2426,0.241925009422832
14218,14401,0.0284641572722682
14401,15325,0.0180590904697224
15325,8864,0.195401761680841
15325,15995,0.0223722917338212
15995,16897,0.0502993563810984
16897,7006,0.122730113565922
16897,8586,0.122730113565922
15995,16898,0.00764131496349971
16898,1614,0.16538815498352
16898,17218,0.0418088186532259
17218,606,0.123579336330295
17218,18927,0.0296478749563297
18927,2809,0.093931461373965
18927,19974,0.0222686777512233
19974,4623,0.0716627836227417
19974,20610,0.00742426514625549
20610,583,0.0642385184764862
20610,3586,0.0642385184764862
14401,15326,0.0118046484335705
15326,3780,0.201656203716993
15326,15772,0.00266153950776374
15772,5722,0.19899466420923
15772,15869,0.0127032651078133
15869,4386,0.186291399101416
15869,16383,0.0283234674069616
16383,17517,0.0328333257801003
17517,6874,0.125134605914354
17517,18868,0.0356901399791241
18868,6863,0.0894444659352303
18868,8419,0.0894444659352303
16383,17518,0.000565446085400045
17518,2332,0.157402485609055
17518,17547,0.0607859343290329
17547,1418,0.0966165512800217
17547,5297,0.0966165512800217
12297,12670,0.0021370587967191
12670,12712,0.0122393175959587
12712,5340,0.294050812721252
12712,9290,0.294050812721252
12670,12713,0.00130622586826001
12713,12746,0.00732631415723428
12746,12941,0.0251085301713862
12941,13541,0.0292155207890875
13541,14346,0.0059648140910126
14346,3884,0.237368725240231
14346,14515,0.0171489045023918
14515,15072,0.0235114160180092
15072,15950,0.0340775859355927
15950,3164,0.162630818784237
15950,17337,0.00785301377375922
17337,2090,0.154777805010478
17337,17663,0.0338570351401965
17663,2310,0.120920769870281
17663,19019,0.0458159223198891
19019,1904,0.0751048475503922
19019,3557,0.0751048475503922
15072,15951,0.0166599406467544
15951,7294,0.180048464073075
15951,16622,0.0110147802366151
16622,17043,0.0635115168988705
17043,344,0.10552216693759
17043,19558,0.0343638025224209
19558,6617,0.0711583644151688
19558,9055,0.0711583644151688
16622,17044,0.0207468792796135
17044,17926,0.0129456371068954
17926,8910,0.135341167449951
17926,18455,0.0385389253497124
18455,3137,0.0968022421002388
18455,4486,0.0968022421002388
17044,17927,0.0115711465477943
17927,2060,0.136715658009052
17927,18397,0.0741295740008354
18397,2576,0.0625860840082169
18397,2587,0.0625860840082169
14515,15073,0.00930878271659216
15073,15416,0.026767003039519
15416,4487,0.184144034981728
15416,4973,0.184144034981728
15073,15417,0.0144394660989443
15417,10516,0.196471571922302
15417,15956,0.0402215719223022
15956,4883,0.15625
15956,6147,0.15625
13541,14347,0.00498335981918946
14347,14484,0.0234527203461362
14484,15268,0.0282274538444148
15268,16368,0.0223495773971081
16368,4416,0.164320427924395
16368,17264,0.040078017860651
17264,6271,0.124242410063744
17264,7878,0.124242410063744
15268,16369,0.0188111737370491
16369,5024,0.167858831584454
16369,17110,0.124099675565958
17110,2441,0.0437591560184956
17110,10305,0.0437591560184956
14484,15269,0.0195561088621617
15269,15998,0.0615227499769793
15998,8810,0.133818600326777
15998,18514,0.0306212417781353
18514,4696,0.103197358548641
18514,8845,0.103197358548641
15269,15999,0.0313534306155311
15999,198,0.163987919688225
15999,17280,0.136886730790138
17280,7206,0.0271011888980865
17280,10532,0.0271011888980865
14347,14485,0.0155853864736855
14485,14976,0.0549443170428276
14976,466,0.167820475995541
14976,17112,0.1270891726017
17112,914,0.0407313033938408
17112,6501,0.0407313033938408
14485,14977,0.0232881436745326
14977,15845,0.0476463337739309
15845,1167,0.151830315589905
15845,7826,0.151830315589905
14977,15846,0.0107564603288968
15846,7542,0.188720189034939
15846,16291,0.0719437822699547
16291,6992,0.116776406764984
16291,10538,0.116776406764984
12941,13542,0.0121520997132755
13542,13845,0.0105108735755649
13845,14159,0.0443572762111823
14159,1853,0.205528810620308
14159,15619,0.0344509854912758
15619,4928,0.171077825129032
15619,16959,0.0836019963026047
16959,181,0.0874758288264275
16959,7955,0.0874758288264275
13845,14160,0.0224157037834326
14160,4286,0.227470383048058
14160,14840,0.051532968878746
14840,1787,0.175937414169312
14840,3329,0.175937414169312
13542,13846,0.00728462581458023
13846,14056,0.00614086894525429
14056,102,0.246971465647221
14056,14244,0.0163438978294531
14244,14735,0.0550216299792131
14735,2561,0.175605937838554
14735,5856,0.175605937838554
14244,14736,0.0397899494402938
14736,16188,0.0480575900938776
16188,5825,0.142780028283596
16188,18147,0.0480190068483353
18147,9518,0.0947610214352608
18147,10306,0.0947610214352608
14736,16189,0.02822731104162
16189,651,0.162610307335854
16189,17338,0.0122207701206207
17338,2629,0.150389537215233
17338,9280,0.150389537215233
13846,14057,0.00382368779409009
14057,3363,0.249288646798385
14057,14186,0.0345049958907816
14186,15276,0.0419461339937918
15276,16903,0.069123192379872
16903,8122,0.103714324533939
16903,8150,0.103714324533939
15276,16904,0.0395618709425131
16904,545,0.133275645971298
16904,18543,0.0166247069835663
18543,2154,0.116650938987732
18543,19174,0.0182678153117498
19174,7470,0.0983831236759822
19174,19828,0.0380713740984599
19828,3691,0.0603117495775223
19828,20845,0.0241755172610283
20845,2384,0.036136232316494
20845,3280,0.036136232316494
14186,15277,0.010013677131433
15277,15640,0.0555006363207386
15640,9121,0.149269337455432
15640,17883,0.0339108842114607
17883,3060,0.115358453243971
17883,19215,0.023904625326395
19215,2545,0.0914538279175758
19215,6052,0.0914538279175758
15277,15641,0.0269654987468606
15641,16724,0.0581602801879247
16724,6968,0.119644194841385
16724,19069,0.0328190252184868
19069,4626,0.0868251696228981
19069,9385,0.0868251696228981
15641,16725,0.0223598579565684
16725,27,0.155444617072741
16725,17636,0.0454820642868678
17636,7847,0.109962552785873
17636,19401,0.0390831083059311
19401,6364,0.0708794444799423
19401,8565,0.0708794444799423
12746,12942,0.0171291566707871
12942,3407,0.28052843362093
12942,13337,0.00782995174328488
13337,8836,0.272698481877645
13337,13534,0.0407178451617559
13534,9358,0.231980636715889
13534,14699,0.0292996466159821
14699,3189,0.202680990099907
14699,6323,0.202680990099907
12713,12747,0.00714204260488832
12747,392,0.297841861844063
12747,12933,0.050722524523735
12933,3687,0.247119337320328
12933,6842,0.247119337320328
11007,11122,0.00379286153724867
11122,7465,0.383911985746572
11122,11160,0.00401003212376722
11160,7660,0.379901953622804
11160,11212,0.0210653819593304
11212,11531,0.0132290615647695
11531,11800,0.00964439253775867
11800,12039,0.0364275450321068
12039,2910,0.299535572528839
12039,4143,0.299535572528839
11800,12040,0.00267179006610457
12040,12100,0.016264086503249
12100,6493,0.317027240991592
12100,12468,0.0400216579437256
12468,6050,0.277005583047867
12468,7850,0.277005583047867
12040,12101,0.00122339066135912
12101,12144,0.0637506248313002
12144,2126,0.268317312002182
12144,2499,0.268317312002182
12101,12145,0.0012765704515742
12145,9331,0.330791366381908
12145,12169,0.00354413321273911
12169,12258,0.00327110884278087
12258,12316,0.0289570222298304
12316,4808,0.295019102096558
12316,13011,0.0205248191952705
13011,6197,0.274494282901287
13011,13482,0.0279952920973301
13482,14259,0.0749819315969944
14259,6046,0.171517059206963
14259,8197,0.171517059206963
13482,14260,0.0356923528015614
14260,1962,0.210806638002396
14260,9239,0.210806638002396
12258,12317,0.0248097131649653
12317,3518,0.299166411161423
12317,4631,0.299166411161423
12169,12259,0.00250804298450646
12259,12306,0.0824327193136908
12306,7236,0.242306470870972
12306,10251,0.242306470870972
12259,12307,0.00252165855284037
12307,12352,0.0207052604659743
12352,1203,0.301512271165848
12352,9547,0.301512271165848
12307,12353,0.00169175183450232
12353,5994,0.32052577979732
12353,12388,0.0021642050799216
12388,12430,0.0153229776104646
12430,4107,0.303038597106934
12430,4628,0.303038597106934
12388,12431,0.00325980826655958
12431,12505,0.0200197933749719
12505,6554,0.295081973075867
12505,9271,0.295081973075867
12431,12506,0.0100333287509202
12506,12739,0.0775813951536461
12739,567,0.227487042546272
12739,9134,0.227487042546272
12506,12740,0.00715837852920154
12740,12929,0.0175090714561878
12929,8238,0.280400987714529
12929,13342,0.0522325885082994
13342,14816,0.0180186937962259
14816,5905,0.210149705410004
14816,6616,0.210149705410004
13342,14817,0.00584205781065283
14817,14988,0.0314750512027078
14988,16186,0.0301141689221064
16186,17422,0.0704296359585391
17422,3301,0.0903074853122234
17422,20086,0.0301788710057735
20086,5298,0.0601286143064499
20086,9116,0.0601286143064499
16186,17423,0.0172705517874824
17423,6861,0.14346656948328
17423,18119,0.0919196084141731
18119,2802,0.0515469610691071
18119,10317,0.0515469610691071
14988,16187,0.0223164413538244
16187,17076,0.0259156562387943
17076,18157,0.0474467575550079
18157,3355,0.0951724350452423
18157,4067,0.0951724350452423
17076,18158,0.0409659817814827
18158,2661,0.101653210818768
18158,7277,0.101653210818768
16187,17077,0.0117904730141163
17077,6914,0.156744375824928
17077,9813,0.156744375824928
14817,14989,0.0024623901893695
14989,3040,0.219863951206207
14989,5132,0.219863951206207
12740,12930,0.00538252559979141
12930,5238,0.292527533570925
12930,13075,0.00130997859655213
13075,13112,0.0113353474615178
13112,6447,0.279882207512856
13112,13349,0.0626672208309174
13349,2799,0.217214986681938
13349,9962,0.217214986681938
13075,13113,0.00228574734131709
13113,4322,0.288931807633056
13113,13149,0.00375485886831128
13149,9158,0.285176948764745
13149,13231,0.0156900362798448
13231,13614,0.00912264995446321
13614,13847,0.0349786711426882
13847,6767,0.225385591387749
13847,14898,0.0419494807720184
14898,2008,0.18343611061573
14898,5001,0.18343611061573
13614,13848,0.00495608634673633
13848,5968,0.255408176183701
13848,13990,0.00337253017270045
13990,14078,0.0378666205898575
14078,1790,0.214169025421143
14078,10016,0.214169025421143
13990,14079,0.0156090432103129
14079,14547,0.0233879198630651
14547,9995,0.213038682937622
14547,15334,0.0451384782791138
15334,2653,0.167900204658508
15334,9490,0.167900204658508
14079,14548,0.018689478499194
14548,15161,0.0257970230929829
15161,16139,0.015556872235956
16139,9858,0.176383228972554
16139,16774,0.00867199871156896
16774,7217,0.167711230260985
16774,17120,0.0313256307372025
17120,18415,0.0591210968792439
18415,6955,0.0772645026445389
18415,10082,0.0772645026445389
17120,18416,0.0118992146104574
18416,2995,0.124486384913325
18416,18887,0.00900361500680447
18887,4371,0.115482769906521
18887,19213,0.0405341126024723
19213,9852,0.0749486573040485
19213,20529,0.0402914956212044
20529,8191,0.0346571616828442
20529,9185,0.0346571616828442
15161,16140,0.0126443527362965
16140,3250,0.179295748472214
16140,16656,0.0355350971221924
16656,3211,0.143760651350021
16656,8018,0.143760651350021
14548,15162,0.00571789792073621
15162,1031,0.212019226380757
15162,15378,0.051476616589796
15378,6528,0.160542609790961
15378,17434,0.0340196701387564
17434,18789,0.0362730957567692
18789,2646,0.0902498438954353
18789,7706,0.0902498438954353
17434,18790,0.0119912636776765
18790,4617,0.114531675974528
18790,19243,0.0305789733926455
19243,5153,0.0839527025818825
19243,20283,0.0360547788441181
20283,6956,0.0478979237377644
20283,6981,0.0478979237377644
13231,13615,0.00514705788906233
13615,13753,0.00926615822094456
13753,1225,0.255073696374893
13753,7346,0.255073696374893
13615,13754,0.00389947071619423
13754,10060,0.260440383879644
13754,13843,0.0045586758373492
13843,13973,0.02659666158405
13973,1238,0.229285046458244
13973,8034,0.229285046458244
13843,13974,0.00673376769125575
13974,14189,0.0470867342486674
14189,2591,0.202061206102371
14189,4119,0.202061206102371
13974,14190,0.00482768619901874
14190,7699,0.24432025415202
14190,14312,0.0233052551402902
14312,4391,0.22101499901173
14312,15050,0.015818917456191
15050,15628,0.0196939393092582
15628,16412,0.00795111485889979
16412,16732,0.0389299355447292
16732,1169,0.138621091842651
16732,2506,0.138621091842651
16412,16733,0.0040726326406002
16733,5878,0.17347839474678
16733,16874,0.0297501988708973
16874,18106,0.0382000908255577
18106,19554,0.0208963342010975
19554,4880,0.0846317708492279
19554,9320,0.0846317708492279
18106,19555,0.0104560889303684
19555,4943,0.095072016119957
19555,19934,0.0072345957159996
19934,6591,0.0878374204039574
19934,7986,0.0878374204039574
16874,18107,0.00919631049036979
18107,2763,0.134531885385513
18107,4053,0.134531885385513
15628,16413,0.00583945150326068
16413,16644,0.00996997651006831
16644,17012,0.0242691007442772
17012,961,0.145423613488674
17012,18040,0.0151373371481895
18040,2526,0.130286276340485
18040,7042,0.130286276340485
16644,17013,0.00296161494528255
17013,3563,0.166731099287669
17013,17166,0.00353930287417911
17166,3797,0.16319179641349
17166,17316,0.0136158385283344
17316,2826,0.149575957885155
17316,17868,0.00151824874755666
17868,4907,0.148057709137599
17868,17935,0.0235340269627394
17935,18885,0.0800399367042162
18885,10483,0.044483745470643
18885,21051,0.0197390504181385
21051,3480,0.0247446950525045
21051,5119,0.0247446950525045
17935,18886,0.0046446740075394
18886,19059,0.0277439401381546
19059,916,0.0921350680291653
19059,20032,0.0591180771589279
20032,1347,0.0330169908702374
20032,7517,0.0330169908702374
18886,19060,0.0172137877800398
19060,19660,0.050454125739634
19660,10227,0.052211094647646
19660,10365,0.052211094647646
19060,19661,0.0259964189802607
19661,6293,0.0766688014070193
19661,20474,0.0112867603699366
20474,1405,0.0653820410370827
20474,20738,0.0140582099556923
20738,3778,0.0513238310813904
20738,5578,0.0513238310813904
16413,16645,0.00900572656016602
16645,1254,0.170656964182854
16645,2805,0.170656964182854
15050,15629,0.00297042027776759
15629,7228,0.202225661277771
15629,15741,0.0226947265366713
15741,16647,0.0307711151738962
16647,1445,0.148759819567204
16647,17909,0.0189086124300957
17909,6486,0.129851207137108
17909,8951,0.129851207137108
15741,16648,0.00991510385365199
16648,6340,0.169615830887448
16648,17016,0.0320999556870172
17016,18355,0.0263730982939402
18355,8148,0.11114277690649
18355,10065,0.11114277690649
17016,18356,0.0243421547735731
18356,6748,0.113173720426857
18356,19292,0.013506564045591
19292,6901,0.0996671563812665
19292,19780,0.0101134810774099
19780,9704,0.0895536753038565
19780,20114,0.0136911960939566
20114,2575,0.0758624792098999
20114,20501,0.0143159858882427
20501,6100,0.0615464933216572
20501,20819,0.0144770732149482
20819,21030,0.0141249531880021
21030,3233,0.0329444669187069
21030,5287,0.0329444669187069
20819,21031,0.00593953300267458
21031,954,0.0411298871040344
21031,9370,0.0411298871040344
11531,11801,0.00778812755037239
11801,6432,0.337819382548332
11801,11996,0.0589906424283981
11996,2361,0.278828740119934
11996,4116,0.278828740119934
11212,11532,0.00304291674480345
11532,579,0.355793654918671
11532,11597,0.0292156636714935
11597,1804,0.326577991247177
11597,8996,0.326577991247177
10689,10696,0.00142391616833737
10696,10699,0.00223779805307012
10699,10713,0.0282379847794065
10713,10917,0.0300849750638008
10917,5957,0.376839369535446
10917,6396,0.376839369535446
10713,10918,0.00551045686006546
10918,6940,0.401413887739182
10918,10077,0.401413887739182
10699,10714,0.00315551263551633
10714,10727,0.0237002478821294
10727,5911,0.408306568861008
10727,8510,0.408306568861008
10714,10728,0.00461216213609994
10728,10752,0.0058652423374449
10752,3569,0.421529412269592
10752,4397,0.421529412269592
10728,10753,0.00243826829807203
10753,10769,0.0494516541770071
10769,1302,0.375504732131958
10769,4654,0.375504732131958
10753,10770,0.000586154216394186
10770,10779,0.0317340670697209
10779,5665,0.39263616502285
10779,11066,0.0337755233049393
11066,2295,0.358860641717911
11066,9836,0.358860641717911
10770,10780,0.00178828039670459
10780,10790,0.12872917540688
10790,105,0.293852776288986
10790,1858,0.293852776288986
10780,10791,0.0102265806011342
10791,10864,0.0222334640989588
10864,2718,0.390121906995773
10864,4906,0.390121906995773
10791,10865,0.00308902645351739
10865,10027,0.409266344641215
10865,10895,0.000524536890387839
10895,4299,0.408741807750827
10895,10906,0.00455504486018149
10906,10936,0.0433443561409201
10936,5826,0.360842406749725
10936,7676,0.360842406749725
10906,10937,0.00651254193675727
10937,6142,0.397674220953888
10937,11022,0.0111316262869777
11022,11137,0.0131458105997565
11137,6320,0.373396784067154
11137,11313,0.0331624448299408
11313,2692,0.340234339237213
11313,7890,0.340234339237213
11022,11138,0.00106833468563849
11138,11147,0.0226811223514451
11147,7608,0.362793137629827
11147,11459,0.0305221875508626
11459,8032,0.332270950078964
11459,12137,0.028031587600708
12137,4894,0.304239362478256
12137,5459,0.304239362478256
11138,11148,0.00298793527792407
11148,11170,0.0502984933015229
11170,427,0.332187831401825
11170,8804,0.332187831401825
11148,11171,0.00100476646223457
11171,11181,0.017610609688028
11181,11445,0.0491514801979065
11445,885,0.314719468355179
11445,5607,0.314719468355179
11181,11446,0.0329907536506653
11446,8298,0.33088019490242
11446,12166,0.0321799516677856
12166,5904,0.298700243234634
12166,7734,0.298700243234634
11171,11182,0.00224862480539839
11182,11219,0.0272928479451703
11219,8322,0.351940085490545
11219,11670,0.0359128316243489
11670,5040,0.316027253866196
11670,12483,0.0554826855659485
12483,440,0.260544568300247
12483,3924,0.260544568300247
11182,11220,0.00254032878486626
11220,11254,0.0348627980846102
11254,5831,0.341829806566238
11254,11890,0.012954443693161
11890,5708,0.328875362873077
11890,10004,0.328875362873077
11220,11255,0.00144698862849491
11255,11283,0.0715840535199695
11283,12774,0.0324881449341774
12774,5582,0.271173417568207
12774,7680,0.271173417568207
11283,12775,0.0269647613167763
12775,3149,0.276696801185608
12775,5076,0.276696801185608
11255,11284,0.0179022438003135
11284,11558,0.00369117511469358
11558,11626,0.00550040541728913
11626,11743,0.0257048738138384
11743,4368,0.322446917876219
11743,12343,0.00678859689296829
12343,12490,0.0346243729194005
12490,6735,0.28103394806385
12490,13322,0.0230331867933273
13322,3514,0.258000761270523
13322,7856,0.258000761270523
12343,12491,0.0192433521861121
12491,3074,0.296414968797139
12491,12975,0.00284440034076944
12975,8778,0.293570568456369
12975,13051,0.00428167488152054
13051,13134,0.0317576082888991
13134,901,0.25753128528595
13134,2760,0.25753128528595
13051,13135,0.0134989501412718
13135,10088,0.275789943433577
13135,13454,0.0028939365528054
13454,13530,0.0482406468973274
13530,9300,0.224655359983444
13530,14923,0.156010463833809
14923,2946,0.0686448961496353
14923,3846,0.0686448961496353
13454,13531,0.0308449070104774
13531,14393,0.031159517798513
14393,7550,0.210891582071781
14393,15419,0.0220066037561212
15419,16284,0.0248662877295698
16284,2719,0.16401869058609
16284,9105,0.16401869058609
15419,16285,0.0107975606584833
16285,16713,0.0197312739875281
16713,8865,0.158356143669649
16713,17499,0.0159405851228671
17499,9938,0.142415558546782
17499,18172,0.00891915650831329
18172,8530,0.133496402038468
18172,18532,0.0352372566445006
18532,8465,0.0982591453939676
18532,19835,0.0210779929267509
19835,2642,0.0771811524672168
19835,20458,0.00557003737915131
20458,8498,0.0716111150880655
20458,20612,0.00526759376128515
20612,3980,0.0663435213267803
20612,20709,0.0147333315263192
20709,20965,0.027074567352732
20965,3529,0.0245356224477291
20965,10144,0.0245356224477291
20709,20966,0.00607146633168062
20966,6437,0.0455387234687805
20966,21042,0.0155698359012604
21042,4087,0.0299688875675201
21042,7553,0.0299688875675201
16285,16714,0.0139872475216786
16714,4123,0.164100170135498
16714,8860,0.164100170135498
13531,14394,0.0125617816716663
14394,14767,0.046315825647778
14767,5492,0.18317349255085
14767,7874,0.18317349255085
14394,14768,0.0136929250425762
14768,15227,0.0251977860927582
15227,7600,0.190598607063293
15227,16205,0.0159420371055603
16205,9021,0.174656569957733
16205,16839,0.0937422886490822
16839,3331,0.080914281308651
16839,9155,0.080914281308651
14768,15228,0.0183158747851849
15228,4562,0.197480518370867
15228,15914,0.0508861280977726
15914,2469,0.146594390273094
15914,17996,0.0430074818432331
17996,7282,0.103586908429861
17996,19631,0.0320038311183453
19631,3169,0.0715830773115158
19631,5898,0.0715830773115158
11626,11744,0.00250997686802962
11744,11798,0.092768245095084
11798,4963,0.252873569726944
11798,10224,0.252873569726944
11744,11799,0.00232213517347241
11799,11859,0.0128599061080587
11859,623,0.330459773540497
11859,3561,0.330459773540497
11799,11860,0.000480868935579915
11860,11867,0.0130654442617122
11867,4369,0.329773366451263
11867,10335,0.329773366451263
11860,11868,0.00647181994445406
11868,12028,0.0450175201531346
12028,6809,0.291349470615387
12028,8105,0.291349470615387
11868,12029,0.00044070604965224
12029,12043,0.0229224764589053
12043,2488,0.313003808259964
12043,12560,0.0271001160144806
12560,6345,0.285903692245483
12560,10549,0.285903692245483
12029,12044,0.00125975390399463
12044,12069,0.0191757932574635
12069,9118,0.315490737557411
12069,12494,0.159344032406807
12494,590,0.156146705150604
12494,8015,0.156146705150604
12044,12070,0.00153483596380327
12070,12105,0.011771956143529
12105,7140,0.321359738707542
12105,12370,0.0306039303541183
12370,950,0.290755808353424
12370,2992,0.290755808353424
12070,12106,0.0054340224682996
12106,12249,0.0217975456871389
12249,2711,0.305900126695633
12249,7095,0.305900126695633
12106,12250,0.00174830069642329
12250,12289,0.0470442482141348
12289,4972,0.278905123472214
12289,8511,0.278905123472214
12250,12290,0.00273238204992743
12290,12331,0.20360055565834
12331,5767,0.119616433978081
12331,7609,0.119616433978081
12290,12332,0.00232092952876356
12332,6909,0.320896060107658
12332,12381,0.0215055526982957
12381,12881,0.00240997850552738
12881,12960,0.0308029044397994
12960,1855,0.266177624464035
12960,6810,0.266177624464035
12881,12961,0.00194258078890702
12961,388,0.295037948114927
12961,13008,0.0322264267349214
13008,13787,0.00811025613998861
13787,3026,0.254701265240017
13787,14004,0.00422968303362137
14004,977,0.250471582206396
14004,14142,0.00160093637523834
14142,3555,0.248870645831158
14142,14191,0.00237243400500886
14191,9519,0.246498211826149
14191,14261,0.00434157312439198
14261,7944,0.242156638701757
14261,14386,0.00617345826582866
14386,4904,0.235983180435928
14386,14578,0.00988691939838901
14578,9128,0.226096261037539
14578,14881,0.011016153821215
14881,15261,0.0132446462554591
15261,6878,0.201835460960865
15261,15763,0.0417721942067146
15763,1424,0.16006326675415
15763,6022,0.16006326675415
14881,15262,0.0105889915916923
15262,15651,0.0145491356799259
15651,1529,0.189941979944706
15651,16239,0.017735131084919
16239,6033,0.172206848859787
16239,8703,0.172206848859787
15262,15652,0.00715157566522598
15652,15917,0.00872390492198369
15917,9276,0.188615635037422
15917,16294,0.0116965621709824
16294,408,0.17691907286644
16294,7475,0.17691907286644
15652,15918,0.00174942423057345
15918,8547,0.195590115728832
15918,15985,0.0167125700925567
15985,16681,0.0202203251335813
16681,17492,0.0692030278344949
17492,7805,0.0894541926681995
17492,20116,0.00778165087103844
20116,4382,0.0816725417971611
20116,5386,0.0816725417971611
16681,17493,0.0132308279474576
17493,5165,0.145426392555237
17493,7605,0.145426392555237
15985,16682,0.00811566012317794
16682,16977,0.00999790972146467
16977,17420,0.0183639852330089
17420,18174,0.0491374112665653
18174,4482,0.0932625792920589
18174,19998,0.0296433381736279
19998,4211,0.0636192411184311
19998,4927,0.0636192411184311
17420,18175,0.0231393851339817
18175,19083,0.0447266362607479
19083,439,0.0745339691638947
19083,20536,0.0268376804888248
20536,835,0.0476962886750698
20536,2902,0.0476962886750698
18175,19084,0.025547806173563
19084,2460,0.0937127992510796
19084,5155,0.0937127992510796
16977,17421,0.0107770157977939
17421,9989,0.149986959993839
17421,17840,0.0595977107683818
17840,1551,0.0903892492254575
17840,20082,0.0356632110973199
20082,4385,0.0547260381281376
20082,20921,0.00929543748497963
20921,951,0.045430600643158
20921,7949,0.045430600643158
16682,16978,0.00232578785460449
16978,9692,0.168436097658493
16978,17083,0.00638177907860382
17083,17360,0.0198725197641622
17360,2241,0.142181798815727
17360,7263,0.142181798815727
17083,17361,0.0181714206809319
17361,18099,0.0364004608545754
18099,3771,0.107482437044382
18099,19495,0.0232120640575886
19495,6590,0.0842703729867935
19495,20277,0.0125880520790815
20277,1878,0.071682320907712
20277,20608,0.0208876226097345
20608,762,0.0507946982979774
20608,7215,0.0507946982979774
17361,18100,0.0033329040771542
18100,18246,0.0349808754820389
18246,5318,0.105569118339764
18246,19550,0.0134772790759279
19550,20033,0.0631083724709849
20033,21133,0.0118906539864838
21133,3281,0.0170928128063679
21133,4320,0.0170928128063679
20033,21134,0.00142441177740693
21134,2097,0.0275590550154448
21134,2778,0.0275590550154448
19550,20034,0.0027212309340636
20034,9951,0.0893706083297729
20034,20117,0.00151926852189578
20117,2683,0.0878513398078772
20117,20157,0.00499364657279772
20157,3876,0.0828576932350795
20157,20312,0.0231300329394413
20312,9740,0.0597276602956382
20312,20855,0.00710230446749865
20855,20954,0.0128268464985821
20954,9798,0.0397985093295574
20954,10470,0.0397985093295574
20855,20955,0.00322585353213879
20955,20991,0.0120426922726134
20991,6984,0.0373568100233873
20991,21104,0.018314835925897
21104,2500,0.0190419740974903
21104,21155,0.00907014776021242
21155,1991,0.00997182633727789
21155,6368,0.00997182633727789
20955,20992,0.00919570652768016
20992,1255,0.0402037957683206
20992,21081,0.00792060513049364
21081,1668,0.0322831906378269
21081,21125,0.00727048702538013
21125,8069,0.0250127036124468
21125,21148,0.00702205114066601
21148,4408,0.0179906524717808
21148,9030,0.0179906524717808
18100,18247,0.00520474485066891
18247,2083,0.135345248971134
18247,18454,0.020935230422765
18454,19250,0.00575553687910239
19250,1308,0.108654481669267
19250,19461,0.0207355519135793
19461,1373,0.0879189297556877
19461,20155,0.0332079753279686
20155,5,0.0547109544277191
20155,7396,0.0547109544277191
18454,19251,0.0049490151418881
19251,6324,0.109461003406481
19251,19423,0.0113305716352029
19423,703,0.0981304317712784
19423,19841,0.014211113171445
19841,8263,0.0839193185998334
19841,20285,0.005496074253368
20285,20421,0.0166542394352811
20421,2556,0.0617690049111843
20421,6872,0.0617690049111843
20285,20422,0.00751268189577829
20422,20623,0.0165321143964926
20623,20928,0.0169806461781263
20928,8936,0.0373978018760681
20928,9984,0.0373978018760681
20623,20929,0.00595628283917904
20929,935,0.0484221652150154
20929,8076,0.0484221652150154
20422,20624,0.00883656243483226
20624,3732,0.0620740000158548
20624,20808,0.0143756251782179
20808,7387,0.0476983748376369
20808,10318,0.0476983748376369
13008,13788,0.00151335888987653
13788,13825,0.0103773241381296
13825,6460,0.250920838352
13825,14118,0.013344536185357
14118,14505,0.00424576125572768
14505,14648,0.0565117528593099
14648,1090,0.176818788051605
14648,3756,0.176818788051605
14505,14649,0.0196177338560422
14649,15320,0.0155099279415634
15320,6834,0.19820287911331
15320,15894,0.0298967059774726
15894,17087,0.0281264351059993
17087,18264,0.0237197673569123
18264,525,0.116459970672925
18264,19177,0.0136192751427491
19177,4092,0.102840695530176
19177,19659,0.0303411297500134
19659,4006,0.0724995657801628
19659,8208,0.0724995657801628
17087,18265,0.0173803396522999
18265,8494,0.122799398377538
18265,18969,0.0207728886355956
18969,9187,0.102026509741942
18969,19693,0.023512343565623
19693,8112,0.0785141661763191
19693,20417,0.0290787294507027
20417,8903,0.0494354367256165
20417,9398,0.0494354367256165
15894,17088,0.00360586937694324
17088,5755,0.164700303758894
17088,17246,0.0214192723589284
17246,18125,0.0253870785236359
18125,8759,0.117893952876329
18125,19144,0.00493602082133293
19144,130,0.112957932054996
19144,19305,0.0142608992755413
19305,3309,0.0986970327794552
19305,19809,0.0136501751840115
19809,445,0.0850468575954437
19809,1439,0.0850468575954437
17246,18126,0.0196083299815655
18126,4672,0.1236727014184
18126,9655,0.1236727014184
14649,15321,0.0111155372664885
15321,1899,0.202597269788384
15321,15725,0.0191532402698483
15725,6989,0.183444029518536
15725,16503,0.021760276385716
16503,1779,0.16168375313282
16503,17382,0.0232265129685402
17382,9293,0.13845724016428
17382,18311,0.00551321506500244
18311,3065,0.132944025099277
18311,18560,0.0360782543818156
18560,9310,0.0968657707174619
18560,19886,0.0189726737638315
19886,8720,0.0778930969536304
19886,20430,0.0106407143175602
20430,2293,0.0672523826360703
20430,3235,0.0672523826360703
14118,14506,0.00147696138734635
14506,2630,0.236099340779296
14506,14566,0.00174070739261872
14566,1622,0.234358633386678
14566,14627,0.00200604983192462
14627,3275,0.232352583554753
14627,14687,0.0037087415705728
14687,14796,0.0357706173681296
14796,5617,0.192873224616051
14796,16110,0.0137080500523249
16110,3103,0.179165174563726
16110,16661,0.0491293755670389
16661,6649,0.130035798996687
16661,18671,0.0137863345444202
18671,3537,0.116249464452267
18671,9154,0.116249464452267
14687,14797,0.00366245671926937
14797,8658,0.224981385264911
14797,14914,0.012867994306671
14914,15376,0.0116268183392445
15376,15824,0.0297459766002638
15824,16980,0.0338067328557372
16980,18389,0.043655026704073
18389,6017,0.0932788364589214
18389,19997,0.014739666134119
19997,8584,0.0785391703248024
19997,10158,0.0785391703248024
16980,18390,0.00386509299278259
18390,3967,0.133068770170212
18390,18554,0.0167657931645711
18554,7792,0.116302977005641
18554,19181,0.0370642493168513
19181,5436,0.0792387276887894
19181,20405,0.0298687927424908
20405,5781,0.0493699349462986
20405,10366,0.0493699349462986
15824,16981,0.0193259582544366
16981,7486,0.151414637764295
16981,17788,0.0243006870150566
17788,18771,0.0312977743645509
18771,7434,0.0958161763846874
18771,19913,0.023883331567049
19913,8490,0.0719328448176384
19913,10539,0.0719328448176384
17788,18772,0.00179081161816916
18772,3492,0.125323139131069
18772,18855,0.0371907353401184
18855,3668,0.0881324037909508
18855,4675,0.0881324037909508
15376,15825,0.00277257057488275
15825,4089,0.197714002044113
15825,15909,0.0210031498762895
15909,16761,0.0115018829026006
16761,17223,0.0279226787388325
17223,18363,0.0509136691689491
18363,5823,0.0863726213574409
18363,10383,0.0863726213574409
17223,18364,0.0207341015338898
18364,4194,0.1165521889925
18364,5363,0.1165521889925
16761,17224,0.0143731117925861
17224,1596,0.150835857472636
17224,17801,0.02701684000027
17801,18908,0.0265227832521002
18908,9576,0.0972962342202663
18908,19869,0.0212826691567898
19869,1922,0.0760135650634766
19869,2014,0.0760135650634766
17801,18909,0.0223992459165553
18909,19715,0.0306998713252445
19715,2578,0.0707199002305667
19715,20629,0.0116185496250788
20629,7648,0.0591013506054878
20629,20859,0.00772779434919357
20859,4136,0.0513735562562943
20859,5713,0.0513735562562943
18909,19716,0.0185010232962668
19716,6558,0.0829187482595444
19716,20310,0.0451685730367899
20310,9207,0.0377501752227545
20310,21101,0.0326101458631456
21101,5221,0.00514002935960889
21101,5915,0.00514002935960889
15909,16762,0.00552735843441704
16762,4876,0.171183493733406
16762,16957,0.0291028688351314
16957,18186,0.0262311597665151
18186,5764,0.11584946513176
18186,19202,0.038445420563221
19202,4706,0.0774040445685387
19202,20448,0.0222373753786087
20448,7392,0.05516666918993
20448,8693,0.05516666918993
16957,18187,0.00660928984483081
18187,7760,0.135471335053444
18187,18449,0.021208418905735
18449,7012,0.114262916147709
18449,19255,0.010076845685641
19255,6747,0.104186070462068
19255,19611,0.0541031279911598
19611,8566,0.0500829424709082
19611,20984,0.0183955673128366
20984,7691,0.0316873751580715
20984,9022,0.0316873751580715
14914,15377,0.00598905117334519
15377,6121,0.206124339784895
15377,15594,0.0374673597869419
15594,17067,0.0686728072663148
17067,6629,0.099984172731638
17067,19770,0.0163888074457645
19770,9023,0.0835953652858734
19770,9579,0.0835953652858734
15594,17068,0.00997226933638257
17068,5373,0.15868471066157
17068,17491,0.00977970908085504
17491,8958,0.148905001580715
17491,17901,0.042121447622776
17901,4572,0.106783553957939
17901,6372,0.106783553957939
13788,13826,0.00453005507588383
13826,3002,0.256768107414246
13826,4933,0.256768107414246
12381,12882,0.00135117884729152
12882,1313,0.29803932856207
12882,12927,0.00264240124341947
12927,12997,0.0190486493922058
12997,6922,0.276348277926445
12997,13434,0.0512910932302475
13434,1881,0.225057184696198
13434,8082,0.225057184696198
12927,12998,0.00167082034421023
12998,7205,0.293726106974441
12998,13040,0.00270806937000639
13040,13116,0.0277195559016296
13116,2647,0.263298481702805
13116,9345,0.263298481702805
13040,13117,0.00922444680740375
13117,13297,0.0803759062419767
13297,7502,0.201417684555054
13297,9351,0.201417684555054
13117,13298,0.00224871050988351
13298,13351,0.0143270247144464
13351,4504,0.265217855572701
13351,13738,0.052683100104332
13738,7227,0.212534755468369
13738,10037,0.212534755468369
13298,13352,0.000660185354600107
13352,13367,0.0423255572305586
13367,2323,0.236559137701988
13367,8273,0.236559137701988
13352,13368,0.00167016535800368
13368,13414,0.00393692275944341
13414,13518,0.0191851519048214
13518,6428,0.254092454910278
13518,7970,0.254092454910278
13414,13519,0.0173164817194144
13519,10072,0.255961125095685
13519,13968,0.0479752173026403
13968,7842,0.207985907793045
13968,15531,0.00643676519393921
15531,3845,0.201549142599106
15531,7003,0.201549142599106
13368,13415,0.00331203776660549
13415,13499,0.0245295773744583
13499,1093,0.249372914433479
13499,9730,0.249372914433479
13415,13500,0.00614587264772387
13500,4246,0.267756619160214
13500,13659,0.0225233738645144
13659,14298,0.0133000455986287
14298,14700,0.00393870498380092
14700,1732,0.22799449471327
14700,14820,0.00363848773332742
14820,8760,0.224356006979942
14820,14927,0.017331621448199
14927,15562,0.0123964160680771
15562,16036,0.0184775440229309
16036,16778,0.0338953687912888
16778,9544,0.142255056649446
16778,18181,0.0402861721813679
18181,6315,0.101968884468079
18181,7444,0.101968884468079
16036,16779,0.0144354648060269
16779,17380,0.0664768636226654
17380,5667,0.095238097012043
17380,6020,0.095238097012043
16779,17381,0.0118687939519684
17381,17851,0.0140440442288916
17851,2416,0.135802122453849
17851,18433,0.0561082536975543
18433,4818,0.0796938687562943
18433,20388,0.00548286736011505
20388,9372,0.0742110013961792
20388,9916,0.0742110013961792
17381,17852,0.00231529430796704
17852,17954,0.0191372173527876
17954,1042,0.128393655021985
17954,18723,0.0201633100708326
18723,3266,0.108230344951153
18723,19474,0.0154751688241959
19474,1657,0.0927551761269569
19474,4248,0.0927551761269569
17852,17955,0.011334303766489
17955,63,0.136196568608284
17955,1213,0.136196568608284
15562,16037,0.00531695683797198
16037,1513,0.189311012625694
16037,16263,0.0590346157550812
16263,3308,0.130276396870613
16263,7522,0.130276396870613
14927,15563,0.00475704173247016
15563,15739,0.0256028796235721
15739,6200,0.176664464175701
15739,16763,0.0396778807044029
16763,6328,0.136986583471298
16763,8960,0.136986583471298
15563,15740,0.0247035125891368
15740,4949,0.177563831210136
15740,16730,0.0179526209831238
16730,5455,0.159611210227013
16730,17459,0.105118777602911
17459,1187,0.0544924326241016
17459,9970,0.0544924326241016
14298,14701,0.00331577794655921
14701,10372,0.228617421750511
14701,14799,0.00338291158042256
14799,2532,0.225234510170089
14799,14902,0.00870278702841865
14902,15198,0.0143200611436006
15198,15744,0.0230901528036956
15744,236,0.179121509194374
15744,16663,0.0434625893831253
16663,2530,0.135658919811249
16663,7026,0.135658919811249
15198,15745,0.00290858490771548
15745,2166,0.199303077090354
15745,15854,0.00365510948357128
15854,7783,0.195647967606783
15854,15981,0.0203882240250216
15981,16816,0.019112501575433
16816,17606,0.0185224418010977
17606,18346,0.0539712235331535
18346,8010,0.0836535766720772
18346,8387,0.0836535766720772
17606,18347,0.0200021043419838
18347,1189,0.117622695863247
18347,6544,0.117622695863247
16816,17607,0.0118642859574821
17607,18086,0.0367010612040758
18086,19492,0.0349778719246387
19492,8604,0.0726040229201317
19492,10086,0.0726040229201317
18086,19493,0.00164755061268806
19493,4073,0.105934344232082
19493,7559,0.105934344232082
17607,18087,0.0242378063499928
18087,3871,0.120045149698853
18087,19049,0.0185243282467127
19049,10223,0.101520821452141
19049,19708,0.0165171287953854
19708,7545,0.0850036926567554
19708,20252,0.0184041522443295
20252,8697,0.066599540412426
20252,10233,0.066599540412426
15981,16817,0.0123324840769663
16817,17322,0.0339854329824448
17322,1523,0.12894182652235
17322,18709,0.00760719428459804
18709,7255,0.121334632237752
18709,19001,0.0469687369962533
19001,1621,0.0743658952414989
19001,20542,0.0372223071753979
20542,6317,0.0371435880661011
20542,8575,0.0371435880661011
16817,17323,0.0283519521355629
17323,7033,0.134575307369232
17323,10488,0.134575307369232
14902,15199,0.0121663057804108
15199,399,0.204365417361259
15199,9365,0.204365417361259
13659,14299,0.00249758005975295
14299,4405,0.242735665235946
14299,14372,0.0102380654003672
14372,14678,0.0108002991630481
14678,1290,0.221697300672531
14678,5495,0.221697300672531
14372,14679,0.0032681766181038
14679,6977,0.229229423217475
14679,14774,0.0256365641207622
14774,15687,0.0301491232227521
15687,16876,0.0218230896803376
16876,17780,0.0161641107606036
17780,1480,0.13545653543302
17780,18450,0.0427766250712531
18450,5272,0.0926799103617668
18450,20013,0.00695675164461136
20013,10098,0.0857231587171555
20013,20224,0.0318102564662695
20224,20938,0.0182830598205328
20938,1780,0.0356298424303532
20938,8206,0.0356298424303532
20224,20939,0.00575767271220684
20939,1037,0.0481552295386791
20939,21010,0.0279725883156061
21010,2594,0.020182641223073
21010,5731,0.020182641223073
16876,17781,0.01453539095819
17781,7936,0.137085255235434
17781,18378,0.0563915334641933
18378,4429,0.0806937217712402
18378,20367,0.0126569755375385
20367,3599,0.0680367462337017
20367,20679,0.017995972186327
20679,5609,0.0500407740473747
20679,9384,0.0500407740473747
15687,16877,0.00255707487627699
16877,425,0.170886660997684
16877,16973,0.0141833629328888
16973,17576,0.0556776720014485
17576,1937,0.101025626063347
17576,6999,0.101025626063347
16973,17577,0.0140218595889482
17577,1296,0.142681438475847
17577,18153,0.0103042560319106
18153,2733,0.132377182443937
18153,18582,0.0145073452343543
18582,332,0.117869837209582
18582,19145,0.01771540256838
19145,19760,0.0287974725166957
19760,20615,0.0381266425053279
20615,3965,0.0332303196191788
20615,21123,0.0133522413671017
21123,5461,0.0198780782520771
21123,9380,0.0198780782520771
19760,20616,0.00358043486873309
20616,1901,0.0677765272557735
20616,20688,0.0195772796869278
20688,5532,0.0481992475688457
20688,6476,0.0481992475688457
19145,19761,0.0189989705880483
19761,5097,0.081155464053154
19761,8710,0.081155464053154
14774,15688,0.0102941934970227
15688,9434,0.193298665599691
15688,16086,0.00520181865279193
16086,16309,0.05080021501464
16309,5815,0.137296631932259
16309,8124,0.137296631932259
16086,16310,0.006282215669034
16310,7161,0.181814631277865
16310,16562,0.0057577893487519
16562,16784,0.0216844627453435
16784,3283,0.154372379183769
16784,3636,0.154372379183769
16562,16785,0.00946617565488303
16785,516,0.16659066627423
16785,17168,0.018665973445255
17168,17939,0.029737836208961
17939,19132,0.0179002648219466
19132,7965,0.100286591798067
19132,19751,0.0267310403287411
19751,8770,0.073555551469326
19751,9236,0.073555551469326
17939,19133,0.00455881636589764
19133,2679,0.113628040254116
19133,19280,0.0124069479427167
19280,5072,0.101221092311399
19280,19719,0.00433516156460557
19719,19882,0.00652136988937854
19882,20083,0.0287345986813307
20083,8036,0.0616299621760845
20083,10126,0.0616299621760845
19882,20084,0.00538914292119444
20084,20255,0.0174605066422373
20255,585,0.0675149112939835
20255,7672,0.0675149112939835
20084,20256,0.00899648423572737
20256,1400,0.0759789337004934
20256,20494,0.0175128962755913
20494,20870,0.00763088247428338
20870,8006,0.0508351549506187
20870,20979,0.0123736150562763
20979,2105,0.0384615398943424
20979,10130,0.0384615398943424
20494,20871,0.00703987261901299
20871,1450,0.0514261648058891
20871,20967,0.0119745302945375
20967,54,0.0394516345113516
20967,21086,0.00567247532308102
21086,4648,0.0337791591882706
21086,4988,0.0337791591882706
19719,19883,0.00282823666930199
19883,7440,0.0940576940774918
19883,9801,0.0940576940774918
17168,17940,0.00351121995136625
17940,18080,0.0720574574338065
18080,1810,0.0723560154438019
18080,5479,0.0723560154438019
17940,18081,0.013246982710229
18081,18627,0.0369207310179869
18627,1994,0.0942457591493924
18627,19960,0.00855993976195653
19960,1989,0.0856858193874359
19960,20227,0.0392330884933472
20227,2019,0.0464527308940887
20227,5304,0.0464527308940887
18081,18628,0.0166660060485204
18628,19245,0.0512647094825904
19245,617,0.0632357746362686
19245,1682,0.0632357746362686
18628,19246,0.0159736859301726
19246,805,0.0985267981886864
19246,19821,0.046569861471653
19821,722,0.0519569367170334
19821,9163,0.0519569367170334
11558,11627,0.00445140607076777
11627,3540,0.349200791036579
11627,11723,0.0171944361937117
11723,1964,0.332006354842867
11723,12148,0.0102300364655243
12148,5142,0.321776318377343
12148,12360,0.00271750566091483
12360,778,0.319058812716428
12360,12411,0.00112920210641976
12411,5410,0.317929610610008
12411,12441,0.00815213381341007
12441,3879,0.309777476796598
12441,12632,0.0114105450280341
12632,7730,0.298366931768564
12632,12914,0.00328296028141284
12914,13004,0.0147572772370445
13004,1320,0.280326694250107
13004,8285,0.280326694250107
12914,13005,0.00666032103975189
13005,995,0.288423650447399
13005,13158,0.00127440482567115
13158,7074,0.287149245621728
13158,13187,0.00910868801868692
13187,7167,0.278040557603041
13187,13390,0.0121775024324313
13390,13716,0.0418071689019943
13716,8159,0.224055886268616
13716,8297,0.224055886268616
13390,13717,0.00204814810709236
13717,4804,0.263814907063518
13717,13760,0.00839542471955451
13760,10452,0.255419482343963
13760,13989,0.00378550716325055
13989,6939,0.251633975180713
13989,14087,0.00423494489227724
14087,14235,0.0624279063546433
14235,6784,0.184971123933792
14235,7831,0.184971123933792
14087,14236,0.0044344538056626
14236,14360,0.032136518061161
14360,9705,0.210828058421612
14360,15420,0.0361089631915092
15420,884,0.174719095230103
15420,3287,0.174719095230103
14236,14361,0.00684064817671867
14361,8925,0.236123928306054
14361,14565,0.00142727804934087
14565,3800,0.234696650256713
14565,14613,0.00158564854703896
14613,688,0.233111001709674
14613,14659,0.0149398467226073
14659,15132,0.00864008937829308
15132,3850,0.209531065608774
15132,15476,0.0220647066995338
15476,9028,0.18746635890924
15476,16347,0.0048843642266897
16347,4229,0.18258199468255
16347,16533,0.00994146466255189
16533,16913,0.100379345566034
16913,4893,0.0722611844539642
16913,7138,0.0722611844539642
16533,16914,9.01398559411404e-05
16914,3449,0.172550390164057
16914,16920,0.02681841502587
16920,18033,0.0465091263254484
18033,3387,0.0992228488127391
18033,19794,0.0284494447211425
19794,10032,0.0707734040915966
19794,20627,0.0259275734424591
20627,3790,0.0448458306491375
20627,8293,0.0448458306491375
16920,18034,0.0191403243690729
18034,5398,0.126591650769114
18034,18785,0.0128856655210257
18785,6618,0.113705985248089
18785,19276,0.0281662940979004
19276,2822,0.0855396911501884
19276,20232,0.0699052307754755
20232,2367,0.0156344603747129
20232,2440,0.0156344603747129
14659,15133,0.00852996039514742
15133,15472,0.0166923167804877
15472,1135,0.192948877811432
15472,9466,0.192948877811432
15133,15473,0.00778200250418706
15473,8084,0.201859192087733
15473,15762,0.00726648484653969
15762,16042,0.0389711786157045
16042,4342,0.155621528625488
16042,17629,0.0237157791852951
17629,493,0.131905749440193
17629,6737,0.131905749440193
15762,16043,0.00971237340034581
16043,8081,0.184880333840847
16043,16449,0.0207639691730341
16449,17273,0.0142730919147531
17273,17853,0.0233071120455861
17853,4843,0.126536160707474
17853,8193,0.126536160707474
17273,17854,0.0101162173474828
17854,18277,0.0468545326342185
18277,206,0.0928725227713585
18277,10405,0.0928725227713585
17854,18278,0.0207169854392608
18278,564,0.119010069966316
18278,19102,0.0229221299290657
19102,19904,0.0426380969583988
19904,322,0.0534498430788517
19904,1411,0.0534498430788517
19102,19905,0.00841747596859932
19905,2456,0.0876704640686512
19905,20169,0.0148013792932034
20169,2329,0.0728690847754478
20169,9581,0.0728690847754478
16449,17274,0.00200475928329283
17274,1724,0.16211160538452
17274,17359,0.0239566608362801
17359,4769,0.13815494454824
17359,18326,0.0045955790454274
18326,18528,0.0147125719472616
18528,19110,0.0559799865716034
19110,1394,0.0628668069839478
19110,9958,0.0628668069839478
18528,19111,0.0202203103237682
19111,8645,0.0986264832317829
19111,19811,0.00776318237185478
19811,20067,0.0210282377898693
20067,5154,0.0698350630700588
20067,20651,0.0502580050379038
20651,1402,0.019577058032155
20651,7100,0.019577058032155
19811,20068,0.00387059561908246
20068,2116,0.0869927052408457
20068,20185,0.0225836740185817
20185,2260,0.064409031222264
20185,20761,0.0195392376432816
20761,7133,0.0448697935789824
20761,21049,0.0154453087598085
21049,76,0.0294244848191738
21049,8035,0.0294244848191738
18326,18529,0.0131733089008115
18529,1055,0.120386056602001
18529,2114,0.120386056602001
11284,11559,0.00092401663962921
11559,11583,0.122640849065001
11583,1137,0.23377850651741
11583,4508,0.23377850651741
11559,11584,0.00140305156853643
11584,8539,0.355016304013875
11584,11611,0.00189765895145055
11611,7635,0.353118645062424
11611,11647,0.00403196032879483
11647,11725,0.0199831552803517
11725,6766,0.329103529453278
11725,7188,0.329103529453278
11647,11726,0.00425947029686086
11726,11826,0.0198623334934701
11826,7868,0.324964880943298
11826,12305,0.0282815247774124
12305,3343,0.296683356165886
12305,12968,0.0899201780557632
12968,1827,0.206763178110123
12968,6771,0.206763178110123
11726,11827,0.000566652897862785
11827,655,0.344260561538906
11827,11845,0.00370849682092095
11845,8026,0.340552064717985
11845,11921,0.0020825929724228
11921,11981,0.0254270694781058
11981,1755,0.313042402267456
11981,9671,0.313042402267456
11921,11982,0.00203915060845145
11982,9803,0.33643032113711
11982,12024,0.00291749199780589
12024,12094,0.0855703367734674
12094,2202,0.247942492365837
12094,10509,0.247942492365837
12024,12095,0.00907370388972412
12095,12308,0.0197305550076523
12308,4164,0.304708570241928
12308,12754,0.0365538597106934
12754,1874,0.268154710531235
12754,6864,0.268154710531235
12095,12309,0.00105494832895864
12309,6093,0.323384176920622
12309,12325,0.0104627859846895
12325,343,0.312921390935932
12325,12561,0.000698216568864762
12561,12573,0.00688255647194114
12573,6708,0.305340617895126
12573,12736,0.0433624088764191
12736,475,0.261978209018707
12736,3072,0.261978209018707
12561,12574,0.00107821414086218
12574,12599,0.102044982017663
12599,2236,0.209099978208542
12599,6597,0.209099978208542
12574,12600,0.0122837470108423
12600,12898,0.0258570091805577
12898,4300,0.273004204034805
12898,13527,0.0809994786977768
13527,6251,0.192004725337029
13527,8854,0.192004725337029
12600,12899,0.019630052610921
12899,13356,0.00259963246532763
13356,3877,0.276631528139114
13356,13424,0.0113516041077674
13424,5171,0.265279924031347
13424,13735,0.0183472154765493
13735,1773,0.246932708554798
13735,14246,0.00162988503239914
14246,9199,0.245302823522399
14246,14295,0.00162326023652404
14295,6621,0.243679563285875
14295,14336,0.00342957969836705
14336,14437,0.0497789155628722
14437,3298,0.190471068024635
14437,10228,0.190471068024635
14336,14438,0.00163030593040939
14438,14477,0.0530411525907224
14477,490,0.185578525066376
14477,3320,0.185578525066376
14438,14478,0.0316149087314136
14478,15564,0.0142441796179323
15564,799,0.192760589307752
15564,16116,0.0277544645118498
16116,17231,0.0108540628927869
17231,17681,0.0422509015735352
17681,7554,0.11190116032958
17681,19337,0.0300968028604984
19337,4830,0.0818043574690819
19337,6244,0.0818043574690819
17231,17682,0.00438694592678185
17682,9911,0.149765115976334
17682,17861,0.0151422947024306
17861,18484,0.0120699570203821
18484,18975,0.0409699305891991
18975,6731,0.0815829336643219
18975,8946,0.0815829336643219
18484,18976,0.017303666099906
18976,19566,0.0306040141731501
19566,7218,0.0746451839804649
19566,7431,0.0746451839804649
18976,19567,0.00299065001308918
19567,7246,0.102258548140526
19567,7341,0.102258548140526
17861,18485,0.00526561991622052
18485,8158,0.129357201357683
18485,18693,0.0232183126111825
18693,3739,0.1061388887465
18693,19528,0.0514377616345882
19528,2783,0.0547011271119118
19528,5428,0.0547011271119118
16116,17232,0.00261213069870361
17232,10033,0.162393994097199
17232,17347,0.032597546434992
17347,6040,0.129796447662207
17347,18677,0.0060965139991962
18677,18918,0.0187616308530172
18918,19579,0.0315520061800877
19579,2772,0.0733862966299057
19579,2982,0.0733862966299057
18918,19580,0.0192004128048817
19580,8795,0.0857378900051117
19580,20223,0.00822234625617664
20223,20442,0.027515543003877
20442,5440,0.0500000007450581
20442,10197,0.0500000007450581
20223,20443,0.00481431682904561
20443,938,0.0727012269198895
20443,20585,0.00893368944525719
20585,2007,0.0637675374746323
20585,2563,0.0637675374746323
18677,18919,0.0127815812826157
18919,8701,0.110918352380395
18919,19366,0.0434087235480547
19366,20691,0.0308197326958179
20691,1043,0.0366898961365223
20691,7898,0.0366898961365223
19366,20692,0.0107479393482208
20692,1019,0.0567616894841194
20692,4406,0.0567616894841194
14478,15565,0.00405561559178211
15565,15706,0.0262424369156361
15706,151,0.176706716418266
15706,918,0.176706716418266
15565,15707,0.0123544396848782
15707,16206,0.0577451842634574
16206,1693,0.132849529385567
16206,4853,0.132849529385567
15707,16207,0.0198285374366225
16207,16975,0.0231323554402306
16975,1039,0.147633820772171
16975,4733,0.147633820772171
16207,16976,0.00756476104614281
16976,7501,0.163201415166259
16976,17314,0.00550057929205267
17314,5525,0.157700835874206
17314,17535,0.00586399026432929
17535,10152,0.151836845609877
17535,17770,0.00716054200931313
17770,7561,0.144676303600564
17770,18070,0.00258105352301807
18070,8742,0.142095250077546
18070,18185,0.00451087970286607
18185,8115,0.13758437037468
18185,18351,0.0208920056266444
18351,19170,0.0233600537337008
19170,19993,0.0201637836794059
19993,20572,0.0236668512225151
20572,4599,0.0495016761124134
20572,20988,0.0108035989105701
20988,407,0.0386980772018433
20988,8315,0.0386980772018433
19993,20573,0.00652509555220604
20573,3490,0.0666434317827225
20573,7096,0.0666434317827225
19170,19994,0.0188101435701052
19994,10070,0.0745221674442291
19994,20537,0.028688833117485
20537,97,0.0458333343267441
20537,889,0.0458333343267441
18351,19171,0.0187119294312738
19171,19847,0.0270482891549667
19847,5508,0.0709321461617947
19847,20622,0.0201612748205662
20622,5678,0.0507708713412285
20622,8879,0.0507708713412285
19171,19848,0.0090663315107425
19848,6918,0.0889141038060188
19848,20129,0.00875413417816162
20129,8268,0.0801599696278572
20129,20376,0.00560812652111053
20376,7176,0.0745518431067467
20376,9739,0.0745518431067467
12899,13357,0.00257575459419096
13357,9602,0.276655406010251
13357,13423,0.00219758991255509
13423,10066,0.274457816097696
13423,13485,0.00183746064422541
13485,13536,0.0336972826385292
13536,8997,0.238923072814941
13536,9554,0.238923072814941
13485,13537,0.00690192419244562
13537,13721,0.0963218966989141
13721,3383,0.169396534562111
13721,7461,0.169396534562111
13537,13722,0.00889909669747474
13722,13941,0.00732648068362163
13941,5349,0.249492853879929
13941,14176,0.0276094228029251
14176,8758,0.221883431077003
14176,10387,0.221883431077003
13722,13942,0.000896774812267187
13942,13969,0.0473931917083372
13969,1642,0.208529368042946
13969,2124,0.208529368042946
13942,13970,0.00247555372122255
13970,14046,0.023210371417977
14046,898,0.230236634612083
14046,8814,0.230236634612083
13970,14047,0.00573556404084558
14047,7345,0.247711441989215
14047,14225,0.0010469323862595
14225,5910,0.246664509602955
14225,14251,0.00132609408289672
14251,14293,0.0567420104311572
14293,5985,0.188596405088902
14293,16296,0.0209214314818382
16296,4433,0.167674973607063
16296,6333,0.167674973607063
14251,14294,0.000342959884402444
14294,300,0.244995455635656
14294,14302,0.00579206616503083
14302,14466,0.0712668706822877
14466,2909,0.167936518788338
14466,10043,0.167936518788338
14302,14467,0.00546012176659594
14467,1549,0.233743267704029
14467,14643,0.020800004412686
14643,15339,0.0169169910394979
15339,15968,0.0246362021597351
15968,9817,0.17139007009211
15968,16952,0.00214088789763905
16952,1171,0.169249182194471
16952,17028,0.0105183511972427
17028,17489,0.0435235239565372
17489,2071,0.115207307040691
17489,4045,0.115207307040691
17028,17490,0.0230696210637689
17490,18439,0.0206516593073805
18439,19229,0.0232633619258801
19229,915,0.0917461887001991
19229,4415,0.0917461887001991
18439,19230,0.0135391412923733
19230,1861,0.101470409333706
19230,19713,0.00139276906847954
19713,5909,0.100077640265226
19713,19764,0.0246123373508453
19764,20513,0.0362081043422222
20513,6466,0.0392571985721588
20513,8261,0.0392571985721588
19764,20514,0.0136415250599384
20514,619,0.0618237778544426
20514,8070,0.0618237778544426
17490,18440,0.0113039750694519
18440,18893,0.0315134676084632
18893,4534,0.0928437672555447
18893,20006,0.0100216828286648
20006,2673,0.0828220844268799
20006,4378,0.0828220844268799
18440,18894,0.00641950982667151
18894,19141,0.023518119007349
19141,6023,0.0944196060299873
19141,19957,0.0168609246611595
19957,6307,0.0775586813688278
19957,8846,0.0775586813688278
18894,19142,0.00890606517593066
19142,3678,0.109031659861406
19142,19439,0.022177026917537
19439,500,0.0868546329438686
19439,20189,0.027435377240181
20189,1743,0.0594192557036877
20189,9645,0.0594192557036877
15339,15969,0.0133283060650078
15969,16524,0.0194524276711337
16524,17308,0.0117668207912218
17308,9394,0.151478717724482
17308,17783,0.025424703127808
17783,18818,0.0330392378899786
18818,7116,0.0930147767066956
18818,20003,0.00368285179138184
20003,5960,0.0893319249153137
20003,9124,0.0893319249153137
17783,18819,0.0112307849857542
18819,6856,0.11482322961092
18819,19231,0.0764887556433678
19231,6337,0.0383344739675522
19231,8813,0.0383344739675522
16524,17309,0.00565703426088604
17309,17543,0.0373590588569641
17543,665,0.120229445397854
17543,8579,0.120229445397854
17309,17544,0.0113429352641106
17544,5127,0.146245568990707
17544,8277,0.146245568990707
15969,16525,0.0151121813513629
16525,9003,0.167585784835475
16525,17127,0.0328984207340649
17127,6480,0.13468736410141
17127,18479,0.0250420987606049
18479,4256,0.109645265340805
18479,19415,0.00921788488825162
19415,19745,0.0392923864225547
19745,2153,0.0611349940299988
19745,8157,0.0611349940299988
19415,19746,0.0344068954388301
19746,955,0.0660204850137234
19746,20724,0.0216886326670647
20724,794,0.0443318523466587
20724,9791,0.0443318523466587
14643,15340,0.00198142224453332
15340,2058,0.21096184104681
15340,15413,0.000738452104004944
15413,1623,0.210223388942805
15413,15439,0.00878571040327716
15439,15786,0.0221694972155229
15786,5537,0.179268181324005
15786,9895,0.179268181324005
15439,15787,0.00606069033135101
15787,15996,0.0214446891902708
15996,1218,0.173932299017906
15996,10263,0.173932299017906
15787,15997,0.00877351391511086
15997,16370,0.0118928801754247
16370,8447,0.174710594117641
16370,16836,0.0169516975680987
16836,5729,0.157758896549543
16836,17530,0.0173103598256906
17530,7525,0.140448536723852
17530,18253,0.0292616821825504
18253,5615,0.111186854541302
18253,9514,0.111186854541302
15997,16371,0.00572701741466417
16371,16595,0.0199221602895043
16595,7036,0.160954296588898
16595,8634,0.160954296588898
16371,16596,0.0180662696969441
16596,17332,0.0611843895322333
17332,5561,0.101625797649225
17332,19705,0.0162649725874265
19705,750,0.0853608250617981
19705,20247,0.0138964504003525
20247,495,0.0714643746614456
20247,2136,0.0714643746614456
16596,17333,0.00812818185426292
17333,17665,0.0112399674687339
17665,7257,0.143442037858461
17665,18120,0.0162092277486073
18120,18763,0.0136025691197978
18763,3525,0.113630240990056
18763,19279,0.0115787064035734
19279,19688,0.0186550141208702
19688,8978,0.0833965204656124
19688,20295,0.0215388014912605
20295,2880,0.0618577189743519
20295,5406,0.0618577189743519
19279,19689,0.00664083369904094
19689,19924,0.03027368709445
19924,4181,0.0651370137929916
19924,7798,0.0651370137929916
19689,19925,0.00651128962635994
19925,20130,0.0120789185166359
20130,3672,0.0768204927444458
20130,9439,0.0768204927444458
19925,20131,0.00187301635742188
20131,2102,0.0870263949036598
20131,7230,0.0870263949036598
18120,18764,0.011027900661741
18764,19186,0.0189018778148152
19186,9369,0.0973030316332976
19186,19868,0.0128798964122931
19868,3262,0.0844231352210045
19868,20270,0.00910223852843046
20270,3978,0.075320896692574
20270,20517,0.0218769718582431
20517,10393,0.0534439248343309
20517,20947,0.00510289085408052
20947,3754,0.0483410339802504
20947,21007,0.00666121579706669
21007,264,0.0416798181831837
21007,677,0.0416798181831837
18764,19187,0.0118780354303973
19187,234,0.104326874017715
19187,3475,0.104326874017715
17333,17666,0.00267619915404604
17666,8890,0.152005806173149
17666,17763,0.0112664426097375
17763,18239,0.0405222596052815
18239,1669,0.10021710395813
18239,8899,0.10021710395813
17763,18240,0.0176957224879195
18240,18946,0.017875429491202
18946,19571,0.0229229600479205
19571,4112,0.0822452515363693
19571,20326,0.00691950637847186
20326,7732,0.0753257451578975
20326,20516,0.0246458950762947
20516,9826,0.0506798500816027
20516,20981,0.00200915771226088
20981,9721,0.0486706923693419
20981,21002,0.0107919033616781
21002,1620,0.0378787890076637
21002,4644,0.0378787890076637
18946,19572,0.0114507063602408
19572,19980,0.0276581617072225
19980,4551,0.0660593435168266
19980,5351,0.0660593435168266
19572,19981,0.017972988076508
19981,1563,0.075744517147541
19981,20503,0.0164377577602863
20503,8391,0.0593067593872547
20503,20858,0.00744228810071945
20858,589,0.0518644712865353
20858,9367,0.0518644712865353
18240,18947,0.013108804449439
18947,19405,0.0142826661467552
19405,5990,0.0956521704792976
19405,9784,0.0956521704792976
18947,19406,0.00334712490439415
19406,3660,0.106587711721659
19406,19514,0.0180086307227612
19514,7051,0.0885790809988976
19514,9550,0.0885790809988976
10696,10700,0.00165742835371202
10700,10708,0.0482616258154966
10708,11126,0.111003378751101
11126,1873,0.276477694511414
11126,5286,0.276477694511414
10708,11127,0.0458539878052694
11127,11897,0.0134386887238628
11897,38,0.328188396733383
11897,12240,0.0241896236141033
12240,1636,0.303998773119279
12240,12766,0.0127208418922412
12766,13107,0.0570726355848212
13107,161,0.234205295642217
13107,14632,0.0654866521557172
14632,10138,0.1687186434865
14632,17066,0.0186393931508064
17066,2510,0.150079250335693
17066,8482,0.150079250335693
12766,13108,0.00634540855695576
13108,730,0.284932522670082
13108,13236,0.0146131732836072
13236,5152,0.270319349386475
13236,13597,0.0058242327723152
13597,4350,0.26449511661416
13597,13748,0.00385713218933059
13748,4811,0.260637984424829
13748,13839,0.0120457207163175
13839,14203,0.140166192005078
14203,1816,0.108426071703434
14203,3151,0.108426071703434
13839,14204,0.0179510449595524
14204,14733,0.0364577946337787
14733,1522,0.194183424115181
14733,16059,0.0419811755418777
16059,9213,0.152202248573303
16059,17758,0.0393790453672409
17758,10167,0.112823203206062
17758,19311,0.03017314709723
19311,20316,0.0272745881229639
20316,4815,0.0553754679858685
20316,9088,0.0553754679858685
19311,20317,0.0249799694865942
20317,4929,0.0576700866222382
20317,5605,0.0576700866222382
14204,14734,0.0255433427565025
14734,15630,0.0343690584103267
15630,942,0.17072881758213
15630,16982,0.00845785439014435
16982,17348,0.0663628727197647
17348,3442,0.0959080904722214
17348,3741,0.0959080904722214
16982,17349,0.0397316440939903
17349,8682,0.122539319097996
17349,18977,0.036825031042099
18977,524,0.0857142880558968
18977,584,0.0857142880558968
14734,15631,0.0139582263926665
15631,2046,0.191139649599791
15631,16174,0.0172313811878363
16174,469,0.173908268411954
16174,16861,0.0146855091055234
16861,6869,0.159222759306431
16861,17472,0.0540551021695137
17472,4025,0.105167657136917
17472,4899,0.105167657136917
11127,11898,0.00576523282173746
11898,2727,0.335861852635508
11898,12046,0.0377737030445823
12046,7067,0.298088149590926
12046,12922,0.0270324620333585
12922,13585,0.00890687961469994
13585,1349,0.262148807942867
13585,13805,0.0347113514939944
13805,2401,0.227437456448873
13805,14841,0.0150158049331771
14841,15365,0.04783609840605
15365,15,0.164585553109646
15365,17252,0.0448955371975899
17252,2716,0.119690015912056
17252,9328,0.119690015912056
14841,15366,0.04770208729638
15366,17244,0.0628630382319292
17244,4069,0.101856525987387
17244,19697,0.032917533069849
19697,7871,0.0689389929175377
19697,8119,0.0689389929175377
15366,17245,0.0275473271807035
17245,6666,0.137172237038612
17245,18369,0.0232863873243332
18369,1387,0.113885849714279
18369,7339,0.113885849714279
12922,13586,0.00642169971357687
13586,9537,0.26463398784399
13586,13747,0.0189395277036561
13747,6411,0.245694460140334
13747,14286,0.00319340618120301
14286,7190,0.242501053959131
14286,14378,0.0402756093868188
14378,4157,0.202225444572312
14378,15742,0.0183367583723295
15742,16485,0.0304251660903295
16485,176,0.153463520109653
16485,17706,0.0106896981596947
17706,2443,0.142773821949959
17706,7351,0.142773821949959
15742,16486,0.0152643745144208
16486,3221,0.168624311685562
16486,17071,0.0390065163373947
17071,743,0.129617795348167
17071,18686,0.00903313606977463
18686,152,0.120584659278393
18686,9894,0.120584659278393
10700,10709,0.000470028709367964
10709,10711,0.0291409855885227
10711,2177,0.406131684780121
10711,10165,0.406131684780121
10709,10712,0.00249946300022968
10712,10721,0.00326384138460195
10721,10735,0.0166482633434389
10735,2141,0.412861102640373
10735,10856,0.016812501344799
10856,11044,0.0180697269486961
11044,11237,0.0161248426648635
11237,1851,0.361854031682014
11237,11477,0.00560032992393938
11477,6801,0.356253701758075
11477,11587,0.0201819240169608
11587,12037,0.015227693716685
12037,1567,0.320844084024429
12037,3835,0.320844084024429
11587,12038,0.0121270441874728
12038,1999,0.323944733553642
12038,12318,0.0113293977494991
12318,3821,0.312615335804142
12318,12566,0.00496493655409841
12566,12682,0.0248040080490247
12682,1581,0.282846391201019
12682,6898,0.282846391201019
12566,12683,0.00582526157609931
12683,12821,0.0194970982662145
12821,1437,0.28232803940773
12821,7075,0.28232803940773
12683,12822,0.0170378456241358
12822,13238,0.0174906868312683
13238,2292,0.267296605218541
13238,13679,0.0116239670345934
13679,13980,0.00866420461844974
13980,14242,0.0700853522866964
14242,7489,0.176923081278801
14242,9032,0.176923081278801
13980,14243,0.00968361128535536
14243,14517,0.0505505833360884
14517,4687,0.186774238944054
14517,7363,0.186774238944054
14243,14518,0.0132605334122975
14518,14938,0.0284550965039267
14938,15983,0.0496397195383906
15983,9051,0.145969472825527
15983,18017,0.00785083323717117
18017,389,0.138118639588356
18017,18329,0.0330809652805328
18329,8348,0.105037674307823
18329,10140,0.105037674307823
14938,15984,0.00992904013643664
15984,16402,0.0278914564599593
16402,17526,0.0211752075701952
17526,3286,0.136613488197327
17526,9480,0.136613488197327
16402,17527,0.00891767131785551
17527,313,0.148871024449666
17527,17904,0.0224898469944795
17904,3701,0.126381177455187
17904,18798,0.0103556700050831
18798,391,0.116025507450104
18798,5522,0.116025507450104
15984,16403,0.0174341363211473
16403,4041,0.168246015906334
16403,8588,0.168246015906334
14518,14939,0.0142644246419271
14939,15466,0.0394097500377231
15466,9102,0.170390114188194
15466,16994,0.0211730897426605
16994,212,0.149217024445534
16994,5998,0.149217024445534
14939,15467,0.0106657826238208
15467,628,0.199134081602097
15467,15864,0.022611066699028
15864,215,0.176523014903069
15864,2635,0.176523014903069
13679,13981,0.00442322850409155
13981,14098,0.0292028071624892
14098,2823,0.222046602517366
14098,15001,0.057100597769022
15001,10135,0.164946004748344
15001,17234,0.0300742164254189
17234,3217,0.134871788322926
17234,18475,0.0562317371368408
18475,7043,0.0786400511860847
18475,7338,0.0786400511860847
13981,14099,0.00272151084725186
14099,211,0.248527898832604
14099,14209,0.012436067849992
14209,10218,0.236091830982612
14209,14567,0.0430498545903426
14567,318,0.193041976392269
14567,16100,0.00554727716992298
16100,5669,0.187494699222346
16100,16342,0.00338671112136132
16342,9323,0.184107988100985
16342,16479,0.0139024854148094
16479,5981,0.170205502686175
16479,17003,0.00307750898328693
17003,17143,0.0415597379207611
17143,9665,0.125568255782127
17143,9960,0.125568255782127
17003,17144,0.0259343617040702
17144,18220,0.020930695708997
18220,19043,0.0400244449930532
19043,1702,0.0802384912967682
19043,4366,0.0802384912967682
18220,19044,0.0246267435806138
19044,5861,0.0956361927092075
19044,19918,0.025839826464653
19918,5608,0.0697963662445545
19918,20652,0.0141132079064846
20652,6561,0.0556831583380699
20652,20912,0.00361494099100431
20912,209,0.0520682173470656
20912,20962,0.0111130631218354
20962,2209,0.0409551542252302
20962,21076,0.018227880820632
21076,3521,0.0227272734045982
21076,4730,0.0227272734045982
17144,18221,0.0155664245620864
18221,18840,0.0238841724182878
18840,2861,0.101743035018444
18840,19699,0.00688159093260765
19699,7833,0.0948614440858364
19699,19945,0.0263791866600513
19945,1127,0.0684822574257851
19945,5688,0.0684822574257851
18221,18841,0.0105635873263791
18841,9708,0.115063620110353
18841,19228,0.0125917886694272
19228,2991,0.102471831440926
19228,19672,0.0246689517050982
19672,20435,0.0222484674304724
20435,297,0.0555544123053551
20435,2268,0.0555544123053551
19672,20436,0.00593466125428677
20436,5675,0.0718682184815407
20436,20605,0.0114013180136681
20605,7013,0.0604669004678726
20605,8614,0.0604669004678726
12822,13239,0.0150011291270291
13239,6298,0.26978616292278
13239,13608,0.0191170885933168
13608,441,0.250669074329463
13608,14131,0.0255758645859631
14131,10356,0.2250932097435
14131,14908,0.0118494206004673
14908,6582,0.213243789143032
14908,15333,0.00676734848982757
15333,5224,0.206476440653205
15333,15577,0.00777958679412091
15577,3634,0.198696853859084
15577,15876,0.0164903051086835
15876,6495,0.182206548750401
15876,16548,0.0100747182965279
16548,5000,0.172131830453873
16548,16930,0.0119987741112709
16930,34,0.160133056342602
16930,17447,0.0427619740366936
17447,7182,0.117371082305908
17447,19154,0.00478770211338997
19154,305,0.112583380192518
19154,19321,0.0334484837949276
19321,8805,0.0791348963975906
19321,9377,0.0791348963975906
11044,11238,0.0116758178683776
11238,6205,0.3663030564785
11238,10174,0.3663030564785
10856,11045,0.00180834689499232
11045,7594,0.394240254400582
11045,11058,0.0169743937635528
11058,4380,0.377265860637029
11058,11244,0.00776961292463124
11244,5739,0.369496247712398
11244,11359,0.00932262742879408
11359,7894,0.360173620283604
11359,11501,0.001006626606393
11501,8269,0.359166993677211
11501,11520,0.00322121374174733
11520,11591,0.0371181905825377
11591,4651,0.318827589352926
11591,12418,0.027275284131368
12418,6740,0.291552305221558
12418,13100,0.0040358304977417
13100,6410,0.287516474723816
13100,10559,0.287516474723816
11520,11592,0.00230155227320655
11592,11628,0.0163154956485544
11628,3242,0.337328732013702
11628,12010,0.0289687812328339
12010,1746,0.308359950780869
12010,8471,0.308359950780869
11592,11629,0.0116017982625937
11629,11886,0.0772265922548114
11886,8842,0.264815837144852
11886,9142,0.264815837144852
11629,11887,0.00420259878766632
11887,11994,0.0329617745626499
11994,6312,0.304878056049347
11994,9033,0.304878056049347
11887,11995,0.00560215148989757
11995,12138,0.103509474156508
12138,8024,0.228728204965591
12138,9627,0.228728204965591
11995,12139,0.00206590015466451
12139,12188,0.0283555539155548
12188,5964,0.30181622505188
12188,9309,0.30181622505188
12139,12189,0.00248302020445151
12189,12251,0.129519333633093
12251,9700,0.19816942512989
12251,10482,0.19816942512989
12189,12252,0.000857458056156779
12252,93,0.326831300706826
12252,12269,0.00732571583327402
12269,12399,0.0449909097331715
12399,4833,0.274514675140381
12399,9211,0.274514675140381
12269,12400,0.00685789785563479
12400,12564,0.0112524197697639
12564,6642,0.301395267248154
12564,8501,0.301395267248154
12400,12565,0.00650615393078841
12565,12717,0.017109407017339
12717,13143,0.0277370350194237
13143,13827,0.00907135383644386
13827,1775,0.252223737213923
13827,14073,0.0159700076158339
14073,6078,0.236253729598089
14073,14557,0.021781832953407
14557,15294,0.0155171727510317
15294,15870,0.0440527216782645
15870,17658,0.0435272887349129
17658,358,0.111374713480473
17658,8176,0.111374713480473
15870,17659,0.0145783241838217
17659,3947,0.140323678031564
17659,18258,0.0351130533963442
18258,3717,0.10521062463522
18258,19570,0.0218332707881927
19570,8769,0.0833773538470268
19570,20296,0.0496094860136509
20296,587,0.0337678678333759
20296,9755,0.0337678678333759
15294,15871,0.0237228573551254
15871,1792,0.175231866538525
15871,16818,0.0144668657864843
16818,1338,0.16076500075204
16818,17419,0.0113017256770815
17419,17874,0.0519422084093094
17874,10185,0.0975210666656494
17874,10389,0.0975210666656494
17419,17875,0.0260336798926195
17875,18933,0.0298243189851443
18933,3110,0.0936052761971951
18933,19984,0.0242750756442547
19984,6279,0.0693302005529404
19984,6339,0.0693302005529404
17875,18934,0.0293050991992156
18934,528,0.0941244959831238
18934,7685,0.0941244959831238
14557,15295,0.0127979687415063
15295,335,0.201673927903175
15295,15771,0.0140585581461588
15771,16334,0.0751275171836217
16334,4016,0.112487852573395
16334,9453,0.112487852573395
15771,16335,0.0118304093678792
16335,6144,0.175784960389137
16335,16799,0.028608649969101
16799,259,0.147176310420036
16799,5158,0.147176310420036
13143,13828,0.00374609596011305
13828,7770,0.257548995090253
13828,13925,0.00784795522464043
13925,1155,0.249701039865613
13925,14168,0.00647827592347899
14168,3460,0.243222763942134
14168,14350,0.00369963112874608
14350,14456,0.0466241589907942
14456,7028,0.192898973822594
14456,8217,0.192898973822594
14350,14457,0.0303679214117747
14457,15490,0.0427405547252611
15490,17174,0.0166806215420365
17174,10015,0.149734035134315
17174,10053,0.149734035134315
15490,17175,0.0082499587908387
17175,17508,0.0236756831407547
17508,4171,0.134489014744759
17508,18492,0.0153042748570442
18492,5819,0.119184739887714
18492,19090,0.0107599869370461
19090,4381,0.108424752950668
19090,19467,0.0445081517100334
19467,111,0.0639166012406349
19467,9690,0.0639166012406349
17175,17509,0.0198642790317536
17509,4872,0.13830041885376
17509,18321,0.0317575857043266
18321,2586,0.106542833149433
18321,8179,0.106542833149433
14457,15491,0.0119067203663468
15491,15925,0.0236749560995535
15925,16871,0.0431053005158901
16871,2175,0.130468234419823
16871,7132,0.130468234419823
15925,16872,0.0259113814681768
16872,17949,0.0318513941019773
17949,1453,0.115810759365559
17949,3834,0.115810759365559
16872,17950,0.0284364726394415
17950,19087,0.0461919754743576
19087,1560,0.0730337053537369
19087,10299,0.0730337053537369
17950,19088,0.0234913006424904
19088,518,0.0957343801856041
19088,644,0.0957343801856041
15491,15926,0.00731672136621039
15926,6600,0.189931769669056
15926,16240,0.0286539850135644
16240,17398,0.0297103337943554
17398,5539,0.131567450861136
17398,18610,0.0289366828898589
18610,4509,0.102630767971277
18610,19669,0.0146610252559185
19669,6295,0.0879697427153587
19669,8589,0.0879697427153587
16240,17399,0.0114488350848357
17399,721,0.149828949570656
17399,17855,0.0112977415323257
17855,145,0.13853120803833
17855,18309,0.0107500031590462
18309,8968,0.127781204879284
18309,18741,0.0284497104585171
18741,2675,0.0993314944207668
18741,19791,0.0228785909712315
19791,127,0.0764529034495354
19791,4773,0.0764529034495354
12717,13144,0.00438123192178103
13144,69,0.284650894148009
13144,13242,0.0334654615849865
13242,14106,0.0433502278499761
14106,15538,0.0755305474624038
15538,1852,0.132304657250643
15538,18586,0.0191412207980951
18586,1083,0.113163436452548
18586,19293,0.0266864697138468
19293,9606,0.0864769667387009
19293,20196,0.00159706920385361
20196,1339,0.0848798975348473
20196,8621,0.0848798975348473
14106,15539,0.0188758509765778
15539,16278,0.0359215098832335
16278,17721,0.0251628287136555
17721,9354,0.12787501513958
17721,9777,0.12787501513958
16278,17722,0.00647552460432052
17722,4258,0.146562319248915
17722,17998,0.0327796426912149
17998,4525,0.1137826765577
17998,19273,0.0114870357016722
19273,1018,0.102295640856028
19273,19680,0.0348935835063457
19680,3056,0.0674020573496819
19680,8811,0.0674020573496819
15539,16279,0.0247525844190802
16279,4358,0.164206769317389
16279,17271,0.00260190712288022
17271,17385,0.0463756727986038
17385,10260,0.115229189395905
17385,19223,0.00615010783076286
19223,8679,0.109079081565142
19223,19438,0.0374162979424
19438,1232,0.0716627836227417
19438,2001,0.0716627836227417
17271,17386,0.041606682818383
17386,3120,0.119998179376125
17386,19053,0.0397276058793068
19053,4167,0.0802705734968185
19053,20374,0.0442998707294464
20374,1649,0.0359707027673721
20374,7557,0.0359707027673721
13242,14107,0.0122705060570768
14107,14472,0.0339432353913839
14472,15638,0.014561596158005
15638,16214,0.0371426219741503
16214,7041,0.153267472982407
16214,17711,0.0238070674240589
17711,7683,0.129460405558348
17711,18689,0.0130298845469952
18689,1293,0.116430521011353
18689,6325,0.116430521011353
15638,16215,0.0185354525844256
16215,4308,0.171874642372131
16215,16937,0.0431274920701981
16937,410,0.128747150301933
16937,5128,0.128747150301933
14472,15639,0.0125533374824694
15639,16123,0.0440113414078951
16123,6187,0.148407012224197
16123,17924,0.0281408056616783
17924,4050,0.120266206562519
17924,19042,0.0178288295865059
19042,6738,0.102437376976013
19042,7417,0.102437376976013
15639,16124,0.0203982461243868
16124,7718,0.172020107507706
16124,16934,0.0334263406693935
16934,1234,0.138593766838312
16934,18306,0.0444884486496449
18306,600,0.0941053181886673
18306,19963,0.0491970349103212
19963,7615,0.0449082832783461
19963,21047,0.0120793040841818
21047,932,0.0328289791941643
21047,8502,0.0328289791941643
14107,14473,0.00504228321750178
14473,6421,0.233872643288444
14473,14639,0.0163872680827683
14639,15168,0.031534872452418
15168,9727,0.185950502753258
15168,10392,0.185950502753258
14639,15169,0.00590804382449106
15169,9760,0.211577331381185
15169,15394,0.00573806194486198
15394,7196,0.205839269436323
15394,15608,0.0111361486980548
15608,8335,0.194703120738268
15608,16031,0.0364209259860218
16031,17501,0.0269458633847535
17501,18617,0.0741231292486191
18617,4187,0.0572132021188736
18617,10402,0.0572132021188736
17501,18618,0.0524356812238693
18618,5331,0.0789006501436234
18618,7746,0.0789006501436234
16031,17502,0.0151575731423994
17502,18136,0.0240954870978991
18136,3908,0.119029134511948
18136,19100,0.0533685386180878
19100,10092,0.0656605958938599
19100,20733,0.0192294660955667
20733,826,0.0464311297982931
20733,21036,0.00779026560485363
21036,7197,0.0386408641934395
21036,9701,0.0386408641934395
17502,18137,0.0176723117629687
18137,6559,0.125452309846878
18137,18850,0.0438552722334862
18850,7893,0.0815970376133919
18850,10352,0.0815970376133919
12565,12718,0.00609180663498304
12718,12868,0.0990871680634361
12868,8052,0.20096255838871
12868,15809,0.0381489992141724
15809,3239,0.162813559174538
15809,10006,0.162813559174538
12718,12869,0.0176983865953626
12869,641,0.282351339856784
12869,13279,0.0111146758000056
13279,5512,0.271236664056778
13279,13581,0.0311020411550998
13581,1186,0.240134622901678
13581,14441,0.0150314929584662
14441,501,0.225103129943212
14441,14907,0.0419729625185331
14907,1464,0.183130167424679
14907,16513,0.0784497261047363
16513,6341,0.104680441319942
16513,8962,0.104680441319942
10721,10736,0.0012747985079386
10736,8291,0.428234567475873
10736,10743,0.0448582322163464
10743,2436,0.383376335259527
10743,11167,0.0122333539349181
11167,5916,0.371142981324609
11167,11340,0.00524545770481349
11340,11406,0.011731635090952
11406,11617,0.0381424791622357
11617,1819,0.316023409366608
11617,8227,0.316023409366608
11406,11618,0.00254535390766431
11618,11675,0.0287419652566314
11675,4821,0.322878569364548
11675,4978,0.322878569364548
11618,11676,0.000936616977535831
11676,90,0.350683917643643
11676,11694,0.0200937189116147
11694,7352,0.330590198732029
11694,12177,0.0116837934662481
12177,12416,0.0252797689990721
12416,2838,0.293626636266708
12416,13049,0.102979153394699
13049,1231,0.190647482872009
13049,9446,0.190647482872009
12177,12417,0.00248751056613888
12417,12476,0.0110408748899187
12476,8257,0.305378019809723
12476,12733,0.0720278173685074
12733,697,0.233350202441216
12733,7713,0.233350202441216
12417,12477,0.00106658839274243
12477,5511,0.315352306306899
12477,12499,0.00172226970357842
12499,5542,0.313630036603321
12499,12541,0.00284230688942583
12541,5395,0.310787729713895
12541,12611,0.00196338222510389
12611,12655,0.0285117497371736
12655,2337,0.280312597751617
12655,2671,0.280312597751617
12611,12656,0.00489916811388524
12656,12768,0.0139179589203195
12768,1276,0.290007220454586
12768,13124,0.00237632234357954
13124,4165,0.287630898111007
13124,13175,0.00233583612260113
13175,473,0.285295061988406
13175,13228,0.00391089581352683
13228,13311,0.0636049246725938
13311,10104,0.217779241502285
13311,15159,0.0228619202971458
15159,2891,0.194917321205139
15159,16026,0.0161226391792297
16026,9084,0.178794682025909
16026,16683,0.0770247727632523
16683,1336,0.101769909262657
16683,5035,0.101769909262657
13228,13312,0.00317692761376942
13312,13388,0.00470593178887729
13388,6703,0.273501306772232
13388,13513,0.0232359990477562
13513,5465,0.250265307724476
13513,14147,0.0359504446387291
14147,2040,0.214314863085747
14147,9924,0.214314863085747
13312,13389,0.00276777426842589
13389,7202,0.275439464292683
13389,13457,0.0169426175819855
13457,13899,0.00277823417526463
13899,9458,0.255718612535433
13899,13979,0.00593425590253535
13979,14161,0.0660459014565446
14161,4619,0.183738455176353
14161,8225,0.183738455176353
13979,14162,0.00345444969945014
14162,10220,0.246329906933448
14162,14273,0.00960072451477617
14273,14536,0.0171430782640849
14536,2034,0.219586104154587
14536,15086,0.00616388418626437
15086,15327,0.0106590281858112
15327,6848,0.202763191782511
15327,15715,0.0151095466190206
15715,16332,0.0164835594949268
16332,3377,0.171170085668564
16332,16958,0.0111631900072098
16958,8855,0.160006895661354
16958,17450,0.0119374344746272
17450,8598,0.148069461186727
17450,17934,0.0133276892205079
17934,1185,0.134741771966219
17934,18477,0.0384720154106617
18477,4207,0.0962697565555573
18477,9321,0.0962697565555573
15715,16333,0.0136657846825463
16333,9449,0.173987860480944
16333,16860,0.0355309257904688
16860,7399,0.138456934690475
16860,18312,0.0247595250606537
18312,3690,0.113697409629822
18312,19277,0.0137032096584638
19277,1517,0.099994199971358
19277,19769,0.0390842879811923
19769,7099,0.0609099119901657
19769,20835,0.00204628333449364
20835,3798,0.0588636286556721
20835,5446,0.0588636286556721
15086,15328,0.00414075196007668
15328,15485,0.0144225467463116
15485,10238,0.194858921261934
15485,16027,0.0245434805177725
16027,7231,0.170315440744162
16027,16997,0.0185970973689109
16997,17775,0.0299328889232129
17775,2731,0.121785454452038
17775,18993,0.0065307728946209
18993,2254,0.115254681557417
18993,19222,0.0291809104382992
19222,714,0.0860737711191177
19222,7931,0.0860737711191177
16997,17776,0.0052302047676806
17776,5077,0.14648813860757
17776,18002,0.0208400073860373
18002,18837,0.0332622356712818
18837,2618,0.092385895550251
18837,5306,0.092385895550251
18002,18838,0.0111917942762375
18838,3496,0.114456336945295
18838,19249,0.0366531927138567
19249,20433,0.0171427894383669
20433,909,0.0606603547930717
20433,9168,0.0606603547930717
19249,20434,0.0120035205036402
20434,1256,0.0657996237277985
20434,3255,0.0657996237277985
15328,15486,0.012849043712966
15486,15957,0.0279092244389985
15957,8253,0.168523199856281
15957,17078,0.0122059466583388
17078,5134,0.156317253197942
17078,17595,0.0120008451598031
17595,18084,0.0181573398411274
18084,18807,0.0471002012491226
18807,494,0.0790588669478893
18807,20407,0.0182391181588173
20407,1847,0.060819748789072
20407,8931,0.060819748789072
18084,18808,0.0219488777220249
18808,1603,0.104210190474987
18808,7808,0.104210190474987
17595,18085,0.0149201184511185
18085,9378,0.129396289587021
18085,9988,0.129396289587021
15486,15958,0.00560614437692697
15958,1608,0.190826279918353
15958,16196,0.00265498047783261
16196,2439,0.18817129944052
16196,16305,0.0102431314243447
16305,16721,0.0372910831744472
16721,2926,0.140637084841728
16721,5972,0.140637084841728
16305,16722,0.0133429447640524
16722,6752,0.164585223252123
16722,17253,0.00810205410375742
17253,17585,0.0245427089432875
17585,9699,0.131940460205078
17585,18595,0.0345510937273502
18595,6021,0.0973893664777279
18595,19866,0.0104611528416475
19866,3604,0.0869282136360804
19866,20187,0.0232799878964822
20187,9928,0.0636482257395983
20187,20779,0.0107242371886969
20779,5776,0.0529239885509014
20779,6166,0.0529239885509014
17253,17586,0.00142607788244881
17586,9390,0.155057091265917
17586,17650,0.0173092347880205
17650,4441,0.137747856477896
17650,18341,0.0143273572127024
18341,5089,0.123420499265194
18341,18935,0.0281541049480438
18935,3295,0.0952663943171501
18935,6065,0.0952663943171501
14273,14537,0.0144889120197906
14537,14991,0.0183877724263331
14991,15678,0.0218384498730302
15678,16551,0.0787869840860367
16551,4780,0.103227064013481
16551,6852,0.103227064013481
15678,16552,0.011044830083847
16552,4294,0.170969218015671
16552,4570,0.170969218015671
14991,15679,0.0151933738961816
15679,16292,0.064258374273777
16292,2846,0.124400749802589
16292,9203,0.124400749802589
15679,16293,0.00795263797044754
16293,1589,0.180706486105919
16293,5645,0.180706486105919
14537,14992,0.0096332163303891
14992,15354,0.0210422813765004
15354,3551,0.191564772691992
15354,16156,0.0121824372973707
16156,9106,0.179382335394621
16156,16652,0.0155628924923284
16652,10475,0.163819442902293
16652,17285,0.0242852215610799
17285,8528,0.139534221341213
17285,18284,0.0210773048301538
18284,4979,0.118456916511059
18284,19124,0.0256936062127352
19124,6949,0.0927633102983236
19124,20011,0.00909627291063468
20011,390,0.083667037387689
20011,20290,0.00762081642945607
20290,8998,0.0760462209582329
20290,20493,0.0188330188393593
20493,1957,0.0572132021188736
20493,3766,0.0572132021188736
14992,15355,0.0186974144065297
15355,16067,0.0124443624206264
16067,16567,0.0322397740350829
16567,9797,0.149225503206253
16567,9933,0.149225503206253
16067,16568,0.0123024645985829
16568,7946,0.169162812642753
16568,17031,0.0117426031668271
17031,1249,0.157420209475926
17031,17546,0.0279431928481375
17546,6886,0.129477016627789
17546,18688,0.0050214221701026
18688,18889,0.0215341513976455
18889,19650,0.0489871632307768
19650,8392,0.0539342798292637
19650,10124,0.0539342798292637
18889,19651,0.0264671389013529
19651,508,0.0764543041586876
19651,6811,0.0764543041586876
18688,18890,0.00728135649114847
18890,559,0.117174237966537
18890,2626,0.117174237966537
15355,16068,0.00142353231256659
16068,1247,0.192486107349396
16068,7724,0.192486107349396
13457,13900,0.00240352347995459
13900,7117,0.256093323230743
13900,7726,0.256093323230743
12656,12769,0.00436026645967597
12769,7063,0.29956491291523
12769,12879,0.0446629375219345
12879,1500,0.254901975393295
12879,6376,0.254901975393295
11340,11407,0.0106643013736253
11407,2400,0.35523322224617
11407,11606,0.0354923903942108
11606,3162,0.319740831851959
11606,7865,0.319740831851959
10712,10722,0.00116909679976107
10722,10731,0.0178564721046788
10731,8548,0.413747638463974
10731,10847,0.0317525267601013
10847,4930,0.381995111703873
10847,5156,0.381995111703873
10722,10732,0.0075047823657326
10732,10783,0.00659871308298615
10783,1034,0.417500615119934
10783,8881,0.417500615119934
10732,10784,0.000490858895497603
10784,7350,0.423608469307423
10784,10787,0.00287270066207779
10787,10799,0.0263407748633014
10799,594,0.394394993782043
10799,2976,0.394394993782043
10787,10800,0.00494870229364769
10800,10822,0.0517911566608402
10822,14,0.363995909690857
10822,5536,0.363995909690857
10800,10823,0.00315687621956756
10823,10862,0.00990297364996712
10862,2263,0.402727216482162
10862,2742,0.402727216482162
10823,10863,0.00155968109951288
10863,10880,0.132847650126824
10880,1105,0.278222858905792
10880,3646,0.278222858905792
10863,10881,0.00447246498615933
10881,10919,0.0116611099329549
10919,8154,0.394936934113503
10919,11053,0.0976696163415909
11053,302,0.297267317771912
11053,4104,0.297267317771912
10881,10920,0.00295644530274525
10920,10954,0.0563203715508334
10954,9865,0.347321227192879
10954,11763,0.0774797946214676
11763,4555,0.269841432571411
11763,6998,0.269841432571411
10920,10955,0.000179648124505216
10955,10958,0.0357900138687949
10958,5869,0.367671936750412
10958,11382,0.0568611323833466
11382,1207,0.310810804367065
11382,8194,0.310810804367065
10955,10959,0.00197625018932357
10959,10979,0.0342411885871557
10979,482,0.367244511842728
10979,10100,0.367244511842728
10959,10980,0.00052945118673442
10980,10984,0.0583913087905732
10984,5202,0.342564940452576
10984,7512,0.342564940452576
10980,10985,0.00363695289301635
10985,11031,0.0871470961471907
11031,557,0.310172200202942
11031,10157,0.310172200202942
10985,11032,0.00143513239762366
11032,8382,0.395884163952509
11032,11046,0.00429660864367876
11046,11074,0.0400989874200934
11074,11678,0.0784294083714485
11678,656,0.273059159517288
11678,9881,0.273059159517288
11074,11679,0.0339782908558846
11679,6069,0.317510277032852
11679,7083,0.317510277032852
11046,11075,0.000696650879220828
11075,11088,0.0255094996721096
11088,3073,0.3653814047575
11088,11417,0.0382868200540543
11417,1183,0.327094584703445
11417,3657,0.327094584703445
11075,11089,0.000926689464770258
11089,1421,0.389964214964839
11089,11095,0.00211990919754246
11095,11119,0.0284520055191506
11119,8540,0.359392300248146
11119,11518,0.0600716322660446
11518,7701,0.299320667982101
11518,8518,0.299320667982101
11095,11120,0.00685317322332896
11120,11189,0.0208718046411738
11189,6953,0.360119327902794
11189,11508,0.0560049563646317
11508,4903,0.304114371538162
11508,7359,0.304114371538162
11120,11190,0.000961694726621387
11190,6313,0.380029437817346
11190,11207,0.00357484929120305
11207,11256,0.0574730304416553
11256,9759,0.318981558084488
11256,12413,0.0491113066673279
12413,1329,0.26987025141716
12413,6478,0.26987025141716
11207,11257,0.000437615908456701
11257,11265,0.0559780579372056
11265,3258,0.320038914680481
11265,8665,0.320038914680481
11257,11266,0.00479133604432441
11266,9563,0.371225636573362
11266,11339,0.00056032220597052
11339,11346,0.0123773739446977
11346,5107,0.358287940422694
11346,11541,0.0191190640131633
11541,1555,0.339168876409531
11541,11959,0.0393566489219666
11959,3508,0.299812227487564
11959,7073,0.299812227487564
11339,11347,0.00137736490763279
11347,11361,0.0615967031886254
11361,2398,0.307691246271133
11361,8601,0.307691246271133
11347,11362,0.00347899037289662
11362,11410,0.029307524641481
11410,8643,0.336501434445381
11410,12021,0.136269271373749
12021,736,0.200232163071632
12021,832,0.200232163071632
11362,11411,0.000334285624245756
11411,11415,0.0115148845838577
11415,2309,0.353959788878759
11415,11623,0.00741376479466754
11623,10469,0.346546024084091
11623,11777,0.127100825309753
11777,2866,0.219445198774338
11777,10378,0.219445198774338
11411,11416,0.00059493176249642
11416,11426,0.0146726538058393
11426,11697,0.0739987914760907
11697,5265,0.27620829641819
11697,13441,0.0635927021503448
13441,4699,0.212615594267845
13441,8740,0.212615594267845
11426,11698,0.0128648256262143
11698,12008,0.0496880114078522
12008,817,0.287654250860214
12008,6204,0.287654250860214
11698,12009,0.0378732979297638
12009,4772,0.299468964338303
12009,10552,0.299468964338303
11416,11427,0.00465425419969084
11427,11499,0.0238413500289122
11499,2125,0.336384137471517
11499,12027,0.00116020937760669
12027,9423,0.33522392809391
12027,12061,0.0380062609910965
12061,2372,0.297217667102814
12061,4195,0.297217667102814
11427,11500,0.00161656412589645
11500,11539,0.0375400238754872
11539,12373,0.046178282962905
12373,6202,0.27489061653614
12373,13469,0.0315895974636078
13469,1946,0.243301019072533
13469,2559,0.243301019072533
11539,12374,0.0210530774460899
12374,184,0.300015822052956
12374,12870,0.0276724249124527
12870,3926,0.272343397140503
12870,4312,0.272343397140503
11500,11540,0.00182276951875476
11540,1364,0.356786153855778
11540,11573,0.00106538992266236
11573,11598,0.056096827518397
11598,1245,0.299623936414719
11598,5478,0.299623936414719
11573,11599,0.00575995873286911
11599,11711,0.0349010278510128
11711,12510,0.0704811625182629
12510,1085,0.244578614830971
12510,1497,0.244578614830971
11711,12511,0.00999343022704124
12511,12741,0.0336481332778931
12741,4113,0.271418213844299
12741,4186,0.271418213844299
12511,12742,0.0291219353675842
12742,8886,0.275944411754608
12742,9939,0.275944411754608
11599,11712,0.000491208692434408
11712,11718,0.0260619961844529
11718,8212,0.323407600323359
11718,12324,0.0389576355616252
12324,2957,0.284449964761734
12324,13245,0.0373778194189072
13245,660,0.247072145342827
13245,7330,0.247072145342827
11712,11719,0.000115988792521282
11719,11720,0.0405602566610992
11720,10385,0.308793351054192
11720,12657,0.0343521982431412
12657,1235,0.27444115281105
12657,9943,0.27444115281105
11719,11721,0.00169119449973243
11721,11755,0.0906788350104497
11755,301,0.256983578205109
11755,10415,0.256983578205109
11721,11756,0.000466538315932741
11756,11766,0.0212659500539301
11766,7916,0.325929924845695
11766,12291,0.0959510207176208
12291,7153,0.229978904128075
12291,10047,0.229978904128075
11756,11767,0.000925927911772872
11767,11787,0.0132940070782356
11787,12109,0.00894465396801636
12109,5917,0.324031285941601
12109,12315,0.0259709507226944
12315,12925,0.0419628098607063
12925,5172,0.2560975253582
12925,5710,0.2560975253582
12315,12926,0.0325919166207314
12926,7039,0.265468418598175
12926,10137,0.265468418598175
11787,12110,0.00326736583596188
12110,12198,0.0414110102823803
12198,6039,0.288297563791275
12198,9659,0.288297563791275
12110,12199,0.0120223068765231
12199,12449,0.0306136086583138
12449,7857,0.287072658538818
12449,13189,0.0279470682144165
13189,6259,0.259125590324402
13189,8752,0.259125590324402
12199,12450,0.0138292784492176
12450,3384,0.303856988747915
12450,12771,0.0282744069894155
12771,1326,0.275582581758499
12771,13456,0.0416098684072495
13456,1503,0.23397271335125
13456,8523,0.23397271335125
11767,11788,0.00111258535112524
11788,11814,0.0408964471123313
11814,12762,0.0868597974379857
12762,8466,0.217401117086411
12762,9381,0.217401117086411
11814,12763,0.0225583662589391
12763,9473,0.281702548265457
12763,13300,0.0196339190006256
13300,1000,0.262068629264832
13300,2146,0.262068629264832
11788,11815,0.00039497490577628
11815,11828,0.0635123867309512
11828,2476,0.28125
11828,4726,0.28125
11815,11829,0.00028957259081519
11829,9975,0.344472814140136
11829,11838,0.000186388009529748
11838,11843,0.0116816378868357
11843,12120,0.0192243531346321
12120,12548,0.0394882410764694
12548,4348,0.273892194032669
12548,9108,0.273892194032669
12120,12549,0.0172798484563828
12549,1892,0.296100586652756
12549,2211,0.296100586652756
11843,12121,0.00905727595090866
12121,6587,0.323547512292862
12121,12323,0.0673594176769257
12323,5612,0.256188094615936
12323,10546,0.256188094615936
11838,11844,0.000884958059847063
11844,11855,0.0224869661255815
11855,12379,0.0946490863958995
12379,5712,0.226265415549278
12379,8737,0.226265415549278
11855,12380,0.0105548749367396
12380,3404,0.310359627008438
12380,12615,0.0230567157268524
12615,3313,0.287302911281586
12615,9654,0.287302911281586
11844,11856,7.20978338530909e-05
11856,11857,0.0129009189372388
11857,24,0.330428451299667
11857,12182,0.0305997878313065
12182,367,0.299828663468361
12182,12875,0.0383038967847824
12875,6723,0.261524766683578
12875,8900,0.261524766683578
11856,11858,0.00122196341090614
11858,11883,0.0281522190284536
11883,773,0.313955187797546
11883,4324,0.313955187797546
11858,11884,0.000743552218591126
11884,11906,0.0146720482910331
11906,12273,0.0405535995960236
12273,7948,0.286138206720352
12273,10421,0.286138206720352
11906,12274,0.00852380692958832
12274,7093,0.318167999386787
12274,12439,0.0183269828557968
12439,1727,0.299841016530991
12439,10507,0.299841016530991
11884,11907,0.00218557789238588
11907,3573,0.339178276715023
11907,11958,0.00143603339331699
11958,11998,0.00952288668549967
11998,12238,0.036333608130614
12238,5116,0.291885748505592
12238,13094,0.0570372641086578
13094,7761,0.234848484396935
13094,9086,0.234848484396935
11998,12239,0.0150548840562503
12239,8367,0.313164472579956
12239,12555,0.0258403271436691
12555,8538,0.287324145436287
12555,13182,0.0424261838197708
13182,3952,0.244897961616516
13182,4746,0.244897961616516
11958,11999,0.00361653780734517
11999,12081,0.00607865348856584
12081,35,0.328047052025795
12081,12246,0.0227608531713486
12246,182,0.305286198854446
12246,1619,0.305286198854446
11999,12082,0.000236217048893317
12082,12089,0.0409689586230908
12089,1508,0.292920529842377
12089,4333,0.292920529842377
12082,12090,0.000129621651695999
12090,12092,0.0746796654263661
12092,3312,0.259080201387405
12092,3793,0.259080201387405
12090,12093,0.000564387607258021
12093,12103,0.0463834568781367
12103,1141,0.286812022328377
12103,13196,0.033879742026329
13196,4645,0.252932280302048
13196,10473,0.252932280302048
12093,12104,0.000494145180784888
12104,12118,0.0148261424564003
12118,12444,0.0379330962896347
12444,1104,0.279942095279694
12444,10336,0.279942095279694
12118,12445,0.0281500667333603
12445,1346,0.289725124835968
12445,13129,0.0218679904937744
13129,6352,0.267857134342194
13129,9811,0.267857134342194
12104,12119,0.00117938122076605
12119,12157,0.0230622089475788
12157,362,0.308459743857384
12157,12667,0.00635679066181183
12667,12813,0.0538211911916733
12813,9012,0.248281762003899
12813,9267,0.248281762003899
12667,12814,0.0359739065170288
12814,1368,0.266129046678543
12814,7935,0.266129046678543
12119,12158,0.000908526507023555
12158,12173,0.0537695804536702
12173,873,0.276843845844269
12173,3564,0.276843845844269
12158,12174,0.000601094214118858
12174,12190,0.0218352433860688
12190,12676,0.0275221516688665
12676,1204,0.280654937028885
12676,6661,0.280654937028885
12190,12677,0.0114209403594335
12677,6414,0.296756148338318
12677,12965,0.0580085963010788
12965,3513,0.238747552037239
12965,6657,0.238747552037239
12174,12191,0.000889353448535968
12191,12213,0.0150382960216729
12213,12531,0.0935325361788273
12531,1367,0.220552146434784
12531,4866,0.220552146434784
12213,12532,0.0443803183734417
12532,13612,0.0859046801924706
13612,5104,0.183799684047699
13612,10244,0.183799684047699
12532,13613,0.0448096916079521
13613,3919,0.224894672632217
13613,6707,0.224894672632217
12191,12214,0.00238310038766432
12214,12270,0.187526688764931
12270,5210,0.139213189482689
12270,7504,0.139213189482689
12214,12271,0.0217340164776789
12271,12743,0.00264525110605013
12743,341,0.302360610663891
12743,12802,0.00106854609408225
12802,12836,0.0087684817934211
12836,13076,0.097675030430158
13076,85,0.19484855234623
13076,8859,0.19484855234623
12836,13077,0.0204355691870053
13077,6722,0.272088013589382
13077,13554,0.0535139665007591
13554,4873,0.218574047088623
13554,5611,0.218574047088623
12802,12837,0.0011071953313917
12837,12864,0.0271208221402571
12864,554,0.27306404709816
12864,13524,0.0231128036975861
13524,9333,0.249951243400574
13524,14158,0.0357656925916672
14158,50,0.214185550808907
14158,4537,0.214185550808907
12837,12865,0.0020661813222948
12865,12919,0.0456241441253049
12919,6531,0.252494543790817
12919,14068,0.0311210751533508
14068,1430,0.221373468637466
14068,15027,0.0239764451980591
15027,3802,0.197397023439407
15027,5466,0.197397023439407
12865,12920,0.00050143998945229
12920,12946,0.00434479736037802
12946,4540,0.293272450566292
12946,13064,0.015860840678215
13064,4625,0.277411609888077
13064,6588,0.277411609888077
12920,12947,0.000940885991911333
12947,12969,0.014315852896787
12969,10064,0.282360509037971
12969,13278,0.072980672121048
13278,2203,0.209379836916924
13278,4174,0.209379836916924
12947,12970,0.000411381785190568
12970,12978,0.0354531148198255
12978,3310,0.260811865329742
12978,4942,0.260811865329742
12970,12979,0.00064339657525031
12979,12992,0.012442240827583
12992,1221,0.283179342746735
12992,13265,0.0342360436916351
13265,4547,0.248943299055099
13265,10203,0.248943299055099
12979,12993,0.00621834381453557
12993,13130,0.0156105333298237
13130,8549,0.273792706429958
13130,13501,0.0654774084687233
13501,1952,0.208315297961235
13501,2676,0.208315297961235
12993,13131,0.00395432025208603
13131,13223,0.00747266736908136
13223,13393,0.0422951988875866
13393,14588,0.0432705841958523
14588,1294,0.192410469055176
14588,4152,0.192410469055176
13393,14589,0.022781889885664
14589,3121,0.212899163365364
14589,3796,0.212899163365364
13223,13394,0.0327525809407234
13394,5741,0.245223671197891
13394,7996,0.245223671197891
13131,13224,0.0011883001723812
13224,13248,0.0451301819611998
13248,4075,0.239130437374115
13248,6174,0.239130437374115
13224,13249,0.00164995166401982
13249,13272,0.0435807386294325
13272,6957,0.239029929041862
13272,7253,0.239029929041862
13249,13273,0.000354284213607226
13273,13281,0.017947960653809
13281,5983,0.264308422803879
13281,9174,0.264308422803879
13273,13282,0.00604042448188102
13282,13439,0.0149071101179271
13439,2569,0.26130884885788
13439,7897,0.26130884885788
13282,13440,0.00109065858292623
13440,13463,0.00639935260551616
13463,13632,0.0493571621676286
13632,10458,0.219368785619736
13632,15090,0.0271703898906708
15090,2273,0.192198395729065
15090,9528,0.192198395729065
13463,13633,0.0121710958580176
13633,3611,0.256554851929347
13633,13950,0.0194610978166262
13950,4462,0.23709375411272
13950,14523,0.0694348737597466
14523,5659,0.167658880352974
14523,7014,0.167658880352974
13440,13464,0.0019816305753747
13464,13521,0.0327592997289285
13521,1983,0.240384370088577
13521,3748,0.240384370088577
13464,13522,0.00201995183228226
13522,13582,0.0184166687346208
13582,6768,0.252707049250603
13582,14064,0.04465451836586
14064,534,0.208052530884743
14064,6996,0.208052530884743
13522,13583,0.00352719413398633
13583,13667,0.00103585679469531
13667,9416,0.266560667056542
13667,13704,0.0157421424369526
13704,14121,0.00768953725669269
14121,14354,0.00720773335388819
14354,14579,0.0155598593254885
14579,15066,0.0314285213748614
15066,2477,0.188932873308659
15066,16280,0.0404594764113426
16280,4528,0.148473396897316
16280,8689,0.148473396897316
14579,15067,0.0125049481789271
15067,2638,0.207856446504593
15067,15537,0.0277665207783381
15537,5489,0.180089925726255
15537,16619,0.0474148330589136
16619,1253,0.132675092667341
16619,18573,0.0136743821203709
18573,2392,0.11900071054697
18573,5959,0.11900071054697
14354,14580,0.0040767573847853
14580,8985,0.231844496624223
14580,14702,0.0170773007438101
14702,15279,0.047564767897129
15279,547,0.167202427983284
15279,17142,0.00247340649366379
17142,7121,0.16472902148962
17142,17243,0.032483197748661
17243,8317,0.132245823740959
17243,9674,0.132245823740959
14702,15280,0.00543171994613881
15280,15481,0.030300438178308
15481,5502,0.179035037755966
15481,16666,0.0278889089822769
16666,3644,0.151146128773689
16666,7286,0.151146128773689
15280,15482,0.00190490887407613
15482,9557,0.207430567060198
15482,15549,0.00468122682401112
15549,6136,0.202749340236187
15549,15716,0.014985734604153
15716,16329,0.0347482006923825
16329,8749,0.153015404939651
16329,17723,0.0117092728614807
17723,1210,0.141306132078171
17723,8624,0.141306132078171
15716,16330,0.0094173892399754
16330,16702,0.0441632541135336
16702,7438,0.134182962278525
16702,18498,0.0574460911254088
18498,10282,0.0767368711531162
18498,20472,0.031624261289835
20472,2592,0.0451126098632812
20472,3212,0.0451126098632812
16330,16703,0.00380423760566956
16703,2026,0.174541978786389
16703,16844,0.0164633834678115
16844,1426,0.158078595318578
16844,17513,0.0111682892523029
17513,10034,0.146910306066275
17513,17985,0.0196898356080055
17985,18765,0.0232667215168476
18765,3464,0.103953748941422
18765,10362,0.103953748941422
17985,18766,0.00834851445896286
18766,7211,0.118871955999306
18766,19109,0.00457026330488068
19109,9572,0.114301692694426
19109,19254,0.0197538502514362
19254,2087,0.0945478424429893
19254,19955,0.00818537001808484
19955,20200,0.0250727149347464
20200,2529,0.0612897574901581
20200,8415,0.0612897574901581
19955,20201,0.0106213974455992
20201,8236,0.0757410749793053
20201,20505,0.0327735058963299
20505,204,0.0429675690829754
20505,1230,0.0429675690829754
14121,14355,0.00673378175313413
14355,14551,0.0121410035121081
14551,14930,0.0623541288077831
14930,1086,0.161900073289871
14930,6670,0.161900073289871
14551,14931,0.0402312986552715
14931,2365,0.184022903442383
14931,5876,0.184022903442383
14355,14552,0.00260607381183708
14552,7152,0.233789131797925
14552,14642,0.00970432837535193
14642,14936,0.00322423589048584
14936,2216,0.220860567532088
14936,15051,0.00305924942730962
15051,8134,0.217801318104778
15051,15153,0.00634149363431979
15153,15400,0.0329212039985039
15400,3954,0.178538620471954
15400,6563,0.178538620471954
15153,15401,0.00314758658919362
15401,60,0.208312237881265
15401,15518,0.0101018186305744
15518,15890,0.0357851296992732
15890,993,0.162425289551417
15890,17344,0.0308100233475367
17344,397,0.13161526620388
17344,18608,0.0268354415893555
18608,4856,0.104779824614525
18608,4882,0.104779824614525
15518,15891,0.0087929951343273
15891,16256,0.0812501036264795
16256,751,0.108167320489883
16256,8395,0.108167320489883
15891,16257,0.00303151389208053
16257,16375,0.019856299471223
16375,783,0.166529610753059
16375,17170,0.0288014858961105
17170,2599,0.137728124856949
17170,4044,0.137728124856949
16257,16376,0.00825072124638956
16376,16711,0.0263982217122869
16711,10368,0.151736967265606
16711,17774,0.0456430017948151
17774,8768,0.106093965470791
17774,10542,0.106093965470791
16376,16712,0.00494855598705574
16712,5143,0.173186632990837
16712,16891,0.0119570686992807
16891,17400,0.00810118832705109
17400,8306,0.153128375964505
17400,17717,0.00569632278939525
17717,17961,0.00609632739080831
17961,5635,0.141335725784302
17961,5928,0.141335725784302
17717,17962,0.00425557226332998
17962,18130,0.00627764292817184
18130,8982,0.136898837983608
18130,18391,0.0259520709514618
18391,4491,0.110946767032146
18391,5021,0.110946767032146
17962,18131,0.00614624892363391
18131,18381,0.0331693470832847
18381,3689,0.103860884904861
18381,3735,0.103860884904861
18131,18382,0.00586916918240526
18382,18629,0.00914112368115672
18629,6131,0.122019939124584
18629,18987,0.0304740220308304
18987,1498,0.0915459170937538
18987,2465,0.0915459170937538
18382,18630,0.00806958775374883
18630,10414,0.123091475051992
18630,18945,0.00618599169686729
18945,19165,0.0239776027699312
19165,9113,0.0929278805851936
19165,10172,0.0929278805851936
18945,19166,0.00163784538706145
19166,19220,0.0110606633499265
19220,19608,0.0328011615201831
19608,3105,0.0714058130979538
19608,7262,0.0714058130979538
19220,19609,0.0128197708566274
19609,6474,0.0913872037615095
19609,20055,0.00830018724359216
20055,20304,0.0199158346901337
20304,7394,0.0631711818277836
20304,20787,0.0134144499897957
20787,5379,0.0497567318379879
20787,6027,0.0497567318379879
20055,20305,0.00319376525779566
20305,7154,0.0798932512601217
20305,20384,0.0120282446344693
20384,65,0.0678650066256523
20384,20685,0.0150424130260944
20685,3960,0.0528225935995579
20685,8499,0.0528225935995579
19166,19221,0.00908556193113326
19221,6709,0.10618207603693
19221,19527,0.00412573168675105
19527,2188,0.102056344350179
19527,19687,0.0248337847491105
19687,141,0.0772225596010685
19687,20454,0.0429116040468216
20454,6713,0.0343109555542469
20454,9857,0.0343109555542469
16891,17401,0.00798728296391144
17401,17714,0.0487185108164946
17714,1502,0.10452377051115
17714,10499,0.10452377051115
17401,17715,0.0214106331268946
17715,18597,0.032009756565094
18597,19772,0.0590366721153259
19772,327,0.0407852195203304
19772,6267,0.0407852195203304
18597,19773,0.0489140041172504
19773,3202,0.0509078875184059
19773,8672,0.0509078875184059
17715,18598,0.018198624625802
18598,1314,0.113633023574948
18598,19278,0.00872684642672539
19278,19581,0.0125465374439955
19581,798,0.0923596397042274
19581,3747,0.0923596397042274
19278,19582,0.000268032774329185
19582,2892,0.104638144373894
19582,10400,0.104638144373894
14642,14937,0.00152365900409895
14937,14981,0.0222292925784553
14981,4612,0.200331851840019
14981,7510,0.200331851840019
14937,14982,0.00132436755212217
14982,15034,0.0111948549825309
15034,15448,0.00980736134780777
15448,15833,0.0151019709308942
15833,5545,0.185132589605119
15833,16430,0.0129079478275445
16430,3018,0.172224641777575
16430,16929,0.00796445871570281
16929,1128,0.164260183061872
16929,17267,0.00807342607350575
17267,171,0.156186756988366
17267,17601,0.0306717253600558
17601,18844,0.0261373268440366
18844,19789,0.0226015280932188
19789,4564,0.0767761766910553
19789,6256,0.0767761766910553
18844,19790,0.0133220311254263
19790,2790,0.0860556736588478
19790,4425,0.0860556736588478
17601,18845,0.0221445066854358
18845,6506,0.103370524942875
18845,10280,0.103370524942875
15448,15834,0.00719642384306671
15834,16102,0.00694888457120046
16102,16388,0.0251838313415647
16388,6465,0.160905420780182
16388,17416,0.0321125835180283
17416,3666,0.128792837262154
17416,8850,0.128792837262154
16102,16389,0.0151879858846466
16389,16969,0.0247440313299497
16969,2940,0.14615723490715
16969,7598,0.14615723490715
16389,16970,0.00788181175788244
16970,10397,0.163019454479218
16970,17320,0.0205645993351936
17320,5676,0.142454855144024
17320,18170,0.0124948788434267
18170,18673,0.0289555098861456
18673,2691,0.101004466414452
18673,5991,0.101004466414452
18170,18674,0.0132893901318312
18674,6058,0.116670586168766
18674,10314,0.116670586168766
15834,16103,0.00174772130491097
16103,16168,0.0328300367411855
16168,3385,0.158460378646851
16168,7495,0.158460378646851
16103,16169,0.00160516402031649
16169,4420,0.18968525136772
16169,16252,0.00168782744985896
16252,16313,0.117200725586028
16313,3133,0.0707966983318329
16313,7016,0.0707966983318329
16252,16314,0.004729308891367
16314,4023,0.183268115026494
16314,16508,0.0030658910450734
16508,6407,0.18020222398142
16508,16615,0.00639106972501591
16615,3506,0.173811154256404
16615,16865,0.00339889934978663
16865,16991,0.0325803345212569
16991,7910,0.137831920385361
16991,18339,0.0080588089923064
18339,18678,0.0653262933095296
18678,4994,0.0644468180835247
18678,20760,0.0189993567764759
20760,7007,0.0454474613070488
20760,7633,0.0454474613070488
18339,18679,0.0265122440954049
18679,4257,0.103260867297649
18679,8878,0.103260867297649
16865,16992,0.00582490242262607
16992,17250,0.022779885738615
17250,2712,0.141807466745377
17250,6285,0.141807466745377
16992,17251,0.0145991140546413
17251,17838,0.0041315239323404
17838,10341,0.14585671449701
17838,18023,0.0106283268846926
18023,18458,0.0218879725517971
18458,5356,0.11334041506052
18458,8866,0.11334041506052
18023,18459,0.00189073205920595
18459,6512,0.133337655553111
18459,18540,0.0164195971577256
18540,19163,0.0191903349757195
19163,723,0.0977277234196663
19163,3350,0.0977277234196663
18540,19164,0.0146170881003528
19164,19677,0.0197647150061638
19677,20320,0.0246304173953831
20320,20880,0.0122507587075233
20880,7216,0.0456550791859627
20880,9993,0.0456550791859627
20320,20881,0.00770894065499306
20881,4671,0.050196897238493
20881,10071,0.050196897238493
19677,20321,0.00797882507451707
20321,2300,0.0745574302143521
20321,20535,0.00424858339367404
20535,20640,0.00845448029715391
20640,20812,0.012947855827709
20812,8094,0.0489065106958151
20812,20997,0.0249117370694876
20997,4975,0.0239947736263275
20997,8990,0.0239947736263275
20640,20813,0.00508040220787128
20813,2466,0.0567739643156528
20813,20901,0.0102041531354189
20901,849,0.046569811180234
20901,21035,0.0092392023652792
21035,2212,0.0373306088149548
21035,2339,0.0373306088149548
20535,20641,0.00226984678634576
20641,8942,0.0680390000343323
20641,9045,0.0680390000343323
19164,19678,0.00371940959390109
19678,19814,0.0173926211893558
19814,8434,0.081188939511776
19814,20349,0.00862468779087067
20349,5376,0.0725642517209053
20349,20588,0.0185028724372387
20588,756,0.0540613792836666
20588,20936,0.00203279033303261
20936,214,0.052028588950634
20936,20963,0.0199918523430824
20963,3981,0.0320367366075516
20963,6581,0.0320367366075516
19678,19815,0.00730055458843708
19815,912,0.0912810061126947
19815,20058,0.00840084937711556
20058,9147,0.0828801567355792
20058,20311,0.0011634776989619
20311,2550,0.0817166790366173
20311,20340,0.0243313945829868
20340,1262,0.0573852844536304
20340,9732,0.0573852844536304
17251,17839,0.00339800966603146
17839,637,0.146590228763319
17839,17997,0.00407390563950177
17997,18166,0.0284908588423773
18166,19265,0.0368316154927015
19265,2795,0.0771938487887383
19265,2825,0.0771938487887383
18166,19266,0.0353384222835302
19266,3222,0.0786870419979095
19266,10303,0.0786870419979095
17997,18167,0.00188414735501985
18167,2200,0.140632175768797
18167,18242,0.00816983070511085
18242,4305,0.132462345063686
18242,18581,0.00729268028036409
18581,18865,0.0332775788138742
18865,3681,0.0918920859694481
18865,8681,0.0918920859694481
18581,18866,0.00144067121280153
18866,18914,0.012125745395977
18914,19347,0.0184270844415382
19347,10479,0.0931761637330055
19347,20000,0.015532448887825
20000,886,0.0776437148451805
20000,2906,0.0776437148451805
18914,19348,0.0011983988427178
19348,19388,0.00776211107149719
19388,19666,0.0127099985256791
19666,3030,0.0899327397346497
19666,5452,0.0899327397346497
19388,19667,0.00475028227083385
19667,19853,0.0184931707723687
19853,2859,0.0793992852171262
19853,20398,0.0212469225128492
20398,9396,0.058152362704277
20398,20875,0.0220736376941204
20875,1781,0.0360787250101566
20875,7639,0.0360787250101566
19667,19854,0.0135249895198892
19854,4059,0.0843674664696058
19854,20273,0.0185614799459775
20273,5354,0.0658059865236282
20273,20731,0.0190607756376266
20731,4690,0.0467452108860016
20731,9067,0.0467452108860016
19348,19389,0.00681194158803138
19389,10451,0.103592907743795
19389,19630,0.01750661095693
19630,4783,0.0860862967868646
19630,20212,0.00717531268795331
20212,5961,0.0789109840989113
20212,20408,0.0116742290556431
20408,20695,0.0178080573678017
20695,46,0.0494286976754665
20695,20990,0.00371010601520538
20990,3186,0.0457185916602612
20990,4289,0.0457185916602612
20408,20696,0.00733464583754539
20696,2560,0.0599021092057228
20696,3254,0.0599021092057228
18866,18915,0.00868227634401547
18915,3693,0.115046717226505
18915,4812,0.115046717226505
15034,15449,0.00376750116236507
15449,15588,0.0754184878896922
15588,5771,0.130855932831764
15588,6966,0.130855932831764
15449,15589,0.010826216697959
15589,15990,0.0102722127167951
15990,8286,0.185175991306702
15990,16428,0.0284746545056502
16428,260,0.156701336801052
16428,17578,0.0125818561762571
17578,4110,0.144119480624795
17578,18095,0.0420503237595161
18095,4065,0.102069156865279
18095,19686,0.0167013729612033
19686,4768,0.0853677839040756
19686,20246,0.00578214973211288
20246,2725,0.0795856341719627
20246,7817,0.0795856341719627
15589,15991,0.00498962627635113
15991,3038,0.190458577747146
15991,16212,0.00315665369988349
16212,4840,0.187301924047263
16212,16352,0.0107858436027534
16352,8929,0.176516080444509
16352,16769,0.00219857597892936
16769,16852,0.0171674594283104
16852,2024,0.15715004503727
16852,6282,0.15715004503727
16769,16853,0.00658366342908456
16853,2898,0.167733841036495
16853,17119,0.022438368644191
17119,18048,0.0133189328571225
18048,6304,0.131976539535182
18048,18594,0.00852203209485328
18594,1626,0.123454507440329
18594,18932,0.0208330983296037
18932,19670,0.00759148877114058
19670,10502,0.0950299203395844
19670,19935,0.0263500809669495
19935,3422,0.0686798393726349
19935,20669,0.0237818993628025
20669,3086,0.0448979400098324
20669,5921,0.0448979400098324
18932,19671,0.00364929717034101
19671,1571,0.0989721119403839
19671,3545,0.0989721119403839
17119,18049,0.00924465278671546
18049,9506,0.136050819605589
18049,18431,0.00423845620825886
18431,18599,0.0067950333468616
18599,2437,0.125017330050468
18599,2584,0.125017330050468
18431,18600,0.00595745291294797
18600,5385,0.125854910484382
18600,18828,0.0276559688860462
18828,9159,0.0981989415983359
18828,19837,0.026278522113959
19837,10017,0.0719204194843769
19837,20602,0.0150897146513065
20602,20899,0.0131618535766999
20899,1981,0.0436688512563705
20899,9844,0.0436688512563705
20602,20900,0.00274898732701937
20900,7213,0.0540817175060511
20900,20934,0.0143110547214746
20934,8731,0.0397706627845764
20934,10272,0.0397706627845764
14982,15035,0.00634753858828127
15035,7199,0.214889238278071
15035,15271,0.0420179764429728
15271,1849,0.172871261835098
15271,16902,0.0452807992696762
16902,5801,0.127590462565422
16902,10240,0.127590462565422
13704,14122,0.00448320122159443
14122,14271,0.00931062126624668
14271,1943,0.237024702131748
14271,14524,0.0293688699603081
14524,3596,0.20765583217144
14524,9216,0.20765583217144
14122,14272,0.000910723771760269
14272,4712,0.245424599626235
14272,14292,0.00395554469794215
14292,14414,0.0261777783541576
14414,8152,0.215291276574135
14414,9608,0.215291276574135
14292,14415,0.00207637680410133
14415,2189,0.239392678124191
14415,14461,0.0229947779177637
14461,15208,0.0137297023252111
15208,15719,0.0107392827339458
15719,6189,0.19192891514727
15719,16141,0.00402733143214343
16141,16318,0.0142398450810176
16318,5205,0.173661738634109
16318,6827,0.173661738634109
16141,16319,0.00270865897719674
16319,4085,0.18519292473793
16319,16422,0.00463234956065814
16422,2878,0.180560575177272
16422,16601,0.0202552345775378
16601,17441,0.0156425396717774
17441,18071,0.028249524285396
18071,10108,0.116413276642561
18071,19180,0.0366655774414539
19180,91,0.079747699201107
19180,20387,0.0196666494011879
20387,5441,0.0600810497999191
20387,20848,0.0218900702893734
20848,764,0.0381909795105457
20848,8117,0.0381909795105457
17441,18072,0.0205268112321695
18072,2290,0.124135989695787
18072,18900,0.0165585167706013
18900,2780,0.107577472925186
18900,9795,0.107577472925186
16601,17442,0.00986503165137645
17442,4925,0.150440308948358
17442,17816,0.00423640679745446
17816,5549,0.146203902150903
17816,18011,0.00458748777816584
18011,10269,0.141616414372738
18011,18204,0.00626523768863615
18204,7781,0.135351176684101
18204,18453,0.00801451611473705
18453,6601,0.127336660569364
18453,18756,0.013233236516967
18756,19260,0.012588399151961
19260,6003,0.101515024900436
19260,9793,0.101515024900436
18756,19261,0.00717828578005235
19261,1725,0.106925138272345
19261,19500,0.0161067611848315
19500,20070,0.0523822697500388
20070,5463,0.0384361073374748
20070,21097,0.00673432275652885
21097,8592,0.031701784580946
21097,10468,0.031701784580946
19500,20071,0.0156909673164288
20071,7995,0.0751274097710848
20071,20523,0.0112137092898289
20523,2463,0.0639137004812558
20523,20776,0.0121216879536708
20776,8940,0.051792012527585
20776,20964,0.0156092029064894
20964,1516,0.0361828096210957
20964,2128,0.0361828096210957
15208,15720,0.00414982336702105
15720,15881,0.0319247036691635
15881,4363,0.166593670845032
15881,9403,0.166593670845032
15720,15882,0.00719310969984113
15882,16166,0.0258063488631021
16166,17207,0.0185602916280429
17207,17981,0.0122391593952974
17981,8797,0.134719464927912
17981,18478,0.052560281008482
18478,1125,0.0821591839194298
18478,10300,0.0821591839194298
17207,17982,0.00464261074860892
17982,7552,0.1423160135746
17982,9008,0.1423160135746
16166,17208,0.0161170103152593
17208,17878,0.0705773259202639
17878,2162,0.0788245797157288
17878,7386,0.0788245797157288
17208,17879,0.0452905508379141
17879,5914,0.104111354798079
17879,19613,0.0625266060233116
19613,1931,0.0415847487747669
19613,8522,0.0415847487747669
15882,16167,0.00871377811230048
16167,16531,0.0339268807459761
16531,3558,0.148684605956078
16531,17912,0.0269334614276886
17912,2225,0.121751144528389
17912,9493,0.121751144528389
16167,16532,0.00756052245176955
16532,3683,0.175050964250284
16532,16823,0.0107410258120474
16823,1801,0.164309938438237
16823,17265,0.039306684024632
17265,4956,0.125003254413605
17265,18872,0.0360046239400452
18872,20125,0.0282716662481879
20125,8139,0.0607269642253717
20125,20839,0.0127043959995111
20839,4471,0.0480225682258606
20839,21012,0.0183972772210836
21012,4909,0.029625291004777
21012,8005,0.029625291004777
18872,20126,0.0101767061447555
20126,1926,0.078821924328804
20126,20411,0.00546342705686886
20411,7143,0.0733584972719351
20411,20568,0.0117022634173433
20568,1260,0.0616562338545918
20568,20815,0.0106322991972168
20815,20974,0.0224612841072182
20974,10541,0.0285626505501568
20974,21138,0.00262330084418257
21138,2664,0.0259393497059743
21138,21144,0.00678427206973235
21144,1020,0.0191550776362419
21144,21154,0.00767179112881422
21154,4634,0.0114832865074277
21154,5572,0.0114832865074277
20815,20975,0.0202117298419277
20975,4868,0.0308122048154473
20975,21130,0.0110753634944558
21130,5070,0.0197368413209915
21130,6248,0.0197368413209915
14461,15209,0.000674203009634528
15209,2018,0.215723697196793
15209,15232,0.0139825295865478
15232,15764,0.0203631805433404
15764,3290,0.181377987066905
15764,16569,0.00721082339684168
16569,10440,0.174167163670063
16569,16858,0.0178259983658791
16858,845,0.156341165304184
16858,7777,0.156341165304184
15232,15765,0.00183022750087647
15765,15840,0.0102640702115262
15840,1631,0.189646869897842
15840,5177,0.189646869897842
15765,15841,0.00716532614651194
15841,8312,0.192745613962857
15841,16117,0.00487085901561338
16117,5847,0.187874754947243
16117,16324,0.0224124881702038
16324,17213,0.0100304405449819
17213,370,0.155431826232058
17213,17637,0.0130987494309066
17637,3171,0.142333076801151
17637,18176,0.0047089685385506
18176,1843,0.1376241082626
18176,18348,0.00785200766498043
18348,4178,0.12977210059762
18348,18680,0.0135986718825355
18680,19190,0.0212290716709175
19190,19939,0.0221491410500473
19939,2981,0.0727952159941196
19939,20584,0.0166121404618025
20584,1059,0.0561830755323172
20584,20907,0.00704416818916798
20907,2600,0.0491389073431492
20907,4147,0.0491389073431492
19190,19940,0.0143223052016563
19940,6469,0.0806220518425107
19940,20369,0.0163726581792746
20369,4613,0.0642493936632361
20369,20764,0.0201114308798597
20764,5784,0.0441379627833764
20764,21056,0.00195166605214277
21056,6240,0.0421862967312336
21056,21067,0.00634518035997948
21067,21115,0.0139173824960987
21115,4727,0.0219237338751554
21115,6799,0.0219237338751554
21067,21116,0.00848341702173153
21116,2747,0.0273576993495226
21116,21143,0.00449256971478462
21143,5301,0.022865129634738
21143,7595,0.022865129634738
18680,19191,0.00488542296286162
19191,19351,0.00862457816089901
19351,2269,0.102663427591324
19351,19662,0.0116009339690208
19662,6263,0.091062493622303
19662,8505,0.091062493622303
19191,19352,0.00612872008766445
19352,19575,0.0401994181176027
19575,6584,0.0649598675469557
19575,20746,0.0238858542094628
20746,7593,0.0410740133374929
20746,21074,0.0134148150682449
21074,2229,0.027659198269248
21074,10463,0.027659198269248
19352,19576,0.0197799412533641
19576,20242,0.0413882182911038
20242,338,0.0439911261200905
20242,4103,0.0439911261200905
19576,20243,0.00591565761715174
20243,9127,0.0794636867940426
20243,20396,0.00936621986329556
20396,6623,0.070097466930747
20396,20644,0.0152588900178671
20644,5166,0.0548385769128799
20644,20920,0.0065051294863224
20920,4719,0.0483334474265575
20920,21008,0.00989413696030775
21008,8258,0.0384393104662498
21008,21096,0.0126893299942215
21096,4877,0.0257499804720283
21096,21145,0.00311336573213339
21145,2150,0.0226366147398949
21145,2570,0.0226366147398949
16324,17214,0.00129040330957694
17214,6518,0.164171863467463
17214,17272,0.00434516506489888
17272,10431,0.159826698402564
17272,17453,0.0171268050207032
17453,18151,0.0144037599849795
18151,18726,0.0288691431461346
18726,19785,0.0289109087238709
19785,9971,0.0705160815268755
19785,20636,0.0233140978962183
20636,704,0.0472019836306572
20636,4225,0.0472019836306572
18726,19786,0.00955722841123739
19786,803,0.089869761839509
19786,20103,0.026915667578578
20103,3652,0.062954094260931
20103,20790,0.00454152747988701
20790,3812,0.058412566781044
20790,20872,0.00764072313904762
20872,3435,0.0507718436419964
20872,8827,0.0507718436419964
18151,18727,0.00663707680290655
18727,4151,0.121659056593974
18727,18997,0.00818441038330396
18997,2583,0.11347464621067
18997,19287,0.0105692498385906
19287,19654,0.0328839011490345
19654,3725,0.0700214952230453
19654,6375,0.0700214952230453
19287,19655,0.00863125920295715
19655,3539,0.0942741371691227
19655,19959,0.0256291292607784
19959,6933,0.0686450079083443
19959,8796,0.0686450079083443
17453,18152,0.00327852137268533
18152,6114,0.139421372009175
18152,18290,0.0129968599713111
18290,7569,0.126424512037864
18290,18796,0.00672252267025983
18796,19066,0.0283639844506979
19066,1681,0.0913380049169064
19066,20057,0.00802101567387581
20057,9162,0.0833169892430305
20057,20298,0.0225611180067062
20298,3166,0.0607558712363243
20298,20838,0.0466878898441792
20838,1233,0.0140679813921452
20838,5725,0.0140679813921452
18796,19067,0.00403293694059054
19067,19205,0.0159630657484134
19205,7323,0.0997059866786003
19205,19776,0.0112717775627971
19776,3552,0.0884342091158032
19776,20142,0.0411822159464161
20142,8873,0.0472519931693872
20142,21025,0.010190545891722
21025,9448,0.0370614472776651
21025,21105,0.0128554571419954
21105,3938,0.0242059901356697
21105,7614,0.0242059901356697
19067,19206,0.014802019422253
19206,3131,0.100867033004761
19206,6778,0.100867033004761
13583,13668,0.000651797412338451
13668,13689,0.0326129696086833
13689,7299,0.234331756830215
13689,9399,0.234331756830215
13668,13690,0.0161077398044324
13690,5201,0.250836986634466
13690,14120,0.025298008813508
14120,14889,0.0198906338108437
14889,15616,0.0320363603532314
15616,5009,0.173611983656883
15616,8334,0.173611983656883
14889,15617,0.0158433727920055
15617,2442,0.189804971218109
15617,8276,0.189804971218109
14120,14890,0.00638473338887588
14890,7952,0.219154244432083
14890,15102,0.0138561770510979
15102,10075,0.205298067380985
15102,15624,0.00365118806560835
15624,15773,0.0351525396108627
15773,7256,0.166494339704514
15773,10517,0.166494339704514
15624,15774,0.0229528358578682
15774,16689,0.0225332020719846
16689,17603,0.0315383026997248
17603,4905,0.124622538685799
17603,18881,0.00658505409955978
18881,604,0.118037484586239
18881,3089,0.118037484586239
16689,17604,0.00980057815710703
17604,10,0.146360263228416
17604,7779,0.146360263228416
15774,16690,0.0110870824754238
16690,8388,0.167606960982084
16690,17126,0.0086455506583055
17126,4765,0.158961410323779
17126,17483,0.0134577179948489
17483,10484,0.14550369232893
17483,18039,0.00977561622858047
18039,3445,0.135728076100349
18039,4218,0.135728076100349
12271,12744,0.00195358973268012
12744,9359,0.303052272037261
12744,12792,0.0154657767908613
12792,13176,0.00452129375391502
13176,6897,0.283065201492485
13176,13268,0.00345747585234668
13268,9555,0.279607725640138
13268,13350,0.00105456369595353
13350,9695,0.278553161944184
13350,13380,0.0131345857621249
13380,1354,0.265418576182059
13380,13731,0.00383001705428854
13731,13816,0.0500412887105575
13816,2232,0.211547270417213
13816,6226,0.211547270417213
13731,13817,0.00210250693838337
13817,13870,0.0656525818448441
13870,881,0.193833470344543
13870,8648,0.193833470344543
13817,13871,0.00837063432532459
13871,8512,0.251115417864063
13871,14110,0.0239021202034201
14110,14848,0.00839344515617757
14848,2810,0.218819852504465
14848,15113,0.0181027609441016
15113,9455,0.200717091560364
15113,15818,0.0113005623285905
15818,16258,0.0141033147707645
16258,16812,0.0288279751936595
16812,5786,0.146485239267349
16812,18003,0.0420603305101395
18003,232,0.10442490875721
18003,1538,0.10442490875721
16258,16813,0.0125922958056132
16813,1482,0.162720918655396
16813,17334,0.0048662692308426
17334,17522,0.0223661541938782
17522,1809,0.135488495230675
17522,7404,0.135488495230675
17334,17523,0.0223155666142702
17523,10417,0.135539082810283
17523,18444,0.0228219733883937
18444,3709,0.112717109421889
18444,19313,0.01333079362909
19313,3828,0.099386315792799
19313,19787,0.0542213320732117
19787,7200,0.0451649837195873
19787,7688,0.0451649837195873
15818,16259,0.00623754905573151
16259,7972,0.183178980176042
16259,16510,0.00540282306511228
16510,6127,0.177776157110929
16510,16726,0.00469169867666142
16726,16894,0.00412866256463409
16894,9260,0.168955795869634
16894,17054,0.0121294065370216
17054,17572,0.00957709337983814
17572,3838,0.147249295952774
17572,17972,0.00354406984434241
17972,9062,0.143705226108432
17972,18110,0.0061770552586691
18110,18353,0.00720418215382332
18353,18655,0.0306243275602659
18655,2470,0.0996996611356735
18655,4402,0.0996996611356735
18353,18656,0.015538376534269
18656,1770,0.11478561216167
18656,19232,0.00383697446067255
19232,899,0.110948637700998
19232,19364,0.00421380598703
19364,19508,0.0177423757397466
19508,8607,0.0889924559742212
19508,20127,0.00377808165337358
20127,2766,0.0852143743208476
20127,20249,0.00862842833711988
20249,5481,0.0765859459837278
20249,20477,0.00859007810552914
20477,3337,0.0679958678781986
20477,20681,0.0158630173653364
20681,7317,0.0521328505128622
20681,20960,0.0155630030979713
20960,1492,0.0365698474148909
20960,21109,0.0109173419574896
21109,8507,0.0256525054574013
21109,21146,0.0036324467509985
21146,4659,0.0220200587064028
21146,8222,0.0220200587064028
19364,19509,0.0115382741722796
19509,9638,0.0951965575416883
19509,19930,0.0243631315728029
19930,2564,0.0708334259688854
19930,20625,0.0287242420017719
20625,282,0.0421091839671135
20625,6074,0.0421091839671135
18110,18354,0.00523946901746825
18354,1435,0.132288701832294
18354,18587,0.00805729627609253
18587,7416,0.124231405556202
18587,10501,0.124231405556202
17054,17573,0.00652175724054829
17573,17825,0.0152724948570584
17825,7113,0.135032137235006
17825,18470,0.0260712628563245
18470,2786,0.108960874378681
18470,19443,0.00697857886552811
19443,699,0.101982295513153
19443,9411,0.101982295513153
17573,17826,0.0141353437846357
17826,5516,0.136169288307428
17826,18424,0.017815793140067
18424,9348,0.118353495167361
18424,19128,0.0160920988354418
19128,19681,0.0112792870236768
19681,9513,0.0909821093082428
19681,20065,0.0151558294892311
20065,1084,0.0758262798190117
20065,9533,0.0758262798190117
19128,19682,0.00705339668525588
19682,10255,0.0952079996466637
19682,19927,0.00949354767799378
19927,8019,0.0857144519686699
19927,20226,0.0189282248417536
20226,5334,0.0667862271269162
20226,20703,0.00570432779689629
20703,9081,0.06108189933002
20703,20828,0.0195978302508593
20828,162,0.0414840690791607
20828,2851,0.0414840690791607
16726,16895,0.000529220425768917
16895,5289,0.172555238008499
16895,7481,0.172555238008499
14110,14849,0.00347151957275599
14849,14948,0.0243156784298745
14948,2110,0.199426099658012
14948,3773,0.199426099658012
14849,14949,0.00594747896221551
14949,1823,0.217794299125671
14949,15155,0.00662490051417125
15155,6719,0.2111693986115
15155,15408,0.0175206081705918
15408,6726,0.193648790440908
15408,16076,0.00930743614529694
16076,8230,0.184341354295611
16076,16471,0.00424977606878832
16471,420,0.180091578226823
16471,16618,0.00163926351589228
16618,4285,0.178452314710931
16618,16701,0.0114267126297611
16701,17153,0.0144268994219601
17153,17740,0.0784700525303682
17740,1615,0.0741286501288414
17740,5548,0.0741286501288414
17153,17741,0.0120723543067773
17741,10508,0.140526348352432
17741,18249,0.018015106767416
18249,18978,0.037597369402647
18978,4093,0.0849138721823692
18978,4846,0.0849138721823692
18249,18979,0.0215380154550076
18979,5250,0.100973226130009
18979,19727,0.0381633564829826
19727,3705,0.0628098696470261
19727,9575,0.0628098696470261
16701,17154,0.00926636032139261
17154,10547,0.157759241759777
17154,17529,0.00785429858499104
17529,17847,0.0161919511026806
17847,6084,0.133712992072105
17847,9243,0.133712992072105
17529,17848,0.00490218203546652
17848,1912,0.14500276113932
17848,18061,0.00460997457687673
18061,2924,0.140392786562443
18061,18254,0.0223667515672388
18254,19135,0.0171151168289639
19135,8077,0.10091091816624
19135,19728,0.0212519414102038
19728,20390,0.0264674862846732
20390,6668,0.0531914904713631
20390,8524,0.0531914904713631
19728,20391,0.0105989317720135
20391,1051,0.0690600449840228
20391,20664,0.00671154508988063
20664,6718,0.0623484998941422
20664,20801,0.0287941545248032
20801,2143,0.033554345369339
20801,9353,0.033554345369339
18254,19136,0.0055813870238824
19136,3141,0.112444647971322
19136,19323,0.00265662131064079
19323,7640,0.109788026660681
19323,19407,0.00528917647898197
19407,19596,0.0468688625842333
19596,8185,0.0576299875974655
19596,8808,0.0576299875974655
19407,19597,0.00238979622148551
19597,2608,0.102109053960213
19597,19684,0.00610244717006082
19684,19906,0.0198992518313003
19906,20490,0.0136683789392312
20490,20797,0.030512310564518
20797,6594,0.0319266654551029
20797,7754,0.0319266654551029
20490,20798,0.0134904459118843
20798,4204,0.0489485301077366
20798,20996,0.0049421489238739
20996,1316,0.0440063811838627
20996,8394,0.0440063811838627
19906,20491,0.00443292011817295
20491,563,0.0716744348406792
20491,20609,0.00887691577275594
20609,20792,0.0186642246941725
20792,3192,0.0441332943737507
20792,10369,0.0441332943737507
20609,20793,0.00292329924801986
20793,5929,0.0598742198199034
20793,20852,0.0174543727189302
20852,6972,0.0424198471009731
20852,7151,0.0424198471009731
19684,19907,0.0096512186256322
19907,7519,0.0863553881645203
19907,9334,0.0863553881645203
12792,13177,0.000861833397726997
13177,2715,0.286724661848673
13177,13198,0.00479255307378673
13198,13293,0.000677495375380255
13293,1871,0.281254613399506
13293,13315,0.017813028395176
13315,7665,0.26344158500433
13315,13770,0.0194240845739841
13770,14319,0.0382247604429722
14319,374,0.205792739987373
14319,5399,0.205792739987373
13770,14320,0.0332220681011677
14320,4777,0.210795432329178
14320,10363,0.210795432329178
13198,13294,0.000252047750761486
13294,9312,0.281680061024124
13294,13301,0.00513051844289092
13301,13427,0.0233276284090609
13427,5103,0.253221914172173
13427,14053,0.0667245984077454
14053,6751,0.186497315764427
14053,9950,0.186497315764427
13301,13428,0.00130998131429333
13428,5945,0.27523956126694
13428,13462,0.00160304495860703
13462,13506,0.0244619139786021
13506,4886,0.249174602329731
13506,14188,0.0390296801924706
14188,821,0.21014492213726
14188,1722,0.21014492213726
13462,13507,0.00103892784031701
13507,9688,0.272597588468016
13507,13538,0.00159717535930021
13538,13587,0.0784265230187272
13587,257,0.192573890089989
13587,3974,0.192573890089989
13538,13588,0.00315734303484688
13588,13655,0.0232172781665586
13655,9092,0.24462579190731
13655,14307,0.024684339761734
14307,5751,0.219941452145576
14307,9068,0.219941452145576
13588,13656,0.00270078498381637
13656,13739,0.0185823671632643
13739,4827,0.246559917926788
13739,14258,0.0781291723251343
14258,306,0.168430745601654
14258,2133,0.168430745601654
13656,13740,0.00204244745195664
13740,13779,0.0307508144151727
13779,419,0.232349023222923
13779,6832,0.232349023222923
13740,13780,0.000669668052969696
13780,13795,0.0547901922491965
13795,1202,0.20763997733593
13795,4593,0.20763997733593
13780,13796,0.00342748444634255
13796,13881,0.0164051126333097
13881,5838,0.242597572505474
13881,14375,0.0204388722777367
14375,1606,0.222158700227737
14375,5829,0.222158700227737
13796,13882,0.00126031169028595
13882,4601,0.257742373448498
13882,13920,0.00296521642301451
13920,14002,0.00453053784067142
14002,6511,0.250246619184812
14002,14148,0.0149972413976987
14148,2138,0.235249377787113
14148,14602,0.0651509687304497
14602,1047,0.170098409056664
14602,5261,0.170098409056664
13920,14003,0.00340364386017988
14003,7240,0.251373513165303
14003,14090,0.0013269921752882
14090,14155,0.0124765009302707
14155,14507,0.0382252211372058
14507,1921,0.199344798922539
14507,5472,0.199344798922539
14155,14508,0.00783602396647134
14508,8521,0.229733996093273
14508,14762,0.0219071730971336
14762,1026,0.20782682299614
14762,5433,0.20782682299614
14090,14156,0.00257760106775606
14156,14231,0.0345561965002087
14231,10254,0.21291272342205
14231,15343,0.053936094045639
15343,9,0.158976629376411
15343,636,0.158976629376411
14156,14232,0.00330210447577639
14232,5519,0.244166815446483
14232,14317,0.0199593598632938
14317,14934,0.0272071496060782
14934,15936,0.0302247752226069
15936,17162,0.00971479405290188
17162,8000,0.157060736701602
17162,17559,0.0138951252258959
17559,18132,0.00967672169208528
18132,216,0.133488889783621
18132,18533,0.0298410659389836
18533,19626,0.024937245462622
19626,8454,0.0787105783820152
19626,20412,0.0279293283820152
20412,1352,0.05078125
20412,3279,0.05078125
18533,19627,0.00669657509951364
19627,732,0.0969512487451235
19627,19880,0.0151830459634463
19880,5108,0.0817682027816772
19880,20338,0.00179333910346031
20338,20381,0.0309475511312485
20381,4231,0.0490273125469685
20381,10527,0.0490273125469685
20338,20382,0.0186008084565401
20382,621,0.0613740552216768
20382,20823,0.0147875044494867
20823,2977,0.0465865507721901
20823,7364,0.0465865507721901
17559,18133,0.00610979860648514
18133,18379,0.0223312587477267
18379,433,0.114724554121494
18379,7203,0.114724554121494
18133,18380,0.0165064022876322
18380,1798,0.120549410581589
18380,19035,0.0109917682905992
19035,4081,0.10955764229099
19035,19420,0.0284635367492835
19420,3904,0.0810941055417061
19420,20351,0.0299552081152797
20351,4018,0.0511388974264264
20351,20971,0.0125758526846766
20971,3224,0.0385630447417498
20971,21093,0.0103564849123359
21093,7077,0.0282065598294139
21093,21139,0.00872604083269835
21139,6242,0.0194805189967155
21139,9796,0.0194805189967155
15936,17163,0.00509206994055689
17163,17383,0.0499823735860575
17383,133,0.111701087227889
17383,19344,0.0153364189678714
19344,8932,0.096364668260018
19344,19897,0.00926973639676969
19897,20180,0.0219441801309586
20180,20742,0.0224357908591628
20742,2900,0.042714960873127
20742,3282,0.042714960873127
20180,20743,0.0197181990370154
20743,4614,0.0454325526952744
20743,7904,0.0454325526952744
19897,20181,0.0141547163948417
20181,29,0.0729402154684067
20181,1885,0.0729402154684067
17163,17384,0.0109586127024765
17384,17806,0.0258232628305753
17806,10084,0.124901585280895
17806,18877,0.0372388288378716
18877,3907,0.0876627564430237
18877,6510,0.0876627564430237
17384,17807,0.00991446028153101
17807,18234,0.035547229150931
18234,3567,0.105263158679008
18234,5859,0.105263158679008
17807,18235,0.0161948303381602
18235,5554,0.124615557491779
18235,18883,0.0193780288100243
18883,5584,0.105237528681755
18883,9925,0.105237528681755
14934,15937,0.00943712305818908
15937,16338,0.0204712936979871
16338,17145,0.0160561774928982
17145,17797,0.0244652876630426
17797,9561,0.126570424064994
17797,18786,0.0279686531672875
18786,10574,0.0986017708977063
18786,19813,0.00906126325329144
19813,1863,0.0895405076444149
19813,20115,0.034715861082077
20115,6952,0.0548246465623379
20115,7889,0.0548246465623379
17145,17798,0.0148544859939388
17798,1025,0.136181225734098
17798,18423,0.0101882682314941
18423,3682,0.125992957502604
18423,18822,0.00976640209555626
18822,5958,0.116226555407047
18822,19184,0.0116347300509612
19184,19593,0.0431949732204278
19593,1064,0.0613968521356583
19593,5121,0.0613968521356583
19184,19594,0.0127931510408719
19594,9590,0.0917986743152142
19594,20040,0.0187574364244938
20040,5361,0.0730412378907204
20040,8303,0.0730412378907204
16338,17146,0.0135865158886991
17146,3635,0.153505373332236
17146,17703,0.0121439393195841
17703,7,0.141361434012651
17703,18212,0.00586537750703947
18212,3399,0.135496056505612
18212,18446,0.0125457671071802
18446,7989,0.122950289398432
18446,18961,0.00592639222741127
18961,8945,0.117023897171021
18961,19160,0.0271613369385401
19160,20104,0.0232930903633436
20104,3842,0.0665694698691368
20104,9661,0.0665694698691368
19160,20105,0.0150205654402574
20105,484,0.074841994792223
20105,20531,0.0470642168074846
20531,1284,0.0277777779847383
20531,6802,0.0277777779847383
15937,16339,0.00558953248828215
16339,6678,0.18197365043064
16339,16554,0.00470491843015861
16554,16743,0.0234225724231113
16743,1440,0.15384615957737
16743,4809,0.15384615957737
16554,16744,0.00541650134731422
16744,16938,0.0853817459195852
16938,3624,0.0864704847335815
16938,5299,0.0864704847335815
16744,16939,0.00462506136132609
16939,17137,0.0484472939537631
17137,10360,0.118779875338078
17137,10572,0.118779875338078
16939,17138,0.0102881333118098
17138,17564,0.0422670084517449
17564,5225,0.114672027528286
17564,5775,0.114672027528286
17138,17565,0.0110911619849503
17565,18024,0.013264899685358
18024,18577,0.0495571239540974
18577,2743,0.0830258503556252
18577,5293,0.0830258503556252
18024,18578,0.00974890444841649
18578,18965,0.0546168929172887
18965,5255,0.0682171769440174
18965,20675,0.0186404809355736
20675,3007,0.0495766960084438
20675,10039,0.0495766960084438
18578,18966,0.0305880664123429
18966,9829,0.0922460034489632
18966,20028,0.0275775790214539
20028,1862,0.0646684244275093
20028,4213,0.0646684244275093
17565,18025,0.00311712491592125
18025,7575,0.142730749079159
18025,18150,0.00759449805177392
18150,18462,0.0292772656927506
18462,6435,0.105858985334635
18462,19538,0.0398585312068462
19538,3364,0.0660004541277885
19538,5229,0.0660004541277885
18150,18463,0.00866555857161683
18463,3423,0.126470692455769
18463,18793,0.0211992114782333
18793,2098,0.105271480977535
18793,19565,0.0111653953790665
19565,1454,0.0941060855984688
19565,8727,0.0941060855984688
14317,14935,0.00288027604832025
14935,15028,0.0305698416682305
15028,16198,0.00748057445203365
16198,16506,0.0335380368980399
16506,8515,0.149738726516565
16506,17863,0.0255263646443685
17863,6822,0.124212361872196
17863,18898,0.0580358877778053
18898,3676,0.0661764740943909
18898,5903,0.0661764740943909
16198,16507,0.00424119676202658
16507,16664,0.0101735538636206
16664,17059,0.0496356591734351
17059,19085,0.0209636934101582
19085,3154,0.0982626602053642
19085,19834,0.0283720158040524
19834,20648,0.0122056119143963
20648,4026,0.0576850324869156
20648,4097,0.0576850324869156
19834,20649,0.00622588023543358
20649,134,0.0636647641658783
20649,2317,0.0636647641658783
17059,19086,0.0163474328815937
19086,5735,0.102878920733929
19086,8561,0.102878920733929
16664,17060,0.0125995826414746
17060,17598,0.0325537029988109
17598,18916,0.0297341260852085
18916,3969,0.0939746010634634
18916,19973,0.00716076982724997
19973,6157,0.0868138312362134
19973,20190,0.0108441251795739
20190,20495,0.0250454505439848
20495,20976,0.031640806235373
20976,240,0.0192834492772818
20976,3542,0.0192834492772818
20495,20977,0.00371805485337973
20977,3046,0.0472062006592751
20977,6532,0.0472062006592751
20190,20496,0.012861536272491
20496,1927,0.0631081697841485
20496,20789,0.0176618446906408
20789,5140,0.0454463250935078
20789,21043,0.010724101215601
21043,7283,0.0347222238779068
21043,9104,0.0347222238779068
17598,18917,0.00804477381032138
18917,19207,0.0234525131327765
19207,20029,0.0334196239709854
20029,3817,0.0587918162345886
20029,8691,0.0587918162345886
19207,20030,0.0223463699221611
20030,4270,0.0698650702834129
20030,20650,0.00929506495594978
20650,1442,0.0605700053274632
20650,7584,0.0605700053274632
18917,19208,0.0101646365863936
19208,19559,0.0167896419763565
19559,1486,0.0887096747756004
19559,2016,0.0887096747756004
19208,19560,0.00756771005690098
19560,8870,0.097931606695056
19560,19851,0.0179758450637261
19851,1107,0.0799557616313298
19851,20383,0.0258082294215759
20383,6945,0.054147532209754
20383,20931,0.00953601859509945
20931,7229,0.0446115136146545
20931,9044,0.0446115136146545
17060,17599,0.00622791868562883
17599,6048,0.150034511461854
17599,17835,0.0232074687050448
17835,18779,0.0237953991939624
18779,19644,0.0245640062623554
19644,5705,0.0784676373004913
19644,20419,0.0222661197185516
20419,7984,0.0562015175819397
20419,10396,0.0562015175819397
18779,19645,0.0167373687856727
19645,7035,0.086294274777174
19645,20205,0.0156915299594402
20205,2762,0.0706027448177338
20205,5540,0.0706027448177338
17835,18780,0.0106172079427375
18780,4543,0.116209834814072
18780,19185,0.012010108679533
19185,8763,0.104199726134539
19185,19610,0.0181239185233911
19610,6365,0.0860758076111476
19610,20213,0.0141205961505572
20213,6171,0.0719552114605904
20213,20601,0.025477409362793
20601,3481,0.0464778020977974
20601,9366,0.0464778020977974
16507,16665,0.00433560983529166
16665,7032,0.174699956817286
16665,16837,0.00376061792229559
16837,6220,0.170939338894991
16837,16965,0.0180129597011285
16965,5084,0.152926379193862
16965,17725,0.0112461534639199
17725,179,0.141680225729942
17725,18199,0.0159605043629805
18199,18835,0.017059921224912
18835,19459,0.0249268872042497
19459,9144,0.0837329129378001
19459,20288,0.0131926933924357
20288,1830,0.0705402195453644
20288,20635,0.0215206108987331
20635,3973,0.0490196086466312
20635,9397,0.0490196086466312
18835,19460,0.0131683684885502
19460,1678,0.0954914316534996
19460,3227,0.0954914316534996
18199,18836,0.0121803106119235
18836,5842,0.113539410755038
18836,19285,0.0148842489967744
19285,9498,0.0986551617582639
19285,19810,0.0123979573448499
19810,846,0.086257204413414
19810,20208,0.0103480964899063
20208,3285,0.0759091079235077
20208,7652,0.0759091079235077
15028,16199,0.00577113807931576
16199,16442,0.0533506083995738
16442,1709,0.131635591387749
16442,10531,0.131635591387749
16199,16443,0.00571148330466575
16443,16657,0.0203069160442527
16657,17481,0.02470613270998
17481,848,0.134261667728424
17481,2989,0.134261667728424
16657,17482,0.00983824084202448
17482,6805,0.14912955959638
17482,17888,0.0093394493063291
17888,2433,0.139790110290051
17888,18276,0.035348653793335
18276,1886,0.104441456496716
18276,4523,0.104441456496716
16443,16658,0.00479837606956318
16658,5920,0.174476340413094
16658,16845,0.0110101301918973
16845,17295,0.0188311822129376
17295,18073,0.0283752109742526
18073,10123,0.116259817034006
18073,19183,0.00741704180836678
19183,3650,0.108842775225639
19183,9567,0.108842775225639
17295,18074,0.00214414856199058
18074,6047,0.142490879446268
18074,18168,0.0237136735447816
18168,19116,0.0347043329051563
19116,7809,0.0840728729963303
19116,20279,0.0218130461871624
20279,3454,0.0622598268091679
20279,7136,0.0622598268091679
18168,19117,0.0131281307410626
19117,5602,0.105649075160424
19117,19549,0.0099306781258848
19549,19916,0.0137157498134507
19916,2710,0.0820026472210884
19916,20332,0.012590765953064
20332,4932,0.0694118812680244
20332,5951,0.0694118812680244
19549,19917,0.00981881303919686
19917,8660,0.0858995839953423
19917,20219,0.04357835277915
20219,1730,0.0423212312161922
20219,3603,0.0423212312161922
16845,17296,0.0123032470096599
17296,9618,0.151162963211536
17296,17793,0.00642653494621764
17793,18067,0.0248142187342499
18067,5244,0.119922209531069
18067,19057,0.0276663117110729
19057,5652,0.0922558978199959
19057,5745,0.0922558978199959
17793,18068,0.0141666560913577
18068,18649,0.0104487943152587
18649,9886,0.120120977858702
18649,19047,0.00995578364956946
19047,19394,0.00860901017274175
19394,1369,0.101556184036391
19394,19706,0.0145418398259651
19706,20183,0.0125372291853031
20183,1547,0.074477115025123
20183,20539,0.0197934557994207
20539,6993,0.0546836592257023
20539,20922,0.0272777173668146
20922,5863,0.0274059418588877
20922,9534,0.0274059418588877
19706,20184,0.0075592032323281
20184,9117,0.0794551409780979
20184,20397,0.0163240246474743
20397,6014,0.0631311163306236
20397,9072,0.0631311163306236
19047,19395,0.00655387916735239
19395,19628,0.0137550480663776
19628,2,0.0898562669754028
19628,9603,0.0898562669754028
19395,19629,0.0019092433154583
19629,8062,0.101702071726322
19629,19700,0.00871751705805461
19700,7491,0.0929845546682676
19700,20004,0.0227320374300082
20004,4667,0.0702525172382593
20004,20642,0.0199859235435724
20642,5949,0.0502665936946869
20642,10563,0.0502665936946869
18068,18650,0.00643236463268598
18650,3477,0.124137407541275
18650,18899,0.015545953437686
18899,9053,0.108591454103589
18899,19463,0.01951254842182
19463,2250,0.0890789056817691
19463,20124,0.0105997088054816
20124,7751,0.0784791968762875
20124,20418,0.0199421755969524
20418,5175,0.058537021279335
20418,10286,0.058537021279335
14935,15029,0.0187059430913492
15029,6694,0.20262123644352
15029,8635,0.20262123644352
